ensembl_gene_id,external_gene_name_x,ensembl_transcript_id_best_novel,ensembl_peptide_id_best_novel,4932_Host_Match_ensembl_peptide_id_x,external_gene_name_y,ensembl_transcript_id_best_classical,ensembl_peptide_id_best_classical,4932_Host_Match_ensembl_peptide_id_y,4932_Host_Match_Classical_1st_motif,4932_Host_Match_Classical_1st_motif_topology_type,4932_Host_Match_Classical_1st_motif_topology_description,4932_Host_Match_Classical_1st_motif_topology_accessible,4932_Host_Match_Classical_1st_total_motif_score,4932_Host_Match_Classical_1st_motif_specificity_score,4932_Host_Match_Classical_2nd_motif,4932_Host_Match_Classical_2nd_motif_topology_type,4932_Host_Match_Classical_2nd_motif_topology_description,4932_Host_Match_Classical_2nd_motif_topology_accessible,4932_Host_Match_Classical_2nd_total_motif_score,4932_Host_Match_Classical_2nd_motif_specificity_score,4932_Host_Match_Classical_3rd_motif,4932_Host_Match_Classical_3rd_motif_topology_type,4932_Host_Match_Classical_3rd_motif_topology_description,4932_Host_Match_Classical_3rd_motif_topology_accessible,4932_Host_Match_Classical_3rd_total_motif_score,4932_Host_Match_Classical_3rd_motif_specificity_score,4932_homolog_vs_Classical_1st_motif_id_best,4932_homolog_vs_Classical_1st_motif_best,4932_homolog_vs_Classical_1st_motif_similarity_best,4932_homolog_vs_Classical_1st_motif_identity_best,4932_homolog_vs_Classical_1st_motif_best_binding_model_score,4932_homolog_vs_Classical_1st_motif_best_positive_model_score,4932_homolog_vs_Classical_1st_motif_best_suboptimal_model_score,4932_homolog_vs_Classical_1st_motif_best_forbidden_model_score,4932_homolog_vs_Classical_1st_motif_best_total_model_score,4932_homolog_vs_Classical_1st_motif_best_model_call,4932_homolog_vs_Classical_1st_motif_best_specificity_score,4932_homolog_vs_Classical_1st_motif_classical_score,4932_homolog_vs_Classical_1st_match_refseq,4932_homolog_vs_Classical_1st_match_refseq_predicted,4932_homolog_vs_Classical_2nd_motif_id_best,4932_homolog_vs_Classical_2nd_motif_best,4932_homolog_vs_Classical_2nd_motif_similarity_best,4932_homolog_vs_Classical_2nd_motif_identity_best,4932_homolog_vs_Classical_2nd_motif_best_binding_model_score,4932_homolog_vs_Classical_2nd_motif_best_positive_model_score,4932_homolog_vs_Classical_2nd_motif_best_suboptimal_model_score,4932_homolog_vs_Classical_2nd_motif_best_forbidden_model_score,4932_homolog_vs_Classical_2nd_motif_best_total_model_score,4932_homolog_vs_Classical_2nd_motif_best_model_call,4932_homolog_vs_Classical_2nd_motif_best_specificity_score,4932_homolog_vs_Classical_2nd_motif_classical_score,4932_homolog_vs_Classical_2nd_match_refseq,4932_homolog_vs_Classical_2nd_match_refseq_predicted,4932_homolog_vs_Classical_3rd_motif_id_best,4932_homolog_vs_Classical_3rd_motif_best,4932_homolog_vs_Classical_3rd_motif_similarity_best,4932_homolog_vs_Classical_3rd_motif_identity_best,4932_homolog_vs_Classical_3rd_motif_best_binding_model_score,4932_homolog_vs_Classical_3rd_motif_best_positive_model_score,4932_homolog_vs_Classical_3rd_motif_best_suboptimal_model_score,4932_homolog_vs_Classical_3rd_motif_best_forbidden_model_score,4932_homolog_vs_Classical_3rd_motif_best_total_model_score,4932_homolog_vs_Classical_3rd_motif_best_model_call,4932_homolog_vs_Classical_3rd_motif_best_specificity_score,4932_homolog_vs_Classical_3rd_motif_classical_score,4932_homolog_vs_Classical_3rd_match_refseq,4932_homolog_vs_Classical_3rd_match_refseq_predicted
ENSG00000041802,LSG1,ENST00000265245,ENSP00000265245,ENSP00000265245,LSG1,ENST00000265245,ENSP00000265245,ENSP00000265245,TDEDDSEYEDCPEEE,,,True,1.5,-0.6829622648426483,PEEEEDDWQTCSEED,,,True,3.5,1.2634090684928796,EQSSLDDFLATAELA,,,True,4.0,7.113127690257446,NP_011416.3,EDDTPYTREECEEFN,0.4666666666666666,0.2666666666666666,,,,,,False,1.7914141242724837,,NP_060855,,NP_011416.3,DEGGNGDIPTAQELL,0.3511904761904762,0.2666666666666666,,,,,,False,0.0706641760142038,,NP_060855,,NP_011416.3,QESALDEFLSTAALA,0.5666666666666667,0.6,0.5440663016690344,0.0,0.6708961424997665,0.0,0.3291038575002334,False,8.203519855028329,4.0,NP_060855,
ENSG00000197969,VPS13A,ENST00000376636,ENSP00000365823,ENSP00000353422,VPS13A,ENST00000376636,ENSP00000365823,ENSP00000353422,EDDSEEEFFDAPCSP,,,True,1.0,0.1274191723865892,PFGLIREFSEGVEAF,,,True,3.5,0.5815157177536483,LQTVANVFLEAYTTG,,,True,4.0,5.173188259238655,NP_013060.1,YLVSLKEFFDAIMSK,0.7999999999999999,0.4666666666666667,0.576941458995345,0.0,0.1173185735446182,0.0,0.8826814264553818,True,7.292800271300415,2.5,NP_150648,,NP_013060.1,NNGDYVNYSSGSEKE,0.5714285714285715,0.2666666666666666,0.4609632507038985,0.0,0.0872654228043074,0.0,0.9127345771956926,True,0.255198999633724,5.5,NP_150648,,NP_013060.1,DNKNEVVLLKANTSL,0.7000000000000001,0.2666666666666666,,,,,,False,-0.0137158184232924,,NP_150648,
ENSG00000132002,DNAJB1,ENST00000676577,ENSP00000503351,ENSP00000254322,DNAJB1,ENST00000254322,ENSP00000254322,ENSP00000254322,EPGAEEKFKEIAEAY,,,True,5.0,3.1886643104182246,GGGMGKDYYQTLGLA,,,True,5.5,0.0,PHAMFAEFFGGRNPF,,,True,5.5,4.6850396349935615,NP_014391.1,PTGDTEKFKEISEAF,1.0,0.6,0.5160810375876681,0.0,0.2667923797258199,0.0,0.7332076202741802,False,-1.6593779357835303,5.0,NP_006136,,NP_014391.1,TYKNQGDYNPQTGRR,0.3873015873015873,0.2,,,,,,False,-0.9418774316655854,,NP_006136,,NP_014391.1,AFNIFSQFFGGSSPF,0.775,0.4666666666666667,,,,,,False,3.0222667882876304,,NP_006136,
ENSG00000235222,MSH5,ENST00000416549,ENSP00000399721,ENSP00000394649,MSH5,ENST00000416549,ENSP00000399721,ENSP00000394649,SGYLGIAYYDTSDST,,,True,3.5,0.4364510081781627,LSEEKLHYRSARTKE,,,True,5.0,1.87096602137496,FMALVGSFVPAEEAE,,,True,5.0,0.8567094313664618,NP_010127.1,DVIHGIRYIDIRDRM,0.3833333333333333,0.3333333333333333,0.4029549457564051,0.0,0.4028156031148613,0.0,0.5971843968851387,False,1.3984104340692514,7.0,NP_751897,,NP_010127.1,AFGFINQLRSGKSTL,0.3333333333333333,0.1333333333333333,,,,,,False,3.5919414957251283,,NP_751897,,NP_010127.1,YLAQIGCFVPAERAR,0.6481481481481481,0.5333333333333333,,,,,,False,3.056182078529926,,NP_751897,
ENSG00000230293,MSH5,ENST00000427735,ENSP00000388037,ENSP00000407047,MSH5,ENST00000427735,ENSP00000388037,ENSP00000407047,SGYLGIAYYDTSDST,,,True,3.5,0.4364510081781627,LSEEKLHYRSARTKE,,,True,5.0,1.87096602137496,FMALVGSFVPAEEAE,,,True,5.0,0.8567094313664618,NP_010127.1,DVIHGIRYIDIRDRM,0.3833333333333333,0.3333333333333333,0.4029549457564051,0.0,0.4028156031148613,0.0,0.5971843968851387,False,1.3984104340692514,7.0,NP_751897,,NP_010127.1,AFGFINQLRSGKSTL,0.3333333333333333,0.1333333333333333,,,,,,False,3.5919414957251283,,NP_751897,,NP_010127.1,YLAQIGCFVPAERAR,0.6481481481481481,0.5333333333333333,,,,,,False,3.056182078529926,,NP_751897,
ENSG00000235569,MSH5,ENST00000427968,ENSP00000401072,ENSP00000405073,MSH5,ENST00000427968,ENSP00000401072,ENSP00000405073,SGYLGIAYYDTSDST,,,True,3.5,0.4364510081781627,FMALVGSFVPAEEAE,,,True,5.0,0.8567094313664618,LSEEKLHYRSARTKE,,,True,5.0,1.87096602137496,NP_010127.1,DVIHGIRYIDIRDRM,0.3833333333333333,0.3333333333333333,0.4029549457564051,0.0,0.4028156031148613,0.0,0.5971843968851387,False,1.3984104340692514,7.0,NP_751897,,NP_010127.1,YLAQIGCFVPAERAR,0.6481481481481481,0.5333333333333333,,,,,,False,3.056182078529926,,NP_751897,,NP_010127.1,AFGFINQLRSGKSTL,0.3333333333333333,0.1333333333333333,,,,,,False,3.5919414957251283,,NP_751897,
ENSG00000204410,MSH5,ENST00000375755,ENSP00000364908,ENSP00000364855,MSH5,ENST00000375755,ENSP00000364908,ENSP00000364855,SGYLGIAYYDTSDST,,,True,3.5,0.4364510081781627,LSEEKLHYRSARTKE,,,True,5.0,1.87096602137496,FMALVGSFVPAEEAE,,,True,5.0,0.8567094313664618,NP_010127.1,DVIHGIRYIDIRDRM,0.3833333333333333,0.3333333333333333,0.4029549457564051,0.0,0.4028156031148613,0.0,0.5971843968851387,False,1.3984104340692514,7.0,NP_751897,,NP_010127.1,AFGFINQLRSGKSTL,0.3333333333333333,0.1333333333333333,,,,,,False,3.5919414957251283,,NP_751897,,NP_010127.1,YLAQIGCFVPAERAR,0.6481481481481481,0.5333333333333333,,,,,,False,3.056182078529926,,NP_751897,
ENSG00000117597,UTP25,ENST00000491415,ENSP00000419005,ENSP00000419005,UTP25,ENST00000491415,ENSP00000419005,ENSP00000419005,SQTSPEEFTDAKHES,,,True,3.5,2.760264043379148,EKKRDFDFLSSIELL,,,True,3.5,5.204390348541895,GVGDDDDFRDQGLTR,,,True,4.5,-1.62116020253827,NP_012175.1,ILIYIPDYTDFIRIR,0.4047619047619047,0.1333333333333333,0.421121701771956,0.0,0.4030210183175772,0.0,0.5969789816824228,False,2.4590436302808025,6.5,NP_055203,XP_006711338,NP_012175.1,KKKRQDDFLSSIELM,1.0,0.7333333333333333,0.3320771666490528,0.0,0.8361676787311391,0.0,0.1638323212688609,False,3.984641737382341,3.5,NP_055203,XP_006711338,NP_012175.1,KGKFYDQFRDDSLPP,0.6666666666666666,0.3333333333333333,,,,,,False,1.577537406136209,,NP_055203,XP_006711338
ENSG00000114302,PRKAR2A,ENST00000265563,ENSP00000265563,ENSP00000265563,PRKAR2A,ENST00000265563,ENSP00000265563,ENSP00000265563,EEQLVKMFGSSVDLG,,,True,4.5,1.0023496088049275,KRKMFESFIESVPLL,,,True,4.5,-2.4058713544510235,QYDNRGSFGELALMY,,,True,6.0,2.614837881298796,NP_012231.1,LTFRKILLGSSFKKR,0.5499999999999999,0.2,,,,,,False,3.2129085895817355,,NP_004148,XP_011532245,NP_012231.1,KRLMYDDLLKSMPVL,0.45,0.4,,,,,,False,2.88490602493211,,NP_004148,XP_011532245,NP_012231.1,SSGPGSSFGELALMY,1.0,0.6,0.316771083588621,0.0,0.4350983397190817,0.0,0.5649016602809183,False,4.118171122171546,6.0,NP_004148,XP_011532245
ENSG00000177084,POLE,ENST00000320574,ENSP00000322570,ENSP00000322570,POLE,ENST00000320574,ENSP00000322570,ENSP00000322570,GDFFDWPFVEARAAV,,,True,4.0,0.3570154071204052,MVTYNGDFFDWPFVE,,,True,4.5,0.0740977494183248,TTKLPLKFPDAETDQ,,,True,4.5,0.6768601200933713,NP_014137.1,GDFFDWPFIHNRSKI,0.4444444444444444,0.6,,,,,,False,0.3871160822233855,,NP_006222,XP_011533097,NP_014137.1,ISTFNGDFFDWPFIH,1.0,0.6666666666666666,0.4401937416412244,0.0,0.2678934771506289,0.0,0.732106522849371,False,-3.484011449758598,4.5,NP_006222,XP_011533097,NP_014137.1,TTKPPLKFPDSAVDQ,0.7083333333333334,0.7333333333333333,0.6562388912966298,0.0,0.413754265813978,0.0,0.5862457341860219,False,3.6268710154845794,5.5,NP_006222,XP_011533097
ENSG00000227314,MSH5,ENST00000441395,ENSP00000402659,ENSP00000406868,MSH5,ENST00000441395,ENSP00000402659,ENSP00000406868,SGYLGIAYYDTSDST,,,True,3.5,0.4364510081781627,LSEEKLHYRSARTKE,,,True,5.0,1.87096602137496,FMALVGSFVPAEEAE,,,True,5.0,0.8567094313664618,NP_010127.1,DVIHGIRYIDIRDRM,0.3833333333333333,0.3333333333333333,0.4029549457564051,0.0,0.4028156031148613,0.0,0.5971843968851387,False,1.3984104340692514,7.0,NP_751897,,NP_010127.1,AFGFINQLRSGKSTL,0.3333333333333333,0.1333333333333333,,,,,,False,3.5919414957251283,,NP_751897,,NP_010127.1,YLAQIGCFVPAERAR,0.6481481481481481,0.5333333333333333,,,,,,False,3.056182078529926,,NP_751897,
ENSG00000136930,PSMB7,ENST00000259457,ENSP00000259457,ENSP00000259457,PSMB7,ENST00000441097,ENSP00000393157,ENSP00000259457,EAIAAGIFNDLGSGS,,,True,6.0,2.6545611326294702,TTIAGVVYKDGIVLG,,,True,6.0,0.1555834027484761,PPVGGFSFDNCRRNA,,,True,6.5,1.6884633512011151,NP_014800.3,DAIQAGIWNDLGSGS,0.8484848484848485,0.8,,,,,,False,4.897123543608667,,NP_002790,,NP_014800.3,PRGTTAVLKESIVNI,0.525,0.2666666666666666,,,,,,False,-0.2560608460908449,,NP_002790,,NP_014800.3,TQGPIVADKNCAKLH,0.325,0.1333333333333333,,,,,,False,4.741144965660502,,NP_002790,
ENSG00000101146,RAE1,ENST00000371242,ENSP00000360286,ENSP00000379181,RAE1,ENST00000371242,ENSP00000360286,ENSP00000379181,GTSGTSMFGSATTDN,,,True,4.0,3.5104243318350314,SWDKTLKFWDTRSSN,,,True,4.5,0.9323751815923924,LFGTTSGFGTSGTSM,,,True,5.0,2.0779054905247007,NP_011033.3,SIAFHPLYGTFVTAG,0.4658730158730158,0.1333333333333333,0.5114973977153442,0.0,0.3487454121754562,0.0,0.6512545878245437,False,0.44643034122167,7.0,NP_001015885,XP_005260640,NP_011033.3,SWDKTIKYWDMRQPQ,0.5380952380952381,0.6,0.545549833731953,0.0,0.3275384842353454,0.0,0.6724615157646545,False,2.255626556966937,7.0,NP_001015885,XP_005260640,NP_011033.3,RSNTTSALGTSTAMA,0.5,0.4,,,,,,False,3.25366054461709,,NP_001015885,XP_005260640
ENSG00000108039,XPNPEP1,ENST00000369683,ENSP00000358697,ENSP00000421566,XPNPEP1,ENST00000502935,ENSP00000421566,ENSP00000421566,PCDCRRAFVSGFDGS,,,True,5.0,2.174214210296964,FRRQQADFVDLSFPT,,,True,5.5,0.2439472059893799,LIDSGAQYKDGTTDV,,,True,5.5,1.325339690027071,NP_013071.1,LRDQRRAFISGFSGS,0.7916666666666666,0.6666666666666666,0.608557299439989,0.0,0.5302993783997969,0.0,0.4697006216002031,False,0.7593188171519685,5.5,NP_065116,XP_011538436,NP_013071.1,CDEHQSEYVSLRDQR,0.388095238095238,0.2,0.5655110807591124,0.0,0.3104777461868902,0.0,0.6895222538131097,False,2.1414009268946934,5.0,NP_065116,XP_011538436,NP_013071.1,ISNEPGYYKDGEYGI,0.5952380952380952,0.2666666666666666,0.8143883408843954,0.0,0.0835992425499782,0.0,0.9164007574500216,True,1.770318863310713,6.0,NP_065116,XP_011538436
ENSG00000140400,MAN2C1,ENST00000569482,ENSP00000455998,ENSP00000267978,MAN2C1,ENST00000569482,ENSP00000455998,ENSP00000267978,LFDDVPLYWDAWDVM,,,True,3.0,3.637168695228789,LMPHKGSFQDAGVIQ,,,True,4.0,-0.5825540220699362,SFPHHTFFWEGLDGS,,,True,4.0,0.4867615305986914,NP_011359.1,IYDDKPLGWQAWDTE,0.5833333333333334,0.5333333333333333,,,,,,False,-1.0107538988973102,,NP_006706,,NP_011359.1,DKKGELEFREANINQ,0.5583333333333333,0.2,0.730707939824337,0.0,0.4920866307006335,0.0,0.5079133692993665,False,2.185374034835426,3.5,NP_006706,,NP_011359.1,SFPHSTFNWAGIDGS,0.5416666666666666,0.7333333333333333,,,,,,False,1.5952036009093415,,NP_006706,
ENSG00000196367,TRRAP,ENST00000446306,ENSP00000403708,ENSP00000347733,TRRAP,ENST00000446306,ENSP00000403708,ENSP00000347733,GPSITVEFSDCKASL,,,True,3.5,-0.2090523013065282,QPSALNCFVEAMSQC,,,True,4.0,1.4563008854166797,KPKQTTEFYEQESIT,,,True,4.0,-1.4273825865292222,NP_011967.1,ATKDARELMDYLAFM,0.419047619047619,0.2,,,,,,False,-1.037480575546335,,NP_003487,,NP_011967.1,ASNAISCYLQAAGLY,0.5130952380952382,0.2,,,,,,False,8.184842443268371,,NP_003487,,NP_011967.1,FWLFRKQFASQYSSF,0.4833333333333333,0.2,0.3161382395298014,0.0,0.467227226814464,0.0,0.532772773185536,False,2.676500536907684,6.5,NP_003487,
ENSG00000128918,ALDH1A2,ENST00000249750,ENSP00000249750,ENSP00000249750,ALDH1A2,ENST00000249750,ENSP00000249750,ENSP00000249750,GKSPNIIFADADLDY,,,True,4.5,0.8843863794042138,GEFGLREYSEVKTVT,,,True,5.5,6.140639884735526,TIPVDGDYFTFTRHE,,,True,6.0,2.820702033054468,NP_015264.1,GKSAHLVFDDANIKK,0.6527777777777778,0.4,0.7247898503333532,0.0,0.3625875122407435,0.0,0.6374124877592565,False,3.252656680549283,4.5,NP_003879,,NP_015264.1,GEEVYHAYTEVKAVR,0.4916666666666667,0.4666666666666667,0.6124276512656794,0.0,0.8500286141303015,0.0,0.1499713858696984,False,6.042874603730965,6.5,NP_003879,,NP_015264.1,GGEKVGDKGYFIRPT,0.3023809523809523,0.2666666666666666,,,,,,False,0.7533836542995029,,NP_003879,
ENSG00000178814,OPLAH,ENST00000618853,ENSP00000480476,ENSP00000480476,OPLAH,ENST00000618853,ENSP00000480476,ENSP00000480476,LSEDPANYADAPTEG,,,True,4.0,-1.26695638702123,LGNAHMGYYETVAGG,,,True,4.5,-1.0101287164820638,VDKMTQCYFEGGYQE,,,True,5.0,0.212763191026635,NP_012707.1,LSVDPKNYPDAPLEG,0.6011904761904762,0.7333333333333333,0.6900762878571454,0.0,0.1572535321750156,0.0,0.8427464678249843,True,-1.1633441677267076,5.0,NP_060040,XP_047277649,NP_012707.1,KQIKGFGYYETICGG,0.8333333333333334,0.4666666666666667,0.5568663764335892,0.0,0.5501862548331259,0.0,0.449813745166874,False,0.5713992318757162,4.5,NP_060040,XP_047277649,NP_012707.1,ASFTQKAYFDNKWVD,0.4191919191919191,0.1333333333333333,0.3494961707481902,0.0,0.6169626199248487,0.0,0.3830373800751513,False,5.895019978730684,6.0,NP_060040,XP_047277649
ENSG00000168827,GFM1,ENST00000486715,ENSP00000419038,ENSP00000419038,GFM1,ENST00000486715,ENSP00000419038,ENSP00000419038,VPAVEKGFLDACEKG,,,True,3.5,2.458056515999527,TGKPKVAFRETITAP,,,True,4.5,-1.0158051552938572,VDSNEISFIRAGEGA,,,True,4.5,0.0971140821222811,NP_013170.1,LAACGKGFEEVCEKG,0.4666666666666666,0.5333333333333333,0.4321924535065956,0.0,0.6146958308874689,0.0,0.385304169112531,False,0.338584312676669,5.5,NP_079272,,NP_013170.1,TGKPQVSYRESITIP,0.6547619047619048,0.6666666666666666,0.565764847557266,0.0,0.530826908486471,0.0,0.469173091513529,False,-1.9030826072070937,4.5,NP_079272,,NP_013170.1,MSAFRDAFLRAQPVI,0.6011904761904762,0.2,,,,,,False,3.772183476845347,,NP_079272,
ENSG00000196365,LONP1,ENST00000360614,ENSP00000353826,ENSP00000353826,LONP1,ENST00000360614,ENSP00000353826,ENSP00000353826,IGGQWRGFWEASSRG,,,True,3.5,-1.8946181651694725,ENVVHEDFQVTEEVK,,,True,4.5,4.935198023597915,PAENKKDFYDLAAFI,,,True,4.5,4.449806992888316,NP_009531.1,RRPLFPGFYKAVVIS,0.4976190476190476,0.2,,,,,,False,-0.0465397396069879,,NP_004784,,NP_009531.1,EKDTDNDVEPTRDDE,0.3662698412698413,0.2,,,,,,False,1.318109869451073,,NP_004784,,NP_009531.1,VITDKNDVYDVGVLA,0.5,0.2666666666666666,,,,,,False,0.19923613672016,,NP_004784,
ENSG00000280548,FBL,ENST00000630954,ENSP00000486271,ENSP00000487390,FBL,ENST00000625241,ENSP00000487390,ENSP00000487390,GGRGGGGFHSGGNRG,,,True,5.5,4.618014640326434,IAMVDVIFADVAQPD,,,True,6.5,6.884942896983424,KPGAKVLYLGAASGT,,,True,6.5,3.304114804829289,NP_010270.1,KKVLYLGAASGTSVS,0.375,0.2,,,,,,False,4.209651175732388,,NP_001427,,NP_010270.1,IGMVDCVFADVAQPD,0.9583333333333334,0.8,0.7437153337344796,0.0,0.149706082660171,0.0,0.8502939173398288,True,6.991849895835127,6.5,NP_001427,,NP_010270.1,APGKKVLYLGAASGT,1.0,0.8666666666666667,,,,,,False,3.304114804829289,,NP_001427,
ENSG00000105202,FBL,ENST00000595545,ENSP00000472419,ENSP00000221801,FBL,ENST00000221801,ENSP00000221801,ENSP00000221801,GGRGGGGFHSGGNRG,,,True,5.5,4.618014640326434,IAMVDVIFADVAQPD,,,True,6.5,6.884942896983424,KPGAKVLYLGAASGT,,,True,6.5,3.304114804829289,NP_010270.1,KKVLYLGAASGTSVS,0.375,0.2,,,,,,False,4.209651175732388,,NP_001427,XP_011524925,NP_010270.1,IGMVDCVFADVAQPD,0.9583333333333334,0.8,0.7437153337344796,0.0,0.149706082660171,0.0,0.8502939173398288,True,6.991849895835127,6.5,NP_001427,XP_011524925,NP_010270.1,APGKKVLYLGAASGT,1.0,0.8666666666666667,,,,,,False,3.304114804829289,,NP_001427,XP_011524925
ENSG00000291356,IARS1,ENST00000707248,ENSP00000516807,ENSP00000516808,IARS1,ENST00000707248,ENSP00000516807,ENSP00000516808,PFENKREFEDAFPAD,,,True,3.5,0.2899086388534329,KHKPKFTFYDGPPFA,,,True,4.0,2.4980154924639493,FMQSLIGFFETEMAA,,,True,4.0,3.794448384037022,NP_009477.1,LKKDAKKVKDALPSV,0.525,0.2,,,,,,False,3.700192629134103,,NP_038203,,NP_009477.1,KDKPEFSFFDGPPFA,0.7916666666666666,0.7333333333333333,0.5648184603570295,0.0,0.2893901690622453,0.0,0.7106098309377546,False,2.511654052036949,4.0,NP_038203,,NP_009477.1,GLDQTRGWFYTLAVL,0.4258658008658009,0.2,,,,,,False,6.617232278313344,,NP_038203,
ENSG00000196305,IARS1,ENST00000443024,ENSP00000406448,ENSP00000364794,IARS1,ENST00000443024,ENSP00000406448,ENSP00000364794,PFENKREFEDAFPAD,,,True,3.5,0.2899086388534329,KHKPKFTFYDGPPFA,,,True,4.0,2.4980154924639493,FMQSLIGFFETEMAA,,,True,4.0,3.794448384037022,NP_009477.1,LKKDAKKVKDALPSV,0.525,0.2,,,,,,False,3.700192629134103,,NP_038203,,NP_009477.1,KDKPEFSFFDGPPFA,0.7916666666666666,0.7333333333333333,0.5648184603570295,0.0,0.2893901690622453,0.0,0.7106098309377546,False,2.511654052036949,4.0,NP_038203,,NP_009477.1,GLDQTRGWFYTLAVL,0.4258658008658009,0.2,,,,,,False,6.617232278313344,,NP_038203,
ENSG00000142534,RPS11,ENST00000594493,ENSP00000471873,ENSP00000270625,RPS11,ENST00000270625,ENSP00000270625,ENSP00000270625,YKNIGLGFKTPKEAI,,,True,6.0,3.0644367072893326,SVHLSPCFRDVQIGD,,,True,6.5,4.6989101203390895,KEAIEGTYIDKKCPF,,,True,6.5,-0.0786915555057079,NP_009604.1,YKNAGLGFKTPKTAI,0.7999999999999999,0.8666666666666667,0.5354188991878679,0.0,0.7132892085179376,0.0,0.2867107914820623,False,3.0644367072893326,6.5,NP_001006,,NP_009604.1,TVVSTKMHRTIVIRR,0.3708333333333333,0.2,,,,,,False,4.3386591460737565,,NP_001006,,NP_009604.1,KTAIEGSYIDKKCPF,0.875,0.8666666666666667,,,,,,False,0.1171702481601383,,NP_001006,
ENSG00000134440,NARS1,ENST00000256854,ENSP00000256854,ENSP00000256854,NARS1,ENST00000256854,ENSP00000256854,ENSP00000256854,VKKEDGTFYEFGEDI,,,True,4.0,-1.1183173938112103,RPFKRMNYSDAIVWL,,,True,5.0,0.5668404969234291,GHELSCDFWELIGLA,,,True,5.0,-0.4267401334817468,NP_011883.1,EGIDTDAYYWFIDQR,0.4148629148629149,0.1333333333333333,,,,,,False,-1.6409223808031608,,NP_004530,XP_005266757,NP_011883.1,APFMRLQYKDAITWL,0.5,0.6,0.6450385069565059,0.0,0.3678264604927843,0.0,0.6321735395072158,False,0.894731722384217,4.5,NP_004530,XP_005266757,NP_011883.1,GVELNVDYYEVVGLA,0.6607142857142857,0.5333333333333333,0.5454360061407465,0.0,0.4989215087070532,0.0,0.5010784912929467,False,-0.3402477754413184,5.0,NP_004530,XP_005266757
ENSG00000166377,ATP9B,ENST00000426216,ENSP00000398076,ENSP00000398076,ATP9B,ENST00000426216,ENSP00000398076,ENSP00000398076,GVTEETEFAEADQDF,topological domain,Cytoplasmic,True,2.5,-0.5611628075290225,ANRKRAAYYSAAGPR,topological domain,Cytoplasmic,True,4.5,5.133938492141649,LKYYEHEFVELACQC,topological domain,Cytoplasmic,True,5.5,3.0767782851133,NP_012216.1,DEIAIVKFTESVGLS,0.3527777777777778,0.1333333333333333,0.3858988270035847,0.0,0.5497427827738206,0.0,0.4502572172261794,False,-0.05227171534006,5.0,NP_940933,XP_016881220,NP_012216.1,IIAICQAVYSICSLF,0.4166666666666667,0.2,,,,,,False,1.6689879549827276,,NP_940933,XP_016881220,NP_012216.1,LKHYEQEFFDVVVHL,0.3611111111111111,0.4,0.639722028058116,0.0,0.2227577788236493,0.0,0.7772422211763506,True,2.129496157878127,4.5,NP_940933,XP_016881220
ENSG00000100934,SEC23A,ENST00000537403,ENSP00000444193,ENSP00000306881,SEC23A,ENST00000537403,ENSP00000444193,ENSP00000306881,DDPSSFRFSETFSLY,,,True,4.5,1.887167034361822,YMVMGDSFNTSLFKQ,,,True,5.0,-0.6143823273942027,TGHVIDIYACALDQT,,,True,6.0,3.4609796913963766,NP_015507.1,DRFPLPRFIDTEAGG,0.5138888888888888,0.2666666666666666,0.3611874677148809,0.0,0.3627609503521765,0.0,0.6372390496478235,False,4.416353128099832,6.0,NP_006355,XP_005267319,NP_015507.1,VLLLTDAFSTAIFKQ,0.625,0.4,0.5822892340195146,0.0,0.2895936686615815,0.0,0.7104063313384185,False,1.5749897309285992,5.0,NP_006355,XP_005267319,NP_015507.1,NGHTVDIFAGCYDQI,0.5,0.4666666666666667,,,,,,False,1.7073857188658352,,NP_006355,XP_005267319
ENSG00000100412,ACO2,ENST00000676748,ENSP00000503371,ENSP00000216254,ACO2,ENST00000676748,ENSP00000503371,ENSP00000216254,ANPETHAFVTSPEIV,,,True,4.5,-0.2285917755222966,KFNPETDYLTGTDGK,,,True,4.5,1.6994760222172007,TILLNHTFNETQIEW,,,True,4.5,1.8476139788834176,NP_013407.1,GNPQTHAFVASPELV,0.8333333333333334,0.7333333333333333,,,,,,False,-0.6925617314922262,,NP_001089,,NP_013407.1,LNKEVYDFLASATAK,0.3833333333333333,0.2,,,,,,False,5.689900114238679,,NP_001089,,NP_013407.1,DAVLTHTFNDEQIEW,0.6888888888888888,0.6,,,,,,False,3.3865299030868603,,NP_001089,
ENSG00000172840,PDP2,ENST00000311765,ENSP00000309548,ENSP00000309548,PDP2,ENST00000311765,ENSP00000309548,ENSP00000309548,TSTEEDDFHLQLSPE,,,True,5.0,-0.7900130900045563,PHYYTPPYLTAEPEV,,,True,5.5,0.9795159042785806,AVSERLFYYVAVSLM,,,True,5.5,0.1666730799881448,NP_014733.1,TINGIKDYSTNTSGN,0.3297619047619047,0.2,0.3759704609679007,0.0,0.6836338076003622,0.0,0.3163661923996378,False,1.6394495385560797,6.0,NP_065837,,NP_014733.1,RDFKTPPYVTAEPVI,0.875,0.5333333333333333,0.5821673539376465,0.0,0.2307770694096886,0.0,0.7692229305903114,True,4.502128457499246,5.5,NP_065837,,NP_014733.1,KLSKDLVRYVAYQLG,0.3916666666666666,0.4,,,,,,False,0.5439750686599213,,NP_065837,
ENSG00000142892,PIGK,ENST00000359130,ENSP00000352041,ENSP00000359848,PIGK,ENST00000359130,ENSP00000352041,ENSP00000359848,GGNGFLKFQDSEEIT,topological domain,Lumenal,False,4.5,-0.6793434350946667,XDQAEQFFRSGHTNN,topological domain,Lumenal,False,5.0,1.9026160504500709,KNVLITDFFGSVRKV,topological domain,Lumenal,False,5.5,1.732729206557253,NP_010618.1,GGDDFLKFQDAEEIA,0.875,0.7333333333333333,0.6449622619012106,0.0,0.2598669268212312,0.0,0.7401330731787688,False,-1.2406118091055651,3.5,NP_005473,,NP_010618.1,IVTILWFMLRGNTAK,0.3833333333333333,0.2,,,,,,False,5.999874979303336,,NP_005473,,NP_010618.1,SEVLITDFFANVQNV,0.5611111111111111,0.6,,,,,,False,2.2419988979415035,,NP_005473,
ENSG00000095059,DHPS,ENST00000210060,ENSP00000210060,ENSP00000210060,DHPS,ENST00000594424,ENSP00000471886,ENSP00000210060,DAQPVKVYADASLVF,,,True,5.0,3.8237116394419,YRALLEAFGTTGFQA,,,True,5.5,2.408977339608384,YINTAQEFDGSDSGA,,,True,5.5,3.751775016994644,NP_011935.1,NEKLPELLQDAVLKA,0.4666666666666666,0.2,,,,,,False,-1.1185953754043965,,NP_001921,,NP_011935.1,ATDLIEAMKTMGFQA,0.4000000000000001,0.5333333333333333,,,,,,False,1.436132038960531,,NP_001921,,NP_011935.1,YINTGQEYDGSDAGA,0.7797619047619048,0.8,,,,,,False,1.1872631549405772,,NP_001921,
ENSG00000078142,PIK3C3,ENST00000262039,ENSP00000262039,ENSP00000262039,PIK3C3,ENST00000262039,ENSP00000262039,ENSP00000262039,QETCSDLYVTCQVFA,,,True,4.5,0.6735214151498679,IPETATLFKSALMPA,,,True,4.5,8.924026419880661,MLKFSGLYQETCSDL,,,True,5.0,-1.5864355301127582,NP_013341.1,VFPSSDLIVSLQVFD,0.4583333333333333,0.4666666666666667,,,,,,False,1.5603570354810272,,NP_002638,XP_047293505,NP_013341.1,CPETSKVFKSSLSPL,0.5416666666666666,0.5333333333333333,0.5188739002158992,0.0,0.2521394328175572,0.0,0.7478605671824428,False,1.3385095795054018,5.0,NP_002638,XP_047293505,NP_013341.1,LTLPIRIKQLTFSSH,0.3916666666666666,0.2,,,,,,False,0.34576943115276,,NP_002638,XP_047293505
ENSG00000062485,CS,ENST00000351328,ENSP00000342056,ENSP00000342056,CS,ENST00000548041,ENSP00000447986,ENSP00000342056,TKYWELIYEDSMDLI,,,True,4.5,3.597649684573793,STEGLMKFVDSKSGG,,,True,4.5,2.521265066790808,ALNSESNFARAYAQG,,,True,6.0,2.788574780891152,NP_009931.1,QDYWSYTFEDSLDLL,0.7166666666666667,0.4666666666666667,0.292327338201418,0.0,0.497748753043808,0.0,0.5022512469561919,False,5.340769738857135,3.5,NP_004068,,NP_009931.1,PDYELFKLVSSIYEV,0.4523809523809524,0.2666666666666666,,,,,,False,7.430156549422227,,NP_004068,,NP_009931.1,ALESESKFAKAYAQG,0.7333333333333334,0.8,,,,,,False,3.003957779813074,,NP_004068,
ENSG00000067704,IARS2,ENST00000366922,ENSP00000355889,ENSP00000355889,IARS2,ENST00000366922,ENSP00000355889,ENSP00000355889,QDILDIWFDSGTSWS,,,True,5.0,1.441326168918309,GQDILDIWFDSGTSW,,,True,5.0,5.362354490207596,PDQRADLYLEGKDQL,,,True,5.0,3.1385009431027697,NP_015285.1,QDTMDVWFDSGSSWS,1.0,0.7333333333333333,0.5746528785203721,0.0,0.5408920227269108,0.0,0.4591079772730892,False,1.2289231921810986,5.0,NP_060530,,NP_015285.1,SQDTMDVWFDSGSSW,0.8333333333333334,0.6666666666666666,,,,,,False,5.87470816510028,,NP_060530,,NP_015285.1,PSPLYQVCLEGSDQH,0.6712962962962963,0.4,,,,,,False,-1.88417409112841,,NP_060530,
ENSG00000118520,ARG1,ENST00000672233,ENSP00000499826,ENSP00000349446,ARG1,ENST00000672233,ENSP00000499826,ENSP00000349446,PVVGGLTYREGLYIT,,,True,5.5,-0.6140637766566563,VDGLDPSFTPATGTP,,,True,5.5,-0.7091749014915762,VAITLACFGLAREGN,,,True,5.5,5.281325196106171,NP_015214.1,PVRGGLTLREGLFLV,0.7083333333333334,0.6666666666666666,,,,,,False,-1.544114786321073,,NP_001231367,,NP_015214.1,PLYIPATGTPVRGGL,0.45,0.2,,,,,,False,1.4967443453943774,,NP_001231367,,NP_015214.1,GCPVSFLMGLNKDVP,0.2916666666666667,0.1333333333333333,,,,,,False,7.690609493602471,,NP_001231367,
ENSG00000166986,MARS1,ENST00000537638,ENSP00000446168,ENSP00000262027,MARS1,ENST00000537638,ENSP00000446168,ENSP00000262027,YLCGTDEYGTATETK,,,True,3.5,1.1524161259344798,GVCPFCGYEEARGDQ,,,True,5.0,-1.2151322470764665,EDKVFYVWFDATIGY,,,True,5.5,10.101199683304946,NP_011780.3,FICGTDEYGTATETK,1.0,0.8666666666666667,0.7795609434627936,0.0,0.0908243826420298,0.0,0.90917561735797,True,0.4291834145273207,3.5,NP_004981,XP_047284807,NP_011780.3,GECPKCHYDDARGDQ,0.5694444444444444,0.6666666666666666,0.6569361790421936,0.0,0.2474231200247096,0.0,0.7525768799752903,False,1.1424417606077863,5.0,NP_004981,XP_047284807,NP_011780.3,KDKVLYVWFDATIGY,1.0,0.8666666666666667,,,,,,False,13.23147548734604,,NP_004981,XP_047284807
ENSG00000001084,GCLC,ENST00000650454,ENSP00000497574,ENSP00000497574,GCLC,ENST00000650454,ENSP00000497574,ENSP00000497574,DKNTPSPFIETFTED,,,True,4.5,2.914453671129279,ASKPDHIYMDAMGFG,,,True,5.0,0.6631566186337142,LIPILNSYLENMEVD,,,True,5.5,5.129287214907363,NP_012434.1,ALGTPLQWFESRTYN,0.3568181818181817,0.2666666666666666,,,,,,False,2.985141204472227,,NP_001489,,NP_012434.1,ASKPGFIYMDSMGFG,0.875,0.8,0.6351044759846812,0.0,0.4034044382320862,0.0,0.5965955617679137,False,1.9119723148713208,5.5,NP_001489,,NP_012434.1,DNKTSSNHFENIQST,0.4694444444444444,0.1333333333333333,,,,,,False,1.6563109122574569,,NP_001489,
ENSG00000241878,PISD,ENST00000397500,ENSP00000380637,ENSP00000266095,PISD,ENST00000397500,ENSP00000380637,ENSP00000266095,APGDYHCFHSPTDWT,topological domain,Mitochondrial intermembrane,False,5.5,3.623980110374859,KTGQKIRFGEALGSL,topological domain,Mitochondrial intermembrane,False,5.5,0.1540164747637421,MCTEDLPFPPAASCD,topological domain,Mitochondrial intermembrane,False,5.5,1.310087236127187,NP_014230.1,APGDYHHFHSPVDWV,0.7708333333333334,0.8,0.2988923045724614,0.0,0.2707025805659641,0.0,0.7292974194340359,False,3.700707288588952,5.5,NP_055153,,NP_014230.1,RVGDKVKMGQKLGII,0.4333333333333333,0.3333333333333333,,,,,,False,-0.1079057223221102,,NP_055153,,NP_014230.1,GDQSVREFKPSVSKN,0.475,0.2,,,,,,False,-1.3101935637361848,,NP_055153,
ENSG00000168575,SLC20A2,ENST00000342228,ENSP00000340465,ENSP00000429712,SLC20A2,ENST00000342228,ENSP00000340465,ENSP00000429712,GIIDVNLYNETVETL,,,True,4.5,-1.6041123483070152,MVXVANSFGTAVGSG,,,True,4.5,6.5541548641053895,GLPVHATFRAADSSA,,,True,5.5,3.1768609078136905,NP_009855.1,GIVAVGLCNKDLKSV,0.3351851851851852,0.3333333333333333,,,,,,False,0.6063839977134464,,NP_001244110,XP_047278080,NP_009855.1,GSSCWLTFATAIGMP,0.7000000000000001,0.2666666666666666,0.6319151730615818,0.0,0.4949745419562971,0.0,0.5050254580437029,False,0.6703978753492641,4.5,NP_001244110,XP_047278080,NP_009855.1,GSSCWLTFATAIGMP,0.4583333333333333,0.2666666666666666,0.6319151730615818,0.0,0.4949745419562971,0.0,0.5050254580437029,False,0.6703978753492641,4.5,NP_001244110,XP_047278080
ENSG00000004455,AK2,ENST00000373449,ENSP00000362548,ENSP00000499935,AK2,ENST00000373449,ENSP00000362548,ENSP00000499935,LKIRLQAYHTQTTPL,,,True,6.5,6.418712204254705,APRLAENFCVCHLAT,,,True,6.5,2.1549630349658995,FASILAAFSKATCKD,,,True,6.5,3.4951751241091227,NP_010512.1,LKKRLAAYHAQTEPI,0.6333333333333333,0.6666666666666666,,,,,,False,5.954742248284775,,NP_001616,,NP_010512.1,APNLQERFHAAHLAT,0.2708333333333333,0.6,,,,,,False,1.4297080601684355,,NP_001616,,NP_010512.1,SDDNADALKKRLAAY,0.3,0.1333333333333333,,,,,,False,3.3006984395194965,,NP_001616,
ENSG00000131828,PDHA1,ENST00000540249,ENSP00000440761,ENSP00000348062,PDHA1,ENST00000540249,ENSP00000440761,ENSP00000348062,EIEDAAQFATADPEP,,,True,4.0,3.3826504267542576,DEVCLTLYGDGAANQ,,,True,5.5,8.624517915121025,MHMYAKNFYGGNGIV,,,True,6.5,3.432935232286876,NP_011105.4,YVDEQVELADAAPPP,0.5388888888888889,0.2666666666666666,,,,,,False,3.855004161380141,,NP_001166926,,NP_011105.4,DACSFTLYGDGASNQ,0.875,0.6666666666666666,0.6804762737759857,0.0,0.1893114588641879,0.0,0.8106885411358121,True,4.811173137201566,5.0,NP_001166926,,NP_011105.4,MHLYAPGFYGGNGIV,0.8333333333333334,0.8,,,,,,False,3.0798628131765096,,NP_001166926,
ENSG00000291794,OSGEP,ENST00000708774,ENSP00000517336,ENSP00000517336,OSGEP,ENST00000708774,ENSP00000517336,ENSP00000517336,SEHRYRIFGETIDIA,,,True,4.0,1.3485073544907418,ATSPTVLYVSGGNTQ,,,True,6.5,5.056376964208821,VTPPGTGFLPGDTAR,,,True,7.0,0.2978190629657838,NP_012964.2,SEKRYRIFGETLDIA,1.0,0.8666666666666667,0.4687287941006399,0.0,0.891154450857365,0.0,0.1088455491426349,False,1.326349136039076,4.0,NP_060277,,NP_012964.2,AQNPVVLYVSGGNTQ,1.0,0.8,0.6661315958122903,0.0,0.278139036616146,0.0,0.721860963383854,False,6.5094070432322,6.5,NP_060277,,NP_012964.2,VTPPGEGFLPRDTAR,0.7666666666666666,0.8666666666666667,,,,,,False,-0.658996599400723,,NP_060277,
ENSG00000092094,OSGEP,ENST00000206542,ENSP00000206542,ENSP00000206542,OSGEP,ENST00000206542,ENSP00000206542,ENSP00000206542,SEHRYRIFGETIDIA,,,True,4.0,1.3485073544907418,ATSPTVLYVSGGNTQ,,,True,6.5,5.056376964208821,VTPPGTGFLPGDTAR,,,True,7.0,0.2978190629657838,NP_012964.2,SEKRYRIFGETLDIA,1.0,0.8666666666666667,0.4687287941006399,0.0,0.891154450857365,0.0,0.1088455491426349,False,1.326349136039076,4.0,NP_060277,,NP_012964.2,AQNPVVLYVSGGNTQ,1.0,0.8,0.6661315958122903,0.0,0.278139036616146,0.0,0.721860963383854,False,6.5094070432322,6.5,NP_060277,,NP_012964.2,VTPPGEGFLPRDTAR,0.7666666666666666,0.8666666666666667,,,,,,False,-0.658996599400723,,NP_060277,
ENSG00000115816,CEBPZ,ENST00000234170,ENSP00000234170,ENSP00000234170,CEBPZ,ENST00000234170,ENSP00000234170,ENSP00000234170,ESDDEENFIDANDDE,,,True,2.0,-1.2337632004057857,EDVDDEEFEELIDTF,,,True,3.0,-2.9694577272967795,GSMDDEEFAEVDEDG,,,True,3.5,-2.3280697784220785,NP_010345.3,SLWEINNFINHFHPT,0.4652777777777777,0.2,,,,,,False,5.857288596386157,,NP_005751,,NP_010345.3,DAKSEQEFDAVADED,0.5555555555555556,0.2,,,,,,False,4.973803184292638,,NP_005751,,NP_010345.3,NSDKKRSFAESSEED,0.5833333333333334,0.3333333333333333,0.3968764339771407,0.0,0.5985931056752922,0.0,0.4014068943247078,False,-2.030821002761895,3.5,NP_005751,
ENSG00000165688,PMPCA,ENST00000706227,ENSP00000516285,ENSP00000360782,PMPCA,ENST00000706227,ENSP00000516285,ENSP00000360782,ATSYHHSYEDTGLLC,,,True,5.0,0.8200754138463351,WMYNATSYHHSYEDT,,,True,5.5,3.5422916243720524,TSRDTTMYAVSADSK,,,True,6.0,3.5262728869323725,NP_011889.1,CVAFNHSYSDSGIFG,0.625,0.3333333333333333,0.3857285666555098,0.0,0.4936040550757179,0.0,0.5063959449242821,False,2.895253337261852,5.0,NP_055975,,NP_011889.1,FVENCVAFNHSYSDS,0.4861111111111111,0.3333333333333333,,,,,,False,-0.3251691657533794,,NP_055975,,NP_011889.1,SYSDSGIFGISLSCI,0.4166666666666667,0.1333333333333333,,,,,,False,-3.750588739874798,,NP_055975,
ENSG00000166855,CLPX,ENST00000300107,ENSP00000300107,ENSP00000300107,CLPX,ENST00000300107,ENSP00000300107,ENSP00000300107,KESSEEEYDSGVEEE,,,True,3.5,0.8364770166875413,QRAPLRSFTETPAYF,,,True,4.5,1.0399582779209344,SFTETPAYFASKDGI,,,True,5.0,-0.4930724525261775,NP_009786.1,ASQVDVKYYSGDEKD,0.6285714285714286,0.2666666666666666,0.5772218934987254,0.0,0.2785902880014954,0.0,0.7214097119985046,False,2.90296003125944,5.0,NP_006651,XP_011519466,NP_009786.1,DEATVDSLQETEHSL,0.425,0.2666666666666666,,,,,,False,3.295434756763298,,NP_006651,XP_011519466,NP_009786.1,KALKKVAQFALKEGT,0.4499999999999999,0.3333333333333333,,,,,,False,0.537138902013309,,NP_006651,XP_011519466
ENSG00000112592,TBP,ENST00000230354,ENSP00000230354,ENSP00000375942,TBP,ENST00000230354,ENSP00000230354,ENSP00000375942,GAKVRAEIYEAFENI,,,True,5.5,2.101710847858426,IFSPMMPYGTGLTPQ,,,True,6.0,3.051644481864733,PRIVLLIFVSGKVVL,,,True,6.0,10.128287797679596,NP_011075.3,GAKQREEIYQAFEAI,0.9,0.7333333333333333,,,,,,False,-0.0286650415591499,,NP_003185,,NP_011075.3,LEGLAFSHGTFSSYE,0.2916666666666667,0.1333333333333333,,,,,,False,4.363523098949013,,NP_003185,,NP_011075.3,PKIVLLIFVSGKIVL,0.9583333333333334,0.8666666666666667,0.655160273869573,0.0,0.6742058574982066,0.0,0.3257941425017934,False,13.462469085422011,6.0,NP_003185,
ENSG00000153147,SMARCA5,ENST00000283131,ENSP00000283131,ENSP00000283131,SMARCA5,ENST00000283131,ENSP00000283131,ENSP00000283131,DAEMEEIFDDASPGK,,,True,3.0,0.2487764748218361,NFLLPDVFNSADDFD,,,True,4.0,1.1851815507637988,SADDFDSWFDTNNCL,,,True,4.5,4.79547677583233,NP_009804.1,CCNHPYLFDGAEPGP,0.7222222222222223,0.3333333333333333,,,,,,False,2.68215261330776,,NP_003592,,NP_009804.1,NFLLPDIFSDAQDFD,0.6666666666666666,0.7333333333333333,0.6496591090613452,0.0,0.2060463840949129,0.0,0.7939536159050871,True,0.649503115186472,3.5,NP_003592,,NP_009804.1,DAQDFDDWFSSESTE,0.4166666666666667,0.4,,,,,,False,0.9751025431775028,,NP_003592,
ENSG00000111275,ALDH2,ENST00000416293,ENSP00000403349,ENSP00000261733,ALDH2,ENST00000416293,ENSP00000403349,ENSP00000261733,QIFINNEWHDAVSRK,,,True,4.5,2.1228990132407737,LIERDRTYLAALETL,,,True,5.5,2.190450291142748,EDVDKVAFTGSTEIG,,,True,5.5,-2.039674547803552,NP_010996.2,IFYNSGEVCCAGSRI,0.2638888888888889,0.2666666666666666,,,,,,False,-0.4331036757484559,,NP_000681,,NP_010996.2,LVEKHQETLAAIESM,0.5666666666666667,0.4,,,,,,False,0.068464628692476,,NP_000681,,NP_010996.2,PDVKKIAFTGSTATG,0.7916666666666666,0.6666666666666666,,,,,,False,-0.7822623027907749,,NP_000681,
ENSG00000215021,PHB2,ENST00000535923,ENSP00000441875,ENSP00000441875,PHB2,ENST00000545167,ENSP00000441662,ENSP00000441875,ELSFSREYTAAVEAK,,,True,5.0,0.6284801837983462,LNLQDESFTRGSDSL,,,True,5.5,-1.069898446516264,ATSQNRIYLTADNLV,,,True,5.5,4.350281607336933,NP_011747.2,YMTFSPEFTNAVEAK,0.6944444444444443,0.6,,,,,,False,-0.199092693071371,,NP_001138303,,NP_011747.2,YMTFSPEFTNAVEAK,0.3999999999999999,0.1333333333333333,,,,,,False,-0.199092693071371,,NP_001138303,,NP_011747.2,VVQLPTIYRTLGQDY,0.3916666666666666,0.2,0.7889898055438144,0.0,0.2080717860756491,0.0,0.7919282139243509,True,0.2541068975460979,7.5,NP_001138303,
ENSG00000108591,DRG2,ENST00000395726,ENSP00000379076,ENSP00000225729,DRG2,ENST00000395726,ENSP00000379076,ENSP00000225729,KRGQRPDFTDAIILR,,,True,3.5,2.8015263551780256,KKGGGISFNSTVTLT,,,True,4.5,1.411971628174039,EDCSPDEFIDVIVGN,,,True,4.5,1.2885173114731432,NP_011689.1,TSPPKTNLTEQAIKM,0.3944444444444445,0.1333333333333333,,,,,,False,5.354627152848271,,NP_001379,XP_005256556,NP_011689.1,DDPLVVRNNSTIGDL,0.3277777777777778,0.2,,,,,,False,2.9520177331688533,,NP_001379,XP_005256556,NP_011689.1,DQCTIDDFIDVINEQ,0.6388888888888888,0.4666666666666667,0.6253523653852809,0.0,0.4125533473026297,0.0,0.5874466526973703,False,7.987228039374818,5.0,NP_001379,XP_005256556
ENSG00000166508,MCM7,ENST00000343023,ENSP00000344006,ENSP00000307288,MCM7,ENST00000343023,ENSP00000344006,ENSP00000307288,VPESLADYITAAYVE,,,True,4.5,11.746955925463512,ARRYAKLFADAVQEL,,,True,4.5,3.149656587983176,WASKDATYTSARTLL,,,True,4.5,0.7254825801880646,NP_009761.4,MSEAVNDYVVQAYIR,0.5916666666666667,0.3333333333333333,,,,,,False,5.034797535494505,,NP_005907,,NP_009761.4,TFKQDTLSSDATRNE,0.4916666666666667,0.2,,,,,,False,0.7428250320480196,,NP_005907,,NP_009761.4,VTFKQDTLSSDATRN,0.4444444444444445,0.2666666666666666,,,,,,False,5.383130020852345,,NP_005907,
ENSG00000129084,PSMA1,ENST00000396394,ENSP00000379676,ENSP00000379676,PSMA1,ENST00000396394,ENSP00000379676,ENSP00000379676,DDDDVSPFLEGLEER,,,True,3.0,0.4635362569786077,LERHMSEFMECNLNE,,,True,3.5,3.173892112740165,QTCPSANYFDCRAMS,,,True,4.0,0.068478400537235,NP_014045.1,RLFQVEYALEAIKQG,0.2119047619047619,0.2,,,,,,False,-0.1989968414516452,,NP_002777,,NP_014045.1,KIIKCDEHMGLSLAG,0.3819444444444445,0.2,,,,,,False,1.3512848531961932,,NP_002777,,NP_014045.1,GKDTPFTIYDGEAVA,0.2797619047619047,0.1333333333333333,,,,,,False,7.798132261246918,,NP_002777,
ENSG00000196235,SUPT5H,ENST00000599117,ENSP00000470252,ENSP00000404029,SUPT5H,ENST00000593727,ENSP00000469915,ENSP00000404029,PSRAEEEYEYAFDDE,,,True,5.0,-0.3059241802903564,QVKVRDTYLDTQVVG,,,True,5.0,6.572916235554764,TLSELEKFEDQPEGI,,,True,5.0,3.796858861716089,NP_013703.1,NRFLDIEAEVSDDED,0.4166666666666667,0.2,,,,,,False,-1.3740351743714814,,NP_001104490,,NP_013703.1,VEQGQVTFMSTQTSR,0.4833333333333333,0.2,0.3108906673515444,0.0,0.4281365799176871,0.0,0.5718634200823128,False,0.2041268725165589,4.5,NP_001104490,,NP_013703.1,KDEGDNKDEDDDEDD,0.5833333333333334,0.2666666666666666,,,,,,False,0.3302352482472035,,NP_001104490,
ENSG00000178802,MPI,ENST00000567132,ENSP00000455972,ENSP00000318318,MPI,ENST00000569931,ENSP00000455161,ENSP00000318318,LKPGEAMFLEANVPH,,,True,4.5,0.3052227804776206,HLQAPQHYPDANHKP,,,True,5.5,4.022464163672115,LQRGGVLFIGANESV,,,True,5.5,-0.385421655250071,NP_010918.1,LNAGEAIFLRAKDPH,0.4583333333333333,0.6,,,,,,False,-0.2187920550342129,,NP_002426,,NP_010918.1,HAQDPKNYPDDNHKP,0.638888888888889,0.6666666666666666,,,,,,False,1.63248596061067,,NP_002426,,NP_010918.1,LNAGEAIFLRAKDPH,0.4888888888888889,0.2666666666666666,,,,,,False,-0.2187920550342129,,NP_002426,
ENSG00000112249,ASCC3,ENST00000369162,ENSP00000358159,ENSP00000358159,ASCC3,ENST00000369162,ENSP00000358159,ENSP00000358159,VIIKGTEYYDGKTRR,,,True,3.5,0.9926173560975894,RFEERTGYFSSTDLG,,,True,4.0,1.4421848041584464,NPYIGLFFFDGRFRP,,,True,4.5,1.1811242858423214,NP_011787.4,IVITTPEKFDGISRN,0.5583333333333333,0.3333333333333333,,,,,,False,1.510484416687155,,NP_006819,XP_011533696,NP_011787.4,MQCIKQGYWYEDDPV,0.4675324675324675,0.2,,,,,,False,-0.3188170497321093,,NP_006819,XP_011533696,NP_011787.4,NRQIGMFYFDQSFRP,0.6714285714285714,0.6,0.20729853496639,0.0,0.7410222988949191,0.0,0.2589777011050809,False,-0.1257894091930802,6.0,NP_006819,XP_011533696
ENSG00000166166,TRMT61A,ENST00000389749,ENSP00000374399,ENSP00000374399,TRMT61A,ENST00000389749,ENSP00000374399,ENSP00000374399,EGGRFCSFSPCIEQV,,,True,5.0,1.7752737772228078,AEKAREEFQEHRVGR,,,True,5.5,-2.4484353458119648,AGSDTSPFRSGTPMK,,,True,5.5,2.017510976601701,NP_012410.1,EKVGLCCFSPCIEQV,0.8148148148148149,0.6666666666666666,,,,,,False,3.259635824321064,,NP_689520,,NP_012410.1,YEQALEEFKEHGLID,0.7416666666666667,0.4666666666666667,0.5062967129063098,0.0,0.668400970948034,0.0,0.3315990290519661,False,0.5043004560424259,5.0,NP_689520,,NP_012410.1,EKAKFNPFGKGSRIK,0.3777777777777778,0.2666666666666666,,,,,,False,0.5886652916179964,,NP_689520,
ENSG00000018699,TTC27,ENST00000317907,ENSP00000313953,ENSP00000313953,TTC27,ENST00000317907,ENSP00000313953,ENSP00000313953,LHLRNKEFQECVECF,,,True,2.5,-0.6569723057403055,TSTDVGEFSEAIKAY,,,True,3.5,-1.1928274751934054,TEVELLAFTSCLLSQ,,,True,4.5,3.184917025812441,NP_014086.1,IERGLLQMQSLVEEL,0.3583333333333333,0.2,,,,,,False,3.748091171919056,,NP_060205,XP_011531260,NP_014086.1,ELLVTSEYPEEPQQL,0.3809523809523809,0.1333333333333333,,,,,,False,2.6520787163002413,,NP_060205,XP_011531260,NP_014086.1,MQIAAEAFTRCVSLD,0.5499999999999999,0.2666666666666666,,,,,,False,1.5227666661460724,,NP_060205,XP_011531260
ENSG00000197860,SGTB,ENST00000381007,ENSP00000370395,ENSP00000370395,SGTB,ENST00000381007,ENSP00000370395,ENSP00000370395,NHIRSRSFSSSAEEH,,,True,4.0,7.523332612955048,ALTALNKFEEAVTSY,,,True,4.5,3.7178688223856793,SQPLTEMFTSSFCKN,,,True,5.0,0.9441385572831258,NP_014649.1,AALIVNYFSSIVEKK,0.5357142857142857,0.2666666666666666,0.3146671485364579,0.0,0.3915268152170266,0.0,0.6084731847829734,False,2.5116973988411977,6.0,NP_061945,XP_047273290,NP_014649.1,AKYAQGKPEEALEAY,0.5380952380952381,0.4666666666666667,,,,,,False,0.315026391128846,,NP_061945,XP_047273290,NP_014649.1,IAALIVNYFSSIVEK,0.251984126984127,0.2,0.3967595958815514,0.0,0.2654100721622249,0.0,0.7345899278377751,False,2.532841393202789,5.0,NP_061945,XP_047273290
ENSG00000047230,CTPS2,ENST00000359276,ENSP00000352222,ENSP00000401264,CTPS2,ENST00000359276,ENSP00000352222,ENSP00000401264,ETEDPVKFHEAWQKL,,,True,3.5,-1.4535236222198735,NHKLNLMYIDSIDLE,,,True,4.5,0.3262044959772925,GDIEGMPFVEAFRQF,,,True,4.5,-1.8553059007697947,NP_009514.1,QESNKTKFHEAWNMV,0.8333333333333334,0.4,0.6257895552920653,0.0,0.356681740852571,0.0,0.643318259147429,False,4.060214694670885,4.5,NP_001137474,XP_047298218,NP_009514.1,IKIDPYMNIDAGTMS,0.4527777777777778,0.2,,,,,,False,2.572632950568865,,NP_001137474,XP_047298218,NP_009514.1,GDIESAPFVEALRQF,1.0,0.8,0.4468460024319299,0.0,0.2309757685126265,0.0,0.7690242314873735,True,-1.7220770895376265,4.5,NP_001137474,XP_047298218
ENSG00000174405,LIG4,ENST00000611712,ENSP00000484288,ENSP00000385955,LIG4,ENST00000611712,ENSP00000484288,ENSP00000385955,DCYGDSYFIDTDLNQ,,,True,4.5,1.375442067011816,KIRDDKEWHECMTLD,,,True,4.5,-1.0127802670649673,KIRHFREFLDSWRKF,,,True,4.5,-0.5227158297717726,NP_014647.1,SFVELKYFFDIVLKN,0.625,0.2666666666666666,0.300596920635072,0.0,0.1940073783747256,0.0,0.8059926216252744,True,3.745878703525072,5.5,NP_001091738,,NP_014647.1,RIRYDKEWTDCYTLN,0.6555555555555556,0.6,,,,,,False,2.232303453540498,,NP_001091738,,NP_014647.1,TISQHLRFTDSVKEC,0.5333333333333333,0.2666666666666666,0.462549311289031,0.0,0.3239418250504053,0.0,0.6760581749495945,False,0.0504184009696794,6.5,NP_001091738,
ENSG00000162384,CZIB,ENST00000294360,ENSP00000294360,ENSP00000294360,CZIB,ENST00000294360,ENSP00000294360,ENSP00000294360,NAEDNENFKTIVEFE,,,True,5.0,-0.530098116487299,QEKDWTDYDEKAQES,,,True,6.0,2.1358279971563374,GVESGTAFSDINLQE,,,True,6.0,0.2344407205323525,NP_010014.1,SDDKWAKIKDVRKKH,0.2972222222222222,0.0666666666666666,,,,,,False,2.035759386332826,,NP_060357,,NP_010014.1,EDNEWYDYDDNLGEE,0.5,0.3333333333333333,0.2514168430746585,0.0,0.5253841790346994,0.0,0.4746158209653007,False,2.33989010432859,5.0,NP_060357,,NP_010014.1,LSVNLCAFEDEYLTD,0.5666666666666667,0.2666666666666666,,,,,,False,4.360850441972883,,NP_060357,
ENSG00000073111,MCM2,ENST00000265056,ENSP00000265056,ENSP00000265056,MCM2,ENST00000265056,ENSP00000265056,ENSP00000265056,NIHNLSAFYDSELFR,,,True,4.0,4.282191854585494,MAESSESFTMASSPA,,,True,4.5,-0.6951167797572342,PAELLQIFDEAALEV,,,True,4.5,6.106024677682715,NP_009530.1,AANPNGGRYNSTLPL,0.4277777777777777,0.2,,,,,,False,-0.3784761481212759,,NP_004517,XP_024309299,NP_009530.1,ITQPNVSRTIARELK,0.4416666666666666,0.2,,,,,,False,-1.3149098535298849,,NP_004517,XP_024309299,NP_009530.1,PEEMLKIFDLVAMEA,0.4416666666666666,0.5333333333333333,,,,,,False,10.294749398783754,,NP_004517,XP_024309299
ENSG00000171132,PRKCE,ENST00000306156,ENSP00000306124,ENSP00000306124,PRKCE,ENST00000306156,ENSP00000306124,ENSP00000306124,RKIELAVFHDAPIGY,,,True,4.0,6.652654871835747,GHCKLADFGMCKEGI,,,True,4.5,2.925254956684656,EILQELEYGPSVDWW,,,True,5.0,-1.2493524297580867,NP_009445.2,VLLALKYFHDNGVIY,0.5456349206349206,0.3333333333333333,0.2710881673318939,0.0,0.7158356888221155,0.0,0.2841643111778846,False,3.67677362783972,6.0,NP_005391,XP_011531280,NP_009445.2,GHIKIADYGLCKDEM,0.7103174603174603,0.5333333333333333,,,,,,False,1.3813089509090752,,NP_005391,XP_011531280,NP_009445.2,EILKEQEYTKAVDWW,0.4416666666666667,0.6666666666666666,,,,,,False,-0.1130200885251075,,NP_005391,XP_011531280
ENSG00000084623,EIF3I,ENST00000677701,ENSP00000503539,ENSP00000504061,EIF3I,ENST00000677701,ENSP00000503539,ENSP00000504061,GYQCFVSFFDLRDPS,,,True,4.0,0.1886166101741694,FHPDGKSYSSGGEDG,,,True,5.0,0.8088561217610712,GKFEARFFHLAFEEE,,,True,5.0,4.565398534982166,NP_013866.1,LHHFEKSYFDFKYDV,0.5000000000000001,0.2,0.4481353968379395,0.0,0.5594317502242462,0.0,0.4405682497757537,False,2.0031318220844128,5.5,NP_003748,,NP_013866.1,ISPQGTSYASGGEDG,0.875,0.6666666666666666,0.4914395036716821,0.0,0.5018032794563829,0.0,0.498196720543617,False,1.843929407618832,5.0,NP_003748,,NP_013866.1,GKFEARFYHKIFEEE,0.4630952380952381,0.8,,,,,,False,4.565398534982166,,NP_003748,
ENSG00000198931,APRT,ENST00000378364,ENSP00000367615,ENSP00000367615,APRT,ENST00000378364,ENSP00000367615,ENSP00000367615,VEQRIRSFPDFPTPG,,,True,5.5,2.994109689860209,VLKDPASFRAAIGLL,,,True,6.0,-0.0589849790406149,THGGRIDYIAGLDSR,,,True,6.0,0.2965563853497499,NP_013690.1,LKLALHQYPNFPSEG,0.4742063492063492,0.2666666666666666,,,,,,False,4.494690798089565,,NP_000476,,NP_013690.1,DIIATGGSAAAAGEL,0.375,0.2666666666666666,,,,,,False,3.4503103636784926,,NP_000476,,NP_013690.1,FPEVKIDYIVGLESR,0.7333333333333334,0.5333333333333333,,,,,,False,2.6503133133172194,,NP_000476,
ENSG00000087111,PIGS,ENST00000706187,ENSP00000516262,ENSP00000309430,PIGS,ENST00000706193,ENSP00000516268,ENSP00000309430,VTSSELAFFDPSLLH,topological domain,Lumenal,False,5.0,2.361056607396174,MLGVNPRFDSASSSY,topological domain,Lumenal,False,5.5,5.50769015237987,DSASSSYYLDMHSLP,topological domain,Lumenal,False,5.5,1.835119933021388,NP_010722.3,VKLCEKAFFNGEMVQ,0.5388888888888889,0.3333333333333333,,,,,,False,7.881244640894035,,NP_149975,,NP_010722.3,ALNLAIVFPSASSSP,0.5178571428571429,0.4666666666666667,0.7965503150881191,0.0,0.4494346555357993,0.0,0.5505653444642007,False,5.454147206635096,4.5,NP_149975,,NP_010722.3,SQDLLSPYITIDSFK,0.3535714285714286,0.2,0.5758503758974713,0.0,0.4470097905319879,0.0,0.552990209468012,False,4.743939357378103,6.5,NP_149975,
ENSG00000089154,GCN1,ENST00000300648,ENSP00000300648,ENSP00000300648,GCN1,ENST00000300648,ENSP00000300648,ENSP00000300648,TASEDDNFGTAQSNK,,,True,3.0,0.0941486505262052,LLIDDVIYHEAAVRQ,,,True,4.0,1.7402797885025725,LDTKFVHFIDAPSLA,,,True,4.0,0.0936723574545849,NP_011320.3,LPNILKNLGDAVPEV,0.4484126984126984,0.2,,,,,,False,3.8669314383928666,,NP_006827,,NP_011320.3,SKDLIPIFEEALSSS,0.5,0.2,0.6455284932760953,0.0,0.4831104196779488,0.0,0.5168895803220512,False,0.733260900111932,4.0,NP_006827,,NP_011320.3,IQTQFVHYIDGPSLA,0.7380952380952381,0.6666666666666666,0.6296166536141279,0.0,0.1746649634247819,0.0,0.8253350365752181,True,-0.0295916359722225,5.5,NP_006827,
ENSG00000173418,NAA20,ENST00000334982,ENSP00000335636,ENSP00000335636,NAA20,ENST00000334982,ENSP00000335636,ENSP00000335636,VYRTVIEYYSASNGE,,,True,3.5,7.495154253152013,YLAHWPEYFIVAEAP,,,True,6.0,5.858819646400738,KQLGYSVYRTVIEYY,,,True,6.5,2.404146150469571,NP_015456.2,YRRVVGYYNSAEDGY,0.4246031746031746,0.4,0.5733534239344281,0.0,0.5493528572998678,0.0,0.4506471427001322,False,4.315392196204861,4.5,NP_057184,,NP_015456.2,PLEFYFEYMIIWPDL,0.6011904761904762,0.2666666666666666,,,,,,False,3.2265110571784983,,NP_057184,,NP_015456.2,EKLGYSVYRRVVGYY,0.5777777777777777,0.6666666666666666,,,,,,False,2.563647072846094,,NP_057184,
ENSG00000139505,MTMR6,ENST00000381801,ENSP00000371221,ENSP00000371221,MTMR6,ENST00000381801,ENSP00000371221,ENSP00000371221,KGLSVNDFYSGLESS,,,True,3.0,2.233530268381938,QFPQAFEFSEAFLLQ,,,True,3.5,4.015319002186916,VSPVFTQFLECVWHL,,,True,4.5,3.474861580524,NP_012644.1,YSCQYGTFLSNSEKE,0.425,0.2,0.1395332165873957,0.0,0.5927853434311767,0.0,0.4072146565688233,False,0.7599218222909377,5.5,NP_004676,,NP_012644.1,QNPDLFEFNERFLRR,0.6611111111111111,0.5333333333333333,,,,,,False,2.594192901231813,,NP_004676,,NP_012644.1,VSPVFQQFLDCVYQL,0.7698412698412699,0.7333333333333333,0.2903053111016939,0.0,0.3810477878364362,0.0,0.6189522121635638,False,3.4123334174159154,4.5,NP_004676,
ENSG00000058729,RIOK2,ENST00000283109,ENSP00000283109,ENSP00000283109,RIOK2,ENST00000283109,ENSP00000283109,ENSP00000283109,VEDPASVYDEAMELI,,,True,3.5,3.2621169534830967,RSFEMTEFNQALEEI,,,True,4.5,3.296564355057406,FSYESELFPTFKDIR,,,True,5.0,0.1763133365958678,NP_014192.1,NSDDDMSNDEAEEEN,0.5277777777777778,0.3333333333333333,,,,,,False,-2.878413495858859,,NP_060813,,NP_014192.1,IHCDFNEFNIMIKDK,0.375,0.2,,,,,,False,-0.558769818335559,,NP_060813,,NP_014192.1,GDGYKYAYPDFKRDV,0.2686507936507936,0.2,0.4110081043512424,0.0,0.4664079269587224,0.0,0.5335920730412775,False,2.273226735017221,7.5,NP_060813,
ENSG00000274442,PRPF8,ENST00000614672,ENSP00000479194,ENSP00000479194,PRPF8,ENST00000614672,ENSP00000479194,ENSP00000479194,LIGLMTYFREAVVNT,,,True,4.5,2.908680845077348,VDHNIADYMTAKNNV,,,True,4.5,6.828934849429521,EEFELPEFVEPFLKD,,,True,4.5,3.92024274604955,NP_012035.1,LISLFTYFREAIVAT,1.0,0.7333333333333333,0.6462359559886752,0.0,0.2624065555992588,0.0,0.7375934444007413,False,-0.2130265713230011,4.5,NP_006436,,NP_012035.1,VDPNIADYITAKNNV,0.875,0.8666666666666667,0.4444137935268686,0.0,0.3631657067092244,0.0,0.6368342932907756,False,6.302269150650769,4.5,NP_006436,,NP_012035.1,LDSQDDEYVKDWLYD,0.576984126984127,0.2666666666666666,,,,,,False,-0.7586353419434748,,NP_006436,
ENSG00000174231,PRPF8,ENST00000304992,ENSP00000304350,ENSP00000304350,PRPF8,ENST00000304992,ENSP00000304350,ENSP00000304350,LIGLMTYFREAVVNT,,,True,4.5,2.908680845077348,VDHNIADYMTAKNNV,,,True,4.5,6.828934849429521,EEFELPEFVEPFLKD,,,True,4.5,3.92024274604955,NP_012035.1,LISLFTYFREAIVAT,1.0,0.7333333333333333,0.6462359559886752,0.0,0.2624065555992588,0.0,0.7375934444007413,False,-0.2130265713230011,4.5,NP_006436,XP_024306305,NP_012035.1,VDPNIADYITAKNNV,0.875,0.8666666666666667,0.4444137935268686,0.0,0.3631657067092244,0.0,0.6368342932907756,False,6.302269150650769,4.5,NP_006436,XP_024306305,NP_012035.1,LDSQDDEYVKDWLYD,0.576984126984127,0.2666666666666666,,,,,,False,-0.7586353419434748,,NP_006436,XP_024306305
ENSG00000163050,COQ8A,ENST00000366778,ENSP00000355740,ENSP00000355739,COQ8A,ENST00000366778,ENSP00000355740,ENSP00000355739,RFPCKAMFEEAYSNY,,,True,4.0,1.5995577822290796,AAGASTDFSSASAPD,,,True,4.0,2.2941733860650904,AYVASGPFREAGFPG,,,True,4.5,-0.8697644041211168,NP_011396.1,SVHCAKLFKEIFAYK,0.45,0.2,0.5654152615360968,0.0,0.589167167613157,0.0,0.410832832386843,False,2.201764139680898,6.5,NP_064632,XP_047281701,NP_011396.1,KKIELLDFGASRPFA,0.3928571428571428,0.1333333333333333,,,,,,False,2.5321832548389414,,NP_064632,XP_047281701,NP_011396.1,DFGASRPFAEDFILK,0.4027777777777777,0.3333333333333333,,,,,,False,1.59677179322602,,NP_064632,XP_047281701
ENSG00000162688,AGL,ENST00000361915,ENSP00000355106,ENSP00000359184,AGL,ENST00000361915,ENSP00000355106,ENSP00000359184,PRYLIPCYFDAILIG,,,True,4.0,2.885605346804509,LVHKRGIYKDSYGAS,,,True,5.5,0.1841252417487805,QDNFEKLFHVSEDPS,,,True,5.5,-0.1555396813375271,NP_015510.1,GSETLDCLFVERLGI,0.3,0.2,,,,,,False,5.681702184346713,,NP_000635,,NP_015510.1,TISRLNYYSDEAGIN,0.4761904761904762,0.2,,,,,,False,10.116386534231005,,NP_000635,,NP_015510.1,KLKELEGFDISYDDS,0.4861111111111111,0.2666666666666666,,,,,,False,3.2159819808937105,,NP_000635,
ENSG00000151461,UPF2,ENST00000356352,ENSP00000348708,ENSP00000380244,UPF2,ENST00000356352,ENSP00000348708,ENSP00000380244,PCVEDEDFIQALDKM,,,True,3.5,-0.8933019541175194,FQNLLKEYFTSLTKH,,,True,3.5,3.70405545257226,EDEDARNFYENLIDL,,,True,4.5,3.1414102794928094,NP_011944.2,TSPLLGAFLQAFENP,0.5666666666666667,0.2,,,,,,False,3.5076939178442443,,NP_542166,,NP_011944.2,PLPKETEFRVSSTFK,0.4833333333333333,0.2,,,,,,False,0.8977552955318694,,NP_542166,,NP_011944.2,LKGALQSLFKNFIDA,0.4916666666666667,0.2,,,,,,False,6.287678399246044,,NP_542166,
ENSG00000291834,PFDN5,ENST00000708929,ENSP00000517424,ENSP00000517429,PFDN5,ENST00000708922,ENSP00000517421,ENSP00000517429,QLDQEVEFLSTSIAQ,,,True,4.0,4.72446738797571,LKVVQTKYVEAKDCL,,,True,4.5,2.1790370795497545,FFKRKIDFLTKQMEK,,,True,6.0,6.017433946931641,NP_013616.1,SAEAAIAFYQKKVDK,0.1928571428571428,0.0666666666666666,,,,,,False,3.352952417165983,,NP_002615,,NP_013616.1,LTMAKGKFTECIDDI,0.5833333333333334,0.2666666666666666,0.3037307680876526,0.0,0.7089810122401302,0.0,0.2910189877598697,False,-1.010010133456987,4.0,NP_002615,,NP_013616.1,FYQKKVDKLNKESVQ,0.3583333333333333,0.3333333333333333,,,,,,False,2.061711293264506,,NP_002615,
ENSG00000100416,TRMU,ENST00000645190,ENSP00000496496,ENSP00000496496,TRMU,ENST00000645190,ENSP00000496496,ENSP00000496496,HIKFSCFFHYAVDNL,,,True,5.0,1.839142916051384,ATGQFAVFYKGDECL,,,True,5.5,-1.3123828348878694,DSFKDQTFFLSQVSQ,,,True,5.5,-1.0400646060697831,NP_010251.1,EMNGKGLFHLLRSIY,0.25,0.1333333333333333,,,,,,False,-0.0295671180998875,,NP_060476,XP_011528574,NP_010251.1,RDTNEILIVRGRDNP,0.2888888888888888,0.0666666666666666,,,,,,False,0.8895742723417583,,NP_060476,XP_011528574,NP_010251.1,YRPKDQSYYLSQINS,0.6428571428571429,0.4,,,,,,False,1.601760238817123,,NP_060476,XP_011528574
ENSG00000123349,PFDN5,ENST00000550880,ENSP00000450068,ENSP00000334188,PFDN5,ENST00000551018,ENSP00000447942,ENSP00000334188,QLDQEVEFLSTSIAQ,,,True,4.0,4.72446738797571,LKVVQTKYVEAKDCL,,,True,4.5,2.1790370795497545,FFKRKIDFLTKQMEK,,,True,6.0,6.017433946931641,NP_013616.1,SAEAAIAFYQKKVDK,0.1928571428571428,0.0666666666666666,,,,,,False,3.352952417165983,,NP_002615,,NP_013616.1,LTMAKGKFTECIDDI,0.5833333333333334,0.2666666666666666,0.3037307680876526,0.0,0.7089810122401302,0.0,0.2910189877598697,False,-1.010010133456987,4.0,NP_002615,,NP_013616.1,FYQKKVDKLNKESVQ,0.3583333333333333,0.3333333333333333,,,,,,False,2.061711293264506,,NP_002615,
ENSG00000277273,CDK7,ENST00000615305,ENSP00000479116,ENSP00000479116,CDK7,ENST00000615305,ENSP00000479116,ENSP00000479116,NISLVFDFMETDLEV,,,True,4.0,2.244984209396652,GVLKLADFGLAKSFG,,,True,5.0,2.7074215157538606,GIPLHHIFSAAGDDL,,,True,5.5,0.7506640795828066,NP_010175.1,NLNLVLEFLPTDLEV,0.6261904761904762,0.6,,,,,,False,1.901812223418248,,NP_001790,,NP_010175.1,GQIKVADFGLARAIP,0.875,0.5333333333333333,,,,,,False,0.7648032755577352,,NP_001790,,NP_010175.1,VIELIDIFMAYDNLN,0.4468253968253968,0.3333333333333333,,,,,,False,2.3789312411647328,,NP_001790,
ENSG00000134058,CDK7,ENST00000626796,ENSP00000486415,ENSP00000256443,CDK7,ENST00000256443,ENSP00000256443,ENSP00000256443,NISLVFDFMETDLEV,,,True,4.0,2.244984209396652,GVLKLADFGLAKSFG,,,True,5.0,2.7074215157538606,GIPLHHIFSAAGDDL,,,True,5.5,0.7506640795828066,NP_010175.1,NLNLVLEFLPTDLEV,0.6261904761904762,0.6,,,,,,False,1.901812223418248,,NP_001790,,NP_010175.1,GQIKVADFGLARAIP,0.875,0.5333333333333333,,,,,,False,0.7648032755577352,,NP_001790,,NP_010175.1,VIELIDIFMAYDNLN,0.4468253968253968,0.3333333333333333,,,,,,False,2.3789312411647328,,NP_001790,
ENSG00000154930,ACSS1,ENST00000323482,ENSP00000316924,ENSP00000316924,ACSS1,ENST00000323482,ENSP00000316924,ENSP00000316924,HTVWDCDFSTGKIGW,,,True,5.0,7.030099243081837,ERLKINQFYGAPTAV,,,True,5.0,2.195955445344828,VYPNAGRYWETVERL,,,True,5.0,3.040191123779543,NP_013254.1,HSVVFAGFSAGSLKD,0.5555555555555556,0.3333333333333333,,,,,,False,2.490989072847365,,NP_115890,XP_047296512,NP_013254.1,QRHKATHFYVAPTAL,0.5416666666666666,0.5333333333333333,,,,,,False,4.046680720272657,,NP_115890,XP_047296512,NP_013254.1,AYPDYGRYWRIIQRH,0.525,0.4666666666666667,,,,,,False,0.1060083880121034,,NP_115890,XP_047296512
ENSG00000138413,IDH1,ENST00000345146,ENSP00000260985,ENSP00000260985,IDH1,ENST00000345146,ENSP00000260985,ENSP00000260985,NILGGTVFREAIICK,,,True,4.5,0.9699676072842828,EDFAHSSFQMALSKG,,,True,5.0,0.3448900906055132,VTYLVHNFEEGGGVA,,,True,5.5,3.8825047680896905,NP_010217.1,NILGGTVFREPIVIP,0.7678571428571429,0.7333333333333333,0.6405407657956828,0.0,0.1834717977208093,0.0,0.8165282022791908,True,1.6958844731632323,6.5,NP_005887,,NP_010217.1,EGFAHSSFKLAIDKK,0.6166666666666667,0.6,,,,,,False,1.5271924338505312,,NP_005887,,NP_010217.1,VTRHYRKYQKGEETS,0.2714285714285714,0.2,,,,,,False,-0.0724650778303259,,NP_005887,
ENSG00000035928,RFC1,ENST00000349703,ENSP00000261424,ENSP00000371321,RFC1,ENST00000349703,ENSP00000261424,ENSP00000371321,TPTSVLDYFGTGSVQ,,,True,5.0,3.97457991581468,QLHEDEEFARTLAML,,,True,5.0,-0.2035476825109848,IKKETDVFWKSLDFK,,,True,5.5,0.0641293108573856,NP_014860.1,KIGLRLDYLPTFRKR,0.419047619047619,0.2666666666666666,,,,,,False,-0.2698823798085589,,NP_001191676,,NP_014860.1,RVCLDIQFRRPDANS,0.5095238095238096,0.2666666666666666,,,,,,False,3.42924737022794,,NP_001191676,,NP_014860.1,ALKPFDIAHKMLDGQ,0.3,0.3333333333333333,,,,,,False,1.4714216118596866,,NP_001191676,
ENSG00000169299,PGM2,ENST00000381967,ENSP00000371393,ENSP00000371393,PGM2,ENST00000381967,ENSP00000371393,ENSP00000371393,CFGARMEFGTAGLRA,,,True,4.0,0.2613842948214954,YHITKASYFICHDQE,,,True,4.5,0.8450495434590194,ALKEGFHFEETLTGF,,,True,4.5,2.5124443551249103,NP_014005.1,RFDSRIQFGTAGLRS,0.9,0.6,0.571153217927407,0.0,0.2844595415369064,0.0,0.7155404584630934,False,1.797092711573185,5.0,NP_060760,XP_047271851,NP_014005.1,VFKEYNGYYVVPNPT,0.3492063492063492,0.0666666666666666,,,,,,False,4.030973884059756,,NP_060760,XP_047271851,NP_014005.1,AEIEGFHYEDTLTGF,0.7936507936507938,0.7333333333333333,0.471911538266935,0.0,0.3255537037495682,0.0,0.6744462962504317,False,2.8531050143751724,4.5,NP_060760,XP_047271851
ENSG00000065000,AP3D1,ENST00000345016,ENSP00000344055,ENSP00000495274,AP3D1,ENST00000345016,ENSP00000344055,ENSP00000495274,YLAASQSFHEGTDVI,,,True,3.5,3.2772400057359903,YLITTPCYSDAFAKL,,,True,5.0,3.198511978150332,KKAEDLDFWLSTTPP,,,True,5.0,-1.2416881385103875,NP_015129.1,YLAASQSFYKDSDIL,0.5531746031746032,0.6,,,,,,False,0.8275728768697176,,NP_001248755,XP_016882911,NP_015129.1,DELLDEQKSDAISDL,0.375,0.2666666666666666,,,,,,False,-0.2074513666611462,,NP_001248755,XP_016882911,NP_015129.1,TDNSLNSLSLSTTEI,0.375,0.2666666666666666,,,,,,False,3.088760288902828,,NP_001248755,XP_016882911
ENSG00000079739,PGM1,ENST00000371084,ENSP00000360125,ENSP00000360124,PGM1,ENST00000371084,ENSP00000360125,ENSP00000360124,SLCGEESFGTGSDHI,,,True,4.0,0.6666730373539572,GPLPLLTFATAPYHD,,,True,4.5,3.667905648979752,MKSGEHDFGAAFDGD,,,True,4.5,0.8689474075222791,NP_013823.1,SICGEESFGTGSNHV,0.8611111111111112,0.8,0.7252560366175754,0.0,0.2167322600074977,0.0,0.7832677399925022,True,3.8149430755309095,5.0,NP_001166289,,NP_013823.1,HPDPNLTYASSLVKR,0.4464285714285714,0.3333333333333333,0.3263305828751886,0.0,0.5191256658544546,0.0,0.4808743341455453,False,0.1461829470570814,5.5,NP_001166289,,NP_013823.1,VDREKIEFGAASDGD,0.9,0.4666666666666667,,,,,,False,0.166240253521053,,NP_001166289,
ENSG00000160285,LSS,ENST00000356396,ENSP00000348762,ENSP00000380837,LSS,ENST00000356396,ENSP00000348762,ENSP00000380837,DGGWGEDFESCEERR,,,True,2.5,4.425684072506907,DIMIDYTYVECTSAV,,,True,3.5,-0.7661581467020684,GGHHRPEFSSCLQKA,,,True,4.0,0.9199633999196468,NP_011939.2,EESGEWKFESVEGVF,0.3694444444444444,0.2666666666666666,0.6601241862291588,0.0,0.3566073831952499,0.0,0.6433926168047501,False,8.0371129455656,6.5,NP_001001438,,NP_011939.2,NIMVEYPYVECTDSS,0.6428571428571429,0.5333333333333333,0.4768911729942063,0.0,0.7310631761260294,0.0,0.2689368238739705,False,2.986568859433961,4.0,NP_001001438,,NP_011939.2,TVGETYENSSTVRKG,0.4166666666666667,0.2666666666666666,,,,,,False,3.2603322373729715,,NP_001001438,
ENSG00000084774,CAD,ENST00000264705,ENSP00000264705,ENSP00000264705,CAD,ENST00000264705,ENSP00000264705,ENSP00000264705,VTAVDWHFEEAVDGE,,,True,3.5,3.4993742771752183,LGGAVLSFSEATSSV,,,True,3.5,-0.8798283651904338,VMGIGRSFEEAFQKA,,,True,4.0,-1.10844207031065,NP_012405.2,VMSIGRTFEEAIQKA,0.6,0.3333333333333333,0.4720096469986081,0.0,0.6043715731238745,0.0,0.3956284268761255,False,-1.10844207031065,4.0,NP_004332,XP_047301759,NP_012405.2,AWKELTSMDEAESFA,0.6666666666666666,0.2666666666666666,,,,,,False,3.0152501111754235,,NP_004332,XP_047301759,NP_012405.2,VMSIGRTFEEAIQKA,0.8666666666666667,0.8,0.4720096469986081,0.0,0.6043715731238745,0.0,0.3956284268761255,False,-1.10844207031065,4.0,NP_004332,XP_047301759
ENSG00000198356,GET3,ENST00000591090,ENSP00000466379,ENSP00000349887,GET3,ENST00000591090,ENSP00000466379,ENSP00000349887,WGVEAEEFEDAPDVE,,,True,2.0,6.149733218154244,MNFSVVVFDTAPTGH,,,True,4.5,0.899940270975711,ICVCIAEFLSLYETE,,,True,5.0,4.484801389698373,NP_010183.1,SQFLNKEYNPITDGK,0.3392857142857142,0.1333333333333333,,,,,,False,-0.4051491091193186,,NP_004308,,NP_010183.1,ETFDTVIFDTAPTGH,0.9583333333333334,0.6666666666666666,0.5838536328263259,0.0,0.0847430970708247,0.0,0.9152569029291752,True,-1.0169431512855165,3.5,NP_004308,,NP_010183.1,VCVCISEFLSLYETE,1.0,0.8666666666666667,0.4975269323669337,0.0,0.2774186067623397,0.0,0.7225813932376602,False,6.011993823548904,5.0,NP_004308,
ENSG00000173599,PC,ENST00000529047,ENSP00000435905,ENSP00000377527,PC,ENST00000529047,ENSP00000435905,ENSP00000377527,LLLMDTTFRDAHQSL,,,True,4.0,1.3276874676317418,PMERVFDYSEYWEGA,,,True,5.0,0.908612843764364,YEELEENYTRAYSEA,,,True,5.0,-0.4054432266639651,NP_009777.1,TLLMDTTWRDAHQSL,0.8484848484848485,0.8666666666666667,,,,,,False,3.5523604590000084,,NP_071504,XP_016873361,NP_009777.1,GYGFLSENSEFADKV,0.4833333333333333,0.1333333333333333,,,,,,False,7.455687135305947,,NP_071504,XP_016873361,NP_009777.1,GDDVADAFQRATSEA,0.4666666666666666,0.3333333333333333,,,,,,False,4.550607768482389,,NP_071504,XP_016873361
ENSG00000185883,ATP6V0C,ENST00000565223,ENSP00000457782,ENSP00000329757,ATP6V0C,ENST00000565223,ENSP00000457782,ENSP00000329757,ESKSGPEYASFFAVX,topological domain;transmembrane region,Lumenal;Helical,False,6.5,4.751147124719605,LNDDISLYKSFLQLG,topological domain,Lumenal,False,7.0,3.3651631086776805,GGGGMSESKSGPEYA,topological domain,Lumenal,False,8.0,4.580411899046461,NP_010887.3,MTELCPVYAPFFGAI,0.3928571428571428,0.3333333333333333,,,,,,False,0.6157566620531926,,NP_001185498,,NP_010887.3,LGQKQALYTGFIQLG,0.6333333333333333,0.4666666666666667,,,,,,False,-1.2148399868031852,,NP_001185498,,NP_010887.3,LGAAYGTAKSGVGIC,0.4527777777777777,0.2666666666666666,,,,,,False,1.2966501448372048,,NP_001185498,
ENSG00000157184,CPT2,ENST00000636867,ENSP00000489631,ENSP00000360541,CPT2,ENST00000636867,ENSP00000489631,ENSP00000360541,PGRNAREFLQCVEKA,topological domain,Mitochondrial matrix,False,4.5,2.460887215256256,SGPWFDMYLSARDSV,topological domain,Mitochondrial matrix,False,4.5,6.50425806105787,YGQTVATYESCSTAA,topological domain,Mitochondrial matrix,False,4.5,1.940575216363014,NP_009420.1,LEWRTDNFLQSSLHF,0.3333333333333333,0.2,,,,,,False,2.4409002058331035,,NP_000089,,NP_009420.1,NRRTRRTVLSAENLD,0.4527777777777777,0.2,,,,,,False,6.548661017667501,,NP_000089,,NP_009420.1,YGRFETVYEPAMTKA,0.4761904761904762,0.4,,,,,,False,0.6508914820761503,,NP_000089,
ENSG00000100031,GGT1,ENST00000412658,ENSP00000393537,ENSP00000383232,GGT1,ENST00000412658,ENSP00000393537,ENSP00000383232,ISYYKPEFYTPDDGG,topological domain,Extracellular,False,4.0,2.6224697657352305,VRNMTSEFFAAQLRA,topological domain,Extracellular,False,4.5,2.4717566480304547,RLAFATMFNSSEQSQ,topological domain,Extracellular,False,5.5,5.8950835264697785,NP_013402.1,KNGSVAPFYDPDHWI,0.4275793650793651,0.2666666666666666,0.3267983148107791,0.0,0.0126533133278975,0.0,0.9873466866721023,True,6.338167105804475,6.0,NP_001275762,,NP_013402.1,VGWQIGEALGATLEL,0.4166666666666667,0.2666666666666666,,,,,,False,2.1585710935657776,,NP_001275762,,NP_013402.1,EMDDFAQFNKSNSFE,0.5,0.2,,,,,,False,-1.638808712916943,,NP_001275762,
ENSG00000101266,CSNK2A1,ENST00000217244,ENSP00000217244,ENSP00000217244,CSNK2A1,ENST00000645187,ENSP00000496232,ENSP00000217244,NTHRPREYWDYESHV,,,True,5.0,-1.1431944796943778,MIFRKEPFFHGHDNY,,,True,5.5,3.369721679713914,GTEDLYDYIDKYNIE,,,True,5.5,8.692219944533347,NP_014704.1,CEERPQEYWDYEQGV,0.8333333333333334,0.6,0.6563311263642976,0.0,0.408688885214124,0.0,0.5913111147858761,False,-0.928110826063434,5.5,NP_808227,,NP_014704.1,IVFKKEPFFKGSSNP,0.6333333333333333,0.5333333333333333,,,,,,False,0.112821510975697,,NP_808227,,NP_014704.1,GKISNYEIINKIGRG,0.386111111111111,0.2666666666666666,,,,,,False,2.356461581026628,,NP_808227,
ENSG00000170606,HSPA4,ENST00000304858,ENSP00000302961,ENSP00000302961,HSPA4,ENST00000304858,ENSP00000302961,ENSP00000302961,EDTENWLYEDGEDQP,,,True,4.0,1.5284722985132766,EPFTLEAYYSSPQDL,,,True,4.5,4.221976710078278,GQPIKIRFQESEERP,,,True,5.0,-1.5363206780925602,NP_015219.1,NKAEEWLYDEGFDSI,0.7888888888888889,0.4,0.5711620237866456,0.0,0.4390458033028163,0.0,0.5609541966971837,False,1.5503933489638708,5.0,NP_002145,,NP_015219.1,RFAGEKHVFSATQLA,0.375,0.1333333333333333,,,,,,False,2.508198885717685,,NP_002145,,NP_015219.1,DYHHPDFEQESKHFT,0.3166666666666666,0.2,,,,,,False,1.4537411054384013,,NP_002145,
ENSG00000171863,RPS7,ENST00000645674,ENSP00000496757,ENSP00000496757,RPS7,ENST00000645674,ENSP00000496757,ENSP00000496757,NGEKPDEFESGISQA,,,True,4.5,0.2676333565611551,GKDVNFEFPEFQLGG,,,True,5.5,4.1034181949672535,GGGGGGMFSSSAKIV,,,True,6.0,5.129063381210785,NP_014303.3,VAKTFIDLESSSPEL,0.365079365079365,0.1333333333333333,,,,,,False,2.126950134617318,,NP_001002,,NP_014303.3,TRELEKKFPDRHVIF,0.3638888888888889,0.1333333333333333,,,,,,False,1.0556508525682191,,NP_001002,,NP_014303.3,AKTFIDLESSSPELK,0.5166666666666667,0.2,,,,,,False,2.5628874680768265,,NP_001002,
ENSG00000131236,CAP1,ENST00000372797,ENSP00000361883,ENSP00000361891,CAP1,ENST00000372797,ENSP00000361883,ENSP00000361891,LQAYIKEFHTTGLAW,,,True,4.0,2.050299754235441,TSDMHRGYADSPSKA,,,True,5.0,-1.861145296139465,VSTISCSYESASRSS,,,True,5.5,1.6000773946159992,NP_014261.1,LKAYIKEYHTTGVSW,0.7797619047619048,0.7333333333333333,0.3602699756369583,0.0,0.5464295780056461,0.0,0.4535704219943539,False,2.7422352612743697,4.5,NP_001099000,XP_047287376,NP_014261.1,PDYSSQTFADSLRPI,0.4833333333333333,0.2,0.3951304932611856,0.0,0.2462031507601445,0.0,0.7537968492398555,False,-0.5891366601857512,4.5,NP_001099000,XP_047287376,NP_014261.1,NTTNEPSAENAPEVE,0.4444444444444445,0.2666666666666666,,,,,,False,3.184121030250608,,NP_001099000,XP_047287376
ENSG00000161016,RPL8,ENST00000533397,ENSP00000435313,ENSP00000433464,RPL8,ENST00000533397,ENSP00000435313,ENSP00000433464,ARLRAVDFAERHGYI,,,True,6.5,4.024816852502802,FKKRTELFIAAEGIH,,,True,6.5,2.935055126100852,EGIHTGQFVYCGKKA,,,True,7.0,0.4054922477990431,NP_012246.1,AKLRTLDYAERHGYI,0.9047619047619048,0.7333333333333333,,,,,,False,1.371951327298584,,NP_000964,,NP_012246.1,YRLREEIFIANEGVH,0.6944444444444443,0.5333333333333333,,,,,,False,5.311238904335358,,NP_000964,,NP_012246.1,EGVHTGQFIYAGKKA,0.7916666666666666,0.8,,,,,,False,0.8337111734323628,,NP_000964,
ENSG00000134014,ELP3,ENST00000521015,ENSP00000428449,ENSP00000256398,ELP3,ENST00000521015,ENSP00000428449,ENSP00000256398,DIEQFTEFFENPAFR,,,True,4.0,-0.7904938187853391,VKAVCESFHLAKDSG,,,True,4.5,3.6608558737310055,LERDIEQFTEFFENP,,,True,5.0,0.0930317124605046,NP_015239.1,DIEQFKEYFENPDFR,0.6825396825396827,0.8,0.504866885597448,0.0,0.5964402079541131,0.0,0.4035597920458869,False,-1.4413853008614894,4.0,NP_060561,,NP_015239.1,VRSVCETFAVSKDAG,0.3666666666666667,0.5333333333333333,,,,,,False,2.0122860648625744,,NP_060561,,NP_015239.1,MERDIEQFKEYFENP,0.7047619047619046,0.8,0.5950598871198891,0.0,0.2904862124698042,0.0,0.7095137875301957,False,-3.433501774784385,5.0,NP_060561,
ENSG00000124155,PIGT,ENST00000638387,ENSP00000492873,ENSP00000279036,PIGT,ENST00000638387,ENSP00000492873,ENSP00000279036,GAELWVWFQDTVTDV,topological domain,Lumenal,False,4.5,0.470436630011247,IFCASLNFIDSTNTV,topological domain,Lumenal,False,5.0,2.775127743650717,TPDPNHGFYVSPSVL,topological domain,Lumenal,False,5.5,2.109344997227965,NP_012058.1,TLLLGVFAEDTVSQI,0.386111111111111,0.3333333333333333,,,,,,False,0.7186327018851689,,NP_057021,,NP_012058.1,LFCSSLNFIDESRTT,0.6666666666666666,0.6,,,,,,False,-0.2730401055729414,,NP_057021,,NP_012058.1,TPIVPVPIHVSRSLT,0.494047619047619,0.3333333333333333,,,,,,False,1.2495062944488808,,NP_057021,
ENSG00000062822,POLD1,ENST00000595904,ENSP00000472445,ENSP00000473052,POLD1,ENST00000595904,ENSP00000472445,ENSP00000473052,STSAKVVYGDTDSVM,,,True,5.0,3.211232076260678,VPIATLDFSSLYPSI,,,True,6.0,1.818491156965684,KSEGGEDYTGATVIE,,,True,6.0,-0.7203502692625373,NP_010181.2,KHDAVVVYGDTDSVM,1.0,0.7333333333333333,0.586912793116699,0.0,0.5892386055776175,0.0,0.4107613944223824,False,4.480711896219032,5.0,NP_001243778,XP_047294903,NP_010181.2,VPIATLDFNSLYPSI,0.861111111111111,0.9333333333333332,0.3059795272672257,0.0,0.3135319408362275,0.0,0.6864680591637725,False,1.3097140580475788,6.0,NP_001243778,XP_047294903,NP_010181.2,SANSVYGFTGATVGK,0.7222222222222223,0.3333333333333333,,,,,,False,3.015342460189803,,NP_001243778,XP_047294903
ENSG00000119125,GDA,ENST00000414671,ENSP00000403897,ENSP00000238018,GDA,ENST00000376986,ENSP00000366185,ENSP00000238018,LNDTFPEYKETTEES,,,True,3.5,0.2195431226409829,CMDLNDTFPEYKETT,,,True,4.5,-4.654249342336745,TVMAHGCYLSAEELN,,,True,4.5,1.980322793892224,NP_010043.1,VQTHLSENKEEIQWV,0.4777777777777778,0.2,,,,,,False,3.5490261675809736,,NP_001229434,XP_024303488,NP_010043.1,IQWVQDLFPECESYT,0.4212962962962963,0.3333333333333333,0.3836946252226024,0.0,0.6726416066573061,0.0,0.3273583933426939,False,0.8308633832084313,4.0,NP_001229434,XP_024303488,NP_010043.1,MRETDHAKLSVSECL,0.4333333333333333,0.2,,,,,,False,2.111592607021146,,NP_001229434,XP_024303488
ENSG00000124784,RIOK1,ENST00000379834,ENSP00000369162,ENSP00000369162,RIOK1,ENST00000379834,ENSP00000369162,ENSP00000369162,SRVVPGQFDDADSSD,,,True,4.0,3.471716559866085,DHVDEEVFKRAYIPR,,,True,5.0,2.5415252010373885,DDDDDWDWDEGVGKL,,,True,5.0,1.5459287762083669,NP_014762.3,AASEQFEFDNADHEC,0.5736111111111111,0.2666666666666666,,,,,,False,5.32715799372192,,NP_113668,XP_011513235,NP_014762.3,AEYAIKIYKTSILVF,0.4547619047619047,0.0666666666666666,0.4861361281122449,0.0,0.4599270302178642,0.0,0.5400729697821358,False,4.556066408078136,6.0,NP_113668,XP_011513235,NP_014762.3,SGSEEDDEEEGEYYD,0.3952380952380952,0.2,,,,,,False,-0.3969705697674131,,NP_113668,XP_011513235
ENSG00000087502,ERGIC2,ENST00000552155,ENSP00000449691,ENSP00000353270,ERGIC2,ENST00000552155,ENSP00000449691,ENSP00000353270,TIMEFSVYQDTWMKY,transmembrane region;topological domain,Helical;Lumenal,False,5.0,3.647339709161753,KPVNSVPFEDGHTDN,topological domain,Cytoplasmic,True,5.0,0.2358096565727743,DVIFKSAFKSTSTAL,topological domain,Lumenal,False,5.0,2.875987367676924,NP_013644.1,EEMPFFIPYDTKVND,0.4047619047619048,0.2666666666666666,,,,,,False,2.466664641775812,,NP_057654,XP_024304777,NP_013644.1,SFGDFYPYIDNPLDN,0.2380952380952381,0.2666666666666666,0.3340888773565059,0.0,0.383546104772121,0.0,0.616453895227879,False,0.1131444662314993,7.0,NP_057654,XP_024304777,NP_013644.1,GLKTFDAFPKTEEQY,0.4428571428571428,0.2,,,,,,False,1.5596449572937572,,NP_057654,XP_024304777
ENSG00000044574,HSPA5,ENST00000324460,ENSP00000324173,ENSP00000324173,HSPA5,ENST00000324460,ENSP00000324173,ENSP00000324173,ARIEIESFYEGEDFS,,,True,3.0,0.2858251544202518,SFYEGEDFSETLTRA,,,True,3.0,-1.3107382608022202,PTKKSQIFSTASDNQ,,,True,4.0,0.9415574004384648,NP_012500.3,TRIEIDSFVDGIDLS,0.6805555555555557,0.6,0.5735385330138743,0.0,0.5252378461138717,0.0,0.4747621538861283,False,1.991828351628764,4.0,NP_005338,,NP_012500.3,SFVDGIDLSETLTRA,0.8333333333333334,0.7333333333333333,,,,,,False,-1.93749023877692,,NP_005338,,NP_012500.3,PTKKSQIFSTAVDNQ,1.0,0.9333333333333332,0.641247439344192,0.0,0.3127192078060357,0.0,0.6872807921939644,False,0.9415574004384648,4.0,NP_005338,
ENSG00000066651,TRMT11,ENST00000334379,ENSP00000333934,ENSP00000333934,TRMT11,ENST00000334379,ENSP00000333934,ENSP00000333934,PSWRKGTYFDAIITD,,,True,3.5,6.670533862001962,LLLFGGQFASSQETY,,,True,4.5,2.151202535883052,HNSFREKYFSGVTKR,,,True,5.5,2.369886383551178,NP_014517.1,RPYKGTTSFEAELSL,0.5666666666666667,0.2,,,,,,False,0.2773963499701567,,NP_001026882,,NP_014517.1,ELHKDIQRQSNFEQD,0.3944444444444444,0.2666666666666666,,,,,,False,0.4240589600403218,,NP_001026882,,NP_014517.1,KYDLKKRPYKGTTSF,0.3999999999999999,0.1333333333333333,,,,,,False,1.2537376543584042,,NP_001026882,
ENSG00000175166,PSMD2,ENST00000310118,ENSP00000310129,ENSP00000310129,PSMD2,ENST00000310118,ENSP00000310129,ENSP00000310129,MELVEDIFTSCKDVV,,,True,3.0,6.654912439522125,LSEDVEEYEDLTEIM,,,True,4.0,-0.2268646842384903,GEKDTSLYRPALEEL,,,True,5.5,0.4447727742743528,NP_011892.1,GTCNGDITTSIMDNF,0.5583333333333333,0.3333333333333333,,,,,,False,1.6513358147257489,,NP_002799,,NP_011892.1,KDKKKEEEEQLSEED,0.6,0.3333333333333333,,,,,,False,-0.1484048174852917,,NP_002799,,NP_011892.1,SIMDNFLERTAIELK,0.5666666666666668,0.3333333333333333,,,,,,False,1.6963984259025933,,NP_002799,
ENSG00000120053,GOT1,ENST00000370508,ENSP00000359539,ENSP00000359539,GOT1,ENST00000370508,ENSP00000359539,ENSP00000359539,PILGLAEFRSCASRL,,,True,3.5,7.28931754952045,KHRFLFPFFDSAYQG,,,True,4.0,9.398668257368318,FVSEGFEFFCAQSFS,,,True,4.0,2.0918888432291203,NP_013127.2,AVRLGVEKLSTVSPV,0.2833333333333333,0.2,,,,,,False,0.7634766023620492,,NP_002070,,NP_013127.2,ASKNHIALFDTAYQG,0.4916666666666667,0.4,,,,,,False,4.685287976267333,,NP_002070,,NP_013127.2,QKAPEGSIFVLHSCA,0.25,0.1333333333333333,,,,,,False,-0.7724621786815467,,NP_002070,
ENSG00000167721,TSR1,ENST00000301364,ENSP00000301364,ENSP00000301364,TSR1,ENST00000301364,ENSP00000301364,ENSP00000301364,SSEEEEEYETMTIGE,,,True,5.0,3.3362446709087425,ESSEEEEEYETMTIG,,,True,5.0,-1.4143662506010062,KYRGLKSFRTSPWDP,,,True,5.0,3.240404534678567,NP_010223.1,DYDEDFEYDGLTTAR,0.3833333333333333,0.2666666666666666,,,,,,False,1.4590697948671905,,NP_060598,,NP_010223.1,EEVAGDEEYDIEDNE,0.4861111111111111,0.2666666666666666,,,,,,False,0.6170284879026475,,NP_060598,,NP_010223.1,SGFIKESLGTHGYFK,0.3045634920634921,0.1333333333333333,,,,,,False,1.1326015421834703,,NP_060598,
ENSG00000171503,ETFDH,ENST00000684296,ENSP00000507740,ENSP00000426638,ETFDH,ENST00000684296,ENSP00000507740,ENSP00000426638,PGAFKELFPDWKEKG,intramembrane region,,False,5.5,-3.741641721753184,LHAKVTIFAEGCHGH,,,True,6.0,3.748741369939885,DGAPKATFERGLELH,,,True,6.0,0.0521447889891882,NP_015001.1,PGVWKELFPDEKSDI,0.5666666666666667,0.6,,,,,,False,3.504677793710015,,NP_004444,,NP_015001.1,FWARQTVLAEGCHGS,0.7916666666666666,0.5333333333333333,,,,,,False,5.82461039765147,,NP_004444,,NP_015001.1,SGKPKETFERGMEFW,1.0,0.6,,,,,,False,-0.1578072041563527,,NP_004444,
ENSG00000171703,TCEA2,ENST00000361317,ENSP00000354552,ENSP00000343515,TCEA2,ENST00000361317,ENSP00000354552,ENSP00000343515,SDEPMTTFVVCNECG,,,True,4.0,1.6393599962639285,AQIEECIFRDVGNTD,,,True,6.0,5.415062737147996,LPTSSRDASEAPDPS,,,True,6.5,-1.3788022494381793,NP_011472.1,ADEPLTTFCTCEACG,0.4398148148148148,0.6,0.3364104633460155,0.0,0.4825119468913131,0.0,0.5174880531086868,False,2.519290078079844,4.0,NP_003186,XP_005260286,NP_011472.1,KARYRIIYSNVISKN,0.4325396825396825,0.1333333333333333,,,,,,False,0.9249220652546764,,NP_003186,XP_005260286,NP_011472.1,NKVNNCDTNEAAYKA,0.4563492063492064,0.2,,,,,,False,4.089345928851638,,NP_003186,XP_005260286
ENSG00000141522,ARHGDIA,ENST00000583868,ENSP00000462209,ENSP00000441348,ARHGDIA,ENST00000583868,ENSP00000462209,ENSP00000441348,DDESLRKYKEALLGR,,,True,5.0,2.9629847298612244,PRAEEYEFLTPVEEA,,,True,5.0,4.459688120352186,VKIDKTDYMVGSYGP,,,True,7.0,1.559683930201757,NP_010146.1,LASKRYKIKENSIYK,0.4861111111111111,0.2,,,,,,False,3.615872044947163,,NP_001172006,XP_011521876,NP_010146.1,VFKVQHEIITGLRYV,0.3611111111111111,0.1333333333333333,,,,,,False,3.0355667059911915,,NP_001172006,XP_011521876,NP_010146.1,IAVDKIDDHLGSYAP,0.4166666666666667,0.4666666666666667,,,,,,False,0.2746339901305663,,NP_001172006,XP_011521876
ENSG00000033627,ATP6V0A1,ENST00000703903,ENSP00000515541,ENSP00000342951,ATP6V0A1,ENST00000393829,ENSP00000377415,ENSP00000342951,SEDEVFDFGDTMVHQ,topological domain,Cytoplasmic,True,3.0,2.857508462663797,FSKSLNIFGSSWSVR,topological domain,Vacuolar,False,5.0,6.6101060722601535,INMFLFSYPESGYSM,topological domain,Vacuolar,False,5.0,4.200241010849089,NP_014913.3,SGSHGEDFGDIMIHQ,0.75,0.5333333333333333,0.59795926480398,0.0,0.3009912474380611,0.0,0.6990087525619388,False,2.55682727928626,5.0,NP_001123493,,NP_014913.3,GTENALLFSNSYKMK,0.4444444444444445,0.1333333333333333,,,,,,False,2.586550217445314,,NP_001123493,,NP_014913.3,DYVRNASYLEERLIQ,0.3333333333333333,0.2,,,,,,False,1.6471712377437786,,NP_001123493,
ENSG00000092054,MYH7,ENST00000355349,ENSP00000347507,ENSP00000347507,MYH7,ENST00000355349,ENSP00000347507,ENSP00000347507,ILEEECMFPKATDMT,,,True,4.5,2.079482487556896,LFKLKNAYEESLEHL,,,True,4.5,-1.9272087834673728,LAEWKQKYEESQSEL,,,True,5.5,2.63648590412556,NP_011888.1,LLDEEAVLPKSTDES,0.5833333333333334,0.4666666666666667,,,,,,False,-0.0254492056652624,,NP_000248,XP_016876829,NP_011888.1,SDIYKLKFEASEERV,0.5083333333333333,0.2666666666666666,,,,,,False,-0.2742958691117193,,NP_000248,XP_016876829,NP_011888.1,NRDSISKYEEEIRYY,0.6333333333333333,0.2666666666666666,,,,,,False,2.395259706228859,,NP_000248,XP_016876829
ENSG00000120158,RCL1,ENST00000381750,ENSP00000371169,ENSP00000371169,RCL1,ENST00000381750,ENSP00000371169,ENSP00000371169,AETTSGTFLSAELAS,,,True,4.0,2.4287735341229912,VLRGIGYYLESLLCL,,,True,5.5,-1.07527770849908,DNPGLRDFEASFIRL,,,True,6.0,4.790520154612198,NP_014633.1,TGVAYSTRVSPSLVN,0.4178571428571428,0.2,,,,,,False,8.476222593849613,,NP_005763,,NP_014633.1,SSKPVGYFVEPMLYL,0.6011904761904762,0.3333333333333333,0.4883487092505725,0.0,0.2319552761241124,0.0,0.7680447238758875,True,1.4558458231152154,6.5,NP_005763,,NP_014633.1,LNPGLKDYEVSFLRL,0.6547619047619048,0.6666666666666666,,,,,,False,2.0619203256053025,,NP_005763,
ENSG00000213983,AP1G2,ENST00000308724,ENSP00000312442,ENSP00000380309,AP1G2,ENST00000308724,ENSP00000312442,ENSP00000380309,IRQVVSIYGSCLDVE,,,True,4.5,8.146296443645628,MMQELQAFLESCPPD,,,True,5.0,0.1530643574636485,CAHIRASFRDGDPVH,,,True,5.0,4.271631238200206,NP_015354.1,IDILEEIFGEKNDIA,0.4833333333333333,0.2666666666666666,,,,,,False,-1.3981731356021243,,NP_003908,XP_005268224,NP_015354.1,SISVKKIILETMPKF,0.4916666666666667,0.2,,,,,,False,1.5639029101151858,,NP_003908,XP_005268224,NP_015354.1,LRQLILSYTDSTDLS,0.3436507936507937,0.1333333333333333,0.4663888348022884,0.0,0.7570090304443667,0.0,0.2429909695556333,False,-0.604669734072325,4.0,NP_003908,XP_005268224
ENSG00000180667,YOD1,ENST00000315927,ENSP00000326813,ENSP00000326813,YOD1,ENST00000315927,ENSP00000326813,ENSP00000326813,VASDPDFYSEAILGK,,,True,4.5,-0.6826885523111244,EISILSKFYQCEICV,,,True,5.5,6.405137677492758,DTPPLTIFSSNDDIV,,,True,5.5,4.659147858684495,NP_116610.1,VLNNPVKFNDAILDK,0.3999999999999999,0.4,0.6260020474039409,0.0,0.3100879803250691,0.0,0.689912019674931,False,1.96261933776304,5.0,NP_061036,,NP_116610.1,VLNNPVKFNDAILDK,0.3611111111111111,0.1333333333333333,0.6260020474039409,0.0,0.3100879803250691,0.0,0.689912019674931,False,1.96261933776304,5.0,NP_061036,,NP_116610.1,MNEFKTVFNKNQPES,0.4623015873015874,0.2,,,,,,False,-0.2567305802111778,,NP_061036,
ENSG00000149269,PAK1,ENST00000356341,ENSP00000348696,ENSP00000348696,PAK1,ENST00000356341,ENSP00000348696,ENSP00000348696,TDKSAEDYNSSNALN,,,True,4.5,2.85343430412188,KNPNIVNYLDSYLVG,,,True,5.5,5.175539443767996,AVLDVLEFYNSKKTS,,,True,5.5,-1.4198262096913692,NP_011856.1,YITEIAEANSSLAPL,0.65,0.2666666666666666,,,,,,False,1.7108813559946816,,NP_002567,XP_047283003,NP_011856.1,KHPNIVNFIDSYVLK,0.7083333333333334,0.6,0.3576141165551524,0.0,0.3932148534538259,0.0,0.6067851465461741,False,1.9142669177603888,5.0,NP_002567,XP_047283003,NP_011856.1,KKQTEKSYYSSSSKK,0.4464285714285714,0.1333333333333333,0.2469689757543773,0.0,0.5407241758538291,0.0,0.4592758241461708,False,0.9462331641200404,4.0,NP_002567,XP_047283003
ENSG00000163510,CWC22,ENST00000410053,ENSP00000387006,ENSP00000387006,CWC22,ENST00000410053,ENSP00000387006,ENSP00000387006,FCMLKKEYMESFEGI,,,True,3.5,-1.358465314204143,HKLLKMEFPESQTKE,,,True,3.5,-1.252008879828861,AIQSSLDFEECAHKL,,,True,4.0,3.859024810674572,NP_011794.3,YTVHTHSYIVSDEDE,0.4583333333333333,0.2,,,,,,False,-0.4270829594788575,,NP_065994,,NP_011794.3,QTAYNETFEQNYTQD,0.3611111111111111,0.1333333333333333,,,,,,False,-0.9002415739427945,,NP_065994,,NP_011794.3,ANKELGNFEKCENFN,0.5888888888888889,0.2666666666666666,,,,,,False,6.597179398750978,,NP_065994,
ENSG00000119969,HELLS,ENST00000419900,ENSP00000409945,ENSP00000377601,HELLS,ENST00000394036,ENSP00000377601,ENSP00000377601,SEFTDEGFFEGKLPS,,,True,3.0,-0.9087118522637968,LSKKQEIFYTAIVNR,,,True,4.0,0.532005230349322,VFDDLKSFESWFDIT,,,True,5.5,-0.3437094997135307,NP_116696.2,MTSAQEKFYKAGLNG,0.3714285714285714,0.2,,,,,,False,0.8714915166058389,,NP_001275996,,NP_116696.2,SEGHKVLIYSQFVNM,0.425,0.2,,,,,,False,0.8756636350798009,,NP_001275996,,NP_116696.2,IFADFEIFNKWFDFD,0.4166666666666667,0.4,,,,,,False,-5.37130579037916,,NP_001275996,
ENSG00000133706,LARS1,ENST00000674467,ENSP00000501351,ENSP00000377954,LARS1,ENST00000674158,ENSP00000501474,ENSP00000377954,DTVEDANFVEAMADA,,,True,3.5,-1.753872476948822,ITTDVNPYYDSFVRW,,,True,4.0,-0.6937363326588157,EVWDYVFFKEAPFPK,,,True,4.0,-1.110955960105776,NP_015165.1,DTVEDANFDESNANA,0.625,0.7333333333333333,0.4647570345510438,0.0,0.3727882668743701,0.0,0.6272117331256298,False,-2.15788996547202,4.0,NP_064502,,NP_015165.1,VTTDANPYYDAFIRW,0.8333333333333334,0.7333333333333333,0.7843728025767565,0.0,0.0646906050744178,0.0,0.9353093949255822,True,4.999196202222393,3.5,NP_064502,,NP_015165.1,FQAARDYYREASGVM,0.4595238095238095,0.1333333333333333,0.7076269647737983,0.0,0.4894612672590434,0.0,0.5105387327409566,False,2.8404603798162267,5.0,NP_064502,
ENSG00000013375,PGM3,ENST00000698525,ENSP00000513774,ENSP00000425809,PGM3,ENST00000698599,ENSP00000513827,ENSP00000425809,QEFDIGVYFEANGHG,,,True,3.5,-0.4134298903782255,NGHGTALFSTAVEMK,,,True,4.0,0.374422768319571,ADRIVYYYHDADGHF,,,True,4.5,3.118806481749454,NP_010856.1,TQYDIGIYFEANGHG,0.9583333333333334,0.7333333333333333,0.5948182850026663,0.0,0.3424783603771491,0.0,0.6575216396228508,False,-0.210630569445306,4.0,NP_001186846,,NP_010856.1,IVPDRSIFQTTDQER,0.4833333333333333,0.1333333333333333,0.2620194910968627,0.0,0.2061483678782489,0.0,0.7938516321217511,True,0.1044871708663781,5.5,NP_001186846,,NP_010856.1,TQYDIGIYFEANGHG,0.4972222222222222,0.2666666666666666,0.5948182850026663,0.0,0.3424783603771491,0.0,0.6575216396228508,False,-0.210630569445306,4.0,NP_001186846,
ENSG00000017260,ATP2C1,ENST00000505330,ENSP00000423774,ENSP00000423774,ATP2C1,ENST00000505330,ENSP00000423774,ENSP00000423774,MILVDDDFQTIMSAI,,,True,5.0,1.3464245959222392,AFHGWNEFDISEDEP,,,True,5.0,-1.0045844041775849,IVPKVAVFYRASPRH,,,True,5.5,0.8684154948522576,NP_011348.1,MVLTDDDFSTILTAI,0.7000000000000001,0.6666666666666666,0.6466942971223758,0.0,0.2327105964789374,0.0,0.7672894035210626,True,1.4420558451635024,5.0,NP_001186110,XP_047303922,NP_011348.1,DIRIIEAIDLSIDES,0.5416666666666666,0.2666666666666666,,,,,,False,0.5729584154039098,,NP_001186110,XP_047303922,NP_011348.1,VIDHVNIFARATPEH,0.7083333333333334,0.4,,,,,,False,0.8474172209705956,,NP_001186110,XP_047303922
ENSG00000119523,ALG2,ENST00000476832,ENSP00000417764,ENSP00000417764,ALG2,ENST00000476832,ENSP00000417764,ENSP00000417764,CEPDPVHFSEAIEKF,,,True,3.0,-1.5853551919108666,HYDPGHCFAESRELP,,,True,4.0,-0.6320237421897472,PIDWIEEYTTGMADC,,,True,5.0,5.585152496315372,NP_011450.1,REAMTQSFEENVEKV,0.4027777777777778,0.3333333333333333,0.2314150541864259,0.0,0.6131306428345954,0.0,0.3868693571654046,False,-1.534499517019385,5.0,NP_149078,,NP_011450.1,REAMTQSFEENVEKV,0.4527777777777778,0.2,0.2314150541864259,0.0,0.6131306428345954,0.0,0.3868693571654046,False,-1.534499517019385,5.0,NP_149078,,NP_011450.1,PFDLIEQFSVSAADT,0.3583333333333333,0.4,,,,,,False,5.317658319170782,,NP_149078,
ENSG00000072501,SMC1A,ENST00000675504,ENSP00000502524,ENSP00000323421,SMC1A,ENST00000675504,ENSP00000502524,ENSP00000323421,VISLKEEFYTKAESL,,,True,4.0,4.149871356222757,LESVRDKFQETSDEF,,,True,4.5,1.3927809914963192,EALIEIDYGDLCEDL,,,True,4.5,0.5073779295441132,NP_116647.1,LDELQKKFVTKQSEL,0.4916666666666667,0.3333333333333333,,,,,,False,0.9241542323392342,,NP_006297,,NP_116647.1,KKKRKELFEKTFDYV,0.5166666666666667,0.2,,,,,,False,2.691127538466505,,NP_006297,,NP_116647.1,SIQYKKEYEELKEKI,0.5666666666666667,0.2,0.4847379888409895,0.0,0.3826366380724549,0.0,0.617363361927545,False,-2.003861390117944,5.0,NP_006297,
ENSG00000011478,QPCTL,ENST00000012049,ENSP00000012049,ENSP00000012049,QPCTL,ENST00000012049,ENSP00000012049,ENSP00000012049,PVTLQLLFLDGEEAL,,,True,4.5,-0.1231374629996721,GNLQVRKFLEATLRS,,,True,5.0,0.5599710076346509,LGAPNPTFYSHFPRT,,,True,5.5,1.2966501448372043,NP_116673.1,TLGVKIVFFDGEEAI,0.7083333333333334,0.4,0.6565970496167931,0.0,0.3247712080669609,0.0,0.675228791933039,False,4.145239921377181,3.5,NP_060129,XP_016882389,NP_116673.1,IGDDHTPFLAAGVPV,0.4761904761904762,0.2,,,,,,False,-0.3138915323751189,,NP_060129,XP_016882389,NP_116673.1,EEPLVPSYYAETHQE,0.2797619047619047,0.1333333333333333,,,,,,False,2.9064493176343515,,NP_060129,XP_016882389
ENSG00000052749,RRP12,ENST00000487612,ENSP00000483365,ENSP00000360031,RRP12,ENST00000370992,ENSP00000360031,ENSP00000360031,VLQLLCVFFEACGRQ,,,True,3.5,2.439991189221698,LSAEHKEFITALIPE,,,True,4.0,3.0361973440508554,GKETETEYFAALMTT,,,True,4.5,5.61318124559619,NP_015313.1,GSRFMSAFDEAVYGS,0.3452380952380953,0.2,0.6136103987683786,0.0,0.6572194498181569,0.0,0.342780550181843,False,4.134703531608034,4.5,NP_055994,XP_047280859,NP_015313.1,KAQKTKEDINASVMR,0.5416666666666666,0.2666666666666666,,,,,,False,-0.9112265456939024,,NP_055994,XP_047280859,NP_015313.1,PVAPTAEHVAAVFVA,0.5,0.2,,,,,,False,3.5281355747748333,,NP_055994,XP_047280859
ENSG00000131373,HACL1,ENST00000321169,ENSP00000323811,ENSP00000323811,HACL1,ENST00000321169,ENSP00000323811,ENSP00000323811,TWKEMLKFQDATAVV,,,True,5.0,6.726950069499123,AFGGKGYFVQTPEEL,,,True,6.0,-0.585039819850959,IIGKGAAYAHAEESI,,,True,6.0,0.0509250139442168,NP_010895.1,ISELSRCFQQAVQLS,0.4111111111111111,0.2,,,,,,False,-0.1887900118683505,,NP_036392,,NP_010895.1,GLGANDFFVNTISEL,0.5833333333333334,0.4,,,,,,False,1.4886266038425289,,NP_036392,,NP_010895.1,TMGIGLGYALACKAS,0.4083333333333334,0.3333333333333333,,,,,,False,-0.8468949921379689,,NP_036392,
ENSG00000151092,NGLY1,ENST00000280700,ENSP00000280700,ENSP00000280700,NGLY1,ENST00000676225,ENSP00000501622,ENSP00000280700,ECLFEMGFEEGETHL,,,True,4.5,-1.410291851318298,SLHSYADFSGATEVI,,,True,4.5,4.511468284297092,CQNTPETFLEASKLL,,,True,4.5,0.4868139052635158,NP_015229.1,KEFAKDGHAEGENIY,0.4375,0.2666666666666666,,,,,,False,2.3428560757874446,,NP_060767,XP_005265373,NP_015229.1,YEKNNIDFDSIAKML,0.325,0.1333333333333333,0.244048119757071,0.0,0.4706914403759212,0.0,0.5293085596240789,False,5.0463476636563644,6.5,NP_060767,XP_005265373,NP_015229.1,RYNDPIKLLETRKGR,0.4666666666666666,0.3333333333333333,,,,,,False,-0.3613930030663955,,NP_060767,XP_005265373
ENSG00000011376,LARS2,ENST00000650792,ENSP00000498867,ENSP00000495093,LARS2,ENST00000650792,ENSP00000498867,ENSP00000495093,ETDTMDTFVDSAWYY,,,True,3.0,7.959436536556359,VILHSPEFEDALCAL,,,True,3.5,0.3417258740214391,PHNPHSPFNTAVADY,,,True,5.0,2.686173813180914,NP_013486.3,ETDTMDTFIDSSWYY,0.9583333333333334,0.8666666666666667,0.4994765358754023,0.0,0.4659229573835213,0.0,0.5340770426164787,False,4.047894161717225,3.0,NP_056155,XP_011531856,NP_013486.3,HDNRDFEFWQTNCPG,0.4545454545454546,0.2,,,,,,False,5.030127822015373,,NP_056155,XP_011531856,NP_013486.3,PKNTSKPFDREIASK,0.4611111111111111,0.3333333333333333,,,,,,False,2.72637439379252,,NP_056155,XP_011531856
ENSG00000107130,NCS1,ENST00000372398,ENSP00000361475,ENSP00000361475,NCS1,ENST00000372398,ENSP00000361475,ENSP00000361475,GKLTLQEFQEGSKAD,,,True,5.0,3.0894075228469267,GRIEFSEFIQALSVT,,,True,5.0,4.513714935963961,ATFVFNVFDENKDGR,,,True,5.5,0.9519181285843402,NP_010661.3,GYITLDEFREGSKVD,0.8666666666666667,0.6666666666666666,0.8753844129576679,0.0,0.3051024343162199,0.0,0.6948975656837801,False,7.234778825256169,5.0,NP_055101,,NP_010661.3,GFIHFEEFITVLSTT,0.6333333333333333,0.6,0.6631733336244611,0.0,0.2129920541912563,0.0,0.7870079458087437,True,0.4547232402121108,5.5,NP_055101,,NP_010661.3,ANHLFTVFDKDNNGF,0.5888888888888889,0.4,,,,,,False,4.604432866834761,,NP_055101,
ENSG00000162959,MEMO1,ENST00000295065,ENSP00000295065,ENSP00000385557,MEMO1,ENST00000295065,ENSP00000295065,ENSP00000385557,QRFRYSYYDESQGEI,,,True,5.5,2.334668848854462,EASHAGSWYTASGPQ,,,True,5.5,5.929262254493668,LADPSNLFVVSSDFC,,,True,6.0,-0.5261303308283743,NP_012541.1,IKFQWPNYSQSSHVT,0.3027777777777778,0.2,,,,,,False,6.441813632052883,,NP_057039,XP_047300592,NP_012541.1,PATHAGSWYSNRAQE,0.4861111111111111,0.4666666666666667,,,,,,False,5.449482099996917,,NP_057039,XP_047300592,NP_012541.1,IKDPNNLFIVSSDFC,0.9583333333333334,0.7333333333333333,,,,,,False,-0.254172618747818,,NP_057039,XP_047300592
ENSG00000111674,ENO2,ENST00000541477,ENSP00000438873,ENSP00000229277,ENO2,ENST00000541477,ENSP00000438873,ENSP00000229277,LPVGAESFRDAMRLG,,,True,4.5,2.879043022193535,DGKYDLDFKSPTDPS,,,True,5.0,2.4266470705133187,DVAASEFYRDGKYDL,,,True,5.5,2.000433049658593,NP_011770.3,APTGAKTFAEALRIG,0.5583333333333333,0.4666666666666667,0.6152910474718735,0.0,0.5689830460816123,0.0,0.4310169539183877,False,1.5588082310383082,4.5,NP_001966,,NP_011770.3,DGKYDLDFKNPNSDK,0.6944444444444443,0.6666666666666666,,,,,,False,0.6968932499276583,,NP_001966,,NP_011770.3,DCASSEFFKDGKYDL,0.8166666666666668,0.7333333333333333,0.6007732927897449,0.0,0.0728688674352716,0.0,0.9271311325647285,True,2.0264330866282445,4.5,NP_001966,
ENSG00000166676,TVP23A,ENST00000456096,ENSP00000411972,ENSP00000299866,TVP23A,ENST00000299866,ENSP00000299866,ENSP00000299866,SFLSQTVFQTACPGD,,,True,5.0,0.2423987771227101,GNEEELAFRKAKIRH,,,True,5.5,2.490371089286351,IGKVTASFLSQTVFQ,,,True,6.5,3.4292590946814023,NP_010369.3,RNFYNTILKSSHPLL,0.4083333333333334,0.1333333333333333,,,,,,False,1.3975935647483506,,NP_001072980,XP_047290560,NP_010369.3,VPGFENLSRLANIQS,0.2916666666666667,0.2666666666666666,,,,,,False,2.093429800943439,,NP_001072980,XP_047290560,NP_010369.3,IGSMFLNFTPQFITV,0.428968253968254,0.2666666666666666,,,,,,False,1.5960986613034778,,NP_001072980,XP_047290560
ENSG00000168002,POLR2G,ENST00000301788,ENSP00000301788,ENSP00000301788,POLR2G,ENST00000301788,ENSP00000301788,ENSP00000301788,GGGGGMFYHISLEHE,,,True,6.0,-0.257272170834767,TCTGKYGFVIAVTTI,,,True,6.0,1.49180110329509,PNSNPPCYKTMDEDI,,,True,6.5,1.615131090858154,NP_010692.3,ILCVLDYDNIDIQRG,0.2492063492063492,0.0666666666666666,,,,,,False,6.287994145716375,,NP_002687,,NP_010692.3,KGEVVDGTVVSCSQH,0.475,0.1333333333333333,,,,,,False,1.1588062461634905,,NP_002687,,NP_010692.3,AGSNPPSYQSSEDVI,0.2138888888888888,0.4,0.4725218407699009,0.0,0.4946222140007904,0.0,0.5053777859992096,False,3.129274600555779,4.5,NP_002687,
ENSG00000145191,EIF2B5,ENST00000648314,ENSP00000496920,ENSP00000497160,EIF2B5,ENST00000648314,ENSP00000496920,ENSP00000497160,LIDYTLEFLTATGVQ,,,True,4.0,3.729361027218269,PLTPEANFTDSTTQS,,,True,4.5,-0.7446206500792175,VSVMTMIFKESSPSH,,,True,5.0,-2.029686994518725,NP_010497.3,LIEYTLEFLAKAGVH,0.6333333333333333,0.6666666666666666,,,,,,False,7.068424049174526,,NP_003898,XP_011511567,NP_010497.3,PLVLDSNIQDDQTYS,0.4666666666666666,0.4,,,,,,False,0.7062113000136965,,NP_003898,XP_011511567,NP_010497.3,TSHVPLIFQENFDYQ,0.5333333333333333,0.2666666666666666,0.452385993663011,0.0,0.7488263330889596,0.0,0.2511736669110403,False,-0.7206469787134988,5.5,NP_003898,XP_011511567
ENSG00000114127,XRN1,ENST00000264951,ENSP00000264951,ENSP00000264951,XRN1,ENST00000264951,ENSP00000264951,ENSP00000264951,IIKPRKVFFMAVDGV,,,True,4.5,0.4802776039333228,KVGSEWMYSSAAEQL,,,True,4.5,7.3583935165161,SWQGVTIYFSGHETP,,,True,4.5,2.561521511563388,NP_011342.1,TIKPKKIFYMAIDGV,0.8630952380952381,0.6666666666666666,,,,,,False,0.1168693147911179,,NP_061874,XP_047304314,NP_011342.1,PTLLSLPFTSSLEYN,0.4440476190476191,0.1333333333333333,0.2715723654305991,0.0,0.3385441910137594,0.0,0.6614558089862406,False,-0.4524275268310414,4.5,NP_061874,XP_047304314,NP_011342.1,KWREVQIIFSGHEVP,0.7916666666666666,0.6,,,,,,False,6.699819918296786,,NP_061874,XP_047304314
ENSG00000162877,PM20D1,ENST00000367136,ENSP00000356104,ENSP00000356104,PM20D1,ENST00000367136,ENSP00000356104,ENSP00000356104,KYIPRRSFFISLGHD,,,True,5.5,-0.4588170831479202,IGNTDSRFFTNLTTG,,,True,6.0,4.244654928846408,QTPMPIIFGSGTVVT,,,True,6.0,4.8496253991962375,NP_012363.1,ALIIIGTFFLTSGLH,0.65,0.2666666666666666,,,,,,False,2.773852305144032,,NP_689704,,NP_012363.1,ALPETTRFLINHRIN,0.425,0.2,,,,,,False,2.08133407142904,,NP_689704,,NP_012363.1,AGTIQDVFENGVLQN,0.4611111111111111,0.1333333333333333,,,,,,False,-0.5959131125275934,,NP_689704,
ENSG00000130714,POMT1,ENST00000372228,ENSP00000361302,ENSP00000361302,POMT1,ENST00000372228,ENSP00000361302,ENSP00000361302,SDDSEHKYSSSPLEW,,,True,5.0,1.6609516040657053,DQIMSSAFQASLEGG,,,True,5.5,-0.1804028899968868,SALVVAWYSSACHVS,,,True,6.0,12.579222029751731,NP_012677.1,DEVHFGKFASYYLER,0.5773809523809524,0.2666666666666666,0.2093855535654787,0.0,0.2929094453330269,0.0,0.7070905546669732,False,-1.1820239296233863,7.0,NP_009102,XP_011516442,NP_012677.1,YPETLFAFQPLKKSD,0.4261904761904762,0.2,,,,,,False,5.675757064800334,,NP_009102,XP_011516442,NP_012677.1,FKFDEIGYSYETHPA,0.3634920634920635,0.2,,,,,,False,2.4692454989518104,,NP_009102,XP_011516442
ENSG00000141367,CLTC,ENST00000700707,ENSP00000515147,ENSP00000462592,CLTC,ENST00000700707,ENSP00000515147,ENSP00000462592,RFLRENPYYDSRVVG,,,True,4.5,6.085223207888292,IAISNELFEEAFAIF,,,True,4.5,-1.1713624812480572,TLVHLGEYQAAVDGA,,,True,5.0,3.0853860199874403,NP_011309.1,FLINVLPKNNSVVNQ,0.4055555555555556,0.2,,,,,,False,0.5349383761365731,,NP_001275582,,NP_011309.1,PSTLIKLFEDYNATE,0.6746031746031745,0.2666666666666666,0.4965140080410931,0.0,0.560706035768315,0.0,0.439293964231685,False,-1.883643112575573,6.5,NP_001275582,,NP_011309.1,TLVYLGDYQAAVDTA,0.8888888888888888,0.8,,,,,,False,3.0853860199874403,,NP_001275582,
ENSG00000070367,EXOC5,ENST00000621441,ENSP00000484855,ENSP00000484855,EXOC5,ENST00000621441,ENSP00000484855,ENSP00000484855,FVQLRADYRSARLAR,,,True,4.5,0.4918771937651773,LMKYFNEFLDGELKS,,,True,4.5,0.2556532694751756,AYLRNDIFEDAGILC,,,True,4.5,5.8804478164714,NP_013267.1,VQELSKDHRNDVLID,0.5138888888888888,0.2666666666666666,,,,,,False,0.1584514123652355,,NP_006535,XP_005267329,NP_013267.1,FLTLIGEELYGLLLS,0.4952380952380952,0.3333333333333333,,,,,,False,2.432170236051524,,NP_006535,XP_005267329,NP_013267.1,SKIVKRVFEEKATHV,0.4583333333333332,0.1333333333333333,,,,,,False,5.907792820974965,,NP_006535,XP_005267329
ENSG00000116062,MSH6,ENST00000652107,ENSP00000498629,ENSP00000234420,MSH6,ENST00000652107,ENSP00000498629,ENSP00000234420,SKKKIIDFLSALEGF,,,True,3.0,3.61878393145968,SSRPTVWYHETLEWL,,,True,4.0,-0.2641998182041584,EAQKGGHFYSAKPEI,,,True,4.0,1.2843064477274495,NP_010382.3,DSGDDDDLISLAETT,0.5416666666666666,0.2,,,,,,False,3.480552959226872,,NP_000170,,NP_010382.3,REEPGNFYNETQLDS,0.4305555555555556,0.2666666666666666,0.4535308339086564,0.0,0.3506055326770234,0.0,0.6493944673229767,False,-0.4586081847592456,5.5,NP_000170,,NP_010382.3,LKGDVSKYISSFPEG,0.3714285714285714,0.2,0.3154871623549217,0.0,0.2788306394105175,0.0,0.7211693605894826,False,3.0792121628539046,6.5,NP_000170,
ENSG00000051180,RAD51,ENST00000527860,ENSP00000432759,ENSP00000267868,RAD51,ENST00000527860,ENSP00000432759,ENSP00000267868,AKLVPMGFTTATEFH,,,True,4.0,3.0713841832929405,ITEMFGEFRTGKTQI,,,True,4.5,-0.1533106524825952,TGSITEMFGEFRTGK,,,True,5.5,-0.5124511015529007,NP_011021.3,ARLVPMGFVTAADFH,0.7222222222222222,0.7333333333333333,0.6008492244413448,0.0,0.7044364693250988,0.0,0.2955635306749011,False,6.420065351541956,4.0,NP_002866,XP_011520159,NP_011021.3,ITELFGEFRTGKSQL,0.875,0.8,0.6802424506667828,0.0,0.1887409917863267,0.0,0.8112590082136732,True,-0.5864143282310512,4.5,NP_002866,XP_011520159,NP_011021.3,TGSITELFGEFRTGK,0.9166666666666666,0.9333333333333332,0.6749277234280701,0.0,0.2554339756912834,0.0,0.7445660243087165,False,-1.5179784698955292,5.5,NP_002866,XP_011520159
ENSG00000080503,SMARCA2,ENST00000357248,ENSP00000349788,ENSP00000371638,SMARCA2,ENST00000357248,ENSP00000349788,ENSP00000371638,RQRRDVDYSDALTEK,,,True,3.5,2.670121758647125,NFLLPTIFKSCSTFE,,,True,4.5,1.521216251989432,SIVLQSVFKSARQKI,,,True,5.0,2.909915183234,NP_012140.1,TTAIEVDYSEKKPIK,0.5095238095238095,0.3333333333333333,,,,,,False,-1.104883947238563,,NP_001276325,,NP_012140.1,NFVLPKIFNSAKTFE,0.6666666666666666,0.6666666666666666,0.5647555515994858,0.0,0.233497923961537,0.0,0.766502076038463,True,1.0019039833402297,4.5,NP_001276325,,NP_012140.1,NFVLPKIFNSAKTFE,0.5916666666666667,0.3333333333333333,0.5647555515994858,0.0,0.233497923961537,0.0,0.766502076038463,True,1.0019039833402297,4.5,NP_001276325,
ENSG00000108846,ABCC3,ENST00000427699,ENSP00000395160,ENSP00000285238,ABCC3,ENST00000513745,ENSP00000421755,ENSP00000285238,KIRSPQSFFDTTPSG,topological domain,Cytoplasmic,True,3.5,0.7701401327227174,FRFXKPPFFSAKNVD,topological domain,Cytoplasmic,True,4.0,13.19102547953758,SGELGSKFWDSNLSV,topological domain,Extracellular,False,4.5,1.7982858325762463,NP_010419.3,VLRAPMTFFETTPIG,0.7666666666666666,0.5333333333333333,0.4438802366500382,0.0,0.7846442821423792,0.0,0.2153557178576207,False,-0.0541483746642986,3.5,NP_003777,,NP_010419.3,SKMLLAAFFKAIHDV,0.4791666666666667,0.2,,,,,,False,7.123323959662047,,NP_003777,,NP_010419.3,LSQKLEKNWENELKQ,0.5111111111111111,0.2,,,,,,False,0.9634315202550484,,NP_003777,
ENSG00000165527,ARF6,ENST00000693319,ENSP00000510419,ENSP00000298316,ARF6,ENST00000693319,ENSP00000510419,ENSP00000298316,IRPLWRHYYTGTQGL,,,True,5.5,1.2243697832390397,GLYEGLTWLTSNYKS,,,True,7.0,3.2144540188625013,RPLWRHYYTGTQGLI,,,True,7.5,4.659914511076819,NP_014737.1,LRPLWRHYFPATTAL,0.3595238095238095,0.6,,,,,,False,1.1203494572779125,,NP_001654,,NP_014737.1,GLVEGLSWISNNTNV,0.2944444444444444,0.4666666666666667,,,,,,False,3.672312050542189,,NP_001654,,NP_014737.1,RPLWRHYFPATTALI,0.3928571428571428,0.6666666666666666,,,,,,False,4.85900720414819,,NP_001654,
ENSG00000139112,GABARAPL1,ENST00000541960,ENSP00000445709,ENSP00000266458,GABARAPL1,ENST00000266458,ENSP00000266458,ENSP00000266458,EDNHEEDYFLYVAYS,,,True,5.5,-3.362120570411232,SATMGQLYEDNHEED,,,True,6.0,-0.0380712837181419,RPEDALFFFVNNTIP,,,True,7.0,2.647881642851213,NP_009475.1,QEHKDKDGFLYVTYS,0.5833333333333334,0.4666666666666667,,,,,,False,-4.581520931180473,,NP_113600,,NP_009475.1,AALMSAIYQEHKDKD,0.4597222222222222,0.2666666666666666,0.4174220854216317,0.0,0.3937353258312219,0.0,0.606264674168778,False,-1.741359621014473,6.0,NP_113600,,NP_009475.1,PPEKAIFIFVNDTLP,0.8333333333333334,0.6,,,,,,False,3.87748207410876,,NP_113600,
ENSG00000165140,FBP1,ENST00000648117,ENSP00000498145,ENSP00000408025,FBP1,ENST00000648117,ENSP00000498145,ENSP00000408025,MNMLKSSFATCVLVS,,,True,4.5,4.943186416534852,NEGYARDFDPAVTEY,,,True,5.0,2.843366589943216,VAAGYALYGSATMLV,,,True,5.5,3.871592361207973,NP_013481.3,FPTNTGSYAVCCDPI,0.4603174603174604,0.2,,,,,,False,-0.6220729809244949,,NP_001121100,XP_006717068,NP_013481.3,RGERILDLVPSHIHD,0.2083333333333333,0.1333333333333333,,,,,,False,6.079510336196433,,NP_001121100,XP_006717068,NP_013481.3,VAACYAMYGSSTHLV,0.5666666666666667,0.7333333333333333,0.3151377807630078,0.0,0.4096860759539759,0.0,0.590313924046024,False,5.287005499117685,6.5,NP_001121100,XP_006717068
ENSG00000067048,DDX3Y,ENST00000360160,ENSP00000353284,ENSP00000353284,DDX3Y,ENST00000360160,ENSP00000353284,ENSP00000353284,DSLEDFLYHEGYACT,,,True,4.5,-0.2748288400258039,SDSLTLVFVETKKGA,,,True,5.0,-1.4053620550190125,RELAVQIYEEARKFS,,,True,5.5,-0.0303723732567487,NP_015206.1,FPLFTELFRSGPSPV,0.4583333333333333,0.2,0.7199789066486809,0.0,0.3139526669579538,0.0,0.6860473330420461,False,0.3603530931536063,5.5,NP_001116137,,NP_015206.1,HKGLTLIFVETKRMA,0.8583333333333334,0.6,0.4705292577018495,0.0,0.56041874020113,0.0,0.4395812597988699,False,-0.7236559927085432,5.5,NP_001116137,,NP_015206.1,RELATQIFEEARKFT,0.9166666666666666,0.8,0.5353405529779002,0.0,0.2661740000094349,0.0,0.7338259999905651,False,-0.8987878681090063,5.0,NP_001116137,
ENSG00000168439,STIP1,ENST00000358794,ENSP00000351646,ENSP00000351646,STIP1,ENST00000358794,ENSP00000351646,ENSP00000351646,DAYKKKDFDTALKHY,,,True,4.5,0.7893117488603743,ALEAMKDYTKAMDVY,,,True,5.0,6.930878685572466,ITNQAAVYFEKGDYN,,,True,5.0,2.43533926426045,NP_014670.1,AAFTAKDYDKAIELF,0.5714285714285715,0.3333333333333333,,,,,,False,4.610217355913644,,NP_001269581,,NP_014670.1,AAFTAKDYDKAIELF,0.7055555555555556,0.4,,,,,,False,4.610217355913644,,NP_001269581,,NP_014670.1,ARLEGKEYFTKSDWP,0.5666666666666668,0.2666666666666666,,,,,,False,0.8239195859787315,,NP_001269581,
ENSG00000151239,TWF1,ENST00000552521,ENSP00000448750,ENSP00000449428,TWF1,ENST00000547459,ENSP00000446665,ENSP00000449428,KHSHEGDYLESIVFI,,,True,4.5,-1.41228285160553,SIRERMLYSSCKSRL,,,True,5.0,0.4175452990336204,QTLQGVAFPISREAF,,,True,6.0,-0.9634881256621552,NP_011594.3,NKNGFINYLKNDQKI,0.3555555555555556,0.2,,,,,,False,0.5683568540810077,,NP_001229326,,NP_011594.3,PVRSRMLYASTKNTL,0.5361111111111111,0.5333333333333333,0.4022737489615964,0.0,0.5787235939304621,0.0,0.4212764060695379,False,4.9838347941891765,6.0,NP_001229326,,NP_011594.3,LVSQDSASPLSLTFR,0.4666666666666666,0.2666666666666666,,,,,,False,0.1546857562242852,,NP_001229326,
ENSG00000119912,IDE,ENST00000679312,ENSP00000504442,ENSP00000265986,IDE,ENST00000679312,ENSP00000504442,ENSP00000265986,EGPQEWVFQECKDLN,,,True,3.0,-0.5923459973512334,LLKFHSAYYSSNLMA,,,True,5.0,2.7983933730224733,KACLNFEFFSPFAYV,,,True,5.0,5.658363288471387,NP_013493.2,SLPQKWIFNELQDIS,0.5833333333333334,0.4,0.3616888835057525,0.0,0.3911002095240122,0.0,0.6088997904759877,False,1.2700654641136562,5.5,NP_004960,XP_016871677,NP_013493.2,LLKFHKNFYSANLMK,0.5694444444444445,0.6666666666666666,0.4633316895292296,0.0,0.3406866929345473,0.0,0.6593133070654527,False,2.124223021706922,4.0,NP_004960,XP_016871677,NP_013493.2,TLPRPNEFVSTNFKV,0.3694444444444444,0.2666666666666666,0.361479822348788,0.0,0.5030654150224514,0.0,0.4969345849775485,False,4.8319732857483295,4.5,NP_004960,XP_016871677
ENSG00000138802,SEC24B,ENST00000504968,ENSP00000428564,ENSP00000265175,SEC24B,ENST00000504968,ENSP00000428564,ENSP00000265175,LDTQCGDYYSALYTV,,,True,3.5,3.069334029276144,TDTSLVCFQTALLYT,,,True,4.5,3.030251457431434,VQNSTVEFIASSDYM,,,True,5.0,-0.9053588038169408,NP_012157.3,IKNIYPDVYSLHDMA,0.3333333333333333,0.2,,,,,,False,2.504735607354778,,NP_006314,XP_047305468,NP_012157.3,SGVVNTSKETAQLLS,0.425,0.2,,,,,,False,3.670337103680797,,NP_006314,XP_047305468,NP_012157.3,VQITVDLFLASEDYM,0.625,0.5333333333333333,,,,,,False,1.1247990961477314,,NP_006314,XP_047305468
ENSG00000161204,ABCF3,ENST00000292808,ENSP00000292808,ENSP00000411471,ABCF3,ENST00000292808,ENSP00000292808,ENSP00000411471,ESEVVMKFPDGFEKF,,,True,4.5,4.346313201823026,LHSGSADFESVDDLV,,,True,5.0,2.3849006050167785,AEILRSEFPEIDGQV,,,True,5.5,-0.5185880915654678,NP_116664.1,DKTIDFKFPECDKLS,0.5444444444444444,0.2,0.4771466604426722,0.0,0.7094854561184321,0.0,0.290514543881568,False,1.1843353863849984,5.5,NP_060828,XP_047304471,NP_116664.1,RGDDTKALQSVLDAD,0.4833333333333333,0.2,,,,,,False,0.5539750567376771,,NP_060828,XP_047304471,NP_116664.1,DKTIDFKFPECDKLS,0.4481481481481482,0.2666666666666666,0.4771466604426722,0.0,0.7094854561184321,0.0,0.290514543881568,False,1.1843353863849984,5.5,NP_060828,XP_047304471
ENSG00000144736,SHQ1,ENST00000444040,ENSP00000402447,ENSP00000315182,SHQ1,ENST00000444040,ENSP00000402447,ENSP00000315182,RVSEFDVYFEGSDFK,,,True,4.0,-0.1482792457525568,IDIKDPDFTPAAERR,,,True,4.5,3.0938580764346115,KLSPTLCWFETWTNV,,,True,5.5,2.98605345831946,NP_012162.3,AKLNKNEYFEDLDLP,0.5722222222222223,0.2666666666666666,,,,,,False,-0.0907661925771381,,NP_060600,XP_011532197,NP_012162.3,GIKELLKFTPSIVKQ,0.425,0.2,,,,,,False,2.585440483599201,,NP_060600,XP_011532197,NP_012162.3,IVKQYLQWYKDSTNP,0.3103174603174603,0.2666666666666666,,,,,,False,3.2069141887022026,,NP_060600,XP_011532197
ENSG00000117748,RPA2,ENST00000373912,ENSP00000363021,ENSP00000363021,RPA2,ENST00000313433,ENSP00000363015,ENSP00000363021,STVDDDHFKSTDAEG,,,True,4.0,0.558513410273901,PLEDMNEFTTHILEV,,,True,5.5,2.791730174089905,WNSGFESYGSSSYGG,,,True,5.5,0.7670768373972463,NP_014087.1,DDSSGKGYGSQVAQQ,0.2603174603174603,0.1333333333333333,0.4761721314152287,0.0,0.5898407324902654,0.0,0.4101592675097346,False,-0.3313414238939727,7.0,NP_002937,XP_024304632,NP_014087.1,PIDSFNEVLTHHLEV,0.5833333333333334,0.5333333333333333,,,,,,False,0.5500425605161927,,NP_002937,XP_024304632,NP_014087.1,KDDNDTSSGSSPLQR,0.5416666666666666,0.2666666666666666,,,,,,False,-0.6688950730804282,,NP_002937,XP_024304632
ENSG00000162236,STX5,ENST00000294179,ENSP00000294179,ENSP00000294179,STX5,ENST00000294179,ENSP00000294179,ENSP00000294179,CRDRTQEFLSACKSL,topological domain,Cytoplasmic,True,4.5,4.091419040714947,LASMSNDFKSVLEVR,topological domain,Cytoplasmic,True,5.0,5.966027274963109,QIAQLQDFVRAKGSQ,topological domain,Cytoplasmic,True,5.5,3.2444432364772657,NP_013126.1,TSEFQQSVLSYKKRN,0.4107142857142857,0.2666666666666666,,,,,,False,-2.440395656737288,,NP_003155,XP_011543526,NP_013126.1,MKNISGSFKDVLEER,0.6666666666666666,0.4666666666666667,0.6631920583114501,0.0,0.4605560622467657,0.0,0.5394439377532343,False,2.3320028935887804,5.0,NP_003155,XP_011543526,NP_013126.1,LFQQLASMVQEQGEV,0.3333333333333333,0.2666666666666666,,,,,,False,2.0845548859071883,,NP_003155,XP_011543526
ENSG00000167325,RRM1,ENST00000300738,ENSP00000300738,ENSP00000300738,RRM1,ENST00000532170,ENSP00000435656,ENSP00000300738,FILMRYPFESAEAQL,,,True,5.0,2.611213636679772,KQIFETIYYGALEAS,,,True,5.0,0.6474328229427476,LCTEIVEYTSKDEVA,,,True,5.5,6.326378031816457,NP_012198.3,YMMLRLPFESEEAQT,0.7999999999999999,0.5333333333333333,,,,,,False,0.2566090147471523,,NP_001024,,NP_010993.1,IQIFETIYHASMEAS,0.5833333333333334,0.6666666666666666,,,,,,False,-0.205589259592232,,NP_001024,,NP_012198.3,LCCEIVEYSSPDETA,0.6845238095238096,0.7333333333333333,0.4508138745590852,0.0,0.1952661168015273,0.0,0.8047338831984727,True,5.195233955896734,5.5,NP_001024,
ENSG00000142657,PGD,ENST00000270776,ENSP00000270776,ENSP00000270776,PGD,ENST00000270776,ENSP00000270776,ENSP00000270776,NLLLDDFFKSAVENC,,,True,3.5,2.9924259607864183,AGIPMPCFTTALSFY,,,True,4.5,3.3735971455580644,CFTTALSFYDGYRHE,,,True,4.5,4.919582772608316,NP_011772.3,NLLFNEFFASAVTKA,0.5916666666666667,0.5333333333333333,0.4771615743522353,0.0,0.2355294994118743,0.0,0.7644705005881257,True,2.6589987409552336,4.5,NP_002622,,NP_012053.3,YGIPTPAFSTALSFY,0.7083333333333334,0.7333333333333333,0.5623965683629214,0.0,0.2807848810236022,0.0,0.7192151189763978,False,0.2483558767760062,4.5,NP_002622,,NP_012053.3,AFSTALSFYDGYRSE,1.0,0.8,0.7348448489259267,0.0,0.2679052604408358,0.0,0.7320947395591642,False,4.9880474013007925,4.5,NP_002622,
ENSG00000090861,AARS1,ENST00000675643,ENSP00000502797,ENSP00000261772,AARS1,ENST00000675643,ENSP00000502797,ENSP00000261772,DTDLFVPYFEAIQKG,,,True,3.5,-0.7504466335933182,VLEKTKQFIDSNPNQ,,,True,5.0,1.4527529723036596,KDVYHHTFFEMLGSW,,,True,5.0,0.4751468120218009,NP_014980.3,DTDVFTPLFERIQEI,0.5916666666666667,0.6,,,,,,False,2.55599038084425,,NP_001596,,NP_014980.3,FKSKEHKFVKSSPVV,0.625,0.2666666666666666,,,,,,False,4.681271658966804,,NP_001596,,NP_014980.3,KDSYHHTFFEMLGNW,1.0,0.8666666666666667,0.431384447922885,0.0,0.4526177351624147,0.0,0.5473822648375852,False,0.7841002971324766,5.0,NP_001596,
ENSG00000105447,GRWD1,ENST00000253237,ENSP00000253237,ENSP00000253237,GRWD1,ENST00000253237,ENSP00000253237,ENSP00000253237,SPTENTVFASCSADA,,,True,4.5,1.3072010850725655,DEEAYVLYHRAQTGA,,,True,5.0,-0.2780422507816147,TELPLTLYLCAGTQA,,,True,6.0,2.809573461633637,NP_013850.1,SRTESTVFATAGCDG,0.5333333333333333,0.5333333333333333,0.8229892623530888,0.0,0.0933384728741741,0.0,0.9066615271258258,True,1.011249218751557,4.5,NP_113673,,NP_013850.1,ELMVLALSNLAKTLL,0.3611111111111111,0.2,,,,,,False,6.108175237426209,,NP_113673,,NP_013850.1,KEKIQELYLPHMSRP,0.4285714285714286,0.2666666666666666,,,,,,False,-0.9348896597046584,,NP_113673,
ENSG00000034693,PEX3,ENST00000367592,ENSP00000356564,ENSP00000356563,PEX3,ENST00000367592,ENSP00000356564,ENSP00000356563,TRSTVAVYSTCMLVV,transmembrane region,Helical,False,5.5,5.785379510203264,LLDNMAEFFRPTEQD,topological domain,Cytoplasmic,True,5.5,5.280324229045,DMLESPDFSTVLNTC,topological domain,Cytoplasmic,True,5.5,5.343521837476084,NP_010616.3,DDLSASVYSNFGVSS,0.4861111111111111,0.2,,,,,,False,4.838054003182055,,NP_003621,,NP_010616.3,PLKSKAELWNELELK,0.3151515151515151,0.2666666666666666,,,,,,False,0.8618282462479745,,NP_003621,,NP_010616.3,ESLINESFHFIMNKV,0.3819444444444445,0.2,,,,,,False,3.5838461302100497,,NP_003621,
ENSG00000176102,CSTF3,ENST00000323959,ENSP00000315791,ENSP00000315791,CSTF3,ENST00000323959,ENSP00000315791,ENSP00000315791,LYFAYADYEESRMKY,,,True,4.5,0.6894199093675222,VTAALMEYYCSKDKS,,,True,4.5,2.144024910273944,SGRFWKLYIEAEIKA,,,True,5.0,1.463785317770276,NP_013777.1,GEDNNTEYEQELLYK,0.5499999999999999,0.1333333333333333,,,,,,False,0.0566312609989584,,NP_001317,,NP_013777.1,YNEEEDSYFSSGNGD,0.4027777777777777,0.1333333333333333,0.5588308251995365,0.0,0.4520484673014407,0.0,0.5479515326985592,False,4.8731669111016,3.0,NP_001317,,NP_013777.1,YFQNDGVYINKYLDF,0.425,0.1333333333333333,,,,,,False,-1.0590373907817998,,NP_001317,
ENSG00000291958,GCSH,ENST00000709349,ENSP00000517634,ENSP00000517634,GCSH,ENST00000709349,ENSP00000517634,ENSP00000517634,SEEAYEKYIKSIEEG,,,True,6.0,-0.6932935047131762,GLVNKSCYEDGWLIK,,,True,6.0,3.3283465986287006,EALGDVVYCSLPEVG,,,True,6.0,3.775025479966239,NP_009355.3,ESLGSIESVKSASEI,0.4083333333333334,0.2,,,,,,False,2.3839333093503625,,NP_004474,,NP_009355.3,GVVNEDPMGDGWLVK,0.3396825396825396,0.5333333333333333,,,,,,False,3.970195411472041,,NP_004474,,NP_009355.3,DALGDATYVELPEVG,0.4583333333333333,0.6666666666666666,0.5284932281319659,0.0,0.4451927924361673,0.0,0.5548072075638327,False,1.4579189267539243,5.0,NP_004474,
ENSG00000140905,GCSH,ENST00000315467,ENSP00000319531,ENSP00000319531,GCSH,ENST00000315467,ENSP00000319531,ENSP00000319531,SEEAYEKYIKSIEEG,,,True,6.0,-0.6932935047131762,GLVNKSCYEDGWLIK,,,True,6.0,3.3283465986287006,EALGDVVYCSLPEVG,,,True,6.0,3.775025479966239,NP_009355.3,ESLGSIESVKSASEI,0.4083333333333334,0.2,,,,,,False,2.3839333093503625,,NP_004474,XP_016878625,NP_009355.3,GVVNEDPMGDGWLVK,0.3396825396825396,0.5333333333333333,,,,,,False,3.970195411472041,,NP_004474,XP_016878625,NP_009355.3,DALGDATYVELPEVG,0.4583333333333333,0.6666666666666666,0.5284932281319659,0.0,0.4451927924361673,0.0,0.5548072075638327,False,1.4579189267539243,5.0,NP_004474,XP_016878625
ENSG00000112367,FIG4,ENST00000675714,ENSP00000502561,ENSP00000230124,FIG4,ENST00000675714,ENSP00000502561,ENSP00000230124,RPYELSSFDDTFCLA,,,True,4.5,5.261267042676716,LSSFDDTFCLAMTSS,,,True,4.5,-0.3850626648643703,SRYYSNAFSDADRQD,,,True,5.0,-0.4278703828020295,NP_014074.1,VDDYKPALDDYSAVI,0.3273809523809524,0.1333333333333333,,,,,,False,0.2872685069474423,,NP_055660,XP_011534583,NP_014074.1,DLDLTKTFYFSYTYD,0.494047619047619,0.2,,,,,,False,0.3225809226463875,,NP_055660,XP_011534583,NP_014074.1,KRFYSNSFVDAQRQD,0.625,0.6666666666666666,0.3724920143515735,0.0,0.2824054450690738,0.0,0.7175945549309263,False,-0.5614719970029063,4.5,NP_055660,XP_011534583
ENSG00000155229,MMS19,ENST00000434538,ENSP00000410008,ENSP00000412698,MMS19,ENST00000438925,ENSP00000412698,ENSP00000412698,ASIRREVFQTASERV,,,True,4.0,2.0575623725779577,FPSRFQPFQDGSSGQ,,,True,5.0,1.7863046359874404,SCCHSCPFSSTAAAK,,,True,5.5,5.714371058065914,NP_012138.1,QKFFGDIFQTLVSNY,0.5833333333333334,0.2,0.2884255701500826,0.0,0.3135752425116591,0.0,0.686424757488341,False,0.3252566842039959,6.5,NP_071757,XP_016872005,NP_012138.1,RKIFDRFFVNGSSTE,0.3333333333333333,0.2666666666666666,,,,,,False,0.7778921746854632,,NP_071757,XP_016872005,NP_012138.1,VEIFNKVISSTFPLF,0.3928571428571428,0.2,,,,,,False,1.2044163309701446,,NP_071757,XP_016872005
ENSG00000114166,KAT2B,ENST00000263754,ENSP00000263754,ENSP00000263754,KAT2B,ENST00000263754,ENSP00000263754,ENSP00000263754,SPIWDQDFLSASSRT,,,True,3.5,4.18399727813713,MLGPETNFLSAHSAR,,,True,4.5,2.342010828034616,PVAGTISYNSTSSSL,,,True,5.0,0.4238617027716069,NP_011768.1,LMNHLKDYVRNTSNI,0.3575396825396826,0.1333333333333333,,,,,,False,3.0925028793185527,,NP_003875,XP_047305103,NP_011768.1,SMLPRIRYLDAGKIL,0.4047619047619048,0.2,0.610540870153087,0.0,0.2940143440045281,0.0,0.7059856559954719,False,1.541839783893383,6.5,NP_003875,XP_047305103,NP_011768.1,AEIVFCAISSTEQVR,0.375,0.1333333333333333,,,,,,False,7.564383438126336,,NP_003875,XP_047305103
ENSG00000162882,HAAO,ENST00000294973,ENSP00000294973,ENSP00000294973,HAAO,ENST00000294973,ENSP00000294973,ENSP00000294973,LAPIIQEFFSSEQYR,,,True,3.5,2.234512842518143,AGTPLSLFGDTYETQ,,,True,4.0,5.53804841418434,EFFSSEQYRTGKPIP,,,True,5.5,1.3001110040504404,NP_012559.1,HINPTPEWFYQKKGS,0.3341991341991342,0.1333333333333333,,,,,,False,2.8921197028141816,,NP_036337,XP_011531031,NP_012559.1,VPHSPVRFADTVGIV,0.3777777777777777,0.2,0.4832863160613675,0.0,0.334976559080349,0.0,0.6650234409196509,False,1.2251470581932902,6.0,NP_036337,XP_011531031,NP_012559.1,MIVGGPNERTGYHIN,0.3916666666666666,0.2666666666666666,,,,,,False,4.231327350358383,,NP_036337,XP_011531031
ENSG00000112118,MCM3,ENST00000229854,ENSP00000229854,ENSP00000472940,MCM3,ENST00000229854,ENSP00000229854,ENSP00000472940,DSYDPYDFSDTEEEM,,,True,2.5,1.2036351346045386,YAKQYEEFYVGLEGS,,,True,4.5,-0.0629204109374072,KVALLDVFREAHAQS,,,True,4.5,1.5843720335680844,NP_010882.1,AEKALTDLADSMDDV,0.4722222222222222,0.1333333333333333,,,,,,False,2.88432445009707,,NP_002379,,NP_010882.1,EKFSAQEYLAGLKIM,0.3964285714285715,0.2,,,,,,False,3.609666794890744,,NP_002379,,NP_010882.1,RVNVVGVFKSLGAGG,0.525,0.2666666666666666,0.6379189476563359,0.0,0.4967019953231496,0.0,0.5032980046768504,False,5.61168856899868,7.0,NP_002379,
ENSG00000168938,PPIC,ENST00000306442,ENSP00000303057,ENSP00000303057,PPIC,ENST00000306442,ENSP00000303057,ENSP00000303057,PDTNGSQFFITLTKP,,,True,5.0,2.994019873291773,GTGGVSIYGETFPDE,,,True,5.5,0.964761584063403,PSVTAKVFFDVRIGD,,,True,5.5,8.520178201230127,NP_011924.1,KDTNGSQFFITTTEE,1.0,0.7333333333333333,,,,,,False,2.994019873291773,,NP_000934,,NP_011924.1,GVGGKSIYGDTFPDE,0.888888888888889,0.8,0.4891384153834133,0.0,0.2799842560389985,0.0,0.7200157439610015,False,1.4946967983752282,5.5,NP_000934,,NP_011924.1,EVITQKVFFDIEHGE,0.7291666666666666,0.4666666666666667,0.5456375854290515,0.0,0.145532615727353,0.0,0.8544673842726469,True,4.95321573970131,6.0,NP_000934,
ENSG00000160752,FDPS,ENST00000368356,ENSP00000357340,ENSP00000357340,FDPS,ENST00000368356,ENSP00000357340,ENSP00000357340,VELLQAFFLVADDIM,,,True,5.5,0.7484503151673453,QDDYLDLFGDPSVTG,,,True,5.5,5.699248019925287,ILLEMGEFFQIQDDY,,,True,5.5,3.931811809475717,NP_012368.1,IELLQAYFLVADDMM,0.9047619047619048,0.8,,,,,,False,-0.1958618036658462,,NP_001995,,NP_012368.1,EAKCKKIFNDLKIEQ,0.4166666666666667,0.1333333333333333,0.3015360106927936,0.0,0.3034673323039072,0.0,0.6965326676960928,False,3.5238459204983297,6.5,NP_001995,,NP_012368.1,VLIPLGEYFQIQDDY,0.9047619047619048,0.6666666666666666,,,,,,False,4.317798310919612,,NP_001995,
ENSG00000136167,LCP1,ENST00000398576,ENSP00000381581,ENSP00000315757,LCP1,ENST00000398576,ENSP00000381581,ENSP00000315757,ERLGCRQFVTATDVV,,,True,4.0,5.479754832197299,DGNGYISFNELNDLF,,,True,5.0,-1.0140874615382158,KSSSISSFKDPKIST,,,True,6.0,8.272594980066703,NP_010414.3,EFTKHINSVLAGDQD,0.375,0.2666666666666666,,,,,,False,-0.693372535209339,,NP_002289,XP_047286260,NP_010414.3,DPPVISLFDDLKDGL,0.5,0.2666666666666666,0.5421451836711699,0.0,0.4454023823198919,0.0,0.5545976176801081,False,5.984153442643407,5.5,NP_002289,XP_047286260,NP_010414.3,KNSTIRSFKDQALSN,0.7166666666666667,0.5333333333333333,0.541067933558971,0.0,0.5859850302357533,0.0,0.4140149697642467,False,6.504737544764717,6.0,NP_002289,XP_047286260
ENSG00000171311,EXOSC1,ENST00000370902,ENSP00000359939,ENSP00000359939,EXOSC1,ENST00000370884,ENSP00000359921,ENSP00000359939,SMPLKNSFRGTIRKE,,,True,7.0,0.1812871604852605,YTRHGYIFSSLAGCL,,,True,7.0,5.75894334253612,KVEIYKSFRPGDIVL,,,True,7.0,6.427271020938122,NP_014167.1,SSDLGETFRGIIRSQ,0.6583333333333333,0.4666666666666667,,,,,,False,-0.090427760490877,,NP_057130,XP_011538149,NP_014167.1,KDGEDIIFNYVPGPG,0.5218253968253969,0.2,,,,,,False,-0.3120808739927001,,NP_057130,XP_011538149,NP_014167.1,RVKVIECFKPGDIVR,0.7148148148148148,0.4666666666666667,,,,,,False,11.09490622074116,,NP_057130,XP_011538149
ENSG00000119541,VPS4B,ENST00000238497,ENSP00000238497,ENSP00000238497,VPS4B,ENST00000238497,ENSP00000238497,ENSP00000238497,TEANNSTFFSISSSD,,,True,4.5,2.623291357974712,QEDKAGNYEEALQLY,,,True,5.0,1.6829154874255503,EKLVKNLFQLARENK,,,True,5.5,2.7181573662392102,NP_015499.1,ATEANSTFFSVSSSD,0.9583333333333334,0.6666666666666666,0.5470182140755584,0.0,0.5037924487366056,0.0,0.4962075512633944,False,3.687417323236589,4.5,NP_004860,XP_047293905,NP_015499.1,DLDTATQYEEAYTAY,0.6333333333333333,0.4666666666666667,0.7903606028690666,0.0,0.2116590909401812,0.0,0.7883409090598187,True,6.425665381118,3.5,NP_004860,XP_047293905,NP_015499.1,EKLVKQLFAMARENK,0.6916666666666668,0.8,,,,,,False,3.487007807868057,,NP_004860,XP_047293905
ENSG00000109519,GRPEL1,ENST00000264954,ENSP00000264954,ENSP00000264954,GRPEL1,ENST00000264954,ENSP00000264954,ENSP00000264954,PYEHEALFHTPVEGK,,,True,5.0,2.588214396356973,LKETVEKYKRALADT,,,True,7.5,3.31394496895303,KVKLEEQLKETVEKY,,,True,8.0,-0.4307524345953745,NP_014875.3,PNKHEATFELPQPDK,0.2345238095238095,0.4666666666666667,,,,,,False,2.124244440387044,,NP_079472,,NP_014875.3,ESQLSAKTKEASELK,0.3999999999999999,0.2,,,,,,False,-1.3241917809494208,,NP_079472,,NP_014875.3,ESQLSAKTKEASELK,0.5,0.2666666666666666,,,,,,False,-1.3241917809494208,,NP_079472,
ENSG00000112697,TMEM30A,ENST00000674104,ENSP00000501133,ENSP00000230461,TMEM30A,ENST00000674038,ENSP00000501237,ENSP00000230461,GAIANSMFNDTLELF,topological domain,Exoplasmic loop,False,4.0,2.626227731901966,TYNYPVHYFDGRKRM,topological domain,Exoplasmic loop,False,5.5,1.849127822939278,FNDTLELFLIGNDSY,topological domain,Exoplasmic loop,False,6.0,4.23906900631114,NP_014446.3,GLIANSMFNDTFGTT,0.7777777777777778,0.6666666666666666,0.485851808589737,0.0,0.3697610782537149,0.0,0.630238921746285,False,3.210796839418734,5.0,NP_060717,,NP_014446.3,ELNYPVRSFYGTKSF,0.3452380952380952,0.4666666666666667,,,,,,False,2.880129888044856,,NP_060717,,NP_014446.3,LDQLKGKALIGNDLD,0.5166666666666667,0.3333333333333333,,,,,,False,-0.0582303478337059,,NP_060717,
ENSG00000163541,SUCLG1,ENST00000393868,ENSP00000377446,ENSP00000377446,SUCLG1,ENST00000393868,ENSP00000377446,ENSP00000377446,DPFNGTDFIDCLEIF,,,True,2.5,0.2492228273009532,FTGKQGTFHSQQALE,,,True,6.0,0.7781893832072323,THLGLPVFNTVKEAK,,,True,6.0,4.277347111071277,NP_014785.3,DAFPGTDFIDALKLF,0.7000000000000001,0.6666666666666666,0.392920804689533,0.0,0.1198798934363387,0.0,0.8801201065636612,True,1.0175352979419372,4.0,NP_003840,,NP_014785.3,FTGKQGTFHASISQE,0.5833333333333334,0.6666666666666666,,,,,,False,-2.043590218184901,,NP_003840,,NP_014785.3,THLGQPVFASVKDAI,0.513888888888889,0.6666666666666666,0.6826383432512304,0.0,0.2559803180289155,0.0,0.7440196819710845,False,2.281288385722256,6.0,NP_003840,
ENSG00000102125,TAFAZZIN,ENST00000652682,ENSP00000498288,ENSP00000469981,TAFAZZIN,ENST00000652682,ENSP00000498288,ENSP00000469981,PVCRGAEFFQAENEG,,,True,4.5,6.987443828952706,HGDWVHIFPEGKVNM,topological domain,Mitochondrial intermembrane,False,5.5,4.837109871002138,TKELHSHFFSLGKCV,topological domain,Mitochondrial intermembrane,False,6.5,3.243860458166,NP_015466.1,VLERGDEFLEAYPRR,0.5190476190476191,0.3333333333333333,0.7202442724539997,0.0,0.6192462749114147,0.0,0.3807537250885853,False,3.365212729404795,3.5,NP_000107,XP_006724899,NP_015466.1,KPSWVHVYPEGFVLQ,0.8630952380952381,0.4666666666666667,0.7584734502724139,0.0,0.345244705937052,0.0,0.654755294062948,False,4.278192579808161,6.0,NP_000107,XP_006724899,NP_015466.1,QNKFLANFFSLGQVL,0.7277777777777779,0.3333333333333333,0.4040866719800388,0.0,0.3454307393624574,0.0,0.6545692606375426,False,8.334588601663548,6.0,NP_000107,XP_006724899
ENSG00000013503,POLR3B,ENST00000228347,ENSP00000228347,ENSP00000228347,POLR3B,ENST00000228347,ENSP00000228347,ENSP00000228347,VPQEDMPFCDSGICP,,,True,4.5,-0.901137291538407,YNYLGKDYVTSGITG,,,True,5.0,2.291684658428822,QVLSRLSYISALGMM,,,True,5.0,0.8032355840251006,NP_014850.1,VKQEDMPFNDQGIVP,0.5833333333333334,0.7333333333333333,0.3681779103199856,0.0,0.4752541179124965,0.0,0.5247458820875035,False,4.503970271742233,6.5,NP_060552,XP_016875110,NP_014850.1,SINVHSNNITSGLNR,0.513888888888889,0.2,,,,,,False,4.6032382541256975,,NP_060552,XP_016875110,NP_014850.1,HVLSRLSYISALGMM,1.0,0.9333333333333332,0.4936830049468926,0.0,0.571565648125523,0.0,0.4284343518744769,False,0.9985895969498036,5.0,NP_060552,XP_016875110
ENSG00000165271,NOL6,ENST00000297990,ENSP00000297990,ENSP00000297990,NOL6,ENST00000297990,ENSP00000297990,ENSP00000297990,PVRPAFSFYETLRER,,,True,4.0,3.9106675675303735,SLPALADFHQAFSVV,,,True,4.5,7.082854204339277,LQDNGGDYVSAALGP,,,True,4.5,5.069709498361302,NP_011604.3,DSLSDYNFYKTRFSI,0.4777777777777778,0.2,,,,,,False,1.3244815704516075,,NP_075068,XP_047279696,NP_011604.3,TATESYDIHIARETA,0.375,0.2,,,,,,False,2.114477493348162,,NP_075068,XP_047279696,NP_011604.3,GNHFNFDFVRVKLIV,0.5499999999999999,0.2,,,,,,False,2.89336247694234,,NP_075068,XP_047279696
ENSG00000254986,DPP3,ENST00000533725,ENSP00000434518,ENSP00000432782,DPP3,ENST00000533725,ENSP00000434518,ENSP00000432782,DAKLAQDFLDSQNLS,,,True,4.0,6.550910224207005,NMGNYKSFGDTKFVP,,,True,4.5,3.710150249357576,FSTIASSYEECRAES,,,True,4.5,2.897905139712432,NP_014584.1,SGKLLTEFTDGFNFD,0.5333333333333333,0.3333333333333333,0.8701115100729392,0.0,0.3517182691788252,0.0,0.6482817308211747,False,7.8413597797772,4.5,NP_005691,,NP_014584.1,NLGNFKSFGDTKFIP,1.0,0.8,0.24433888765261,0.0,0.5734260929488304,0.0,0.4265739070511695,False,0.9796139270503704,4.5,NP_005691,,NP_014584.1,FGQLAGPFEECRAEV,0.7261904761904763,0.5333333333333333,0.3702974511820825,0.0,0.7052354149642073,0.0,0.2947645850357926,False,0.4351916659543843,4.5,NP_005691,
ENSG00000142751,GPN2,ENST00000374135,ENSP00000363250,ENSP00000363250,GPN2,ENST00000374135,ENSP00000363250,ENSP00000363250,GLLYCMEYLEANLDW,,,True,4.0,0.3052708766746141,SAAMGADFHFSSTLG,,,True,5.0,-0.6100183131820305,YCLGMSEFLRALGRR,,,True,5.5,4.240599789881805,NP_014905.1,TEVQDLDYLEPYIEK,0.615079365079365,0.2,0.3866848198304802,0.0,0.5326565819403267,0.0,0.4673434180596733,False,3.2470531675967145,5.5,NP_060536,,NP_014905.1,KMEKELDIRFCVVNL,0.3148148148148148,0.1333333333333333,,,,,,False,-0.3796495288527275,,NP_060536,,NP_014905.1,YCNGCSQFFNAIGRH,0.5666666666666667,0.5333333333333333,,,,,,False,4.143857398817878,,NP_060536,
ENSG00000110801,PSMD9,ENST00000537407,ENSP00000445058,ENSP00000440485,PSMD9,ENST00000537407,ENSP00000445058,ENSP00000440485,VDDEIVEFGSVNTQN,,,True,4.5,2.8950939912865734,PLVDCEGYPRSDVDL,,,True,7.0,-1.0100861919938375,GSVNTQNFQSLHNIG,,,True,7.0,4.313957794414241,NP_012259.3,VDDKLISIGNVHAAN,0.3611111111111111,0.4,,,,,,False,4.13052484977992,,NP_002804,,NP_012259.3,ALVTPDGYPRSDVDV,1.0,0.6666666666666666,,,,,,False,1.1292824764661706,,NP_002804,,NP_012259.3,GNVHAANHSKLQNIQ,0.4791666666666667,0.4,,,,,,False,6.991013838101715,,NP_002804,
ENSG00000124422,USP22,ENST00000261497,ENSP00000261497,ENSP00000261497,USP22,ENST00000261497,ENSP00000261497,ENSP00000261497,MSSLFQEFYSGHRSP,,,True,4.5,1.3536951522714489,EQQDAHEFLIAALDV,,,True,5.0,5.3043140980924885,HSCLYCVFFGCFTKK,,,True,5.0,0.2545613863313126,NP_013950.1,KCGTCHEINSGATFM,0.4111111111111111,0.2,,,,,,False,7.6046232884052145,,NP_056091,XP_005256632,NP_013950.1,DAHEFWQFIINQIHQ,0.5111111111111111,0.1333333333333333,,,,,,False,5.227451345384891,,NP_056091,XP_005256632,NP_013950.1,FMCLQCGFCGCWNHS,0.3796296296296296,0.4,,,,,,False,3.264619372104618,,NP_056091,XP_005256632
ENSG00000196455,PIK3R4,ENST00000356763,ENSP00000349205,ENSP00000349205,PIK3R4,ENST00000356763,ENSP00000349205,ENSP00000349205,AQFAKETFLSADERI,,,True,3.5,1.0249813339251053,VSDEHSLFATCSNDG,,,True,4.0,5.2405921584800765,DWHLRGAFFDSIVGV,,,True,4.0,0.4570379329448528,NP_009655.2,DVESIEKFLSTFKIL,0.5,0.2666666666666666,0.4209677294493694,0.0,0.4097826754688558,0.0,0.5902173245311442,False,3.383523144258103,5.5,NP_055417,,NP_009655.2,TNYLRIVFANCLSDL,0.5833333333333334,0.2666666666666666,,,,,,False,-0.9268557382004772,,NP_055417,,NP_009655.2,LYPIIRPFFEFDVEF,0.4873015873015873,0.2,0.4390299540553837,0.0,0.5189618480816907,0.0,0.4810381519183094,False,0.9180636117879624,5.5,NP_055417,
ENSG00000206190,ATP10A,ENST00000673716,ENSP00000501027,ENSP00000450480,ATP10A,ENST00000673763,ENSP00000500973,ENSP00000450480,ELSDVFDFFIALTIC,topological domain,Cytoplasmic,True,3.5,3.043842454751943,ENSEELLFQSAIRLE,topological domain,Cytoplasmic,True,4.5,0.0339771301807553,SHKLGSSFPSTPSSD,topological domain,Cytoplasmic,True,4.5,2.520535057189793,NP_011093.3,DNSSNEDTHIAPTHF,0.5791666666666667,0.3333333333333333,,,,,,False,-0.662022929605741,,NP_077816,XP_047288848,NP_010378.1,FWVAVILYQSLVPIS,0.4821428571428572,0.2,0.5135401130425725,0.0,0.5718896186121483,0.0,0.4281103813878517,False,2.0433577582478994,7.5,NP_077816,XP_047288848,NP_010378.1,VDDDLHSFQATPMPN,0.4749999999999999,0.2666666666666666,,,,,,False,4.177385905926959,,NP_077816,XP_047288848
ENSG00000109111,SUPT6H,ENST00000347486,ENSP00000338143,ENSP00000319104,SUPT6H,ENST00000347486,ENSP00000338143,ENSP00000319104,MAVDALEYDESAEDA,,,True,3.5,3.700000987292154,GGGGMSDFVESEAEE,,,True,4.0,2.064710563299198,IRVLGIAFSSARDHP,,,True,4.0,1.512611244646502,NP_011631.1,IFGDGHDYDWALEIE,0.5517676767676768,0.2666666666666666,,,,,,False,-0.4389742680978682,,NP_003161,XP_047292563,NP_011631.1,ILDELDDFIEDDEFS,0.5916666666666667,0.2,,,,,,False,3.0046041043310354,,NP_003161,XP_047292563,NP_011631.1,NNFRKLAFNQAMDKI,0.6944444444444443,0.2666666666666666,,,,,,False,1.988039416227588,,NP_003161,XP_047292563
ENSG00000185624,P4HB,ENST00000680226,ENSP00000505635,ENSP00000327801,P4HB,ENST00000680226,ENSP00000505635,ENSP00000327801,YDGKLSNFKTAAESF,,,True,4.0,9.116199793907024,LVLRKSNFAEALAAH,,,True,4.5,3.087117402067113,ESDSAKQFLQAAEAI,,,True,5.0,7.784262331734342,NP_009887.1,ALYEEAQEKAAEEAD,0.3999999999999999,0.2,,,,,,False,1.8111866928753493,,NP_000909,,NP_009887.1,KNRGLMNFVSIDARK,0.4583333333333333,0.2,0.3440253961832451,0.0,0.7142514341425291,0.0,0.2857485658574709,False,4.048390117343228,7.0,NP_000909,,NP_009887.1,CKNMAPEYVKAAETL,0.5464285714285714,0.2666666666666666,,,,,,False,7.978760353844194,,NP_000909,
ENSG00000117984,CTSD,ENST00000637815,ENSP00000490344,ENSP00000236671,CTSD,ENST00000637815,ENSP00000490344,ENSP00000236671,VDQNIFSFYLSRDPD,,,True,4.5,1.8737381367222583,VKVERQVFGEATKQP,,,True,5.0,-1.341479683956455,IPEVLKNYMDAQYYG,,,True,5.0,6.839081790416106,NP_015171.1,LDEKRFAFYLGDTSK,0.5083333333333333,0.3333333333333333,,,,,,False,2.258897712794273,,NP_001900,,NP_015171.1,LTIPKQDFAEATSEP,0.4166666666666667,0.4,0.5734035263040596,0.0,0.3507871017180313,0.0,0.6492128982819687,False,-1.6109025959753716,3.0,NP_001900,,NP_015171.1,HDVPLTNYLNAQYYT,0.7777777777777777,0.4666666666666667,,,,,,False,4.621041708321348,,NP_001900,
ENSG00000112062,MAPK14,ENST00000468133,ENSP00000419837,ENSP00000229795,MAPK14,ENST00000468133,ENSP00000419837,ENSP00000229795,DEPVADPYDQSFESR,,,True,5.5,4.892219383460826,PARSLEEFNDVYLVT,,,True,5.5,8.072772040344562,AHAYFAQYHDPDDEP,,,True,5.5,3.7988312203522048,NP_013214.1,AHPYSAPYHDPTDEP,0.3442460317460318,0.2,0.3410689433383816,0.0,0.1404233223968497,0.0,0.8595766776031503,True,2.895443658170871,5.5,NP_001306,XP_016865789,NP_013214.1,DAKFDWHFNDADLPV,0.6666666666666666,0.3333333333333333,0.6287308723179099,0.0,0.2815493174702333,0.0,0.7184506825297666,False,2.163738031170888,4.5,NP_001306,XP_016865789,NP_013214.1,AHPYSAPYHDPTDEP,0.8095238095238096,0.7333333333333333,0.3410689433383816,0.0,0.1404233223968497,0.0,0.8595766776031503,True,2.895443658170871,5.5,NP_001306,XP_016865789
ENSG00000166484,MAPK7,ENST00000603493,ENSP00000474397,ENSP00000378968,MAPK7,ENST00000308406,ENSP00000311005,ENSP00000378968,LMLSLHEYTQAIDLW,,,True,5.0,3.495605255340881,EPDCAPPFDFAFDRE,,,True,5.0,3.808285518582065,ALLKARSFDVTFDVG,,,True,5.5,7.4249104696557024,NP_011895.1,IMLSYQGYTKAIDVW,0.6444444444444445,0.6,,,,,,False,3.0059440869951857,,NP_002740,XP_047292363,NP_011895.1,EPVCSEKFEFSFESV,0.475,0.4,,,,,,False,0.3983468201088888,,NP_002740,XP_047292363,NP_011895.1,SEKFEFSFESVNDME,0.4833333333333333,0.2,0.4884122669677603,0.0,0.5676557839817818,0.0,0.4323442160182181,False,4.001966224064122,5.5,NP_002740,XP_047292363
ENSG00000288146,NOC4L,ENST00000672726,ENSP00000500165,ENSP00000500901,NOC4L,ENST00000672726,ENSP00000500165,ENSP00000500901,QFREYLDYDDTRYHT,,,True,4.5,0.8381302260708074,LLSQFREYLDYDDTR,,,True,5.0,-2.642400033971368,PEPVPLEFIPAQGLL,,,True,5.5,1.8423401081789863,NP_015470.1,LSYNMEDFLDWNYDS,0.3863636363636364,0.2,0.3896263281180845,0.0,0.4722348749572695,0.0,0.5277651250427304,False,-0.1015567788698285,5.5,NP_076983,,NP_015470.1,LKTLKENYVDPFDVH,0.4702380952380952,0.2666666666666666,0.6195790891509623,0.0,0.2935282033585147,0.0,0.7064717966414852,False,6.259835352071406,6.0,NP_076983,,NP_015470.1,SNMGEIEDVKSSGAS,0.3833333333333333,0.1333333333333333,,,,,,False,-0.9859959928273692,,NP_076983,
ENSG00000184967,NOC4L,ENST00000541954,ENSP00000438255,ENSP00000328854,NOC4L,ENST00000541954,ENSP00000438255,ENSP00000328854,QFREYLDYDDTRYHT,,,True,4.5,0.8381302260708074,LLSQFREYLDYDDTR,,,True,5.0,-2.642400033971368,PEPVPLEFIPAQGLL,,,True,5.5,1.8423401081789863,NP_015470.1,LSYNMEDFLDWNYDS,0.3863636363636364,0.2,0.3896263281180845,0.0,0.4722348749572695,0.0,0.5277651250427304,False,-0.1015567788698285,5.5,NP_076983,,NP_015470.1,LKTLKENYVDPFDVH,0.4702380952380952,0.2666666666666666,0.6195790891509623,0.0,0.2935282033585147,0.0,0.7064717966414852,False,6.259835352071406,6.0,NP_076983,,NP_015470.1,SNMGEIEDVKSSGAS,0.3833333333333333,0.1333333333333333,,,,,,False,-0.9859959928273692,,NP_076983,
ENSG00000164077,MON1A,ENST00000642691,ENSP00000494294,ENSP00000296473,MON1A,ENST00000642691,ENSP00000494294,ENSP00000296473,VMVALVSFLEADKNA,,,True,4.5,2.2877623595486627,LISSSSSFREGEAWT,,,True,4.5,0.6632743804513797,VSTDREDFFAVSDCR,,,True,5.0,-1.4008471224707026,NP_011391.2,SLASRRSPLQTKKLQ,0.4714285714285715,0.2,,,,,,False,0.8504086249897426,,NP_115731,XP_011532462,NP_011391.2,YIIGNSSFKQESVNM,0.3999999999999999,0.2666666666666666,,,,,,False,1.7753497562991365,,NP_115731,XP_011532462,NP_011391.2,LNSPKKDFGPYLDSE,0.369047619047619,0.2,,,,,,False,-3.72651840154005,,NP_115731,XP_011532462
ENSG00000126814,TRMT5,ENST00000553903,ENSP00000452567,ENSP00000261249,TRMT5,ENST00000261249,ENSP00000261249,ENSP00000261249,LPAKAIEFLSAFKWL,,,True,4.5,4.395179171392006,ENNYTYEFDFSKVYW,,,True,6.0,1.246280664026548,KIFTHDSFEKAELSV,,,True,6.0,1.662341334480539,NP_011937.1,VFQKFNRLISSCKMS,0.4583333333333333,0.2,,,,,,False,0.4289957822848122,,NP_065861,,NP_011937.1,ESNCTFKFDFSKVYW,0.8666666666666667,0.7333333333333333,,,,,,False,2.896549115569816,,NP_065861,,NP_011937.1,ISVFSKNFKNCILRV,0.3944444444444444,0.2,,,,,,False,-0.5367283225462668,,NP_065861,
ENSG00000069966,GNB5,ENST00000261837,ENSP00000261837,ENSP00000261837,GNB5,ENST00000261837,ENSP00000261837,ENSP00000261837,PSETGNTFVSGGCDK,,,True,5.0,2.594661713386748,SVAMHTNYLSACSFT,,,True,5.0,1.6282995579206454,YYPSGDAFASGSDDA,,,True,5.0,1.3728568338328482,NP_014855.3,SENSSNTFASCGSDG,0.4027777777777777,0.4,0.3317629523115807,0.0,0.3747132163464698,0.0,0.6252867836535301,False,0.6119587077532342,3.5,NP_057278,,NP_014855.3,WSRDSKRILSASQDG,0.4583333333333333,0.2,,,,,,False,1.4209260937656023,,NP_057278,,NP_014855.3,SENSSNTFASCGSDG,0.4444444444444444,0.3333333333333333,0.3317629523115807,0.0,0.3747132163464698,0.0,0.6252867836535301,False,0.6119587077532342,3.5,NP_057278,
ENSG00000130985,UBA1,ENST00000377351,ENSP00000366568,ENSP00000338413,UBA1,ENST00000377351,ENSP00000366568,ENSP00000338413,MPIMQWLYFDALECL,,,True,3.0,1.2285071210251617,IPFLTESYSSSQDPP,,,True,4.5,0.2413318718106547,HGFESGDFVSFSEVQ,,,True,5.0,5.009743556136264,NP_012712.1,TPLKQFMYFDSLESL,0.775,0.5333333333333333,0.5413158162014208,0.0,0.3995655055290419,0.0,0.6004344944709581,False,2.8694865352808354,3.5,NP_003325,XP_047298378,NP_012712.1,IPRLTESYSSSRDPP,1.0,0.8666666666666667,0.3608166339698366,0.0,0.5879745147999631,0.0,0.4120254852000369,False,0.2413318718106547,4.5,NP_003325,XP_047298378,NP_012712.1,HGLEDGNFVRFSEVE,0.6611111111111111,0.6666666666666666,,,,,,False,3.0797472094520475,,NP_003325,XP_047298378
ENSG00000111596,CNOT2,ENST00000548741,ENSP00000448255,ENSP00000229195,CNOT2,ENST00000551710,ENSP00000447808,ENSP00000229195,YERGTYYFFDCLNWR,,,True,3.5,5.428923411866673,DYHDENMYYSQSSMF,,,True,5.0,0.3273838846721396,GMIGLLTFIRAAETD,,,True,5.0,6.200701632276585,NP_010116.1,SERGSYVFFDPQRWE,0.3869047619047619,0.5333333333333333,0.5188993593945144,0.0,0.2077698436508264,0.0,0.7922301563491734,True,4.188706243041346,6.0,NP_055330,XP_047284842,NP_010116.1,DETLFFLFYKHPGTV,0.3333333333333333,0.1333333333333333,,,,,,False,1.480953168315502,,NP_055330,XP_047284842,NP_010116.1,TVIQELTYLELRKRN,0.3130952380952381,0.2,0.4545667408990836,0.0,0.6608025462499512,0.0,0.3391974537500488,False,-1.4986524240437298,7.0,NP_055330,XP_047284842
ENSG00000102038,SMARCA1,ENST00000371122,ENSP00000360163,ENSP00000360162,SMARCA1,ENST00000371122,ENSP00000360163,ENSP00000360162,NFLLPDVFNSADDFD,,,True,4.0,1.1851815507637988,SADDFDSWFDTKNCL,,,True,4.5,4.79547677583233,LSEIVREFKSTNRLL,,,True,5.0,2.15364601843123,NP_014948.1,IEEEQEKINSAPDFT,0.6,0.3333333333333333,,,,,,False,0.9295860726841574,,NP_001269803,,NP_014948.1,DSELFDEWFEQNNSE,0.5333333333333333,0.3333333333333333,,,,,,False,5.095395495614132,,NP_001269803,,NP_014948.1,AEEEEGEYKNAANTE,0.4325396825396825,0.2,,,,,,False,7.496941484760748,,NP_001269803,
ENSG00000165672,PRDX3,ENST00000298510,ENSP00000298510,ENSP00000298510,PRDX3,ENST00000298510,ENSP00000298510,ENSP00000298510,GSSQAKLFSTSSSCH,,,True,5.0,0.9667048903999328,FSDKANEFHDVNCEV,,,True,5.0,4.139800529790024,TAVVNGEFKDLSLDD,,,True,5.5,3.054132704462843,NP_010741.1,DQGAQVLFASTDSEY,0.6166666666666667,0.2,0.4077018790228608,0.0,0.3427723863160521,0.0,0.6572276136839479,False,0.6777538026784575,5.0,NP_006784,,NP_010741.1,FSDAAKKFEDQGAQV,0.3,0.4666666666666667,0.2569743941687876,0.0,0.9111991070132274,0.0,0.0888008929867726,False,2.75907360792301,7.0,NP_006784,,NP_010741.1,TAVVDGIFEEISLEK,0.3916666666666666,0.5333333333333333,0.4727769763307323,0.0,0.2597693263801919,0.0,0.7402306736198081,False,1.0532325036966017,6.5,NP_006784,
ENSG00000126524,SBDS,ENST00000246868,ENSP00000246868,ENSP00000246868,SBDS,ENST00000246868,ENSP00000246868,ENSP00000246868,CLIDPGCFREIDELI,,,True,5.5,-0.4837544002962461,HTQLEQMFRDIATIV,,,True,6.0,4.39187557090164,YKNKVVGWRSGVEKD,,,True,7.0,5.303133220103472,NP_013122.1,TIVSAKCINPVSKKR,0.3011904761904762,0.0666666666666666,,,,,,False,4.219056222622286,,NP_057122,,NP_013122.1,GLIDPVNYRDLMTLC,0.5992063492063492,0.2,0.6826601863799725,0.0,0.1602858656169664,0.0,0.8397141343830336,True,0.0965984237078612,6.5,NP_057122,,NP_013122.1,YQNKVQDYRKGIEKD,0.5198412698412699,0.6,,,,,,False,1.6114814913886135,,NP_057122,
ENSG00000125485,DDX31,ENST00000372159,ENSP00000361232,ENSP00000361232,DDX31,ENST00000372159,ENSP00000361232,ENSP00000361232,EDQKMVVFFSSCELV,,,True,3.5,2.555313827876517,AEILRSEYSSGMEAD,,,True,4.5,2.765864134198933,KQVQEKVFTSAAFHE,,,True,5.0,4.900590429692021,NP_012949.1,SQFVSSLFTSNREIT,0.5027777777777778,0.2,0.3005044472321482,0.0,0.397236958607224,0.0,0.602763041392776,False,4.643497228704815,6.0,NP_073616,XP_047279695,NP_012949.1,KLHKESSYSSEEQEK,0.5,0.2666666666666666,,,,,,False,3.777201663807905,,NP_073616,XP_047279695,NP_012949.1,TLPADSQFVSSLFTS,0.475,0.2,0.4119988221314825,0.0,0.2822291508072339,0.0,0.7177708491927661,False,3.118687362779003,5.0,NP_073616,XP_047279695
ENSG00000165733,BMS1,ENST00000374518,ENSP00000363642,ENSP00000363642,BMS1,ENST00000374518,ENSP00000363642,ENSP00000363642,SEMDLPAFADSDDDL,,,True,3.5,1.188423699745352,DEELYGDFEDLETGD,,,True,4.0,0.0776808854202604,TSFIKGMFNSALEVA,,,True,4.0,5.489392972615695,NP_015107.1,ALETDSEFEESEDEF,0.5,0.2,0.6216707728805071,0.0,0.3405861226979145,0.0,0.6594138773020854,False,1.0879401489792393,2.0,NP_055568,XP_047281997,NP_015107.1,GEELYGDFEDLEDGN,0.8055555555555555,0.8,0.333460399280272,0.0,0.4259289146634678,0.0,0.5740710853365323,False,0.0597914658093293,4.0,NP_055568,XP_047281997,NP_015107.1,TAFIKDMFSSAMEVA,0.875,0.7333333333333333,0.52887394501767,0.0,0.3560446217634407,0.0,0.6439553782365592,False,6.420992749176916,4.0,NP_055568,XP_047281997
ENSG00000166411,IDH3A,ENST00000561279,ENSP00000453747,ENSP00000299518,IDH3A,ENST00000558554,ENSP00000453084,ENSP00000299518,DIKFNEMYLDTVCLN,,,True,5.5,1.0592184816846422,ARIEAACFATIKDGK,,,True,6.0,4.041645923532948,SAAVMKIFDAAKAPI,,,True,6.5,5.580922934258,NP_014779.1,SKEYPDLTLETELID,0.375,0.1333333333333333,,,,,,False,-0.3051522836740309,,NP_005521,XP_047288386,NP_014779.1,SPIFVNGLTTIPDPA,0.4166666666666667,0.2666666666666666,,,,,,False,0.4062321697141337,,NP_005521,XP_047288386,NP_014779.1,SKSVKKIFSAANVPI,0.6666666666666666,0.6,,,,,,False,3.3133712440248115,,NP_005521,XP_047288386
ENSG00000139684,ESD,ENST00000378720,ENSP00000367992,ENSP00000367992,ESD,ENST00000378720,ENSP00000367992,ENSP00000367992,GEDESWDFGTGAGFY,,,True,4.0,6.0066775741205465,FGTGAGFYVDATEDP,,,True,4.0,3.970541466724284,EGYDHSYYFIATFIT,,,True,5.5,0.8421327955837663,NP_012467.1,DPEGSWDFGQGAGFY,0.7999999999999999,0.6666666666666666,,,,,,False,5.541125445526585,,NP_001975,XP_011533256,NP_012467.1,FGQGAGFYLNATQEP,0.6361111111111111,0.6666666666666666,,,,,,False,2.729114527919384,,NP_001975,XP_011533256,NP_012467.1,HGFDHSYYFVSTFVP,0.8333333333333334,0.6,,,,,,False,3.732177748749937,,NP_001975,XP_011533256
ENSG00000176986,SEC24C,ENST00000345254,ENSP00000321845,ENSP00000343405,SEC24C,ENST00000345254,ENSP00000321845,ENSP00000343405,LDQIPEMFADTRETE,,,True,3.5,-0.0408390620720816,TGIRAVDFFGAFYMS,,,True,4.5,6.925270199192539,CAGKLFLFHTSLPIA,,,True,5.0,5.0171411681257245,NP_011966.1,PVSQISLFSGTLPET,0.4067460317460317,0.1333333333333333,,,,,,False,3.21715022191483,,NP_004913,XP_011538683,NP_011966.1,PVMVSQERFGASEAS,0.3999999999999999,0.2666666666666666,,,,,,False,2.9154252956435203,,NP_004913,XP_011538683,NP_011966.1,PVSQISLFSGTLPET,0.4361111111111111,0.2666666666666666,,,,,,False,3.21715022191483,,NP_004913,XP_011538683
ENSG00000134072,CAMK1,ENST00000256460,ENSP00000256460,ENSP00000256460,CAMK1,ENST00000256460,ENSP00000256460,ENSP00000256460,LKPENLLYYSLDEDS,,,True,5.5,1.5413302907088091,DIRDIYDFRDVLGTG,,,True,5.5,3.799125121578794,EVLAQKPYSKAVDCW,,,True,6.0,-1.1285285912647849,NP_014626.1,RIKRLRNMYSLGDDG,0.4388888888888889,0.2666666666666666,,,,,,False,7.557255121371437,,NP_003647,XP_005265573,NP_014626.1,RILSRGKFTEVDAVE,0.3333333333333333,0.2,0.5544876212376422,0.0,0.4291580727875144,0.0,0.5708419272124856,False,4.345696833911876,7.0,NP_003647,XP_005265573,NP_014626.1,IKRLRNMYSLGDDGD,0.35,0.2,,,,,,False,1.7668816058661243,,NP_003647,XP_005265573
ENSG00000175595,ERCC4,ENST00000682617,ENSP00000507912,ENSP00000310520,ERCC4,ENST00000682617,ENSP00000507912,ENSP00000310520,GQNSGWLFLDSSTSM,,,True,4.5,1.980997456232846,YTQGGVIFATSRILV,,,True,5.5,0.8834368480436638,YDFIHTSFAEVVSKG,,,True,5.5,-0.0027383282546397,NP_015303.1,FFGEIQLSLDANKPS,0.425,0.2,,,,,,False,1.8488310073987504,,NP_005227,,NP_015303.1,FPTLKIIWSSSPLQT,0.5151515151515151,0.1333333333333333,,,,,,False,1.7836062348968622,,NP_005227,,NP_015303.1,NKLQKLSWNEINELI,0.417929292929293,0.1333333333333333,,,,,,False,0.9900173271881598,,NP_005227,
ENSG00000151465,CDC123,ENST00000281141,ENSP00000281141,ENSP00000281141,CDC123,ENST00000281141,ENSP00000281141,ENSP00000281141,EDFVFDIYRDSRGKV,,,True,4.5,2.41618250752372,ATLTAPEFPEFATKV,,,True,5.0,7.020191638369694,SYRLPKDFVDLSTGE,,,True,5.0,0.2256796450730853,NP_013316.1,DYELRLVTRHNTGRF,0.3986111111111111,0.1333333333333333,,,,,,False,-0.704922853666691,,NP_006014,XP_005252695,NP_013316.1,EVEPLIDFPELHQKL,0.5222222222222221,0.2666666666666666,0.4405866494814168,0.0,0.5478151245180921,0.0,0.4521848754819078,False,2.134166843740953,5.0,NP_006014,XP_005252695,NP_013316.1,SSQEYTTFIDIPVTR,0.5083333333333333,0.2,0.2535282390917029,0.0,0.2956337525224383,0.0,0.7043662474775616,False,-0.6216737324218412,5.5,NP_006014,XP_005252695
ENSG00000077080,ACTL6B,ENST00000160382,ENSP00000160382,ENSP00000160382,ACTL6B,ENST00000160382,ENSP00000160382,ENSP00000160382,EDCPKADFPTTVGLL,,,True,4.5,0.6214893187749939,EQYNIPAFFLCKTAV,,,True,5.0,1.4095511057280476,MWISKQEYEEGGKQC,,,True,5.5,-1.2411842344533837,NP_012454.1,PAANSADTPNETGKR,0.4000000000000001,0.2666666666666666,,,,,,False,0.2430037693529491,,NP_057272,,NP_012454.1,EGMQFEACYLAPTST,0.5343915343915344,0.2666666666666666,,,,,,False,-0.611447720524196,,NP_057272,,NP_012454.1,LWVGKKEYEEVGVER,0.4583333333333333,0.4666666666666667,0.5756644148964745,0.0,0.2967055381365001,0.0,0.7032944618635,False,0.1988981733178287,6.0,NP_057272,
ENSG00000122912,SLC25A16,ENST00000609923,ENSP00000476815,ENSP00000476815,SLC25A16,ENST00000491102,ENSP00000476555,ENSP00000476815,LGTVLPEFEKCLTMR,,,True,5.0,5.149023147129544,APYAGVSFFTFGTLK,transmembrane region,Helical; Name=4,False,5.0,0.723849719252032,GPTTRRDFYWLRSFL,transmembrane region,Helical; Name=1,False,6.0,1.042998493337181,NP_011865.1,TLIPSKEFESHWRRL,0.4041666666666666,0.2,0.2832186523107619,0.0,0.1564691069670228,0.0,0.8435308930329771,True,2.1128034004486898,6.5,NP_689920,,NP_011865.1,TPMVACSFFVYERMK,0.5380952380952381,0.3333333333333333,,,,,,False,2.4223772742161,,NP_689920,,NP_011865.1,INDGVRGFFQGHSAT,0.2111111111111111,0.2,,,,,,False,0.2268556341014271,,NP_689920,
ENSG00000172053,QARS1,ENST00000306125,ENSP00000307567,ENSP00000307567,QARS1,ENST00000452739,ENSP00000392850,ENSP00000307567,PEKEEAKFFTAICDM,,,True,4.0,1.4280553654059287,KVTYASDYFDQLYAW,,,True,5.0,5.533733558255181,SDYFDQLYAWAVELI,,,True,5.5,-0.6136944277147279,NP_014811.3,VNFGYAKYHNGTCYL,0.3839285714285714,0.2,,,,,,False,0.1862657697808876,,NP_005042,XP_016862454,NP_014811.3,KITYSSDYFDELYRL,0.9,0.6666666666666666,,,,,,False,3.1589189475451884,,NP_005042,XP_016862454,NP_014811.3,KKVSDSLYKLIKETP,0.3416666666666666,0.2666666666666666,,,,,,False,1.517317110349971,,NP_005042,XP_016862454
ENSG00000188229,TUBB4B,ENST00000340384,ENSP00000341289,ENSP00000341289,TUBB4B,ENST00000340384,ENSP00000341289,ENSP00000341289,EGMDEMEFTEAESNM,,,True,2.0,-2.541458404835061,NNWAKGHYTEGAELV,,,True,5.0,3.8623947064918,LERINVYYNEATGGK,,,True,5.0,-1.8095228498225144,NP_116616.1,EGMDELEFSEAESNM,0.875,0.8666666666666667,0.5775557360503067,0.0,0.3452165962133617,0.0,0.6547834037866382,False,-2.4842996432075832,2.0,NP_006079,,NP_116616.1,NVWAKGHYTEGAELV,1.0,0.9333333333333332,0.4657389786051278,0.0,0.2929806308540649,0.0,0.7070193691459351,False,3.8623947064918,5.0,NP_006079,,NP_116616.1,KERLNVYFNEASSGK,0.75,0.6666666666666666,0.4336749296451105,0.0,0.3644375979370455,0.0,0.6355624020629544,False,-2.2426265255709703,4.0,NP_006079,
ENSG00000172890,NADSYN1,ENST00000319023,ENSP00000326424,ENSP00000326424,NADSYN1,ENST00000319023,ENSP00000326424,ENSP00000326424,GYGCWDHYYESDTLL,,,True,4.0,-0.332414546137648,TKQETVPFGDAVLVT,,,True,4.5,3.2980302210698134,GCDGDRLYYDGCAMI,,,True,5.0,-0.4085748789377603,NP_011941.1,GYGCLDHFLENDVCL,0.4027777777777777,0.6,0.3742496584250165,0.0,0.6631593651148764,0.0,0.3368406348851236,False,1.8017721830042883,6.5,NP_060631,,NP_011941.1,TGQRLVPFGDAVINS,0.9166666666666666,0.6,0.5639657056609358,0.0,0.2749330040366227,0.0,0.7250669959633772,False,8.072578359230143,4.5,NP_060631,,NP_011941.1,GCDGDRLYYDGCALI,1.0,0.9333333333333332,0.8253270020752757,0.0,0.545878430712826,0.0,0.4541215692871739,False,-0.4085748789377603,5.0,NP_060631,
ENSG00000198874,TYW1,ENST00000359626,ENSP00000352645,ENSP00000352645,TYW1,ENST00000359626,ENSP00000352645,ENSP00000352645,DTEEEEPFESSSEEE,,,True,3.0,0.2358195554470976,FQELIQEYEDSGGSK,,,True,4.5,1.075693174814479,LVDLIPEYEIACEHE,,,True,5.0,1.586329798265512,NP_015117.1,IEVKGATFSGSSDGN,0.3555555555555555,0.2,,,,,,False,-0.9452558964020396,,NP_060734,XP_047276525,NP_015117.1,DEPIIYEYDENADSE,0.4555555555555555,0.2666666666666666,0.4030316778005496,0.0,0.8381521413416769,0.0,0.161847858658323,False,5.547771207774096,4.5,NP_060734,XP_047276525,NP_015117.1,LQRRGLHYDLAAEHA,0.6388888888888888,0.3333333333333333,,,,,,False,6.963978816970487,,NP_060734,XP_047276525
ENSG00000165629,ATP5F1C,ENST00000356708,ENSP00000349142,ENSP00000349142,ATP5F1C,ENST00000356708,ENSP00000349142,ENSP00000349142,VGRKPPTFGDASVIA,,,True,4.0,0.1520410501806532,LLNSGYEFDEGSIIF,,,True,4.5,4.927542379927903,YNLANIIYYSLKEST,,,True,5.5,1.4739892244067891,NP_009595.1,IGKDAPTFQESALIA,0.4166666666666667,0.4,0.403772564695418,0.0,0.3772044186940989,0.0,0.6227955813059011,False,2.921712433684144,4.5,NP_001001973,XP_047281210,NP_009595.1,IGKDAPTFQESALIA,0.3833333333333333,0.2,0.403772564695418,0.0,0.3772044186940989,0.0,0.6227955813059011,False,2.921712433684144,4.5,NP_001001973,XP_047281210,NP_009595.1,KTNPVRTYATLKEVE,0.4166666666666667,0.2666666666666666,0.4238031347867403,0.0,0.4000896567945597,0.0,0.5999103432054402,False,5.371497014875708,6.0,NP_001001973,XP_047281210
ENSG00000114388,NPRL2,ENST00000232501,ENSP00000232501,ENSP00000232501,NPRL2,ENST00000232501,ENSP00000232501,ENSP00000232501,TLELESSFVSMEESK,,,True,4.5,4.157394945681045,CCKTGMSYHELDERL,,,True,5.0,0.2707657607437015,FTKDKEDFFNSQWDL,,,True,5.0,-0.8614319611331335,NP_010852.4,MASDCQSYVTFPEVS,0.6047619047619048,0.2,0.4645702857124106,0.0,0.3063677170716925,0.0,0.6936322829283075,False,3.535480744243544,6.0,NP_006536,XP_047303268,NP_010852.4,KLEVESYLNELGEFK,0.4384920634920635,0.2,,,,,,False,3.5105114036807445,,NP_006536,XP_047303268,NP_010852.4,SPIYARNFFSFNFVF,0.375,0.1333333333333333,0.393206001938806,0.0,0.2473196863476783,0.0,0.7526803136523216,False,8.212324511825454,6.0,NP_006536,XP_047303268
ENSG00000182054,IDH2,ENST00000330062,ENSP00000331897,ENSP00000331897,IDH2,ENST00000330062,ENSP00000331897,ENSP00000331897,HFLNTTDFLDTIKSN,,,True,4.5,1.1485475955097972,DGRFKDIFQEIFDKH,,,True,5.5,-1.7523996930880676,IQKKWPLYMSTKNTI,,,True,6.0,5.552444914349659,NP_013275.1,AYVTTEEFIDAVESR,0.5166666666666667,0.2666666666666666,0.5932043870529553,0.0,0.0569556876463477,0.0,0.9430443123536524,True,1.2076958895138914,2.0,NP_002159,,NP_013275.1,DEQTRIIWHLIRDKL,0.3901515151515151,0.3333333333333333,,,,,,False,2.502068326788536,,NP_002159,,NP_013275.1,IERKLPLYSTTKNTI,0.6583333333333333,0.6666666666666666,0.3903684256471032,0.0,0.4868932376869293,0.0,0.5131067623130706,False,7.391782256644368,6.0,NP_002159,
ENSG00000184432,COPB2,ENST00000677601,ENSP00000503393,ENSP00000329419,COPB2,ENST00000677601,ENSP00000503393,ENSP00000329419,KGVNCIDYYSGGDKP,,,True,3.5,2.128352136195431,MALRNKSFGSAQEFA,,,True,3.5,4.287627190094875,LLVSVLEYQTAVMRR,,,True,4.5,3.5595889965068386,NP_011378.1,AFGKCQDFVWGPDSN,0.4962121212121212,0.2666666666666666,,,,,,False,0.3838717167117853,,NP_004757,,NP_011378.1,LAWRNKAFGKCQDFV,0.4305555555555556,0.5333333333333333,,,,,,False,3.0264900180116694,,NP_004757,,NP_011378.1,ISLEVLEFQTLTLRG,0.625,0.4,0.3385314535950217,0.0,0.2577422318830675,0.0,0.7422577681169326,False,0.0811320574239696,6.0,NP_004757,
ENSG00000101844,ATG4A,ENST00000345734,ENSP00000298131,ENSP00000361306,ATG4A,ENST00000345734,ENSP00000298131,ENSP00000361306,DPHTTQTFVDTEENG,,,True,3.0,1.971130589890467,FTDYLEEYPDTDELV,,,True,3.0,3.098272454142206,VTTTGAEFIDSTEQL,,,True,3.0,-0.1835986622409681,NP_014176.2,ESKFVNWFNDTPEAP,0.5530303030303031,0.2666666666666666,0.4916916785616427,0.0,0.7043303458678368,0.0,0.2956696541321631,False,1.28924360511499,4.0,NP_443168,XP_011529144,NP_014176.2,ESKFVNWFNDTPEAP,0.4823232323232323,0.2,0.4916916785616427,0.0,0.7043303458678368,0.0,0.2956696541321631,False,1.28924360511499,4.0,NP_443168,XP_011529144,NP_014176.2,QPAVEDSFVESCHTS,0.525,0.1333333333333333,0.4251959592714912,0.0,0.4811168148997878,0.0,0.5188831851002121,False,3.743088267542388,4.5,NP_443168,XP_011529144
ENSG00000116478,HDAC1,ENST00000373548,ENSP00000362649,ENSP00000362649,HDAC1,ENST00000373548,ENSP00000362649,ENSP00000362649,RIACEEEFSDSEEEG,,,True,3.0,0.281771151646973,GDGVEEAFYTTDRVM,,,True,4.0,6.383475012659789,NVARCWTYETAVALD,,,True,5.0,5.846349782190195,NP_014069.1,ANLENTKYAPSVQLN,0.3559523809523809,0.0666666666666666,,,,,,False,0.4942547633396912,,NP_004955,XP_011539611,NP_014069.1,GDGVEEAFYTTDRVM,1.0,1.0,0.4525278069406787,0.0,0.4134274828651854,0.0,0.5865725171348146,False,6.383475012659789,4.0,NP_004955,XP_011539611,NP_014069.1,NVARTWCFETGLLNN,0.3564814814814814,0.4666666666666667,0.4495401703004396,0.0,0.3780144470517341,0.0,0.6219855529482659,False,6.188071663700651,6.0,NP_004955,XP_011539611
ENSG00000273494,PANK4,ENST00000628687,ENSP00000486126,ENSP00000478189,PANK4,ENST00000615291,ENSP00000478189,ENSP00000478189,RKYWLTCFEEALDGV,,,True,3.5,8.240198433606837,ESDPYFGFEEAKRKL,,,True,4.5,0.5599796106174842,FIKFENTYIEACLDF,,,True,4.5,-1.1425849261631291,NP_010820.3,CDYGDNTFNLAIDIG,0.3416666666666666,0.2666666666666666,,,,,,False,-1.1305647134403338,,NP_060686,,NP_010820.3,YLGAMGAFLSASRHS,0.375,0.2,0.4968442884749202,0.0,0.5918663476914146,0.0,0.4081336523085855,False,4.857092703045887,5.5,NP_060686,,NP_010820.3,NNIGQIAYLQAKINN,0.5666666666666667,0.1333333333333333,,,,,,False,2.985128237308816,,NP_060686,
ENSG00000157881,PANK4,ENST00000502770,ENSP00000425674,ENSP00000367727,PANK4,ENST00000378466,ENSP00000367727,ENSP00000367727,RKYWLTCFEEALDGV,,,True,3.5,8.240198433606837,ESDPYFGFEEAKRKL,,,True,4.5,0.5599796106174842,FIKFENTYIEACLDF,,,True,4.5,-1.1425849261631291,NP_010820.3,CDYGDNTFNLAIDIG,0.3416666666666666,0.2666666666666666,,,,,,False,-1.1305647134403338,,NP_060686,XP_047280262,NP_010820.3,YLGAMGAFLSASRHS,0.375,0.2,0.4968442884749202,0.0,0.5918663476914146,0.0,0.4081336523085855,False,4.857092703045887,5.5,NP_060686,XP_047280262,NP_010820.3,NNIGQIAYLQAKINN,0.5666666666666667,0.1333333333333333,,,,,,False,2.985128237308816,,NP_060686,XP_047280262
ENSG00000184787,UBE2G2,ENST00000345496,ENSP00000338348,ENSP00000338348,UBE2G2,ENST00000345496,ENSP00000338348,ENSP00000338348,PGDDPMGYESSAERW,,,True,4.5,2.7153505416103103,GPMNEENFFEWEALI,,,True,5.0,-4.780042800908465,EMFHPNIYPDGRVCI,,,True,6.0,-1.0601882245460963,NP_013735.1,PGDDPNMYELAEERW,0.3583333333333333,0.6666666666666666,,,,,,False,-0.0394818999329389,,NP_003334,,NP_013735.1,GPKSENNIFIWDCLI,0.375,0.5333333333333333,,,,,,False,-3.3656765503074584,,NP_003334,,NP_013735.1,SILHPNIYPNGEVCI,0.861111111111111,0.6666666666666666,,,,,,False,-1.2297688894750087,,NP_003334,
ENSG00000140598,EFL1,ENST00000359445,ENSP00000352418,ENSP00000268206,EFL1,ENST00000359445,ENSP00000352418,ENSP00000268206,PEQGNVVFTSAIDGW,,,True,4.0,-0.4294549082593364,VSEPIIPFRETITKP,,,True,4.5,0.8288985041549064,TEEEYLHFGEKADSE,,,True,4.5,2.8451906081419067,NP_014236.1,PTDNNVIFASAIDGW,0.7916666666666666,0.6666666666666666,0.7017872671665722,0.0,0.3288893074133313,0.0,0.6711106925866687,False,1.0895093996825795,4.0,NP_078856,,NP_014236.1,HSEPAIPYRETFLSA,0.6964285714285715,0.5333333333333333,0.5859648406885962,0.0,0.4031508757265939,0.0,0.596849124273406,False,2.49360670890862,5.5,NP_078856,,NP_014236.1,NDEVDDIFDEKEECL,0.4138888888888888,0.2666666666666666,,,,,,False,-0.1574583430207037,,NP_078856,
ENSG00000164934,DCAF13,ENST00000616836,ENSP00000477526,ENSP00000484962,DCAF13,ENST00000616836,ENSP00000477526,ENSP00000484962,YSPTGKEFVSASFDK,,,True,4.0,2.594661713386748,TRFCGTSFFTVGDDK,,,True,4.5,3.031906100799618,HHWKEAVFATCGQQV,,,True,5.0,0.2404162196202256,NP_013090.1,SLNVFKDHVSAVMDV,0.5347222222222222,0.3333333333333333,,,,,,False,7.885223709323823,,NP_056235,,NP_013090.1,NPMEAFNFVTANEDH,0.3861111111111111,0.2,0.5229694867404282,0.0,0.1846398200319377,0.0,0.8153601799680623,True,5.464525590667095,4.0,NP_056235,,NP_013090.1,SHRENSTFATGGAKI,0.375,0.3333333333333333,0.4712688046340403,0.0,0.5340957962743871,0.0,0.4659042037256129,False,2.322869865010291,5.5,NP_056235,
ENSG00000184110,EIF3C,ENST00000566501,ENSP00000457963,ENSP00000332604,EIF3C,ENST00000566501,ENSP00000457963,ENSP00000332604,NGKVWDLFPEADKVR,,,True,5.0,5.173542081532926,GGGGMSRFFTTGSDS,,,True,5.0,5.597981907064864,GGGMSRFFTTGSDSE,,,True,5.0,1.2776540104242258,NP_014040.1,ISTLEELLTVAEKPY,0.3833333333333333,0.2,,,,,,False,-0.5164364946199593,,NP_003743,,NP_014040.1,YFFSFKRFYSSFSVA,0.6547619047619048,0.2,0.1183408950450845,0.0,0.2362594770404002,0.0,0.7637405229595997,True,4.719651242018363,5.0,NP_003743,,NP_014040.1,YTALNKDFQTAKDML,0.3833333333333333,0.2,0.4056900715512604,0.0,0.3279241994207855,0.0,0.6720758005792145,False,-0.4084927049534401,3.0,NP_003743,
ENSG00000127445,PIN1,ENST00000247970,ENSP00000247970,ENSP00000247970,PIN1,ENST00000247970,ENSP00000247970,ENSP00000247970,FESLASQFSDCSSAK,,,True,3.5,4.720276805888372,RGQMQKPFEDASFAL,,,True,4.5,-0.3733350909289621,GEMSGPVFTDSGIHI,,,True,5.0,1.7183870995989423,NP_012551.2,FEALAKERSDCSSYK,0.6333333333333333,0.6666666666666666,,,,,,False,1.811072138620865,,NP_006212,XP_011526370,NP_012551.2,RGEMQPSFEDAAFQL,0.7916666666666666,0.6666666666666666,0.4538855752541078,0.0,0.3187872037574101,0.0,0.6812127962425899,False,3.5894869060869823,4.0,NP_006212,XP_011526370,NP_012551.2,GEVSDIVESGSGVHV,0.3722222222222222,0.4666666666666667,,,,,,False,-1.4662689882385411,,NP_006212,XP_011526370
ENSG00000170248,PDCD6IP,ENST00000307296,ENSP00000307387,ENSP00000411825,PDCD6IP,ENST00000307296,ENSP00000307387,ENSP00000411825,ANQAADYFGDAFKQC,,,True,5.0,1.526576560465536,VKFIQQTYPSGGEEQ,,,True,5.0,1.9201210231836567,NFDMTSKFLTALAQD,,,True,5.0,2.0154279520957443,NP_014918.1,SFNEKKQFGNVVKAL,0.4944444444444444,0.2,,,,,,False,2.355716090598287,,NP_001155901,XP_047302998,NP_014918.1,LSKKNNPGRSGIEPK,0.3261904761904762,0.2,,,,,,False,1.535327811026738,,NP_001155901,XP_047302998,NP_014918.1,EYRILPKIITSYKKN,0.425,0.1333333333333333,,,,,,False,4.119857744107881,,NP_001155901,XP_047302998
ENSG00000182446,NPLOC4,ENST00000331134,ENSP00000331487,ENSP00000331487,NPLOC4,ENST00000331134,ENSP00000331487,ENSP00000331487,SQNTSSVFLDTISDF,,,True,4.0,3.262341804700005,SRNKDTYFLSSEECI,,,True,4.5,-0.2665949081853858,VLGETQDFHSLATYL,,,True,5.0,5.528857582221764,NP_009729.1,LSRIGLIFTDLSDAG,0.3833333333333333,0.1333333333333333,0.5537108940374612,0.0,0.5518767474686121,0.0,0.4481232525313878,False,-0.3256888152044459,5.5,NP_060391,XP_047292321,NP_009729.1,KRHKDSFFLSSLEVI,0.9166666666666666,0.6,0.2709228493195318,0.0,0.2554305005176043,0.0,0.7445694994823956,False,5.862053830767524,4.5,NP_060391,XP_047292321,NP_009729.1,NKIKHISFHSYLKKL,0.4428571428571428,0.2666666666666666,0.2084799107147262,0.0,0.427703921325679,0.0,0.572296078674321,False,-1.7045916683803244,6.5,NP_060391,XP_047292321
ENSG00000197548,ATG7,ENST00000451513,ENSP00000415223,ENSP00000346437,ATG7,ENST00000685771,ENSP00000509725,ENSP00000346437,VRQPLYEFEDCLGGG,,,True,3.5,3.7049271812334,SKLQFAPFSSALDVG,,,True,4.0,5.662084465983665,NTNTLESFKTADKKL,,,True,4.5,5.189501735585188,NP_012041.1,VRQALYNFEDCGKPK,0.6,0.6,0.4054316330721566,0.0,0.6581400681911237,0.0,0.3418599318088763,False,3.693507559975168,5.0,NP_006386,XP_016861037,NP_012041.1,TFASIDPQSSSSNPD,0.4694444444444444,0.2,,,,,,False,6.283401322981394,,NP_006386,XP_016861037,NP_012041.1,SSERVLSYAPAFKSF,0.5059523809523809,0.2,,,,,,False,3.1807814389606284,,NP_006386,XP_016861037
ENSG00000140983,RHOT2,ENST00000697194,ENSP00000513180,ENSP00000321971,RHOT2,ENST00000697194,ENSP00000513180,ENSP00000321971,VPTHIVDYSEAEQTD,topological domain,Cytoplasmic,True,4.0,0.4814458510269488,TILRRFGYSDALELT,topological domain,Cytoplasmic,True,4.0,4.897174423828346,ASVYKHHYMDGQTPC,topological domain,Cytoplasmic,True,5.5,1.9807550695057508,NP_009351.1,IKDLLLDISKHDQEY,0.45,0.2,,,,,,False,3.478583939711484,,NP_620124,XP_047290804,NP_009351.1,IGKPCCGKSSLLEAF,0.3916666666666666,0.2666666666666666,,,,,,False,2.01295683921789,,NP_620124,XP_047290804,NP_009351.1,AILRTFHYTDSLCIN,0.4481481481481481,0.2666666666666666,0.5333550961967873,0.0,0.5237041996665389,0.0,0.4762958003334611,False,4.820648535424428,5.5,NP_620124,XP_047290804
ENSG00000157087,ATP2B2,ENST00000397077,ENSP00000380267,ENSP00000353414,ATP2B2,ENST00000397077,ENSP00000380267,ENSP00000353414,ICVAYRDFPSSPEPD,topological domain,Cytoplasmic,True,3.5,0.2540913427107961,ESSHGGEFGCTMEEL,topological domain,Cytoplasmic,True,4.5,-0.1036122192945227,GDMTNSDFYSKNQRN,topological domain,Cytoplasmic,True,4.5,4.275091765066176,NP_011509.1,KVVQTIPFESSRKWA,0.4761904761904763,0.2666666666666666,0.205980541085732,0.0,0.2865039835448957,0.0,0.7134960164551042,False,0.6247678048788022,6.0,NP_001001331,XP_016861974,NP_011509.1,GKCEADESSITGESN,0.375,0.2,,,,,,False,3.972997942930404,,NP_001001331,XP_016861974,NP_011509.1,KCKSRLSFFKKGNRE,0.4166666666666667,0.2,,,,,,False,4.089636026747505,,NP_001001331,XP_016861974
ENSG00000138069,RAB1A,ENST00000649427,ENSP00000497078,ENSP00000387286,RAB1A,ENST00000649427,ENSP00000497078,ENSP00000387286,TTKKVVDYTTAKEFA,,,True,3.5,1.1470844977798629,DYTTAKEFADSLGIP,,,True,4.0,3.64250911801076,DDTYTESYISTIGVD,,,True,4.0,4.5515055554464725,NP_116615.1,KDKRVVEYDVAKEFA,0.5388888888888889,0.6,,,,,,False,3.784807972558149,,NP_004152,XP_005264525,NP_116615.1,EYDVAKEFADANKMP,0.6416666666666667,0.5333333333333333,0.6201733428542732,0.0,0.4611441836167762,0.0,0.5388558163832238,False,5.693712632359662,4.0,NP_004152,XP_005264525,NP_116615.1,DDTYTNDYISTIGVD,0.8333333333333334,0.8666666666666667,0.3807817754168795,0.0,0.4552971044254734,0.0,0.5447028955745266,False,4.8574297357368295,4.0,NP_004152,XP_005264525
ENSG00000163624,CDS1,ENST00000295887,ENSP00000295887,ENSP00000295887,CDS1,ENST00000295887,ENSP00000295887,ENSP00000295887,MISLXKCFHEIITIG,,,True,5.5,-0.3386968167093674,WFXTVADYFATFVQR,transmembrane region,Helical,False,5.5,2.3711271532114933,RAFKIKDFANTIPGH,,,True,6.0,2.032254027827317,NP_009585.1,FKFFQATFYEYPVLN,0.3238095238095238,0.1333333333333333,0.2540484222196346,0.0,0.5676022146601327,0.0,0.4323977853398673,False,-4.566317980290479,5.0,NP_001254,XP_016863139,NP_009585.1,LFAPFGGFFASGLKR,0.4722222222222222,0.2666666666666666,,,,,,False,-0.8461448716365441,,NP_001254,XP_016863139,NP_009585.1,RTFKVKDFGHSIPGH,0.5625,0.6666666666666666,,,,,,False,0.2183138725261333,,NP_001254,XP_016863139
ENSG00000140521,POLG,ENST00000636937,ENSP00000516154,ENSP00000268124,POLG,ENST00000636937,ENSP00000516154,ENSP00000268124,DLPQSVAFFSAVDID,,,True,3.0,2.401992204599956,PSAVQEEFMTSRVNW,,,True,4.5,2.603941931594511,AQKQSLPYLEAANLL,,,True,5.0,6.285796739465394,NP_014975.2,ELPQNCAFFSQVDID,0.7999999999999999,0.7333333333333333,0.1932910924720901,0.0,0.5230334165149062,0.0,0.4769665834850938,False,2.193826571514008,5.0,NP_001119603,,NP_014975.2,KNLRANSFLPSRINW,0.5178571428571429,0.3333333333333333,,,,,,False,7.970445866910156,,NP_001119603,,NP_014975.2,SNKTAIPHGEALDIN,0.4583333333333333,0.2666666666666666,,,,,,False,3.3061058049837926,,NP_001119603,
ENSG00000102144,PGK1,ENST00000644362,ENSP00000496140,ENSP00000362413,PGK1,ENST00000644362,ENSP00000496140,ENSP00000362413,KITLPVDFVTADKFD,,,True,4.5,0.5224410548849175,DVYVNDAFGTAHRAH,,,True,5.0,3.10212210895299,GPESSKKYAEAVTRA,,,True,5.0,-0.4120567065121293,NP_009938.2,EVVLPVDFIIADAFS,0.5416666666666666,0.5333333333333333,,,,,,False,-0.1246912812859904,,NP_000282,,NP_009938.2,DVYINDAFGTAHRAH,1.0,0.9333333333333332,0.6036959179615912,0.0,0.4403003556324337,0.0,0.5596996443675663,False,0.5466464433182721,5.0,NP_000282,,NP_009938.2,RKLFAATVAKAKTIV,0.4583333333333333,0.2,,,,,,False,3.824006876357832,,NP_000282,
ENSG00000198887,SMC5,ENST00000361138,ENSP00000354957,ENSP00000354957,SMC5,ENST00000361138,ENSP00000354957,ENSP00000354957,INEKFSNFFSSMQCA,,,True,4.5,1.0183872912736884,EDKLRQRFRDTYDAV,,,True,5.0,2.451180827045211,KNKLESDYMAASSQL,,,True,5.5,0.6843811962963638,NP_014608.1,SMNDVIGFFNEREAD,0.4277777777777777,0.1333333333333333,,,,,,False,0.527231131656758,,NP_055925,XP_047278990,NP_014608.1,KKKFVKEMRDTPEFQ,0.5666666666666667,0.2666666666666666,,,,,,False,1.6458644928685515,,NP_055925,XP_047278990,NP_014608.1,SDYLINDYQVSESVV,0.5416666666666666,0.2666666666666666,,,,,,False,3.1091145716624378,,NP_055925,XP_047278990
ENSG00000136628,EPRS1,ENST00000366923,ENSP00000355890,ENSP00000355890,EPRS1,ENST00000366923,ENSP00000355890,ENSP00000355890,IWEAIKDFFDAEIKK,,,True,2.5,5.532797215700454,EKFAGGDYTTTIEAF,,,True,4.0,0.8883481412450108,EGADAETFSEGEMVT,,,True,4.0,6.850861270114811,NP_011269.2,YKDIVVDKDDADVIN,0.4416666666666666,0.2,,,,,,False,1.6890826317537255,,NP_004437,,NP_011269.2,DGKAYCDDTPTEKMR,0.4261904761904762,0.2666666666666666,,,,,,False,0.0537593476258784,,NP_004437,,NP_011269.2,IKGDRITYSSDYFQE,0.376984126984127,0.2,,,,,,False,1.0781353293899492,,NP_004437,
ENSG00000143224,PPOX,ENST00000352210,ENSP00000343943,ENSP00000343943,PPOX,ENST00000352210,ENSP00000343943,ENSP00000343943,KLESARQFLTAHRLP,,,True,5.5,5.261352565389569,IVYDSVAFPEQDGSP,,,True,6.5,-2.721784899166708,ISGLAASYHLSRAPC,,,True,6.5,2.144593455267543,NP_010930.1,IYGDDVSLLSAKRTF,0.5416666666666666,0.2,,,,,,False,-0.4931948132703068,,NP_000300,,NP_010930.1,LNDYSNAFGKDRSKL,0.3111111111111111,0.2,,,,,,False,-0.5367158950429787,,NP_000300,,NP_010930.1,VSGLCFTYFLSKLRP,0.4638888888888888,0.4,,,,,,False,2.259210150118271,,NP_000300,
ENSG00000214517,PPME1,ENST00000328257,ENSP00000329867,ENSP00000329867,PPME1,ENST00000328257,ENSP00000329867,ENSP00000329867,SPVPWSQYFESMEDV,,,True,3.5,0.9092917270193356,FRGLSNLFLSCPIPK,,,True,5.0,3.11491162367688,GKDTFRVYKSGSEGP,,,True,5.5,3.24810621613529,NP_011942.1,SLPTWSDFFDNKELV,0.5,0.4,0.2586360403202346,0.0,0.3305050248995143,0.0,0.6694949751004857,False,3.7616250806095928,3.5,NP_057231,XP_047283072,NP_011942.1,QHALSRLRSSAEIAI,0.3166666666666666,0.3333333333333333,,,,,,False,4.535912062115831,,NP_057231,XP_047283072,NP_011942.1,LQNTPNVFESINDAV,0.3388888888888889,0.2,0.5497632297623637,0.0,0.2370563490388094,0.0,0.7629436509611905,True,3.209249921959959,6.0,NP_057231,XP_047283072
ENSG00000180902,D2HGDH,ENST00000403782,ENSP00000384723,ENSP00000315351,D2HGDH,ENST00000403782,ENSP00000384723,ENSP00000315351,EILSAFEFMDAVCMQ,,,True,3.5,5.738279592132743,FAEVLQTFSTCKGML,,,True,4.5,5.977892423167504,RMNRVLSFHSVSGIL,,,True,6.0,6.283410220928642,NP_010103.1,EILSAFEFMDAKSQV,0.7916666666666666,0.7333333333333333,0.6732133182939345,0.0,0.1178526521771358,0.0,0.8821473478228642,True,4.529443895566527,3.0,NP_689996,XP_011510052,NP_010103.1,SCHVGGVVATNAGGL,0.25,0.2666666666666666,,,,,,False,6.388747725476598,,NP_689996,XP_011510052,NP_010103.1,NGQIVNSMHSMRKDN,0.4666666666666667,0.2666666666666666,,,,,,False,1.605387210532622,,NP_689996,XP_011510052
ENSG00000031698,SARS1,ENST00000234677,ENSP00000234677,ENSP00000234677,SARS1,ENST00000234677,ENSP00000234677,ENSP00000234677,MITTAEEFYQSLGIP,,,True,4.5,3.2527270724750834,DNSYDEKYLIATSEQ,,,True,6.0,-0.5544870551818506,EKSDDNSYDEKYLIA,,,True,6.0,-1.3931746801681737,NP_010306.1,MISYSEEFYKSLKLP,0.6333333333333334,0.6,,,,,,False,-1.0842932795373044,,NP_006504,,NP_010306.1,IDGEDEKYLIATSEQ,1.0,0.7333333333333333,,,,,,False,-0.4491124813659741,,NP_006504,,NP_010306.1,LYKVIDGEDEKYLIA,0.6,0.4666666666666667,,,,,,False,3.630261864687984,,NP_006504,
ENSG00000100297,MCM5,ENST00000416905,ENSP00000393977,ENSP00000216122,MCM5,ENST00000416905,ENSP00000393977,ENSP00000216122,FDDPGIFYSDSFGGD,,,True,5.0,0.7044359599257868,TDGSGRSFAGAVSPQ,,,True,5.5,-0.4134519016161712,TLSGVEGFTSQEDQE,,,True,5.5,0.6067554848222486,NP_013376.1,IVGIYSIYNSKNGAG,0.3611111111111111,0.1333333333333333,,,,,,False,2.415234810435014,,NP_006730,XP_047297322,NP_013376.1,IYSIYNSKNGAGSGR,0.5111111111111111,0.2666666666666666,,,,,,False,-0.8382527848677745,,NP_006730,XP_047297322,NP_013376.1,KGSSAAGLTASVQRD,0.375,0.2,,,,,,False,1.5924283430858053,,NP_006730,XP_047297322
ENSG00000144028,SNRNP200,ENST00000323853,ENSP00000317123,ENSP00000317123,SNRNP200,ENST00000323853,ENSP00000317123,ENSP00000317123,EEGDEDVYGEVREEA,,,True,4.5,-1.404842291660389,QRQLSRFYDDAIVSQ,,,True,5.0,0.283899402675092,YNSDDNVFVGAPTGS,,,True,5.5,-2.082317263450986,NP_011099.1,HEISQGVYGAVYETL,0.7916666666666666,0.4,,,,,,False,1.4822871012719538,,NP_054733,,NP_011099.1,QSLELMIYDDAHEIS,0.6,0.3333333333333333,0.6365215037671682,0.0,0.3487547888993196,0.0,0.6512452111006803,False,3.2804582825567605,4.0,NP_054733,,NP_011099.1,YNSNDSVFVGSGKGT,0.6749999999999999,0.6,,,,,,False,-0.0005690961917834,,NP_054733,
ENSG00000106089,STX1A,ENST00000395154,ENSP00000378583,ENSP00000222812,STX1A,ENST00000395154,ENSP00000378583,ENSP00000222812,RDRFMDEFFEQVEEI,topological domain,Cytoplasmic,True,3.5,2.068684120969434,ESGNPAIFASGIIMD,topological domain,Cytoplasmic,True,6.0,3.9002896758052414,FVEVMSEYNATQSDY,topological domain,Cytoplasmic,True,6.0,6.006972178130965,NP_013908.1,NNNPYAENYEMQEDL,0.4880952380952381,0.2,,,,,,False,-0.0563390003063231,,NP_004594,,NP_015092.1,DVGGQQIFSQALLNA,0.4583333333333333,0.2,,,,,,False,0.2801434681786563,,NP_004594,,NP_015092.1,PEATEDEVEAAISDV,0.4583333333333333,0.2666666666666666,,,,,,False,0.8788386218274971,,NP_004594,
ENSG00000161057,PSMC2,ENST00000678493,ENSP00000502939,ENSP00000292644,PSMC2,ENST00000678493,ENSP00000502939,ENSP00000292644,KIATEKDFLEAVNKV,,,True,3.5,4.195386037687653,EEKPDVTYSDVGGCK,,,True,6.0,-1.0141152862574347,GGGGMPDYLGADQRK,,,True,6.0,2.5289559066963867,NP_012777.1,KVATEKDFLKAVDKV,0.7277777777777779,0.8,,,,,,False,1.327985192951633,,NP_002794,,NP_012777.1,EEKPDVTYSDVGGCK,1.0,1.0,0.6115877384790347,0.0,0.3665824328999292,0.0,0.6334175671000708,False,-1.0141152862574347,6.0,NP_002794,,NP_012777.1,KVATEKDFLKAVDKV,0.5166666666666667,0.2,,,,,,False,1.327985192951633,,NP_002794,
ENSG00000275903,PSMB3,ENST00000619951,ENSP00000483956,ENSP00000483956,PSMB3,ENST00000619951,ENSP00000483956,ENSP00000483956,CPMVTDDFVVSGTCA,,,True,5.5,0.539916032099945,DPKTFKPFICSLDLI,,,True,6.0,0.4345957625368453,NMDPDHLFETISQAM,,,True,6.5,0.395045898494076,NP_011020.3,CIDEAKDFIVSGTAS,0.9583333333333334,0.4666666666666667,,,,,,False,2.092183038498769,,NP_002786,,NP_011020.3,NSKSGKPFIAGFDLI,0.6666666666666666,0.5333333333333333,,,,,,False,-0.0582567674907391,,NP_002786,,NP_011020.3,NLEPEDLFETISQAL,1.0,0.6666666666666666,0.6856582595320058,0.0,0.187908055629361,0.0,0.812091944370639,True,1.4713617411298128,6.0,NP_002786,
ENSG00000277791,PSMB3,ENST00000619426,ENSP00000483688,ENSP00000483688,PSMB3,ENST00000619426,ENSP00000483688,ENSP00000483688,CPMVTDDFVVSGTCA,,,True,5.5,0.539916032099945,DPKTFKPFICSLDLI,,,True,6.0,0.4345957625368453,NMDPDHLFETISQAM,,,True,6.5,0.395045898494076,NP_011020.3,CIDEAKDFIVSGTAS,0.9583333333333334,0.4666666666666667,,,,,,False,2.092183038498769,,NP_002786,,NP_011020.3,NSKSGKPFIAGFDLI,0.6666666666666666,0.5333333333333333,,,,,,False,-0.0582567674907391,,NP_002786,,NP_011020.3,NLEPEDLFETISQAL,1.0,0.6666666666666666,0.6856582595320058,0.0,0.187908055629361,0.0,0.812091944370639,True,1.4713617411298128,6.0,NP_002786,
ENSG00000243725,TTC4,ENST00000371281,ENSP00000360329,ENSP00000360329,TTC4,ENST00000371281,ENSP00000360329,ENSP00000360329,IDHLMVMFGETPSWD,,,True,4.5,1.776022881811654,PEYAQSDFISAFHED,,,True,4.5,5.499125400972551,SEGLGELFLDGLSTE,,,True,4.5,-0.6792363902294829,NP_009713.1,TPKKVLVFMETKAGG,0.4833333333333333,0.2,0.5849780168270201,0.0,0.5993616119238192,0.0,0.4006383880761808,False,-0.2527928489211921,5.0,NP_004614,,NP_009713.1,PTQDEFDFVGEVSEL,0.3833333333333333,0.2666666666666666,,,,,,False,-0.490920140861195,,NP_004614,,NP_009713.1,VQELVDLVLEGPQER,0.525,0.2666666666666666,,,,,,False,-0.434195836094542,,NP_004614,
ENSG00000130725,UBE2M,ENST00000253023,ENSP00000253023,ENSP00000253023,UBE2M,ENST00000253023,ENSP00000253023,ENSP00000253023,PKTCDISFSDPDDLL,,,True,5.0,3.274814357319662,ICPDEGFYKSGKFVF,,,True,6.0,4.938513643906639,VICPDEGFYKSGKFV,,,True,6.0,-1.9568502937389367,NP_013409.1,FLFLEPNPNDPLNKD,0.3214285714285714,0.1333333333333333,,,,,,False,6.710359349029319,,NP_003960,,NP_013409.1,VRPDEGYYNYGSINF,0.3571428571428571,0.4666666666666667,,,,,,False,1.6379701458042293,,NP_003960,,NP_013409.1,IVRPDEGYYNYGSIN,0.3571428571428572,0.4,,,,,,False,-5.451072657312452,,NP_003960,
ENSG00000177000,MTHFR,ENST00000376592,ENSP00000365777,ENSP00000365775,MTHFR,ENST00000376592,ENSP00000365777,ENSP00000365775,FQKAYLEFFTSRETA,,,True,2.5,-0.3896256681148013,DFIITQLFFEADTFF,,,True,3.0,-0.6167414139351705,WEEEEGGFNYAVDLV,,,True,4.0,-0.9358157709792368,NP_011390.2,DTLKNNEFLTYFAID,0.4107142857142857,0.2,0.3599022146028509,0.0,0.1702049819025004,0.0,0.8297950180974994,True,-3.2437668047354,6.0,NP_005948,XP_005263520,NP_011390.2,DFIITQMFYDVDNFI,0.3603174603174603,0.6,0.6803746156117189,0.0,0.2039112241422102,0.0,0.7960887758577898,True,6.150966136280919,5.5,NP_005948,XP_005263520,NP_011390.2,WTPVEGGFQYAKDLI,0.8333333333333334,0.6,,,,,,False,1.3482081465172766,,NP_005948,XP_005263520
ENSG00000177954,RPS27,ENST00000651669,ENSP00000499044,ENSP00000499044,RPS27,ENST00000651669,ENSP00000499044,ENSP00000499044,CYKITTVFSHAQTVV,,,True,6.0,4.31262867105186,VQSPNSYFMDVKCPG,,,True,6.5,3.0171343239337864,DVKCPGCYKITTVFS,,,True,7.5,1.5042545465704018,NP_011885.1,CLNITTVFSHAQTAV,1.0,0.8,,,,,,False,2.166706932915775,,NP_001021,,NP_011885.1,VQGPRSYFLDVKCPG,0.9166666666666666,0.8,0.414269696604191,0.0,0.1409380878406144,0.0,0.8590619121593855,True,2.6853652342999954,6.5,NP_001021,,NP_011885.1,DVKCPGCLNITTVFS,0.625,0.8666666666666667,,,,,,False,1.0991054374510831,,NP_001021,
ENSG00000112294,ALDH5A1,ENST00000491546,ENSP00000417687,ENSP00000350191,ALDH5A1,ENST00000491546,ENSP00000417687,ENSP00000350191,GLAPFIVFDSANVDQ,,,True,5.0,2.2781689875239723,HDAFVKAFAEAMKKN,,,True,5.0,-0.0468365860601128,NLRVGNGFEEGTTQG,,,True,5.0,1.1458020322656588,NP_009560.1,GNAPFIVFEDADLDQ,0.6083333333333333,0.6666666666666666,0.6634742959875453,0.0,0.1947157752148789,0.0,0.805284224785121,True,0.3679863794856867,4.5,NP_001071,,NP_009560.1,TLENGKALGEAKGEI,0.4444444444444444,0.2666666666666666,,,,,,False,-0.3844814127354555,,NP_001071,,NP_009560.1,YLAEKAGFPKGSFNV,0.4539682539682539,0.2666666666666666,,,,,,False,0.8861739409407599,,NP_001071,
ENSG00000100883,SRP54,ENST00000678477,ENSP00000504671,ENSP00000216774,SRP54,ENST00000678477,ENSP00000504671,ENSP00000216774,CEAQAKAFKDKVDVA,,,True,5.5,6.615516202788776,ATKARIPFYGSYTEM,,,True,5.5,0.1023317767901512,IPGFGTDFMSKGNEQ,,,True,6.0,6.20333639642581,NP_015413.1,AEQQSKAFKESSDFG,0.7333333333333334,0.4666666666666667,0.5249143054886447,0.0,0.6483225491052514,0.0,0.3516774508947485,False,-3.059211643487544,4.0,NP_003127,,NP_015413.1,AIRARIPFYGSYTET,1.0,0.8,,,,,,False,0.1884043813364148,,NP_003127,,NP_015413.1,KMVYVLDSMTKEELE,0.45,0.2,,,,,,False,1.3196191773593873,,NP_003127,
ENSG00000156269,NAA11,ENST00000511542,ENSP00000422022,ENSP00000286794,NAA11,ENST00000511542,ENSP00000422022,ENSP00000286794,SEVEPKYYADGEDAY,,,True,5.0,-0.0438207534851933,ESTNVQDSSESSDST,,,True,6.5,-0.9209560395021098,NVQDSSESSDSTSGG,,,True,7.0,-1.460408627166324,NP_011877.1,LSIEKSYYQDGEDAY,0.7999999999999999,0.6,0.5698916449459465,0.0,0.2299757052855622,0.0,0.7700242947144377,True,0.9446384117805946,5.0,NP_116082,XP_016864268,NP_011877.1,TTLDCEDSDEQDEND,0.5666666666666667,0.2,,,,,,False,-1.857703990465434,,NP_116082,XP_016864268,NP_011877.1,TTTLDCEDSDEQDEN,0.5,0.2,,,,,,False,-0.0276827002285005,,NP_116082,XP_016864268
ENSG00000103485,QPRT,ENST00000449759,ENSP00000404873,ENSP00000378782,QPRT,ENST00000449759,ENSP00000404873,ENSP00000378782,GVLAGQPFFDAIFTQ,,,True,3.5,0.695829153308276,AARQAADFTLKVEVE,,,True,6.5,6.599635813261024,ATVLKAQFPSVAVEA,,,True,7.0,6.9858164697433125,NP_602317.3,GMLCGVPFAQEVFNQ,0.3833333333333333,0.4666666666666667,,,,,,False,0.942793152754933,,NP_055113,XP_005255280,NP_602317.3,NARAVCGFAVKIEVE,0.513888888888889,0.4666666666666667,,,,,,False,4.459226067321791,,NP_055113,XP_005255280,NP_602317.3,PGLRRLEKYSMLVGG,0.2619047619047619,0.1333333333333333,,,,,,False,4.157327156017317,,NP_055113,XP_005255280
ENSG00000160211,G6PD,ENST00000696421,ENSP00000512616,ENSP00000377192,G6PD,ENST00000696421,ENSP00000512616,ENSP00000377192,NSYVAGQYDDAASYQ,,,True,4.5,9.805502029490976,YPTIWWLFRDGLLPE,,,True,5.5,2.339391738269464,ELFQGDAFHQSDTHI,,,True,5.5,0.1543697026249038,NP_014158.1,KVEIRLQYKAVASGV,0.3833333333333333,0.2666666666666666,,,,,,False,4.877271916682804,,NP_000393,,NP_014158.1,FPALFGLFREGYLDP,0.9,0.4,0.6729204454677801,0.0,0.3644935295353735,0.0,0.6355064704646264,False,-0.2031839709170558,5.5,NP_000393,,NP_014158.1,MMRAGKALNESKVEI,0.4277777777777778,0.2666666666666666,,,,,,False,-2.3666132619649485,,NP_000393,
ENSG00000198898,CAPZA2,ENST00000490693,ENSP00000419484,ENSP00000354947,CAPZA2,ENST00000361183,ENSP00000354947,ENSP00000354947,VEAAENEYQTAISEN,,,True,3.5,-1.0374581843677422,IHAPPGEFNEVFNDV,,,True,5.5,3.6797629871508217,VENAVESWRTSVETA,,,True,5.5,2.945316372235628,NP_012918.1,YEDGNVSFQSGKDIN,0.2916666666666667,0.2,0.5329467999241925,0.0,0.4424597212240996,0.0,0.5575402787759004,False,-0.0870775823795205,4.0,NP_006127,,NP_012918.1,NDSPPGELREVYDDL,0.5277777777777778,0.4666666666666667,,,,,,False,0.7700766231894882,,NP_006127,,NP_012918.1,NNFWNGHWRSSYIYD,0.3958333333333333,0.2,,,,,,False,10.581800422296917,,NP_006127,
ENSG00000108654,DDX5,ENST00000225792,ENSP00000225792,ENSP00000225792,DDX5,ENST00000225792,ENSP00000225792,ENSP00000225792,CPKPVLNFYEANFPA,,,True,3.5,-0.6188173079332404,TPGRLIDFLECGKTN,,,True,4.0,4.323742788379952,NGSFGSNFVSAGIQT,,,True,5.0,4.728847342863849,NP_014287.3,IPKPITTFDEAGFPD,0.5833333333333334,0.5333333333333333,0.5195995576155242,0.0,0.5952273550361942,0.0,0.4047726449638058,False,1.1703920658375513,4.0,NP_004387,,NP_014287.3,TPGRLIDMLEIGKTN,0.625,0.8666666666666667,,,,,,False,4.860471110926219,,NP_004387,,NP_014287.3,FPDYVLNEVKAEGFD,0.2888888888888889,0.2,,,,,,False,0.5917803056473605,,NP_004387,
ENSG00000158578,ALAS2,ENST00000396198,ENSP00000379501,ENSP00000497236,ALAS2,ENST00000396198,ENSP00000379501,ENSP00000497236,AYPFAQHFSEASVAS,,,True,4.5,2.7532012845597693,QKDSALLFSSCFVAN,,,True,5.0,4.095449319363375,ILPGCEIYSDAGNHA,,,True,5.0,5.271277092667232,NP_010518.1,KKEGALVFSSCYVAN,0.375,0.3333333333333333,0.516102461608902,0.0,0.6097956761903823,0.0,0.3902043238096176,False,4.619051225975107,5.0,NP_000023,,NP_010518.1,KKEGALVFSSCYVAN,0.875,0.6666666666666666,0.516102461608902,0.0,0.6097956761903823,0.0,0.3902043238096176,False,4.619051225975107,5.0,NP_000023,,NP_010518.1,KMKDLVIFSDELNHA,0.7166666666666667,0.4,,,,,,False,6.230789579679791,,NP_000023,
ENSG00000092201,SUPT16H,ENST00000216297,ENSP00000216297,ENSP00000216297,SUPT16H,ENST00000216297,ENSP00000216297,ENSP00000216297,SEIEDETFNPSEDDY,,,True,4.0,-2.3933033774575136,GFGMGIEFREGSLVI,,,True,4.5,2.72045165124202,IVDDPEGFFEQGGWS,,,True,4.5,-2.989226630524405,NP_011308.1,NITRTFLIDPSEEMA,0.386111111111111,0.2,,,,,,False,4.045300987558053,,NP_009123,XP_047286855,NP_011308.1,GSLIGLEFRDSNFIL,0.5555555555555556,0.3333333333333333,0.5456369221347652,0.0,0.5905510825171381,0.0,0.4094489174828619,False,-0.8177081331694163,4.0,NP_009123,XP_047286855,NP_011308.1,LQDDPYQFFLDGGWN,0.3083333333333333,0.5333333333333333,,,,,,False,2.17002790173408,,NP_009123,XP_047286855
ENSG00000075826,SEC31B,ENST00000370345,ENSP00000359370,ENSP00000359370,SEC31B,ENST00000370345,ENSP00000359370,ENSP00000359370,LEIFEVDFRDPSLDL,,,True,5.0,2.2424174518349087,TYSGTEKFPELCDML,,,True,5.5,-0.8297020634087733,LCLKEERFADAIILA,,,True,5.5,3.8922963849088177,NP_010086.2,DQQPIVDFLKEELAR,0.35,0.2666666666666666,,,,,,False,0.4884020574179294,,NP_056305,,NP_010086.2,ASIWLSEFPDLEDKL,0.7555555555555555,0.3333333333333333,0.5535251197347018,0.0,0.2479439173355264,0.0,0.7520560826644735,False,8.866918518262192,4.5,NP_056305,,NP_010086.2,ALMKEKKYKEAMVIH,0.463095238095238,0.2,0.7294398108307008,0.0,0.3779263351417058,0.0,0.6220736648582942,False,0.5191283896521109,5.5,NP_056305,
ENSG00000132541,RIDA,ENST00000254878,ENSP00000254878,ENSP00000254878,RIDA,ENST00000254878,ENSP00000254878,ENSP00000254878,LLADINDFNTVNEIY,,,True,5.0,2.2959784153063043,VNEIYKQYFKSNFPA,,,True,6.5,0.4905413634794546,VLVDRTIYISGQIGM,,,True,6.5,4.333129333833286,NP_010978.3,DINHFAEFNSVYAKY,0.5666666666666667,0.2666666666666666,0.4851121357313206,0.0,0.3469883696101914,0.0,0.6530116303898086,False,3.176880931754297,6.0,NP_005827,,NP_010978.3,KAEQVIQNIKNVLEA,0.3055555555555556,0.2666666666666666,,,,,,False,1.5321548463600458,,NP_005827,,NP_010978.3,MKVNNLIFLSGQIPV,0.8333333333333334,0.4,0.6445683821401913,0.0,0.4421708872765016,0.0,0.5578291127234983,False,4.24858204097137,6.0,NP_005827,
ENSG00000125743,SNRPD2,ENST00000342669,ENSP00000342374,ENSP00000465216,SNRPD2,ENST00000342669,ENSP00000342374,ENSP00000465216,QKREEEEFNTGPLSV,,,True,5.0,0.0604478282723912,DRYISKMFLRGDSVI,,,True,7.0,4.148422311382027,KPVNKDRYISKMFLR,,,True,8.5,2.5232590574782616,NP_013377.1,EELEEFEFKHGPMSL,0.525,0.4666666666666667,,,,,,False,4.182412439610199,,NP_004588,,NP_013377.1,ERFISKLFLRGDSVI,0.9166666666666666,0.8,,,,,,False,3.1250055234284675,,NP_004588,,NP_013377.1,NVINRERFISKLFLR,0.9166666666666666,0.5333333333333333,,,,,,False,2.037515968897739,,NP_004588,
ENSG00000230034,PSMB8,ENST00000446762,ENSP00000406878,ENSP00000406878,PSMB8,ENST00000446762,ENSP00000406878,ENSP00000406878,VSDLLHQYREANQGG,,,True,5.0,3.72832110647247,RGMKPTEFFQSLGGD,,,True,5.0,0.4643517090533511,SRASAGSYISALRVN,,,True,5.5,7.702472239243381,NP_015428.1,LSNLVYQYKGAGLSM,0.4277777777777777,0.3333333333333333,,,,,,False,4.3765822477167005,,NP_683720,,NP_015428.1,KEGPTIYYVDSDGTR,0.3154761904761904,0.1333333333333333,0.2569657035520409,0.0,0.3582595483028521,0.0,0.6417404516971479,False,-0.7108711311172295,5.5,NP_683720,,NP_015428.1,LYLGKRSILAAAHRD,0.4166666666666667,0.1333333333333333,,,,,,False,6.631582598669334,,NP_683720,
ENSG00000235715,PSMB8,ENST00000457261,ENSP00000414770,ENSP00000414770,PSMB8,ENST00000457261,ENSP00000414770,ENSP00000414770,VSDLLHQYREANQGG,,,True,5.0,3.72832110647247,RGMQPTEFFQSLGGD,,,True,5.0,0.4643517090533511,SRASAGSYISALRVN,,,True,5.5,7.702472239243381,NP_015428.1,LSNLVYQYKGAGLSM,0.4277777777777777,0.3333333333333333,,,,,,False,4.3765822477167005,,NP_683720,,NP_015428.1,KEGPTIYYVDSDGTR,0.3154761904761904,0.1333333333333333,0.2569657035520409,0.0,0.3582595483028521,0.0,0.6417404516971479,False,-0.7108711311172295,5.5,NP_683720,,NP_015428.1,LYLGKRSILAAAHRD,0.4166666666666667,0.1333333333333333,,,,,,False,6.631582598669334,,NP_683720,
ENSG00000170445,HARS1,ENST00000675698,ENSP00000501581,ENSP00000425634,HARS1,ENST00000675698,ENSP00000501581,ENSP00000425634,SLARGLDYYTGVIYE,,,True,4.5,5.962787980792913,TRGRYREFYQCDFDI,,,True,4.5,2.2009955658972307,REFYQCDFDIAGNFD,,,True,5.5,4.402297891244774,NP_015358.1,SLARGLDYYTGLIYE,1.0,0.9333333333333332,0.5130274395057061,0.0,0.5898366840604855,0.0,0.4101633159395144,False,5.962787980792913,4.5,NP_002100,,NP_015358.1,TKGRMREFYQCDFDV,1.0,0.8,,,,,,False,5.56875574684088,,NP_002100,,NP_015358.1,REFYQCDFDVAGTFE,0.7916666666666666,0.8,,,,,,False,0.512527580744368,,NP_002100,
ENSG00000169599,NFU1,ENST00000303698,ENSP00000306965,ENSP00000387219,NFU1,ENST00000474230,ENSP00000418882,ENSP00000387219,IYATIMDFFASGLPL,,,True,5.0,2.2880137274588,GDVIYKGFEDGIVQL,,,True,5.5,-0.7498871770261432,VMDDESDEKEANSPG,,,True,6.0,-1.0593625804841422,NP_012884.3,IKPEIIDLLTKQLAY,0.3333333333333333,0.2666666666666666,,,,,,False,2.786103742592405,,NP_001002755,,NP_012884.3,MPKFELTEEDEEVSE,0.2666666666666666,0.2,,,,,,False,-0.054672834307196,,NP_001002755,,NP_012884.3,PKFELTEEDEEVSEL,0.5055555555555555,0.2,,,,,,False,2.904705274211129,,NP_001002755,
ENSG00000236443,PSMB8,ENST00000427919,ENSP00000406913,ENSP00000402406,PSMB8,ENST00000427919,ENSP00000406913,ENSP00000402406,VSDLLHQYREANQGG,,,True,5.0,3.72832110647247,RGMQPTEFFQSLGGD,,,True,5.0,0.4643517090533511,SRASAGSYISALRVN,,,True,5.5,7.702472239243381,NP_015428.1,LSNLVYQYKGAGLSM,0.4277777777777777,0.3333333333333333,,,,,,False,4.3765822477167005,,NP_683720,,NP_015428.1,KEGPTIYYVDSDGTR,0.3154761904761904,0.1333333333333333,0.2569657035520409,0.0,0.3582595483028521,0.0,0.6417404516971479,False,-0.7108711311172295,5.5,NP_683720,,NP_015428.1,LYLGKRSILAAAHRD,0.4166666666666667,0.1333333333333333,,,,,,False,6.631582598669334,,NP_683720,
ENSG00000168522,FNTA,ENST00000302279,ENSP00000303423,ENSP00000303423,FNTA,ENST00000302279,ENSP00000303423,ENSP00000303423,DLHEEMNYITAIIEE,,,True,4.5,3.770589047751001,KFRDVYDYFRAVLQR,,,True,5.0,1.279097559762946,QIIYSDKFRDVYDYF,,,True,6.0,2.668002471666158,NP_012906.3,ELSPRALQLTAEIID,0.425,0.2666666666666666,,,,,,False,4.036508611613868,,NP_002018,,NP_012906.3,LLAIKYDPIRKNLWH,0.3952380952380952,0.2666666666666666,,,,,,False,2.59481894892815,,NP_002018,,NP_012906.3,RMFYWVNAKDVISKV,0.3166666666666666,0.2,,,,,,False,0.8972765680994297,,NP_002018,
ENSG00000230669,PSMB8,ENST00000446855,ENSP00000394090,ENSP00000406797,PSMB8,ENST00000446855,ENSP00000394090,ENSP00000406797,VSDLLHQYREANQGG,,,True,5.0,3.72832110647247,RGMQPTEFFQSLGGD,,,True,5.0,0.4643517090533511,SRASAGSYISALRVN,,,True,5.5,7.702472239243381,NP_015428.1,LSNLVYQYKGAGLSM,0.4277777777777777,0.3333333333333333,,,,,,False,4.3765822477167005,,NP_683720,,NP_015428.1,KEGPTIYYVDSDGTR,0.3154761904761904,0.1333333333333333,0.2569657035520409,0.0,0.3582595483028521,0.0,0.6417404516971479,False,-0.7108711311172295,5.5,NP_683720,,NP_015428.1,LYLGKRSILAAAHRD,0.4166666666666667,0.1333333333333333,,,,,,False,6.631582598669334,,NP_683720,
ENSG00000226201,PSMB8,ENST00000425784,ENSP00000404615,ENSP00000394155,PSMB8,ENST00000425784,ENSP00000404615,ENSP00000394155,VSDLLHQYREANQGG,,,True,5.0,3.72832110647247,RGMQPTEFFQSLGGD,,,True,5.0,0.4643517090533511,SRASAGSYISALRVN,,,True,5.5,7.702472239243381,NP_015428.1,LSNLVYQYKGAGLSM,0.4277777777777777,0.3333333333333333,,,,,,False,4.3765822477167005,,NP_683720,,NP_015428.1,KEGPTIYYVDSDGTR,0.3154761904761904,0.1333333333333333,0.2569657035520409,0.0,0.3582595483028521,0.0,0.6417404516971479,False,-0.7108711311172295,5.5,NP_683720,,NP_015428.1,LYLGKRSILAAAHRD,0.4166666666666667,0.1333333333333333,,,,,,False,6.631582598669334,,NP_683720,
ENSG00000206298,PSMB8,ENST00000399630,ENSP00000382538,ENSP00000372723,PSMB8,ENST00000399630,ENSP00000382538,ENSP00000372723,VSDLLHQYREANQGG,,,True,5.0,3.72832110647247,RGMQPTEFFQSLGGD,,,True,5.0,0.4643517090533511,SRASAGSYISALRVN,,,True,5.5,7.702472239243381,NP_015428.1,LSNLVYQYKGAGLSM,0.4277777777777777,0.3333333333333333,,,,,,False,4.3765822477167005,,NP_683720,,NP_015428.1,KEGPTIYYVDSDGTR,0.3154761904761904,0.1333333333333333,0.2569657035520409,0.0,0.3582595483028521,0.0,0.6417404516971479,False,-0.7108711311172295,5.5,NP_683720,,NP_015428.1,LYLGKRSILAAAHRD,0.4166666666666667,0.1333333333333333,,,,,,False,6.631582598669334,,NP_683720,
ENSG00000231631,PSMB8,ENST00000435978,ENSP00000414731,ENSP00000404585,PSMB8,ENST00000435978,ENSP00000414731,ENSP00000404585,VSDLLHQYREANQGG,,,True,5.0,3.72832110647247,RGMQPTEFFQSLGGD,,,True,5.0,0.4643517090533511,SRASAGSYISALRVN,,,True,5.5,7.702472239243381,NP_015428.1,LSNLVYQYKGAGLSM,0.4277777777777777,0.3333333333333333,,,,,,False,4.3765822477167005,,NP_683720,,NP_015428.1,KEGPTIYYVDSDGTR,0.3154761904761904,0.1333333333333333,0.2569657035520409,0.0,0.3582595483028521,0.0,0.6417404516971479,False,-0.7108711311172295,5.5,NP_683720,,NP_015428.1,LYLGKRSILAAAHRD,0.4166666666666667,0.1333333333333333,,,,,,False,6.631582598669334,,NP_683720,
ENSG00000204264,PSMB8,ENST00000395339,ENSP00000378748,ENSP00000364016,PSMB8,ENST00000395339,ENSP00000378748,ENSP00000364016,VSDLLHQYREANQGG,,,True,5.0,3.72832110647247,RGMQPTEFFQSLGGD,,,True,5.0,0.4643517090533511,SRASAGSYISALRVN,,,True,5.5,7.702472239243381,NP_015428.1,LSNLVYQYKGAGLSM,0.4277777777777777,0.3333333333333333,,,,,,False,4.3765822477167005,,NP_683720,,NP_015428.1,KEGPTIYYVDSDGTR,0.3154761904761904,0.1333333333333333,0.2569657035520409,0.0,0.3582595483028521,0.0,0.6417404516971479,False,-0.7108711311172295,5.5,NP_683720,,NP_015428.1,LYLGKRSILAAAHRD,0.4166666666666667,0.1333333333333333,,,,,,False,6.631582598669334,,NP_683720,
ENSG00000106263,EIF3B,ENST00000360876,ENSP00000354125,ENSP00000354125,EIF3B,ENST00000360876,ENSP00000354125,ENSP00000354125,WEEETIEFFVTEEII,,,True,3.0,0.2946884972697619,SMNGALAFVDTSDCT,,,True,4.0,1.9014028037832016,GDADEPSFSDPEDFV,,,True,4.0,1.6756420315679923,NP_015006.3,FSDLEEQYKVTEEFN,0.5380952380952381,0.2666666666666666,,,,,,False,0.8098188033873166,,NP_001032360,XP_047276957,NP_015006.3,MFNEEDSLVESRENW,0.3833333333333333,0.1333333333333333,,,,,,False,-0.8495861709832808,,NP_001032360,XP_047276957,NP_015006.3,IPVDDIDFSDLEEQY,0.4416666666666666,0.3333333333333333,0.3530853604018647,0.0,0.25448354258827,0.0,0.7455164574117301,False,-1.9824731216558669,4.0,NP_001032360,XP_047276957
ENSG00000087157,PGS1,ENST00000262764,ENSP00000262764,ENSP00000262764,PGS1,ENST00000262764,ENSP00000262764,ENSP00000262764,CAEIADFFTELVDAV,,,True,5.0,3.0572155708968083,VLSSPAEFFELMKGQ,,,True,5.0,0.0676608153096375,IRNLVPEFGVSSSHV,,,True,5.5,0.0632921014454201,NP_009923.2,ANLSNDYFTNRQDRY,0.5047619047619049,0.2666666666666666,,,,,,False,-0.0192737847812047,,NP_077733,XP_047293057,NP_009923.2,IIESPSQFYDLLKTK,0.6936507936507935,0.3333333333333333,0.5799507584419525,0.0,0.1105539895841198,0.0,0.8894460104158801,True,2.84111250261937,5.5,NP_077733,XP_047293057,NP_009923.2,ANGFYQSKGVSSNLP,0.4277777777777777,0.2666666666666666,,,,,,False,2.933136008670904,,NP_077733,XP_047293057
ENSG00000122965,RBM19,ENST00000545145,ENSP00000442053,ENSP00000376344,RBM19,ENST00000545145,ENSP00000442053,ENSP00000376344,GITAIVEFLEPLEAR,,,True,4.5,2.5881349061614696,LFIKNLNFDTTEEKL,,,True,4.5,0.1267920793016208,KLKEDTEFQEFLSVH,,,True,5.0,1.9892189492933028,NP_015437.1,RGFAFVEFLLPKEAE,0.7083333333333334,0.5333333333333333,,,,,,False,2.3307072531637223,,NP_001140170,XP_016875770,NP_015437.1,IFIKNLNFSTTNQNL,0.7333333333333334,0.6666666666666666,0.3227903403010929,0.0,0.3478099601020911,0.0,0.6521900398979089,False,0.5662253270970197,5.5,NP_001140170,XP_016875770,NP_015437.1,EIRKNKQLQEFMETM,0.5666666666666667,0.2,,,,,,False,-0.911218310682124,,NP_001140170,XP_016875770
ENSG00000133313,CNDP2,ENST00000324262,ENSP00000325548,ENSP00000325548,CNDP2,ENST00000324262,ENSP00000325548,ENSP00000325548,SIPVTLTFQEATGKN,,,True,4.0,0.2818528064721139,FARKDTFFKDVDYVC,,,True,6.5,6.835206369244119,TEEEHKLYDDIDFDI,,,True,6.5,0.1014043216158687,NP_116702.1,SIPITLTFQDALNTS,0.7222222222222223,0.6,0.4941270427683047,0.0,0.4187001037069727,0.0,0.5812998962930273,False,2.980242791123628,4.0,NP_060705,XP_047293580,NP_116702.1,TEKEKALYKDIEFSV,0.6130952380952381,0.1333333333333333,0.6369719915318877,0.0,0.2116011100250007,0.0,0.7883988899749992,True,0.1625114638800626,7.0,NP_060705,XP_047293580,NP_116702.1,TEKEKALYKDIEFSV,0.7999999999999999,0.5333333333333333,0.6369719915318877,0.0,0.2116011100250007,0.0,0.7883988899749992,True,0.1625114638800626,7.0,NP_060705,XP_047293580
ENSG00000104812,GYS1,ENST00000323798,ENSP00000317904,ENSP00000317904,GYS1,ENST00000323798,ENSP00000317904,ENSP00000317904,KVIFHPEFLSSTSPL,,,True,4.0,0.0105243865537689,TIRRIGLFNSSADRV,,,True,4.5,8.251638222364365,SNKGADVFLEALARL,,,True,4.5,1.8536589798812289,NP_116670.1,KVIFHPEFLNANNPI,0.5972222222222222,0.6666666666666666,,,,,,False,3.8897703105004062,,NP_002094,,NP_116670.1,QIRHVRLFNDSSDRV,0.8333333333333334,0.6,0.3765763449517645,0.0,0.6188711585273031,0.0,0.3811288414726968,False,-0.0584259991810776,4.0,NP_002094,,NP_013359.1,KNKGADMFIEALARL,0.7833333333333333,0.8,0.5463292287342197,0.0,0.6451878570838551,0.0,0.3548121429161449,False,2.7207033269088194,4.5,NP_002094,
ENSG00000138430,OLA1,ENST00000284719,ENSP00000284719,ENSP00000284719,OLA1,ENST00000284719,ENSP00000284719,ENSP00000284719,AALQLEYFFTAGPDE,,,True,4.0,3.891274979082417,FAALQLEYFFTAGPD,,,True,5.5,4.045463205729385,PGALVIPFSGALELK,,,True,5.5,1.1646028484858533,NP_009581.1,EIINSMFLLTAKPCI,0.5833333333333334,0.2,,,,,,False,0.0487430332293461,,NP_037473,,NP_009581.1,RQKLDLISFFTCGPD,0.4583333333333333,0.5333333333333333,,,,,,False,-0.3491132839430827,,NP_037473,,NP_009581.1,PGDLIIPFSVSLEER,0.5833333333333334,0.6,,,,,,False,1.029495069364128,,NP_037473,
ENSG00000113810,SMC4,ENST00000469762,ENSP00000417964,ENSP00000341382,SMC4,ENST00000469762,ENSP00000417964,ENSP00000341382,ITYERDSFRQAYEDL,,,True,5.0,1.1010648161457233,LVDSLDPFSEGIMFS,,,True,5.0,5.150252554612591,EVIPNSNFYVSRTAC,,,True,5.5,0.6741703513155515,NP_013187.1,LSERENNFRVASDTV,0.5000000000000001,0.2,,,,,,False,2.8961753008087325,,NP_005487,,NP_013187.1,LVDSLDPFSEGVTFS,0.7999999999999999,0.8666666666666667,0.7278108186007628,0.0,0.2907896922497766,0.0,0.7092103077502234,False,2.4993684923994395,4.5,NP_005487,,NP_013187.1,SKINELSYYVEETNV,0.6130952380952381,0.2666666666666666,,,,,,False,0.6220982596747566,,NP_005487,
ENSG00000088035,ALG6,ENST00000603108,ENSP00000473934,ENSP00000263440,ALG6,ENST00000603108,ENSP00000473934,ENSP00000263440,NLPVKQWYFNSSDNN,,,True,5.5,4.245961691992857,LPVKQWYFNSSDNNL,,,True,5.5,6.230954433915517,GAGKPPMFGDYEAQR,,,True,6.5,-3.10078601325779,NP_014644.1,PLLPITLLYSSTDWN,0.3214285714285714,0.2666666666666666,,,,,,False,3.508422219513604,,NP_037471,,NP_014644.1,LGLIGSFFNPSWFAL,0.4761904761904762,0.3333333333333333,,,,,,False,1.213333361029424,,NP_037471,,NP_014644.1,GKGSPPLYGDFEAQR,0.7380952380952381,0.6666666666666666,0.4791204682212864,0.0,0.346882947943839,0.0,0.6531170520561609,False,-0.0002200922906542,7.0,NP_037471,
ENSG00000283104,SARS2,ENST00000634687,ENSP00000489539,ENSP00000489539,SARS2,ENST00000634687,ENSP00000489539,ENSP00000489539,SSQLLEEFLSLQMEI,,,True,5.5,5.756138537069278,PQLDIERFCACPEEA,,,True,6.0,0.4756975145146764,KRNRNLLYEYAREGY,,,True,6.0,2.9435477401397705,NP_011875.1,GLYRVHEFTKVELFC,0.425,0.1333333333333333,,,,,,False,5.781167479817038,,NP_060297,,NP_011875.1,KKANENGFSSCVPPS,0.253968253968254,0.1333333333333333,0.2833885760532345,0.0,0.5960128576550194,0.0,0.4039871423449805,False,1.13394827132581,5.0,NP_060297,,NP_011875.1,ARLEQALVAYALKKA,0.45,0.2666666666666666,,,,,,False,-0.1150318405527546,,NP_060297,
ENSG00000104835,SARS2,ENST00000221431,ENSP00000221431,ENSP00000221431,SARS2,ENST00000221431,ENSP00000221431,ENSP00000221431,SSQLLEEFLSLQMEI,,,True,5.5,5.756138537069278,PQLDIERFCACPEEA,,,True,6.0,0.4756975145146764,KRNRNLLYEYAREGY,,,True,6.0,2.9435477401397705,NP_011875.1,GLYRVHEFTKVELFC,0.425,0.1333333333333333,,,,,,False,5.781167479817038,,NP_060297,,NP_011875.1,KKANENGFSSCVPPS,0.253968253968254,0.1333333333333333,0.2833885760532345,0.0,0.5960128576550194,0.0,0.4039871423449805,False,1.13394827132581,5.0,NP_060297,,NP_011875.1,ARLEQALVAYALKKA,0.45,0.2666666666666666,,,,,,False,-0.1150318405527546,,NP_060297,
ENSG00000120800,UTP20,ENST00000261637,ENSP00000261637,ENSP00000261637,UTP20,ENST00000261637,ENSP00000261637,ENSP00000261637,SKEHFGTFFECLQES,,,True,3.0,-0.6617498845016622,EEEVETYFFEGLLKW,,,True,3.0,2.262012903743174,VIPLVTGFIEALFMT,,,True,4.5,0.0053820707386171,NP_009551.2,LTNISDCFLEFFQFA,0.4259259259259259,0.2,0.4697411990690522,0.0,0.3409156595704473,0.0,0.6590843404295527,False,0.4535256779614027,6.0,NP_055318,,NP_009551.2,GDDEQTNLYEGLLIL,0.5158730158730159,0.3333333333333333,,,,,,False,-0.3342865948076919,,NP_055318,,NP_009551.2,ILLPLYGYLETYYSR,0.5595238095238095,0.1333333333333333,0.4836849989340586,0.0,0.663758892860235,0.0,0.3362411071397649,False,6.094862679953963,5.5,NP_055318,
ENSG00000115257,PCSK4,ENST00000591201,ENSP00000465102,ENSP00000300954,PCSK4,ENST00000300954,ENSP00000300954,ENSP00000300954,YRYTLLLYGTAEDMT,,,True,4.5,4.439828001193284,QQGRVPWYSEACAST,,,True,5.0,3.603705873909083,EGYNNWVFMSTHFWD,,,True,5.5,3.5879616602783058,NP_014161.1,HSWRLKLFGESIDSS,0.5916666666666667,0.2666666666666666,0.3545032184040389,0.0,0.6931152560239682,0.0,0.3068847439760317,False,4.628587080861406,4.0,NP_060043,XP_047294946,NP_014161.1,HKDLHPPYSEGCSAV,0.4464285714285714,0.3333333333333333,0.6596956380181679,0.0,0.3676041717636719,0.0,0.632395828236328,False,-0.549262787565342,5.5,NP_060043,XP_047294946,NP_014161.1,EGFKDWTFMSVAHWG,0.4791666666666667,0.4666666666666667,0.4507603677955872,0.0,0.2726844417664678,0.0,0.7273155582335322,False,10.635540245219213,7.0,NP_060043,XP_047294946
ENSG00000101442,ACTR5,ENST00000243903,ENSP00000243903,ENSP00000243903,ACTR5,ENST00000243903,ENSP00000243903,ENSP00000243903,MAANVFPFRDARAAP,,,True,4.5,3.638663921166649,HKWRCPDYYENNVHK,,,True,5.0,3.192592387105241,EDGQMDQFHKALIEL,,,True,5.0,6.741696429715766,NP_014339.1,LRQTPEPFDEQSAYN,0.4777777777777778,0.2,0.4407345297406011,0.0,0.5368315910208943,0.0,0.4631684089791057,False,-1.9154159817079623,6.5,NP_079131,,NP_014339.1,LDIADEDLNEDQIKE,0.3888888888888889,0.1333333333333333,,,,,,False,0.3811128412554332,,NP_079131,,NP_014339.1,LARNEEQYRKTVISK,0.5714285714285715,0.2,,,,,,False,3.8583198555219,,NP_079131,
ENSG00000197563,PIGN,ENST00000640682,ENSP00000491415,ENSP00000492233,PIGN,ENST00000639600,ENSP00000492474,ENSP00000492233,PVEFDSLFNESKYTW,topological domain,Lumenal,False,4.5,-0.5427160202970137,QRVSAQQFDDAFLKE,topological domain,Lumenal,False,4.5,4.268099302689393,LALKGLSYYHTYDRF,topological domain,Lumenal,False,5.0,0.5927521629901659,NP_012756.1,PVNFDSFFNQSTHTY,0.6083333333333333,0.6,,,,,,False,4.1742293906192325,,NP_789744,XP_047293387,NP_012756.1,KRNDVKQADIASLMS,0.4583333333333333,0.3333333333333333,,,,,,False,1.4332474825599826,,NP_789744,XP_047293387,NP_012756.1,NKVDTWMYDHTFEDF,0.4499999999999999,0.2666666666666666,,,,,,False,2.550888890649106,,NP_789744,XP_047293387
ENSG00000101557,USP14,ENST00000582707,ENSP00000464447,ENSP00000261601,USP14,ENST00000582707,ENSP00000464447,ENSP00000261601,DQFFGVEFETTMKCT,,,True,5.0,-0.9420129472919404,LHMAFPQFAEKGEQG,,,True,5.5,-0.5688527999329475,KEVKYEPFSFADDIG,,,True,5.5,-0.3179317403331178,NP_116665.1,SEDFRIQFKTTIKDT,0.7666666666666666,0.4,0.5688303802615783,0.0,0.4265284682217617,0.0,0.5734715317782382,False,1.3868908264402513,6.0,NP_005142,,NP_116665.1,LRKCYPQFAERDSQG,0.7333333333333334,0.5333333333333333,,,,,,False,-0.7484452990170514,,NP_005142,,NP_116665.1,HSGKVYPITLSTDAT,0.4083333333333334,0.2,,,,,,False,1.952958533589645,,NP_005142,
ENSG00000102898,NUTF2,ENST00000700610,ENSP00000515098,ENSP00000219169,NUTF2,ENST00000700610,ENSP00000515098,ENSP00000219169,RTQLGAIYIDASCLT,,,True,5.0,-0.5955030252017003,GSSFIQHYYQLFDND,,,True,7.0,2.724147739337774,DEDPIMGFHQMFLLK,,,True,7.0,1.3895446697012677,NP_010925.1,KVQHRITTLDAQPAS,0.2452380952380952,0.2,,,,,,False,-0.6135055448678702,,NP_005787,,NP_010925.1,AQNFTQFYYNQFDTD,0.4055555555555556,0.4666666666666667,,,,,,False,0.9921983804580456,,NP_005787,,NP_010925.1,FNTLAQNFTQFYYNQ,0.2428571428571428,0.1333333333333333,,,,,,False,4.85279865522708,,NP_005787,
ENSG00000123064,DDX54,ENST00000306014,ENSP00000304072,ENSP00000323858,DDX54,ENST00000306014,ENSP00000304072,ENSP00000323858,QSVEYVVFDEADRLF,,,True,5.0,-1.188714878889518,SDSEDGEFEIQAEDD,,,True,5.0,2.756222446959716,PGRPLPTFPTSECTS,,,True,5.0,2.741223677476042,NP_010253.2,KSVEYVVFDEADRLF,1.0,0.9333333333333332,0.5887703572509674,0.0,0.1682649679089548,0.0,0.8317350320910452,True,-1.178318702489042,5.0,NP_001104792,,NP_010253.2,SEEDDIAFDIANEIA,0.4722222222222221,0.3333333333333333,,,,,,False,-1.7202713079713756,,NP_001104792,,NP_010253.2,TLLFSATLPNSLVDF,0.4583333333333333,0.2,,,,,,False,-0.0254492056652624,,NP_001104792,
ENSG00000173674,EIF1AX,ENST00000379607,ENSP00000368927,ENSP00000368927,EIF1AX,ENST00000379607,ENSP00000368927,ENSP00000368927,GDDDEIQFDDIGDDD,,,True,4.0,0.4714677764490983,EARSLKAYGELPEHA,,,True,6.0,1.787237114862553,KINETDTFGPGDDDE,,,True,6.0,0.7468938777130282,NP_013987.1,GDIILVSLRDFQDDQ,0.2666666666666666,0.3333333333333333,,,,,,False,3.5675746125816112,,NP_001403,XP_047299217,NP_013987.1,EARTLKNQGELPENA,0.5777777777777778,0.7333333333333333,,,,,,False,3.492640421617338,,NP_001403,XP_047299217,NP_013987.1,KINETDNFGFESDED,0.3222222222222222,0.6,,,,,,False,0.7468938777130282,,NP_001403,XP_047299217
ENSG00000143994,ABHD1,ENST00000621324,ENSP00000481238,ENSP00000326491,ABHD1,ENST00000621324,ENSP00000481238,ENSP00000326491,YTSVAFGYQDCVTYY,,,True,4.5,5.680996374217799,LSACWDSFETTRSLE,,,True,4.5,0.8995160596603449,AIRIPVLYLSAADDP,,,True,4.5,5.085685860582956,NP_013937.1,LTGPMFGYKNAEEYY,0.3611111111111111,0.4,,,,,,False,4.025732187372217,,NP_115993,XP_011531440,NP_013937.1,VPEDPIAFKSTDKRE,0.45,0.2,0.6476575926958111,0.0,0.7016344475048437,0.0,0.2983655524951563,False,0.3525543653139163,5.5,NP_115993,XP_011531440,NP_013937.1,VSNPFDLYNSAYFIN,0.5,0.2666666666666666,0.5968463657594129,0.0,0.2358384594975915,0.0,0.7641615405024085,True,2.3844736542912384,5.5,NP_115993,XP_011531440
ENSG00000087470,DNM1L,ENST00000452533,ENSP00000415131,ENSP00000449089,DNM1L,ENST00000452533,ENSP00000415131,ENSP00000449089,INTKHPDFADACGLM,,,True,3.5,0.1520410501806529,TIEGTAKYIETSELC,,,True,4.5,-0.5761882998871907,GARICYIFHETFGRT,,,True,4.5,1.7219456452518245,NP_013100.1,YRGKERNHADEWGEF,0.4736111111111111,0.2666666666666666,,,,,,False,0.1520410501806529,,NP_001265393,XP_011518845,NP_013100.1,LIDIHRAYINTNHPN,0.4583333333333333,0.2666666666666666,,,,,,False,2.957217230496926,,NP_001265393,XP_011518845,NP_013100.1,GARIYYIYNNVFGNS,0.4325396825396825,0.5333333333333333,,,,,,False,2.9515520004946234,,NP_001265393,XP_011518845
ENSG00000129083,COPB1,ENST00000249923,ENSP00000249923,ENSP00000249923,COPB1,ENST00000249923,ENSP00000249923,ENSP00000249923,GFLLDGDFFVAASLA,,,True,4.0,3.096532730339521,ALWILGEYCSTKEDI,,,True,4.0,5.82674012104828,TGFSDPVYAEAYVHV,,,True,4.5,-1.116861365340121,NP_010524.3,AKEIINSFIVAETDP,0.5333333333333333,0.2,,,,,,False,2.0713176552969275,,NP_057535,,NP_010524.3,YIELLMELLSTTTSD,0.3833333333333333,0.2666666666666666,,,,,,False,4.448234370884869,,NP_057535,,NP_010524.3,CGFSDPVYAEACITN,0.9583333333333334,0.6666666666666666,0.5496446796471194,0.0,0.2182787944836665,0.0,0.7817212055163335,True,0.865309917943778,5.0,NP_057535,
ENSG00000165410,CFL2,ENST00000298159,ENSP00000298159,ENSP00000298159,CFL2,ENST00000298159,ENSP00000298159,ENSP00000298159,PLKSKMIYASSKDAI,,,True,5.0,1.0651566188901056,KRKKAVLFCLSDDKR,,,True,6.0,2.0445235885408435,NDCRYALYDATYETK,,,True,6.5,3.631139863788909,NP_013050.1,PVRSKMVYASSKDAL,0.9583333333333334,0.7333333333333333,0.4854836681199612,0.0,0.5390725130971945,0.0,0.4609274869028055,False,0.241042401153791,5.0,NP_619579,,NP_013050.1,KRSKIVFFTWSPDTA,0.4363636363636363,0.4666666666666667,,,,,,False,1.0044691058393376,,NP_619579,,NP_013050.1,KFILFGLNDAKTEIV,0.5777777777777778,0.2666666666666666,,,,,,False,0.0416128558065396,,NP_619579,
ENSG00000138768,USO1,ENST00000514213,ENSP00000444850,ENSP00000444850,USO1,ENST00000514213,ENSP00000444850,ENSP00000444850,GVITKAIYKSSEEDK,,,True,5.0,1.802409965498712,DNQHQGSYSEGAQMN,,,True,5.5,1.8003610232934406,GCQVNQDYFASVNAP,,,True,5.5,5.120877679212019,NP_010225.1,NAEENTVLKSKLEDI,0.5833333333333334,0.2666666666666666,,,,,,False,2.190545396266304,,NP_003706,,NP_010225.1,VIKSLLSFSYQIQDE,0.4690476190476191,0.2,,,,,,False,2.404457343365028,,NP_003706,,NP_010225.1,LFEVLLNYDAELNLN,0.4444444444444445,0.2666666666666666,,,,,,False,9.238343903507907,,NP_003706,
ENSG00000232616,SKIC2,ENST00000412823,ENSP00000400626,ENSP00000400626,SKIC2,ENST00000412823,ENSP00000400626,ENSP00000400626,QLVDLPEYYSWGEEL,,,True,4.5,0.4734672007557101,GAFHTKGYYAAVEAK,,,True,5.0,-0.1100686497574173,QQEAEQLFLSSPAWL,,,True,5.0,0.059243716975433,NP_013502.3,SKKRCEEYADWLEGI,0.5833333333333334,0.2666666666666666,0.5546650990954108,0.0,0.5054042703940346,0.0,0.4945957296059654,False,0.2010543377117013,5.0,NP_008860,,NP_013502.3,PVPLEINIWAKKELI,0.2886363636363636,0.1333333333333333,,,,,,False,0.112333110010511,,NP_008860,,NP_013502.3,PQHVKFILLSATVPN,0.4583333333333333,0.2,,,,,,False,5.937994460465175,,NP_008860,
ENSG00000111142,METAP2,ENST00000535095,ENSP00000446052,ENSP00000325312,METAP2,ENST00000535095,ENSP00000446052,ENSP00000325312,SEEIWNDFREAAEAH,,,True,2.0,2.6571805163149262,EVYAIETFGSTGKGV,,,True,5.0,2.462023922259605,DDICKIDFGTHISGR,,,True,5.5,0.9038268245021628,NP_009462.2,IDVRLTDIGEAIQEV,0.5111111111111112,0.2,,,,,,False,5.430100878382375,,NP_006829,,NP_009462.2,EHFAIETFGSTGRGY,0.9,0.7333333333333333,0.3610823044710856,0.0,0.5973854510156352,0.0,0.4026145489843648,False,2.8973436167439583,5.0,NP_006829,,NP_009462.2,EDVMKVDYGVQVNGN,0.4325396825396825,0.3333333333333333,,,,,,False,3.306879264737982,,NP_006829,
ENSG00000114480,GBE1,ENST00000429644,ENSP00000410833,ENSP00000410833,GBE1,ENST00000429644,ENSP00000410833,ENSP00000410833,LDHSTDFFSEAFEHN,,,True,2.5,0.264739158489967,YLEKCIAYAESHDQA,,,True,4.5,-1.1815335247299688,FGYQITSFFAASSRY,,,True,4.5,2.1823347955183032,NP_010905.1,FVHPRPKFSESVDSL,0.4972222222222222,0.2666666666666666,0.305951085063346,0.0,0.5124623580975434,0.0,0.4875376419024566,False,-0.9146928025151064,4.5,NP_000149,,NP_010905.1,YGEKVVAYCESHDQA,0.8333333333333334,0.7333333333333333,0.588190346240426,0.0,0.4879236090041216,0.0,0.5120763909958783,False,-1.968850545537832,4.5,NP_000149,,NP_010905.1,FGYQVTNFFAASSRF,0.8611111111111112,0.8,,,,,,False,1.4644204921050488,,NP_000149,
ENSG00000129158,SERGEF,ENST00000525422,ENSP00000434330,ENSP00000265965,SERGEF,ENST00000525422,ENSP00000434330,ENSP00000265965,PGQTLPLFFTAKEPS,,,True,3.0,4.266433289239643,HTEDIPYFTPCKSLF,,,True,5.5,-0.442646324851922,GSDHSASLTDAGEVY,,,True,6.5,3.614669775580728,NP_009382.2,TGSEHGILTTANQEG,0.4166666666666667,0.2,,,,,,False,0.2614186037651556,,NP_036271,,NP_009382.2,LGHDEDMDTPQRSVP,0.2833333333333334,0.2666666666666666,,,,,,False,2.5516797346197224,,NP_036271,,NP_009382.2,TGSEHGILTTANQEG,0.4499999999999999,0.2,,,,,,False,0.2614186037651556,,NP_036271,
ENSG00000164347,GFM2,ENST00000296805,ENSP00000296805,ENSP00000427004,GFM2,ENST00000296805,ENSP00000296805,ENSP00000427004,ADLVLEEFSENFDLL,,,True,4.0,3.961548879754132,VEIPEPVFFCTIEPP,,,True,4.5,0.1640878263429559,MPVIEFEYAESINEG,,,True,4.5,3.8576076596569866,NP_012433.1,TEDPSLSISQNDETG,0.4666666666666666,0.1333333333333333,,,,,,False,-1.0077528688881745,,NP_001268231,,NP_012433.1,IFIPPPVFGVSIEPR,0.4166666666666667,0.5333333333333333,,,,,,False,-0.9566343018295024,,NP_001268231,,NP_012433.1,FGQLMVSYKETINSE,0.5,0.2666666666666666,0.5747237192680927,0.0,0.7267568870199533,0.0,0.2732431129800466,False,4.49653257193721,5.0,NP_001268231,
ENSG00000223493,SKIC2,ENST00000429465,ENSP00000412310,ENSP00000412310,SKIC2,ENST00000429465,ENSP00000412310,ENSP00000412310,QLVDLPEYYSWGEEL,,,True,4.5,0.4734672007557101,GAFHTKGYYAAVEAK,,,True,5.0,-0.1100686497574173,QQEAEQLFLSSPAWL,,,True,5.0,0.059243716975433,NP_013502.3,SKKRCEEYADWLEGI,0.5833333333333334,0.2666666666666666,0.5546650990954108,0.0,0.5054042703940346,0.0,0.4945957296059654,False,0.2010543377117013,5.0,NP_008860,,NP_013502.3,PVPLEINIWAKKELI,0.2886363636363636,0.1333333333333333,,,,,,False,0.112333110010511,,NP_008860,,NP_013502.3,PQHVKFILLSATVPN,0.4583333333333333,0.2,,,,,,False,5.937994460465175,,NP_008860,
ENSG00000206353,SKIC2,ENST00000383336,ENSP00000372827,ENSP00000372827,SKIC2,ENST00000383336,ENSP00000372827,ENSP00000372827,QLVDLPEYYSWGEEL,,,True,4.5,0.4734672007557101,GAFHTKGYYAAVEAK,,,True,5.0,-0.1100686497574173,QQEAEQLFLSSPAWL,,,True,5.0,0.059243716975433,NP_013502.3,SKKRCEEYADWLEGI,0.5833333333333334,0.2666666666666666,0.5546650990954108,0.0,0.5054042703940346,0.0,0.4945957296059654,False,0.2010543377117013,5.0,NP_008860,,NP_013502.3,PVPLEINIWAKKELI,0.2886363636363636,0.1333333333333333,,,,,,False,0.112333110010511,,NP_008860,,NP_013502.3,PQHVKFILLSATVPN,0.4583333333333333,0.2,,,,,,False,5.937994460465175,,NP_008860,
ENSG00000119203,CPSF3,ENST00000238112,ENSP00000238112,ENSP00000238112,CPSF3,ENST00000238112,ENSP00000238112,ENSP00000238112,ANPSNDMYADTVTTV,,,True,5.0,1.3373873268134475,DKIETINFHEVKEVA,,,True,5.0,4.071624698430199,ISADDMLYTETDLEE,,,True,5.0,-3.1191190447367694,NP_013379.1,SRLFKEQFGDCFTLF,0.3981481481481481,0.1333333333333333,0.4082127953231572,0.0,0.4777362283217291,0.0,0.5222637716782709,False,0.327257732727919,4.0,NP_057291,XP_047300701,NP_013379.1,SFAAHVDFQENLEFI,0.4444444444444445,0.2,0.186459587029434,0.0,0.4883875744570924,0.0,0.5116124255429076,False,-2.503841313751239,4.5,NP_057291,XP_047300701,NP_013379.1,GTKDEGLFSDEDLVD,0.4805555555555556,0.2666666666666666,,,,,,False,2.872381190175318,,NP_057291,XP_047300701
ENSG00000225737,SKIC2,ENST00000448219,ENSP00000394400,ENSP00000394400,SKIC2,ENST00000448219,ENSP00000394400,ENSP00000394400,QLVDLPEYYSWGEEL,,,True,4.5,0.4734672007557101,GAFHTKGYYAAVEAK,,,True,5.0,-0.1100686497574173,QQEAEQLFLSSPAWL,,,True,5.0,0.059243716975433,NP_013502.3,SKKRCEEYADWLEGI,0.5833333333333334,0.2666666666666666,0.5546650990954108,0.0,0.5054042703940346,0.0,0.4945957296059654,False,0.2010543377117013,5.0,NP_008860,,NP_013502.3,PVPLEINIWAKKELI,0.2886363636363636,0.1333333333333333,,,,,,False,0.112333110010511,,NP_008860,,NP_013502.3,PQHVKFILLSATVPN,0.4583333333333333,0.2,,,,,,False,5.937994460465175,,NP_008860,
ENSG00000228896,SKIC2,ENST00000421789,ENSP00000399530,ENSP00000399530,SKIC2,ENST00000421789,ENSP00000399530,ENSP00000399530,QLVDLPEYYSWGEEL,,,True,4.5,0.4734672007557101,GAFHTKGYYAAVEAK,,,True,5.0,-0.1100686497574173,QQEAEQLFLSSPAWL,,,True,5.0,0.059243716975433,NP_013502.3,SKKRCEEYADWLEGI,0.5833333333333334,0.2666666666666666,0.5546650990954108,0.0,0.5054042703940346,0.0,0.4945957296059654,False,0.2010543377117013,5.0,NP_008860,,NP_013502.3,PVPLEINIWAKKELI,0.2886363636363636,0.1333333333333333,,,,,,False,0.112333110010511,,NP_008860,,NP_013502.3,PQHVKFILLSATVPN,0.4583333333333333,0.2,,,,,,False,5.937994460465175,,NP_008860,
ENSG00000141564,RPTOR,ENST00000306801,ENSP00000307272,ENSP00000307272,RPTOR,ENST00000306801,ENSP00000307272,ENSP00000307272,PDLPADLFTSCLTTP,,,True,4.0,3.861527568739064,LAVIVNSYHTGQEAC,,,True,4.5,1.575389220175136,DAAGHKSFISATVQT,,,True,4.5,0.4279948957674774,NP_012056.1,PELPADLFSCCLTCP,0.6898148148148149,0.7333333333333333,,,,,,False,1.236089474791493,,NP_065812,,NP_012056.1,LNSFKNSHNNGVTST,0.3694444444444444,0.2666666666666666,,,,,,False,-0.3024291110485853,,NP_065812,,NP_012056.1,SEDPVESFVDQNVTS,0.5916666666666667,0.2,0.4426824439859954,0.0,0.4271738868415741,0.0,0.5728261131584259,False,0.0555808334228734,5.0,NP_065812,
ENSG00000204351,SKIC2,ENST00000697831,ENSP00000513453,ENSP00000364543,SKIC2,ENST00000697831,ENSP00000513453,ENSP00000364543,QLVDLPEYYSWGEEL,,,True,4.5,0.4734672007557101,GAFHTKGYYAAVEAK,,,True,5.0,-0.1100686497574173,QQEAEQLFLSSPAWL,,,True,5.0,0.059243716975433,NP_013502.3,SKKRCEEYADWLEGI,0.5833333333333334,0.2666666666666666,0.5546650990954108,0.0,0.5054042703940346,0.0,0.4945957296059654,False,0.2010543377117013,5.0,NP_008860,,NP_013502.3,PVPLEINIWAKKELI,0.2886363636363636,0.1333333333333333,,,,,,False,0.112333110010511,,NP_008860,,NP_013502.3,PQHVKFILLSATVPN,0.4583333333333333,0.2,,,,,,False,5.937994460465175,,NP_008860,
ENSG00000211455,STK38L,ENST00000389032,ENSP00000373684,ENSP00000373684,STK38L,ENST00000389032,ENSP00000373684,ENSP00000373684,DTSNFDDFPESDILQ,,,True,3.0,0.9469545844514312,EEIKGHPFFEGVDWE,,,True,3.5,-0.2997058457722366,LTEEETQFYISETVL,,,True,4.0,4.339592414723726,NP_014238.3,VKLKIENFYQSSVKY,0.4813492063492063,0.1333333333333333,,,,,,False,1.0508544137866285,,NP_055815,,NP_014238.3,DEIKSHPFFRGVDWN,0.8333333333333334,0.7333333333333333,,,,,,False,0.8266256441493446,,NP_055815,,NP_014238.3,FTEDVTRFYMAECIL,0.4231481481481482,0.4666666666666667,,,,,,False,1.643582925856806,,NP_055815,
ENSG00000095564,BTAF1,ENST00000265990,ENSP00000265990,ENSP00000265990,BTAF1,ENST00000265990,ENSP00000265990,ENSP00000265990,SDLVTTVFNEATSSF,,,True,3.5,1.4514009146517273,LTPQHPEFKTTAEKL,,,True,3.5,4.267002933896117,PPKIIQDYYCTLSPL,,,True,5.0,1.153226122517056,NP_015243.1,RQKVVRKFNEDPSID,0.5444444444444444,0.3333333333333333,,,,,,False,2.209738398978657,,NP_003963,XP_011538628,NP_015243.1,QVKLEHEMKIKLEEA,0.425,0.2,,,,,,False,0.5540259679706835,,NP_003963,XP_011538628,NP_015243.1,PPKIIQDYYCELGDL,0.6333333333333333,0.8,,,,,,False,1.586329798265512,,NP_003963,XP_011538628
ENSG00000292096,HAT1,ENST00000709700,ENSP00000517832,ENSP00000517832,HAT1,ENST00000709700,ENSP00000517832,ENSP00000517832,MEKFLVEYKSAVEKK,,,True,3.5,4.130994278485751,HEQLEESFQELVEDY,,,True,4.0,-3.313480172397809,LQTFLMWFIETASFI,,,True,4.5,6.178224928949905,NP_015324.1,IIQSWLEDKSITEIT,0.5416666666666666,0.2666666666666666,,,,,,False,-0.0118152768231937,,NP_003633,,NP_015324.1,LKLEERQFNRLVEML,0.5,0.3333333333333333,,,,,,False,1.201935585232766,,NP_003633,,NP_015324.1,VQIFSLLFIEAANYI,0.4444444444444444,0.4666666666666667,0.6333887716459253,0.0,0.5732196527343075,0.0,0.4267803472656925,False,5.668689046914713,4.5,NP_003633,
ENSG00000160688,FLAD1,ENST00000295530,ENSP00000295530,ENSP00000292180,FLAD1,ENST00000292180,ENSP00000292180,ENSP00000292180,HTQDTNTFFLCRTLR,,,True,4.0,-2.052577418020619,PLEECLAYLTARLPQ,,,True,5.0,1.632120981712514,WLEKTRVFLEGSTRT,,,True,5.0,-0.2626016325246383,NP_010239.1,DLTNIWSFLLYSNEP,0.3273809523809524,0.1333333333333333,,,,,,False,4.521223281359359,,NP_079483,XP_047286897,NP_010239.1,AIRLTRKYLLSEIFV,0.3833333333333333,0.1333333333333333,,,,,,False,2.857620121256037,,NP_079483,XP_047286897,NP_010239.1,MQRLPTVFIDQEETF,0.3722222222222222,0.1333333333333333,0.4227150539943047,0.0,0.4454769681954106,0.0,0.5545230318045894,False,0.2313334076900218,5.5,NP_079483,XP_047286897
ENSG00000128708,HAT1,ENST00000264108,ENSP00000264108,ENSP00000264108,HAT1,ENST00000264108,ENSP00000264108,ENSP00000264108,MEKFLVEYKSAVEKK,,,True,3.5,4.130994278485751,HEQLEESFQELVEDY,,,True,4.0,-3.313480172397809,LQTFLMWFIETASFI,,,True,4.5,6.178224928949905,NP_015324.1,IIQSWLEDKSITEIT,0.5416666666666666,0.2666666666666666,,,,,,False,-0.0118152768231937,,NP_003633,XP_006712871,NP_015324.1,LKLEERQFNRLVEML,0.5,0.3333333333333333,,,,,,False,1.201935585232766,,NP_003633,XP_006712871,NP_015324.1,VQIFSLLFIEAANYI,0.4444444444444444,0.4666666666666667,0.6333887716459253,0.0,0.5732196527343075,0.0,0.4267803472656925,False,5.668689046914713,4.5,NP_003633,XP_006712871
ENSG00000167461,RAB8A,ENST00000300935,ENSP00000300935,ENSP00000300935,RAB8A,ENST00000300935,ENSP00000300935,ENSP00000300935,EDAFNSTFISTIGID,,,True,4.5,2.808623550799506,DQQKRSSFFRCVLLG,,,True,5.0,0.3868112365704407,FRFSEDAFNSTFIST,,,True,5.5,3.8687625430127865,NP_116650.1,EDKFNPSFITTIGID,0.7416666666666667,0.7333333333333333,0.2920488730813078,0.0,0.582570648656643,0.0,0.4174293513433569,False,0.4487509280816997,5.0,NP_005361,,NP_116650.1,NGKSYDSIMKILLIG,0.3583333333333333,0.2,,,,,,False,0.5458433673022148,,NP_005361,,NP_116650.1,VRFVEDKFNPSFITT,0.4845238095238096,0.6,,,,,,False,4.987831374759592,,NP_005361,
ENSG00000275397,DHRS11,ENST00000621143,ENSP00000483747,ENSP00000483747,DHRS11,ENST00000621143,ENSP00000483747,ENSP00000483747,LPLSVTHFYSATKYA,,,True,4.5,3.1665389103651447,SICTREAYQSMKERN,,,True,6.5,2.0340649563328386,TEGLRQELREAQTHI,,,True,7.0,-1.1115970922330038,NP_013953.1,DAYPTGSIYCASKFA,0.4398148148148148,0.2666666666666666,,,,,,False,0.3633351744613948,,NP_077284,,NP_013953.1,TEFSLVRYRGNEEQA,0.2777777777777778,0.1333333333333333,,,,,,False,2.8313528589374264,,NP_077284,,NP_013953.1,RLEKLEELKKTIDQE,0.4055555555555556,0.1333333333333333,,,,,,False,3.182725159306072,,NP_077284,
ENSG00000278535,DHRS11,ENST00000618403,ENSP00000482704,ENSP00000482704,DHRS11,ENST00000618403,ENSP00000482704,ENSP00000482704,LPLSVTHFYSATKYA,,,True,4.5,3.1665389103651447,SICTREAYQSMKERN,,,True,6.5,2.0340649563328386,TEGLRQELREAQTHI,,,True,7.0,-1.1115970922330038,NP_013953.1,DAYPTGSIYCASKFA,0.4398148148148148,0.2666666666666666,,,,,,False,0.3633351744613948,,NP_077284,XP_011523535,NP_013953.1,TEFSLVRYRGNEEQA,0.2777777777777778,0.1333333333333333,,,,,,False,2.8313528589374264,,NP_077284,XP_011523535,NP_013953.1,RLEKLEELKKTIDQE,0.4055555555555556,0.1333333333333333,,,,,,False,3.182725159306072,,NP_077284,XP_011523535
ENSG00000126457,PRMT1,ENST00000532489,ENSP00000433556,ENSP00000406162,PRMT1,ENST00000532489,ENSP00000433556,ENSP00000406162,EWMGYCLFYESMLNT,,,True,4.0,-0.9328430840437374,DMTSKDYYFDSYAHF,,,True,4.0,0.7230836403404173,RCHKRTGFSTSPESP,,,True,4.5,0.2542691026338681,NP_009590.1,EWMGYFLLYESMMDT,0.7333333333333334,0.7333333333333333,,,,,,False,3.127154343318445,,NP_001527,XP_047294699,NP_009590.1,LSESEQHYFNSYDHY,0.5138888888888888,0.4,,,,,,False,0.9958665008549972,,NP_001527,XP_047294699,NP_009590.1,ELVELNGFSDKITLL,0.4388888888888889,0.2,,,,,,False,3.964057521074405,,NP_001527,XP_047294699
ENSG00000095002,MSH2,ENST00000543555,ENSP00000442697,ENSP00000233146,MSH2,ENST00000543555,ENSP00000442697,ENSP00000233146,YTKNKTEYEEAQDAI,,,True,3.0,-0.4232952188562425,RLFDRGDFYTAHGED,,,True,3.0,0.5873216134457147,SKVKQMPFTEMSEEN,,,True,5.5,-0.2695779566102329,NP_014551.1,HVEPLSKFEEMVETT,0.4833333333333333,0.1333333333333333,0.4708200446358961,0.0,0.3376464307476774,0.0,0.6623535692523226,False,5.0014700730314505,6.0,NP_000242,,NP_014551.1,RLVDKGDYYTVIGSD,0.7380952380952381,0.6,0.4475533593793649,0.0,0.295105409074772,0.0,0.704894590925228,False,1.524050403734222,5.5,NP_000242,,NP_014551.1,HVEPLSKFEEMVETT,0.6,0.2666666666666666,0.4708200446358961,0.0,0.3376464307476774,0.0,0.6623535692523226,False,5.0014700730314505,6.0,NP_000242,
ENSG00000172456,FGGY,ENST00000371210,ENSP00000360254,ENSP00000305922,FGGY,ENST00000371210,ENSP00000360254,ENSP00000305922,CWDKAGHFFDLPDFL,,,True,4.5,4.733645810940041,VPGVWGPYFSAMVPG,,,True,4.5,4.292301694305023,GACASGDFASVQEAM,,,True,5.0,2.304305856491662,NP_010394.3,GIFQDCKFFDLPDYL,0.7999999999999999,0.4666666666666667,0.3551625870681314,0.0,0.3328355332996487,0.0,0.6671644667003513,False,0.342322541283161,5.0,NP_060761,XP_016857141,NP_010394.3,LPIVIPRYVDAAVVF,0.3916666666666666,0.3333333333333333,0.6217497061959681,0.0,0.3871716621662026,0.0,0.6128283378337974,False,12.8796449423641,6.0,NP_060761,XP_016857141,NP_010394.3,TERFNDSYSSIQKLS,0.4380952380952381,0.1333333333333333,0.3919403816457716,0.0,0.5349362939992498,0.0,0.4650637060007502,False,1.3728156180020792,7.5,NP_060761,XP_016857141
ENSG00000140650,PMM2,ENST00000566983,ENSP00000457956,ENSP00000268261,PMM2,ENST00000566983,ENSP00000457956,ENSP00000268261,GQISFDVFPDGWDKR,,,True,4.5,0.435472177765342,SQEERIEFYELDKKE,,,True,5.0,-0.9732732121801138,GGNDHEIFTDPRTMG,,,True,5.5,1.411027493262643,NP_116609.1,GQISFDVFPAGWDKT,0.75,0.8666666666666667,,,,,,False,0.1798189082901663,,NP_000294,,NP_116609.1,EHQIRAKFVEALKKE,0.45,0.4,0.4790335496723248,0.0,0.5556162322612767,0.0,0.4443837677387233,False,-0.8960099627471326,5.5,NP_000294,,NP_116609.1,GGNDYEIFVDERTIG,0.6333333333333333,0.7333333333333333,,,,,,False,-0.5440978784551197,,NP_000294,
ENSG00000107581,EIF3A,ENST00000369144,ENSP00000358140,ENSP00000358140,EIF3A,ENST00000369144,ENSP00000358140,ENSP00000358140,RLTSLVPFVDAFQLE,,,True,4.5,4.470217392584873,LEELDPDFIMAKQVE,,,True,4.5,2.590418172349027,LDEDRGSWRTADEDR,,,True,5.0,1.9596044542329285,NP_009635.1,DVIMRRVFVAASQKF,0.5,0.2666666666666666,,,,,,False,0.022171164587098,,NP_003741,,NP_009635.1,ALQSLHDFITARRIR,0.6666666666666666,0.2666666666666666,0.4814018584104619,0.0,0.1803873328071128,0.0,0.8196126671928871,True,3.820590844946816,4.5,NP_003741,,NP_009635.1,LRFTWESYRAVLDLL,0.4365079365079365,0.2,,,,,,False,2.048776586622543,,NP_003741,
ENSG00000086102,NFX1,ENST00000379540,ENSP00000368856,ENSP00000368856,NFX1,ENST00000379540,ENSP00000368856,ENSP00000368856,TKEPIIDYFDVQDGG,,,True,4.0,3.8060008477024847,HECDHPVYHSCHSEE,,,True,4.0,-0.7290950888747048,LPCGSLDFIHTCEKL,,,True,5.0,-0.7326071496906953,NP_014375.1,RCYRVFDYGCIREWA,0.3861111111111111,0.1333333333333333,,,,,,False,6.02642501413623,,NP_002495,,NP_014375.1,GIPLSYCYHTCQKTC,0.5148148148148148,0.2,0.3987356360229047,0.0,0.2314680458029072,0.0,0.7685319541970927,True,2.557040989761925,5.5,NP_002495,,NP_014375.1,PRKHCDDPIPTCDSR,0.4126984126984127,0.2666666666666666,,,,,,False,0.8291693970153203,,NP_002495,
ENSG00000105953,OGDH,ENST00000449767,ENSP00000392878,ENSP00000222673,OGDH,ENST00000449767,ENSP00000392878,ENSP00000222673,DKICEEAFARSKDEK,,,True,5.5,0.0676326869862299,WEAQFGDFHNTAQCI,,,True,5.5,2.3130559002887665,APVAAEPFLSGTSSN,,,True,5.5,3.703928709117689,NP_012141.1,GFTTDPRFARSTPYP,0.6095238095238095,0.2666666666666666,,,,,,False,0.4906239281514432,,NP_002532,XP_047276383,NP_012141.1,WEAQFGDFANTAQVI,0.75,0.8666666666666667,,,,,,False,7.079935715059037,,NP_002532,XP_047276383,NP_012141.1,AQVIIDQFIAGGEQK,0.425,0.2666666666666666,,,,,,False,1.8355474804285128,,NP_002532,XP_047276383
ENSG00000196262,PPIA,ENST00000451562,ENSP00000405975,ENSP00000419425,PPIA,ENST00000479021,ENSP00000429251,ENSP00000419425,GMVNPTVFFDIAVDG,,,True,5.5,5.069527359486315,MVNPTVFFDIAVDGE,,,True,5.5,1.4704696920841522,PNTNGSQFFICTAKT,,,True,5.5,2.3340275573186986,NP_013633.1,SRLGKKVFFDPAVNG,0.7619047619047619,0.4666666666666667,0.4807472533889501,0.0,0.1368991134020225,0.0,0.8631008865979773,True,6.739220405077809,5.5,NP_066953,,NP_013633.1,RLGKKVFFDPAVNGT,0.623015873015873,0.4666666666666667,,,,,,False,5.94398634416479,,NP_066953,,NP_013633.1,PNTNGSQFFITTVPC,0.6333333333333333,0.7333333333333333,,,,,,False,2.8707558798649653,,NP_066953,
ENSG00000055044,NOP58,ENST00000264279,ENSP00000264279,ENSP00000264279,NOP58,ENST00000264279,ENSP00000264279,ENSP00000264279,KLKHFEKFQDTAEAL,,,True,4.5,4.507869866150398,KVGDRKNYASAKLSE,,,True,5.5,0.2507486553378476,GGGMLVLFETSVGYA,,,True,5.5,2.2427553933379967,NP_014955.1,KIAAFSKFNSAANAL,0.3333333333333333,0.4666666666666667,0.4075015179627761,0.0,0.179652566676587,0.0,0.820347433323413,True,10.997566945634318,5.5,NP_057018,,NP_014955.1,YREQLSNYLSARMKA,0.6916666666666668,0.2666666666666666,0.694182255008226,0.0,0.318802691702132,0.0,0.681197308297868,False,8.605002444941979,5.5,NP_057018,,NP_014955.1,GMSDNDLSKMSLGLA,0.4166666666666667,0.3333333333333333,,,,,,False,-1.7182124425203806,,NP_057018,
ENSG00000198793,MTOR,ENST00000703140,ENSP00000515197,ENSP00000354558,MTOR,ENST00000703140,ENSP00000515197,ENSP00000354558,GKILHIDFGDCFEVA,,,True,2.5,3.909225915168273,GNLPLDEFYPAVSMV,,,True,4.0,2.876991036582803,TIPKVLQYYSAATEH,,,True,4.0,6.658994305692698,NP_012719.2,GKVIHIDFGDCFEAA,1.0,0.8,0.3881109022640848,0.0,0.6945109893528604,0.0,0.3054890106471397,False,0.3511167159913497,2.5,NP_004949,XP_047272677,NP_012719.2,SQSPDKEFYDAILCL,0.5555555555555556,0.3333333333333333,0.8001690301097127,0.0,0.1060122663503114,0.0,0.8939877336496885,True,-1.6900757672597069,2.5,NP_004949,XP_047272677,NP_012719.2,PIVVRMTEYSAGSLK,0.4416666666666666,0.2666666666666666,,,,,,False,3.406121297415819,,NP_004949,XP_047272677
ENSG00000135372,NAT10,ENST00000531159,ENSP00000433011,ENSP00000257829,NAT10,ENST00000531159,ENSP00000433011,ENSP00000257829,AFGYSNIFVTSPSPD,,,True,5.0,-1.229576254775315,ALQLLQMYYEGRFPC,,,True,5.0,2.839186685210974,IQSLNPEFNKAVIRV,,,True,5.5,2.305561300276645,NP_014267.1,SHGYSNIFVTSPSPE,1.0,0.8,0.3491696589697898,0.0,0.1840996947024364,0.0,0.8159003052975635,True,-0.7942565602909619,5.0,NP_078938,,NP_014267.1,AIELLRDYFEGKFTD,0.6666666666666666,0.4666666666666667,0.5807782117146872,0.0,0.6857845589688126,0.0,0.3142154410311874,False,2.467855968285508,4.0,NP_078938,,NP_014267.1,IQSTNPDFNKAIVRV,0.8472222222222222,0.7333333333333333,,,,,,False,0.9228360838323144,,NP_078938,
ENSG00000156958,GALK2,ENST00000327171,ENSP00000316632,ENSP00000453129,GALK2,ENST00000327171,ENSP00000316632,ENSP00000453129,TNPLYPDFSTSANNI,,,True,4.5,7.784797265463482,YQRAKHVYSEAARVL,,,True,5.5,6.943585989082432,KLPSGAVFVIANSCV,,,True,6.0,-0.9478872581686985,NP_010292.1,SGFTVHEASTALNCS,0.525,0.2,,,,,,False,5.905808253556303,,NP_002035,XP_006720524,NP_009576.1,YQRAKHVYSESLRVL,0.875,0.8666666666666667,0.5176364664396093,0.0,0.4677941804062749,0.0,0.532205819593725,False,2.2875309286212646,6.0,NP_002035,XP_006720524,NP_009576.1,LKNHEISFVIANTLV,0.6166666666666667,0.4,,,,,,False,1.2904449481259943,,NP_002035,XP_006720524
ENSG00000141279,NPEPPS,ENST00000677710,ENSP00000504357,ENSP00000320324,NPEPPS,ENST00000530173,ENSP00000433287,ENSP00000320324,FVVGEYDFVETRSKD,,,True,3.5,0.1028885185495009,MAGEVKAFFESHPAP,,,True,4.0,-0.4900952586316207,EYDIWTQFVSADYTR,,,True,4.5,3.831232828181312,NP_012765.3,FIVAELKYVESKNFR,0.4408730158730158,0.3333333333333333,0.4714952564809613,0.0,0.5683008116232219,0.0,0.431699188376778,False,2.5377411560891865,6.0,NP_006301,,NP_012765.3,LTAKTLAFFEKTFGI,0.5555555555555556,0.2666666666666666,,,,,,False,-1.1272831727766957,,NP_006301,,NP_012765.3,SIAAHPRYLSNVYSP,0.4242063492063492,0.1333333333333333,0.2455601838608924,0.0,0.2248985706681573,0.0,0.7751014293318427,True,2.995527721481764,8.5,NP_006301,
ENSG00000138767,CNOT6L,ENST00000504123,ENSP00000424896,ENSP00000497467,CNOT6L,ENST00000504123,ENSP00000424896,ENSP00000497467,VADNHKDFKELRYNE,,,True,5.5,0.4420308225098671,QEVETEQYFTLFLPA,,,True,5.5,1.295351241627685,KERGYDGFFSPKSRA,,,True,5.5,2.7632918290977377,NP_009381.1,TDLAKRTFTVLSYNT,0.35,0.2666666666666666,,,,,,False,1.2658957932012618,,NP_001273719,XP_047305918,NP_009381.1,RTFTVLSYNTLCQHY,0.35,0.2,0.2693515747261828,0.0,0.3195414557682956,0.0,0.6804585442317044,False,2.182963481683032,7.0,NP_001273719,XP_047305918,NP_009381.1,GNGRDFGYMSEKNFS,0.3992063492063492,0.2,,,,,,False,9.450525509888257,,NP_001273719,XP_047305918
ENSG00000197635,DPP4,ENST00000678668,ENSP00000504418,ENSP00000353731,DPP4,ENST00000678668,ENSP00000504418,ENSP00000353731,APVSRWEYYDSVYTE,topological domain,Extracellular,False,3.5,2.2922246224119225,SVMDICDYDESSGRW,topological domain,Extracellular,False,4.5,-1.1321485247045957,TFLAYAQFNDTEVPL,topological domain,Extracellular,False,5.0,0.834117976361489,NP_011893.1,APVTDWRFYDSVYTE,0.75,0.7333333333333333,0.4730304548759242,0.0,0.1545091279577541,0.0,0.8454908720422458,True,4.103625900425957,5.0,NP_001926,,NP_011893.1,YEILPNDFDETLSDH,0.6166666666666667,0.2,0.4235756555154487,0.0,0.4013212275177381,0.0,0.5986787724822619,False,-1.695794693918413,3.5,NP_001926,,NP_011893.1,LGLYVTFMNDSYVVK,0.4583333333333333,0.2666666666666666,,,,,,False,5.747749498871464,,NP_001926,
ENSG00000144895,EIF2A,ENST00000487799,ENSP00000420537,ENSP00000417229,EIF2A,ENST00000482093,ENSP00000418698,ENSP00000417229,VASDSTYFAWCPDGE,,,True,5.0,-1.165442727613573,VLATWQPYTTSKDGT,,,True,5.0,1.647639504009227,MVNGPPHFTESTVFP,,,True,5.0,-0.9170142236218334,NP_011568.3,NFDFQSPFAVLSDDE,0.2619047619047619,0.2666666666666666,,,,,,False,1.5038064683803063,,NP_114414,XP_011511526,NP_011568.3,WEPLPDSTTSSLDPK,0.4333333333333333,0.2,,,,,,False,0.2467600347714684,,NP_114414,XP_011511526,NP_011568.3,DDETSQHFTTYLISP,0.544047619047619,0.2666666666666666,0.3682415516921406,0.0,0.0845216904154577,0.0,0.9154783095845422,True,1.5479645539292195,5.5,NP_114414,XP_011511526
ENSG00000134146,DPH6,ENST00000561411,ENSP00000453967,ENSP00000256538,DPH6,ENST00000561411,ENSP00000453967,ENSP00000256538,GHHAIDLYAEAMALP,,,True,5.0,1.0115723298865242,VSSVPDNYRTSNYIY,,,True,5.5,3.434744869389485,VCGEGGEYETFTLDC,,,True,6.5,0.6484214053048163,NP_013244.1,LVKISELPRGAVAEF,0.3396825396825396,0.2,,,,,,False,-0.1474727679251211,,NP_542381,XP_016878197,NP_013244.1,FYCSNMNHRSDLWMD,0.4469696969696969,0.1333333333333333,,,,,,False,2.2701913165509824,,NP_542381,XP_016878197,NP_013244.1,ICGEGGEFETMVLDA,0.75,0.6666666666666666,0.3626239055846573,0.0,0.1011873374740922,0.0,0.8988126625259077,True,1.115909891138022,6.0,NP_542381,XP_016878197
ENSG00000168724,DNAJC21,ENST00000648817,ENSP00000497410,ENSP00000371451,DNAJC21,ENST00000648817,ENSP00000497410,ENSP00000371451,EVDDFPTFGDSQSDY,,,True,3.0,-2.17909397637835,LEEEVDDFPTFGDSQ,,,True,3.5,1.3848071841389828,EARYEKEFGDGSDEN,,,True,3.5,0.3950448195336021,NP_014172.1,AIEVCTTCGESFDSR,0.5296296296296296,0.2,,,,,,False,2.01519689015717,,NP_919259,XP_011512267,NP_014172.1,KEQILNDTPPSTDDY,0.3261904761904762,0.2666666666666666,,,,,,False,1.0656446241084525,,NP_919259,XP_011512267,NP_014172.1,ETEESESFDDTKDKR,0.4055555555555556,0.2666666666666666,0.4726811022095579,0.0,0.4794650670677892,0.0,0.5205349329322109,False,-0.0086580550086413,2.0,NP_919259,XP_011512267
ENSG00000094880,CDC23,ENST00000394884,ENSP00000378348,ENSP00000378350,CDC23,ENST00000394886,ENSP00000378350,ENSP00000378350,CAQKCCAFNDTREEG,,,True,4.0,0.0435117596692575,PDTWMKEFFLAHIYT,,,True,4.5,9.49361192891282,VLSINSDFSDLREIK,,,True,4.5,2.7140465699942107,NP_012036.1,NFTFLKAYNATISYN,0.4880952380952381,0.2,,,,,,False,1.8936246017619724,,NP_004652,,NP_012036.1,KEFDRCVFFLKDVTN,0.5083333333333333,0.2,,,,,,False,-0.6002838302098039,,NP_004652,,NP_012036.1,LAQLYEELEDLQECK,0.5666666666666667,0.2666666666666666,,,,,,False,-2.135397270081916,,NP_004652,
ENSG00000291814,PNP,ENST00000708853,ENSP00000517384,ENSP00000517386,PNP,ENST00000708853,ENSP00000517384,ENSP00000517386,VMVAGPSFETVAECR,,,True,5.5,3.822884260604279,NGYTYEDYKNTAEWL,,,True,5.5,4.825093990587464,TQAQIFDYGEIPNFP,,,True,6.0,6.036832978286908,NP_013310.1,TFVSGPTFETRAESK,0.6,0.5333333333333333,,,,,,False,4.335467562588593,,NP_000261,,NP_013310.1,SAILEPHFKNTTNFE,0.5625,0.2,,,,,,False,5.007035513878211,,NP_000261,,NP_013310.1,THAEVLENGKIASND,0.4194444444444444,0.2666666666666666,,,,,,False,4.568679653548124,,NP_000261,
ENSG00000198805,PNP,ENST00000697613,ENSP00000513359,ENSP00000354532,PNP,ENST00000697613,ENSP00000513359,ENSP00000354532,VMVAGPSFETVAECR,,,True,5.5,3.822884260604279,NGYTYEDYKNTAEWL,,,True,5.5,4.825093990587464,TQAQIFDYGEIPNFP,,,True,6.0,6.036832978286908,NP_013310.1,TFVSGPTFETRAESK,0.6,0.5333333333333333,,,,,,False,4.335467562588593,,NP_000261,,NP_013310.1,SAILEPHFKNTTNFE,0.5625,0.2,,,,,,False,5.007035513878211,,NP_000261,,NP_013310.1,THAEVLENGKIASND,0.4194444444444444,0.2666666666666666,,,,,,False,4.568679653548124,,NP_000261,
ENSG00000073578,SDHA,ENST00000509632,ENSP00000425077,ENSP00000264932,SDHA,ENST00000504309,ENSP00000426514,ENSP00000264932,TGGYGRTYFSCTSAH,,,True,3.5,0.6867677765512843,EDNWRWHFYDTVKGS,,,True,4.5,7.625851489786688,FGLSEAGFNTACVTK,,,True,5.0,-0.2759840113434613,NP_012774.1,TGGYGRAYFSCTSAH,0.8333333333333334,0.9333333333333332,0.3660039621472433,0.0,0.6458318084469795,0.0,0.3541681915530205,False,0.6867677765512843,4.0,NP_004159,XP_011512374,NP_012774.1,KDNWKWHMYDTVKGS,0.8333333333333334,0.8,,,,,,False,7.625851489786688,,NP_004159,XP_011512374,NP_012774.1,FGLAEAGYKTACISK,0.6964285714285715,0.6666666666666666,0.7765579437620074,0.0,0.4141534195628903,0.0,0.5858465804371097,False,2.908340135864297,5.5,NP_004159,XP_011512374
ENSG00000133112,TPT1,ENST00000530705,ENSP00000431872,ENSP00000477781,TPT1,ENST00000530705,ENSP00000431872,ENSP00000477781,VTPYMIFFKDGLEME,,,True,4.5,4.056587800916075,RPERVKPFMTGAAEQ,,,True,6.0,8.625925709531597,ANFKNYQFFIGENMN,,,True,6.5,7.104807480510054,NP_012867.1,AEGGDDDVEEGAEMV,0.3083333333333333,0.2,,,,,,False,1.8298684144920343,,NP_001273201,,NP_012867.1,GSFKDWEFFTGESMD,0.5083333333333333,0.2,0.5288538527608566,0.0,0.1535353232003412,0.0,0.8464646767996588,True,1.6827567648123156,3.5,NP_001273201,,NP_012867.1,GSFKDWEFFTGESMD,0.575,0.4666666666666667,0.5288538527608566,0.0,0.1535353232003412,0.0,0.8464646767996588,True,1.6827567648123156,3.5,NP_001273201,
ENSG00000171848,RRM2,ENST00000641198,ENSP00000493399,ENSP00000353770,RRM2,ENST00000641198,ENSP00000493399,ENSP00000353770,YKKAEASFWTAEEVD,,,True,3.0,4.645550033493305,FISHVLAFFAASDGI,,,True,4.5,0.95391455784877,FAAVEGIFFSGSFAS,,,True,5.0,4.469888111616566,NP_012508.1,YKRAEASFWTAEEID,1.0,0.8666666666666667,0.6486295228091532,0.0,0.5011383043308804,0.0,0.4988616956691196,False,1.087440834316382,3.0,NP_001159403,,NP_012508.1,FISRVLAFFAASDGI,1.0,0.9333333333333332,,,,,,False,3.6916384462922673,,NP_001159403,,NP_012508.1,FASIEGVFFSGSFAS,0.9583333333333334,0.8,0.6809920846055971,0.0,0.2051999500403584,0.0,0.7948000499596416,True,1.9178711051152504,5.0,NP_001159403,
ENSG00000096384,HSP90AB1,ENST00000620073,ENSP00000481908,ENSP00000360709,HSP90AB1,ENST00000620073,ENSP00000481908,ENSP00000360709,DKENYKKFYEAFSKN,,,True,3.5,-0.1001878650086789,TQEEYGEFYKSLTND,,,True,4.0,-0.4756039687318278,IGQFGVGFYSAYLVA,,,True,4.0,4.114408890557312,NP_015084.1,DSEQFEKFYSAFSKN,0.8333333333333334,0.6666666666666666,0.5447844828301966,0.0,0.2705774877745383,0.0,0.7294225122254617,False,1.3755092915023668,3.0,NP_001258898,,NP_015084.1,TQEEYNAFYKSISND,0.6666666666666666,0.7333333333333333,,,,,,False,-0.9087076444802836,,NP_001258898,,NP_015084.1,IGQFGVGFYSLFLVA,0.7916666666666666,0.8666666666666667,0.4613972360444359,0.0,0.4466266487385839,0.0,0.5533733512614161,False,3.385869764445248,6.0,NP_001258898,
ENSG00000168291,PDHB,ENST00000302746,ENSP00000307241,ENSP00000307241,PDHB,ENST00000302746,ENSP00000307241,ENSP00000307241,MEGPAFNFLDAPAVR,,,True,4.5,8.274441755159193,INSAAKTYYMSGGLQ,,,True,6.0,2.144593455267543,GLRPICEFMTFNFSM,,,True,6.0,3.558743961154233,NP_009780.1,MESEAFDYLDAPIQR,0.5575396825396826,0.6,0.5395648112187973,0.0,0.2569368609027033,0.0,0.7430631390972966,False,6.651310944560473,3.5,NP_000916,,NP_009780.1,VNSAAKTHYMSGGTQ,0.875,0.8,,,,,,False,2.144593455267543,,NP_000916,,NP_009780.1,GLKPIVEFMSFNFSM,0.875,0.8,0.2758857082556573,0.0,0.2660734381206696,0.0,0.7339265618793304,False,4.044972040950259,6.0,NP_000916,
ENSG00000115091,ACTR3,ENST00000263238,ENSP00000263238,ENSP00000263238,ACTR3,ENST00000263238,ENSP00000263238,ENSP00000263238,KGVDDLDFFIGDEAI,,,True,4.5,-1.6971965725886258,LASTPEFYQVCHTKK,,,True,6.0,0.8001859173777807,VCHTKKDYEEIGPSI,,,True,6.0,0.5288727884982688,NP_012599.3,RGTEDLDFYIGNEAL,0.9047619047619048,0.6,,,,,,False,-0.7056042548184822,,NP_005712,,NP_012599.3,LAQTAEFKGYCHTKK,0.353968253968254,0.6666666666666666,,,,,,False,3.550904603077336,,NP_005712,,NP_012599.3,YCHTKKDYEEYGPEI,0.8095238095238096,0.8,0.2468889253589029,0.0,0.455305352114623,0.0,0.5446946478853769,False,-3.265218020510468,6.0,NP_005712,
ENSG00000178999,AURKB,ENST00000316199,ENSP00000313950,ENSP00000313950,AURKB,ENST00000316199,ENSP00000313950,ENSP00000313950,LLVGNPPFESASHNE,,,True,5.5,5.376161640699262,ELQKSCTFDEQRTAT,,,True,5.5,-1.545349711567924,IVALKVLFKSQIEKE,,,True,6.0,0.6941073249424955,NP_015115.1,LLTGAPPFEEEMKDT,0.4333333333333333,0.4666666666666667,,,,,,False,2.5702195810268456,,NP_001271455,,NP_015115.1,LLTGAPPFEEEMKDT,0.4095238095238094,0.2666666666666666,,,,,,False,2.5702195810268456,,NP_001271455,,NP_015115.1,KYNLQKQFRREVEIQ,0.3666666666666667,0.2,,,,,,False,1.7266798125419884,,NP_001271455,
ENSG00000167720,SRR,ENST00000576848,ENSP00000476682,ENSP00000339435,SRR,ENST00000576848,ENSP00000476682,ENSP00000339435,QLTGRNLFFKCELFQ,,,True,5.5,0.5731815881649701,RDLVDDIFTVTEDEI,,,True,5.5,2.329193692803284,AYGASIVYCEPSDES,,,True,6.0,1.1281354800869048,NP_012704.1,DRLGAQIYFKGENFQ,0.3214285714285714,0.4,,,,,,False,7.160294449644196,,NP_068766,XP_006721628,NP_012704.1,RENVDDILTVSDQEL,0.5416666666666666,0.5333333333333333,,,,,,False,1.7416603973467712,,NP_068766,XP_006721628,NP_012704.1,LAERMKVVVEPTACL,0.3333333333333333,0.2,,,,,,False,5.398462871180079,,NP_068766,XP_006721628
ENSG00000070061,ELP1,ENST00000675979,ENSP00000502208,ENSP00000363779,ELP1,ENST00000675765,ENSP00000502640,ENSP00000363779,LEECAQDYEEAVLLL,,,True,3.5,2.382142534974731,KWLDKLMFKEAFECM,,,True,3.5,-2.184688059673048,QQIHQDDFGESKFIT,,,True,4.0,-1.895653640250462,NP_013488.3,KNIMAKRYKEAFIVC,0.5499999999999999,0.2666666666666666,0.7128591142976601,0.0,0.4427836167581735,0.0,0.5572163832418265,False,9.30901073235243,6.0,NP_003631,,NP_013488.3,EKDFTLMFSDAGFIN,0.4722222222222222,0.2666666666666666,0.6705442894976419,0.0,0.3732440809529459,0.0,0.6267559190470541,False,1.6094887734881953,4.5,NP_003631,,NP_013488.3,HPSIVCEFPKSEFTS,0.5523809523809523,0.2,,,,,,False,0.4467334911860552,,NP_003631,
ENSG00000183044,ABAT,ENST00000569156,ENSP00000454963,ENSP00000379845,ABAT,ENST00000569156,ENSP00000454963,ENSP00000379845,AVHFFCNYEESRGNY,,,True,5.5,-1.315505578246262,GRGTFCSFDTPDDSI,,,True,5.5,4.272659316152172,RVRGRGTFCSFDTPD,,,True,6.0,1.42210479781803,NP_011533.3,PAYFLADYEKSLGNY,0.7277777777777779,0.4666666666666667,,,,,,False,2.8976756046622136,,NP_000654,XP_047289643,NP_011533.3,PHAEYPSYQYPLDEN,0.5238095238095238,0.2,,,,,,False,1.6871014739480277,,NP_000654,XP_047289643,NP_011533.3,RAFHGRLFASGSTTC,0.375,0.2666666666666666,0.4696748694634112,0.0,0.4173194849484785,0.0,0.5826805150515215,False,1.7425743743990094,5.5,NP_000654,XP_047289643
ENSG00000182199,SHMT2,ENST00000328923,ENSP00000333667,ENSP00000333667,SHMT2,ENST00000328923,ENSP00000333667,ENSP00000333667,RISATSIFFESMPYK,,,True,4.0,-0.0835738814814031,KTAKLQDFKSFLLKD,,,True,6.0,4.4269259488782975,GMLYFSLFWAARPLQ,,,True,6.0,1.5271924338505312,NP_009822.4,PISFISKYFQSMPYH,0.5380952380952381,0.5333333333333333,,,,,,False,3.1081215498178265,,NP_005403,,NP_009822.4,KQAMSPEFKEYQQKI,0.4047619047619047,0.3333333333333333,0.5070182800718467,0.0,0.2537040999735074,0.0,0.7462959000264926,False,-4.834068250626911,5.5,NP_005403,,NP_009822.4,GAMAVALKQAMSPEF,0.3,0.2666666666666666,,,,,,False,0.7064450891150431,,NP_005403,
ENSG00000120694,HSPH1,ENST00000320027,ENSP00000318687,ENSP00000318687,HSPH1,ENST00000320027,ENSP00000318687,ENSP00000318687,TETEDWLYEEGEDQA,,,True,3.5,-0.7880950402122159,GTPVKVRFQEAEERP,,,True,4.5,1.6597740933399268,SDPQGVPYPEAKIGR,,,True,5.0,1.7056887196097197,NP_009728.1,ATTENWLYGDGDDST,0.6666666666666666,0.4666666666666667,0.8009215615331938,0.0,0.2603079184022514,0.0,0.7396920815977486,False,2.145792735302181,4.5,NP_006635,XP_047286014,NP_009728.1,PEDAEPQFKEVTKTI,0.4333333333333333,0.1333333333333333,0.7526040065547561,0.0,0.3699529922645296,0.0,0.6300470077354704,False,0.5361544823669349,6.0,NP_006635,XP_047286014,NP_009728.1,VFPANSSYPSTKLIT,0.375,0.2666666666666666,0.2298605761622613,0.0,0.6251030505063604,0.0,0.3748969494936396,False,2.8238425786877364,5.5,NP_006635,XP_047286014
ENSG00000141385,AFG3L2,ENST00000269143,ENSP00000269143,ENSP00000269143,AFG3L2,ENST00000269143,ENSP00000269143,ENSP00000269143,EKSTYEEFVEGTGSL,,,True,4.0,0.5755808249874647,DMVLEKPYSEATARL,,,True,5.0,-0.9066984070766344,EEKKTVAYHEAGHAV,,,True,5.0,1.605253906562504,NP_010933.1,LSVSGSEFVEMFVGV,0.4416666666666666,0.2666666666666666,0.5654063276497027,0.0,0.2027601722442028,0.0,0.7972398277557972,True,0.8562652249709966,5.5,NP_006787,XP_011523903,NP_010933.1,NFKVNKPFSNKTART,0.5499999999999999,0.4,,,,,,False,2.7393299092578025,,NP_006787,XP_011523903,NP_010933.1,EEKRSVAYHEAGHAV,1.0,0.8666666666666667,0.7308087194221002,0.0,0.7152059280154432,0.0,0.2847940719845567,False,4.342977795006001,5.0,NP_006787,XP_011523903
ENSG00000197930,ERO1A,ENST00000395686,ENSP00000379042,ENSP00000379042,ERO1A,ENST00000395686,ENSP00000379042,ENSP00000379042,HDDSSDNFCEADDIQ,,,True,2.0,-0.620401332069449,GTSEENTFYSWLEGL,,,True,3.5,-2.428976035479056,ESGPSYEFHLTRQEI,,,True,5.0,1.8714737239952128,NP_013576.1,DIEDTINYCDVNDFN,0.6269841269841271,0.2,0.781792495333572,0.0,0.3708770492066848,0.0,0.6291229507933151,False,0.4090649037190915,5.0,NP_055399,,NP_013576.1,LIALLQTFGRLSESI,0.3,0.2,,,,,,False,3.1812008179853093,,NP_055399,,NP_013576.1,DLVFANDLSLTLKDE,0.3805555555555555,0.1333333333333333,,,,,,False,3.935286202823725,,NP_055399,
ENSG00000010292,NCAPD2,ENST00000382457,ENSP00000371895,ENSP00000325017,NCAPD2,ENST00000315579,ENSP00000325017,ENSP00000325017,FCMISATFCDSQLRL,,,True,4.5,-0.3946498028086225,ARDTRDQFLDTLQAH,,,True,5.0,2.7813265561008644,TREATGHFQESEPFS,,,True,5.0,-1.9596653797441423,NP_013374.1,LIQVLLTFLQDELHK,0.4583333333333333,0.2,,,,,,False,4.377286048015412,,NP_055680,,NP_013374.1,GGTNEDDFTDAIQFV,0.4666666666666666,0.2666666666666666,0.7391569880785296,0.0,0.3304472229522357,0.0,0.6695527770477643,False,0.3502410914497174,3.0,NP_055680,,NP_013374.1,IELLEERFQDSNPYV,0.7222222222222223,0.2666666666666666,0.4582719544498239,0.0,0.3109688736400075,0.0,0.6890311263599925,False,-1.2189982190630508,5.0,NP_055680,
ENSG00000136143,SUCLA2,ENST00000643584,ENSP00000494987,ENSP00000494360,SUCLA2,ENST00000643584,ENSP00000494987,ENSP00000494360,RKYPRREYYFAITME,,,True,4.5,0.964258927228088,GGRGKGTFESGLKGG,,,True,6.0,1.1041524970564198,YPRREYYFAITMERS,,,True,6.0,4.505585393144187,NP_011760.3,YGIGTPEGFPAFTPE,0.4047619047619048,0.2666666666666666,,,,,,False,0.1446162341079919,,NP_003841,,NP_011760.3,GGRGKGHFDTGYKSG,0.5472222222222222,0.6666666666666666,0.4933792691265236,0.0,0.2160542762729353,0.0,0.7839457237270646,True,1.870488746069335,6.5,NP_003841,,NP_011760.3,IGTPEGFPAFTPEEA,0.4880952380952381,0.2666666666666666,,,,,,False,0.4667117306123528,,NP_003841,
ENSG00000100316,RPL3,ENST00000401609,ENSP00000386101,ENSP00000346001,RPL3,ENST00000401609,ENSP00000386101,ENSP00000346001,LEKIDLKFIDTTSKF,,,True,5.0,-0.7239345824829808,VVVGIVGYVETPRGL,,,True,6.0,-0.6059693683696522,LRTFKTVFAEHISDE,,,True,6.0,-0.9600111138992212,NP_014706.1,LEEVSLKWIDTASKF,0.8484848484848485,0.6666666666666666,,,,,,False,8.492593254293205,,NP_000958,,NP_014706.1,VVVGVVGYVETPRGL,1.0,0.9333333333333332,0.4614187136029894,0.0,0.637426152974752,0.0,0.362573847025248,False,-1.3238836717829068,6.0,NP_000958,,NP_014706.1,LRSLTTVWAEHLSDE,0.8484848484848485,0.6666666666666666,,,,,,False,1.2304065080907882,,NP_000958,
ENSG00000111906,HDDC2,ENST00000398153,ENSP00000381220,ENSP00000381220,HDDC2,ENST00000398153,ENSP00000381220,ENSP00000381220,KPGRLQDFYDSTAGK,,,True,3.0,5.270630879424785,LYELWEEYETQSSAE,,,True,5.5,-0.8117862226151498,ELYELWEEYETQSSA,,,True,6.0,4.410054619973232,NP_009801.1,GTKNFDDFFGAVASI,0.5972222222222222,0.2,,,,,,False,0.6082331669914446,,NP_057147,XP_024302218,NP_009801.1,MLVQCFEYEREYKGT,0.5333333333333333,0.2,,,,,,False,4.296974984367998,,NP_057147,XP_024302218,NP_009801.1,YLDLGIKECESISDH,0.537962962962963,0.2666666666666666,,,,,,False,-0.654664258620814,,NP_057147,XP_024302218
ENSG00000130305,NSUN5,ENST00000438747,ENSP00000388464,ENSP00000388464,NSUN5,ENST00000438747,ENSP00000388464,ENSP00000388464,ETTLSSGFFVAVIER,,,True,4.5,4.244780054144931,PSLQRLVYSTCSLCQ,,,True,5.5,-1.6260485747620113,LQQNPGAFRLAPALP,,,True,6.5,-1.2312840502928948,NP_014376.3,KSDGGIGFFAVCFER,0.5,0.3333333333333333,,,,,,False,0.7721410866041676,,NP_683759,,NP_014376.3,PAAKKIVYSTCSIHA,0.9166666666666666,0.4666666666666667,0.3856700831493229,0.0,0.4035063800507456,0.0,0.5964936199492543,False,3.13117228136013,5.5,NP_683759,,NP_014376.3,IAKEELQTRLAKLSS,0.3583333333333333,0.2,,,,,,False,1.0747428939414447,,NP_683759,
ENSG00000059804,SLC2A3,ENST00000707174,ENSP00000516774,ENSP00000075120,SLC2A3,ENST00000707174,ENSP00000516774,ENSP00000075120,FYYSTGIFKDAGVQE,topological domain,Extracellular,False,4.5,-0.5052698495596921,SGINAVFYYSTGIFK,transmembrane region;topological domain,Helical; Name=7;Extracellular,False,5.0,7.963079950897928,NFLVGLLFPSAAHYL,transmembrane region;topological domain,Helical; Name=11;Extracellular,False,5.5,9.887597285777618,NP_011411.3,CKLRGVTFDEAAQEI,0.2722222222222222,0.1333333333333333,0.4219127339966869,0.0,0.6676623381582832,0.0,0.3323376618417167,False,5.997328663485327,4.0,NP_008862,,NP_011411.3,IGGILGSYFATSLAN,0.4583333333333333,0.2,,,,,,False,3.490225434049895,,NP_008862,,NP_009800.1,MVSSLLLFFSNSYLQ,0.3809523809523809,0.2666666666666666,0.4794254826049343,0.0,0.4940009959134375,0.0,0.5059990040865625,False,4.8014075335304005,6.0,NP_008862,
ENSG00000284320,SHMT1,ENST00000640392,ENSP00000492715,ENSP00000495756,SHMT1,ENST00000640392,ENSP00000492715,ENSP00000495756,KISATSIFFESMPYK,,,True,4.0,-0.3901065609847814,LREEVESFASLFPLP,,,True,6.0,1.755529240104583,AGVVPSPFEHCHVVT,,,True,6.5,7.184275229940204,NP_013159.1,KISAVSTYFESFPYR,0.7047619047619048,0.6666666666666666,0.4348580228421027,0.0,0.7116145050870395,0.0,0.2883854949129605,False,0.4817675930008788,4.0,NP_004160,,NP_013159.1,GGPHNHTIAALATAL,0.375,0.1333333333333333,,,,,,False,4.263842903002824,,NP_004160,,NP_013159.1,AGVIPSPFEYADIVT,0.6726190476190476,0.6666666666666666,,,,,,False,7.876238296247717,,NP_004160,
ENSG00000176974,SHMT1,ENST00000352886,ENSP00000345881,ENSP00000318868,SHMT1,ENST00000352886,ENSP00000345881,ENSP00000318868,KISATSIFFESMPYK,,,True,4.0,-0.3901065609847814,LREEVESFASLFPLP,,,True,6.0,1.755529240104583,AGVVPSPFEHCHVVT,,,True,6.5,7.184275229940204,NP_013159.1,KISAVSTYFESFPYR,0.7047619047619048,0.6666666666666666,0.4348580228421027,0.0,0.7116145050870395,0.0,0.2883854949129605,False,0.4817675930008788,4.0,NP_004160,XP_005256824,NP_013159.1,GGPHNHTIAALATAL,0.375,0.1333333333333333,,,,,,False,4.263842903002824,,NP_004160,XP_005256824,NP_013159.1,AGVIPSPFEYADIVT,0.6726190476190476,0.6666666666666666,,,,,,False,7.876238296247717,,NP_004160,XP_005256824
ENSG00000168806,LCMT2,ENST00000305641,ENSP00000307214,ENSP00000307214,LCMT2,ENST00000305641,ENSP00000307214,ENSP00000307214,GAVDMNEFYHCFLPA,,,True,4.5,1.405555481128312,EPASALCFESADYCI,,,True,5.0,4.216815773996446,NIEPFDEFEEWHLKC,,,True,5.0,-4.568176737790481,NP_014500.2,DVTPKDEFFQNSLVS,0.5,0.2,,,,,,False,3.613294203918813,,NP_055608,,NP_014500.2,VGDMFQLWESADEAT,0.4068181818181818,0.2666666666666666,,,,,,False,3.521323136205471,,NP_055608,,NP_014500.2,KVEPFDELEEFHLFC,0.6944444444444443,0.6666666666666666,,,,,,False,-0.8147615552647374,,NP_055608,
ENSG00000107937,GTPBP4,ENST00000360803,ENSP00000354040,ENSP00000354040,GTPBP4,ENST00000360803,ENSP00000354040,ENSP00000354040,SEDDQKIFTDLQSEG,,,True,5.5,-1.6208728304194675,LRTAAGEYDSVSESE,,,True,5.5,5.272607328734773,VVPSAKDFIDLTLSK,,,True,5.5,3.183250414655137,NP_015232.1,LRSCVLYFMDLSEQC,0.4428571428571429,0.2,0.3926673665893955,0.0,0.2340516123313407,0.0,0.7659483876686592,True,1.024401341195579,5.5,NP_036473,XP_047280888,NP_015232.1,DGFEASEVDDIKEKA,0.5833333333333334,0.2666666666666666,,,,,,False,4.8399635165457,,NP_036473,XP_047280888,NP_015232.1,TVAPANDLLDIVLNR,0.6666666666666666,0.3333333333333333,,,,,,False,3.63068692108085,,NP_036473,XP_047280888
ENSG00000130299,GTPBP3,ENST00000361619,ENSP00000354598,ENSP00000351644,GTPBP3,ENST00000361619,ENSP00000354598,ENSP00000351644,EEILDIIFQDFCVGK,,,True,5.5,-1.3371429460839446,ALAHVEAYIDFGEDD,,,True,6.0,1.5072344395917563,TGEDCVEFHVHGGPA,,,True,6.5,-0.4257102536545516,NP_013736.1,EEILDSVFSKFCIGK,0.5499999999999999,0.6666666666666666,,,,,,False,3.5123228275324223,,NP_598399,,NP_013736.1,NMAQLTAIIDFADDN,0.6805555555555555,0.4,,,,,,False,7.701370512203569,,NP_598399,,NP_013736.1,TGEDVLELHVHGGKA,0.8333333333333334,0.7333333333333333,,,,,,False,-0.5553845058981577,,NP_598399,
ENSG00000101342,TLDC2,ENST00000602922,ENSP00000473323,ENSP00000217320,TLDC2,ENST00000602922,ENSP00000473323,ENSP00000217320,GHPWSLVFCTSRDGF,,,True,4.5,3.62127384633985,AIRLSKGFYGTGETF,,,True,5.0,-0.266999814564103,DGQIFGAFSSSAIRL,,,True,5.5,6.06314156530228,NP_015128.1,GVNEFAIYCTSEFLS,0.6130952380952381,0.2666666666666666,0.4421065399594407,0.0,0.1154302458507061,0.0,0.8845697541492938,True,0.1921037984726681,6.0,NP_542195,,NP_015128.1,TGVNEFAIYCTSEFL,0.4444444444444445,0.2,,,,,,False,2.14677532805248,,NP_542195,,NP_015128.1,KNGIFGAYSNEAFHP,0.4325396825396825,0.4,,,,,,False,3.906660967724974,,NP_542195,
ENSG00000074800,ENO1,ENST00000234590,ENSP00000234590,ENSP00000234590,ENO1,ENST00000234590,ENSP00000234590,ENSP00000234590,LPVGAANFREAMRIG,,,True,5.0,1.820871862698066,SGKYDLDFKSPDDPS,,,True,5.0,2.408757650902388,DVAASEFFRSGKYDL,,,True,5.5,3.041429925020622,NP_014056.3,APVGAQSFAEAMRMG,0.6666666666666666,0.6666666666666666,0.5577586804881224,0.0,0.4807849412341983,0.0,0.5192150587658017,False,1.558808231038308,4.5,NP_001419,,NP_014056.3,DGKYDLNFKEPNSDP,0.5277777777777778,0.5333333333333333,0.6607455988063484,0.0,0.4267667107919134,0.0,0.5732332892080866,False,-0.4115488203829916,6.0,NP_001419,,NP_014056.3,DSAPSVFYKDGKYDL,0.6380952380952382,0.6,0.5875338424105571,0.0,0.0828273718270843,0.0,0.9171726281729156,True,2.0478359508570145,5.5,NP_001419,
ENSG00000198130,HIBCH,ENST00000399855,ENSP00000398060,ENSP00000352706,HIBCH,ENST00000359678,ENSP00000352706,ENSP00000352706,ACMRGHDFHEGVRAV,,,True,4.5,2.366735790580661,RAGIATHFVDSEKLA,,,True,5.5,4.3196812372839855,EEDLNNHFKSLGSSD,,,True,5.5,1.4965491213844888,NP_010321.1,CERKCEEVNDGLRWK,0.4416666666666666,0.1333333333333333,,,,,,False,0.0566674364891377,,NP_055177,XP_047299861,NP_010321.1,MLGLASHYVSSENLD,0.5714285714285715,0.4666666666666667,0.2562629409877577,0.0,0.3770624813055997,0.0,0.6229375186944003,False,10.416205424192423,6.0,NP_055177,XP_047299861,NP_010321.1,AEMSESMFKTLNEYA,0.4666666666666666,0.2666666666666666,0.6447103005819705,0.0,0.2237699807978565,0.0,0.7762300192021434,True,2.402429537085897,5.0,NP_055177,XP_047299861
ENSG00000141994,DUS3L,ENST00000309061,ENSP00000311977,ENSP00000311977,DUS3L,ENST00000309061,ENSP00000311977,ENSP00000311977,TKEQFHQFLEAKGQE,,,True,4.5,0.2873327475948343,GNGDILSFEDANRAM,,,True,4.5,0.4067634457320405,GVQLEGAFPDTMTKC,,,True,4.5,-0.7600940242566385,NP_013505.4,EEVESQQYLDKTSTE,0.426984126984127,0.2,,,,,,False,0.6103016060665056,,NP_064560,XP_016882509,NP_013505.4,GNGDVNNFEDWYRYL,0.6489898989898991,0.5333333333333333,0.3659463686755768,0.0,0.0280252704318982,0.0,0.9719747295681016,True,-3.3278455968219083,7.0,NP_064560,XP_016882509,NP_013505.4,GTNSEWALPKAHTSE,0.4666666666666666,0.3333333333333333,,,,,,False,2.57836626929265,,NP_064560,XP_016882509
ENSG00000121897,LIAS,ENST00000638422,ENSP00000491001,ENSP00000492260,LIAS,ENST00000638422,ENSP00000491001,ENSP00000492260,ECWGGGEYATATATI,,,True,4.5,0.9017170854097488,PLDASEPYNTAKAIA,,,True,5.0,0.6606957972542701,NGPDLQDFVSGDLAD,,,True,5.0,3.35194305620064,NP_014839.1,GNSTEVENATSQLTG,0.4444444444444445,0.2666666666666666,,,,,,False,0.7352509803653604,,NP_006850,,NP_014839.1,KPDPMEPENTAEAIK,0.7666666666666666,0.5333333333333333,,,,,,False,2.5774122229817498,,NP_006850,,NP_014839.1,LGPSFADFVSGKASK,0.7916666666666666,0.4666666666666667,0.383198103353203,0.0,0.199247452077051,0.0,0.800752547922949,True,1.3351411491275904,5.0,NP_006850,
ENSG00000188375,H3-5,ENST00000340398,ENSP00000339835,ENSP00000339835,H3-5,ENST00000340398,ENSP00000339835,ENSP00000339835,DFNTDLRFQSAAVGA,,,True,5.5,6.296590380539518,ALREIRRYQKSTELL,,,True,7.5,1.839435587964551,LQEASEAYLVGLLED,,,True,7.5,-0.3059241802903564,NP_009564.1,DFKTDLRFQSSAIGA,0.8333333333333334,0.8,0.384299548404943,0.0,0.2819642246452502,0.0,0.7180357753547498,False,7.569664123229382,6.5,NP_001013721,,NP_009564.1,ALREIRRFQKSTELL,0.9166666666666666,0.9333333333333332,,,,,,False,1.839435587964551,,NP_001013721,,NP_009564.1,LQESVEAYLVSLFED,0.6666666666666666,0.7333333333333333,,,,,,False,-0.2905307679730785,,NP_001013721,
ENSG00000136045,PWP1,ENST00000412830,ENSP00000387365,ENSP00000387365,PWP1,ENST00000552760,ENSP00000448227,ENSP00000387365,YNQEEDSFYVHHDIL,,,True,5.0,-0.8359283854416475,DMKMGVLFCSSCCPD,,,True,5.5,0.3614476151864563,LSVEWLNFDPSPDDS,,,True,6.0,-1.564188128129604,NP_013297.1,GLVRDPALYVHHDLM,0.7083333333333334,0.3333333333333333,,,,,,False,2.9319505634662018,,NP_008993,,NP_013297.1,DFDVGNVLTSSFAPD,0.3416666666666666,0.4,,,,,,False,2.8179004544765034,,NP_008993,,NP_013297.1,NYAAIGTFDPQIEIW,0.5666666666666667,0.2,,,,,,False,1.0912143315257847,,NP_008993,
ENSG00000213782,DDX47,ENST00000352940,ENSP00000319578,ENSP00000350698,DDX47,ENST00000352940,ENSP00000319578,ENSP00000350698,EEEETKTFKDLGVTD,,,True,5.0,0.0597914658093293,AGNSFMIFCSTCNNT,,,True,5.5,6.011765682946313,RSGKAITFVTQYDVE,,,True,5.5,7.600397661626973,NP_011932.2,EDESFESFSELNLVP,0.4833333333333333,0.2666666666666666,0.4562991207257358,0.0,0.3503930772172944,0.0,0.6496069227827056,False,2.3706349318015105,4.5,NP_057439,,NP_011932.2,QERTTYLFSATMTSK,0.4166666666666667,0.1333333333333333,,,,,,False,3.165293555371786,,NP_057439,,NP_011932.2,RSGKSISLVSQYDLE,0.5833333333333334,0.6666666666666666,,,,,,False,1.8773531135148007,,NP_057439,
ENSG00000136003,ISCU,ENST00000311893,ENSP00000310623,ENSP00000310623,ISCU,ENST00000311893,ENSP00000310623,ENSP00000310623,VDARFKTFGCGSAIA,,,True,7.0,2.757375662575783,IKAALADYKLKQEPK,,,True,7.0,3.753746682387545,SSSLATEWVKGKTVE,,,True,7.5,9.401315586021772,NP_015190.1,EDVKFKTFGCGSAIA,1.0,0.8,,,,,,False,0.019651774132285,,NP_998760,,NP_014869.3,IKAAIKDYKTKRNPS,0.6333333333333333,0.6,,,,,,False,6.5635409430823,,NP_998760,,NP_015190.1,SSSYMTELVQGMTLD,0.6166666666666667,0.5333333333333333,,,,,,False,3.365207160271257,,NP_998760,
ENSG00000103275,UBE2I,ENST00000355803,ENSP00000348056,ENSP00000380649,UBE2I,ENST00000355803,ENSP00000348056,ENSP00000380649,RMLFKDDYPSSPPKC,,,True,5.0,0.5902468505477109,ILEEDKDWRPAITIK,,,True,6.5,2.5773510787562066,PLFHPNVYPSGTVCL,,,True,6.5,0.8118401868190523,NP_010219.1,TVEYPNEYPSKPPKV,0.7333333333333334,0.4,,,,,,False,0.9226619759108888,,NP_003336,,NP_010219.1,ILNEDQDWRPAITLK,1.0,0.8,,,,,,False,3.161965662927327,,NP_003336,,NP_010219.1,GFYHPNVYPSGTICL,0.9583333333333334,0.7333333333333333,0.59856008654068,0.0,0.2483733697395907,0.0,0.7516266302604093,False,2.6949777193452986,6.5,NP_003336,
ENSG00000071127,WDR1,ENST00000508079,ENSP00000425481,ENSP00000427687,WDR1,ENST00000508079,ENSP00000425481,ENSP00000427687,SDDNCAAFFEGPPFK,,,True,4.0,-0.1659861276978944,SHDGHINYWDSETGE,,,True,4.5,-0.2650494044657501,WSPDNEHFASGGMDM,,,True,5.5,3.2716559273753147,NP_013810.1,GDDGSVVFYQGPPFK,0.6380952380952382,0.5333333333333333,,,,,,False,-0.4522658313712716,,NP_059830,,NP_013810.1,GADATIRVWDVTTSK,0.375,0.3333333333333333,,,,,,False,2.698736595414814,,NP_059830,,NP_013810.1,ISPSETYIAAGDVMG,0.4642857142857142,0.2666666666666666,,,,,,False,0.5472792627816276,,NP_059830,
ENSG00000139133,ALG10,ENST00000541875,ENSP00000443142,ENSP00000266483,ALG10,ENST00000541875,ENSP00000443142,ENSP00000266483,VXEAGSMFFTLFAXF,transmembrane region,Helical,False,6.0,3.976793496726892,EFRKILQFLLAYSMS,topological domain,Cytoplasmic,True,6.0,2.4865883321599047,SPSKIKTFLSLVWKR,topological domain,Cytoplasmic,True,6.5,3.8130309527671327,NP_011743.2,FWPVSLMSFPLMTTY,0.3928571428571428,0.2,,,,,,False,4.180583600982596,,NP_116223,XP_024304999,NP_011743.2,YFTKVHPFLLADNRH,0.6706349206349206,0.4,,,,,,False,5.402834203548121,,NP_116223,XP_024304999,NP_011743.2,MINFVLFFIYLIWNR,0.4801587301587302,0.2666666666666666,,,,,,False,3.273610172080516,,NP_116223,XP_024304999
ENSG00000065183,WDR3,ENST00000349139,ENSP00000308179,ENSP00000308179,WDR3,ENST00000349139,ENSP00000308179,ENSP00000308179,AKSEVMFFADATSHL,,,True,4.0,2.0219070552319303,EMEREAEYEESVAKE,,,True,4.0,0.7762597355978675,VKIWGLDFGDCHKSL,,,True,4.0,3.87083489183563,NP_013230.1,GNGDDAFKADASGEG,0.5666666666666667,0.2666666666666666,,,,,,False,-0.582002301108736,,NP_006775,,NP_013230.1,MVKSYQRFEQAAAFG,0.525,0.1333333333333333,,,,,,False,5.067912240969605,,NP_006775,,NP_013230.1,IKIWGLDFGDCHKSL,1.0,0.9333333333333332,0.3255318673915767,0.0,0.6265438188035826,0.0,0.3734561811964175,False,3.87083489183563,4.0,NP_006775,
ENSG00000101199,ARFGAP1,ENST00000519273,ENSP00000443716,ENSP00000359306,ARFGAP1,ENST00000519604,ENSP00000430500,ENSP00000359306,GNAKFREFLESQEDY,,,True,3.0,-1.9614641528456296,DQSFWETFGSAEPTK,,,True,4.0,0.9050031648632564,NSNIDQSFWETFGSA,,,True,4.0,-1.0887090592940656,NP_010055.1,GNEPLTEWFKSHNID,0.3818181818181818,0.2666666666666666,,,,,,False,9.402538135459736,,NP_060679,XP_006723886,NP_010055.1,LSATSQTAASATPGV,0.5833333333333334,0.2666666666666666,,,,,,False,2.521023118494315,,NP_060679,XP_006723886,NP_010055.1,AAQFGQKFQETSSYG,0.4333333333333333,0.2666666666666666,0.4028715235000656,0.0,0.5725265600320072,0.0,0.4274734399679928,False,-2.785152765679643,5.0,NP_060679,XP_006723886
ENSG00000261236,BOP1,ENST00000569669,ENSP00000455106,ENSP00000455106,BOP1,ENST00000569669,ENSP00000455106,ENSP00000455106,PYEPAVDFFSGDVMI,,,True,4.0,4.554145445921829,RPRDLQPFPTCQALV,,,True,5.0,2.399267102516864,PRDPTPSFYDLWAQE,,,True,5.0,-0.5200787513425841,NP_013764.1,DTTSLTDRLSGVKLQ,0.3333333333333333,0.2,,,,,,False,5.084287229307146,,NP_056016,,NP_013764.1,SPKDLRPFPIRCSTI,0.3999999999999999,0.4,,,,,,False,1.7323891138413674,,NP_056016,,NP_013764.1,CSQRYVRIYDLSQQI,0.4333333333333333,0.2666666666666666,,,,,,False,2.2528456329300703,,NP_056016,
ENSG00000067225,PKM,ENST00000698741,ENSP00000513903,ENSP00000455901,PKM,ENST00000698741,ENSP00000513903,ENSP00000455901,HAAMADTFLEHMCRL,,,True,6.0,2.496953981659215,VKQKGADFLVTEVEN,,,True,6.0,-0.3922764153853616,KITLDNAYMEKCDEN,,,True,6.0,-1.2896912085993513,NP_009362.1,PVICATQMLESMTYN,0.225,0.2666666666666666,,,,,,False,2.9610891367760344,,NP_001193725,XP_047288619,NP_009362.1,VDDGVLSFQVLEVVD,0.3916666666666666,0.3333333333333333,,,,,,False,3.083201898156961,,NP_001193725,XP_047288619,NP_009362.1,IAEQAIAYLPNYDDM,0.5595238095238095,0.2,,,,,,False,3.5447632207317805,,NP_001193725,XP_047288619
ENSG00000159131,GART,ENST00000381831,ENSP00000371253,ENSP00000371236,GART,ENST00000381831,ENSP00000371253,ENSP00000371236,LYKNRVEFDSAIDLV,,,True,3.0,1.2724485032953017,EPLFFLDYFSCGKLD,,,True,4.0,0.7296610985666603,EEVSCLCFTDGKTVA,,,True,4.5,4.443058769842768,NP_011280.1,IFQAGTKYDSATDSL,0.7714285714285714,0.2666666666666666,0.6161928929787691,0.0,0.3276216322359144,0.0,0.6723783677640857,False,1.8418694007736,5.0,NP_000810,,NP_011280.1,EPLFFLDYFATGALD,0.4666666666666666,0.8,,,,,,False,-0.0188411024660455,,NP_000810,,NP_011280.1,DEISLLTIVDGYSHF,0.3416666666666666,0.3333333333333333,,,,,,False,3.094627782948024,,NP_000810,
ENSG00000165916,PSMC3,ENST00000602866,ENSP00000473652,ENSP00000298852,PSMC3,ENST00000602866,ENSP00000473652,ENSP00000298852,TELTHEDYMEGILEV,,,True,4.0,0.0837815976968283,AKLVRDAFALAKEKA,,,True,5.5,3.2894086023550715,LARCTDDFNGAQCKA,,,True,5.5,0.706504439672502,NP_014760.3,SSVKHEDFVEGISEV,0.5416666666666666,0.5333333333333333,0.6215335297338315,0.0,0.4743641643102256,0.0,0.5256358356897743,False,-1.8774435507515528,4.0,NP_002795,,NP_014760.3,AKLVRDAFALAKEKA,1.0,1.0,,,,,,False,3.2894086023550715,,NP_002795,,NP_014760.3,LARSTDEFNGAQLKA,0.6916666666666668,0.8,,,,,,False,0.0176735685237968,,NP_002795,
ENSG00000188603,CLN3,ENST00000637184,ENSP00000489952,ENSP00000490105,CLN3,ENST00000564091,ENSP00000454466,ENSP00000490105,CAGSRRRFSDSEGEE,topological domain,Cytoplasmic,True,6.0,0.9345359717578596,IPHNSSSRFDCNSVS,topological domain,Lumenal,False,6.5,4.753230752668376,LLWYXLFFWNTSLSH,topological domain,Lumenal,False,6.5,2.0338001872208022,NP_012476.1,FAMGAVSIADSFGVF,0.5,0.2666666666666666,,,,,,False,5.800611772266853,,NP_001035897,,NP_012476.1,GIIGGASYMFLTSIF,0.1607142857142857,0.1333333333333333,,,,,,False,-0.1963400080909541,,NP_001035897,,NP_012476.1,SHQIYCYFWLFGLIN,0.390873015873016,0.2,,,,,,False,-0.3340453569029105,,NP_001035897,
ENSG00000172785,ZNG1A,ENST00000356521,ENSP00000348915,ENSP00000348915,ZNG1A,ENST00000356521,ENSP00000348915,ENSP00000348915,VAVILNEFGEGSALE,,,True,4.5,2.161225283788869,AELGSDIYLDGIITI,,,True,5.5,2.7315287284612464,DEEEDPAEEDCPELV,,,True,6.0,-1.4663818078993347,NP_014426.3,IAVILNEFGDSSEIE,0.5222222222222223,0.6666666666666666,0.55345371722993,0.0,0.5417257360418612,0.0,0.4582742639581388,False,2.672298541039716,3.0,NP_060961,XP_047279549,NP_014426.3,EGLNSSVYIDGIITV,0.875,0.5333333333333333,0.6551314238649129,0.0,0.2363520169919317,0.0,0.7636479830080682,True,4.3550730914066325,5.5,NP_060961,XP_047279549,NP_014426.3,KNIGVKAIEDMVERS,0.5083333333333333,0.2666666666666666,,,,,,False,1.3762238542598288,,NP_060961,XP_047279549
ENSG00000120705,ETF1,ENST00000499810,ENSP00000421288,ENSP00000353741,ETF1,ENST00000499810,ENSP00000421288,ENSP00000353741,YQGGDDEFFDLDDYG,,,True,3.0,-0.4516562073850244,AKMLADEFGTASNIK,,,True,4.0,8.051033371614954,SYGGENGFNQAIELS,,,True,5.5,-0.9735549241304956,NP_009701.3,VDESEDEYYDEDEGS,0.4428571428571428,0.2666666666666666,,,,,,False,0.5587361711921495,,NP_004721,XP_047272888,NP_009701.3,QKMLTDEYGTASNIK,0.9047619047619048,0.8,0.7900686249170155,0.0,0.1857739145522577,0.0,0.8142260854477423,True,5.043021657411956,4.5,NP_004721,XP_047272888,NP_009701.3,SYGGENGFNQAIELS,1.0,1.0,,,,,,False,-0.9735549241304956,,NP_004721,XP_047272888
ENSG00000132383,RPA1,ENST00000254719,ENSP00000254719,ENSP00000254719,RPA1,ENST00000254719,ENSP00000254719,ENSP00000254719,ENQWVTCFQESAEAI,,,True,4.0,6.110135507304195,GQGDKPDYFSSVATV,,,True,4.0,-0.2071762065862831,IIGICKSYEDATKIT,,,True,5.0,1.0496751341109227,NP_009404.1,DTVIEECFDESNVPK,0.5833333333333334,0.2666666666666666,0.5776633331197464,0.0,0.4068746287608261,0.0,0.593125371239174,False,-1.5242134086634969,4.0,NP_002936,,NP_009404.1,GRSEKGDFFSVKAAI,0.6666666666666666,0.4,0.5546186921740807,0.0,0.2909696948927033,0.0,0.7090303051072967,False,2.5591193058202952,5.0,NP_002936,,NP_009404.1,TIKARVSYKGEIKTW,0.4722222222222223,0.2666666666666666,,,,,,False,0.0088384859395892,,NP_002936,
ENSG00000276726,DNAJA3,ENST00000612103,ENSP00000477570,ENSP00000477570,DNAJA3,ENST00000612103,ENSP00000477570,ENSP00000477570,FRKIFGEFSSSSFGD,,,True,4.5,0.5655236130173058,SSSSFGDFQTVFDQP,,,True,4.5,-0.3159605641751687,PFICTASFHTSAPLA,,,True,4.5,4.102811722509842,NP_116638.1,RGSGGASRSSSMFRQ,0.5666666666666667,0.2666666666666666,,,,,,False,0.6384553357035792,,NP_005138,,NP_116638.1,AEKKFHDLQNAYEIL,0.3999999999999999,0.2,,,,,,False,0.2246368058940085,,NP_005138,,NP_116638.1,PRIPKSSFHTSAIRN,0.7083333333333334,0.5333333333333333,0.1785736380712707,0.0,0.4120440659656753,0.0,0.5879559340343247,False,7.686139063985889,4.5,NP_005138,
ENSG00000103423,DNAJA3,ENST00000431375,ENSP00000393970,ENSP00000262375,DNAJA3,ENST00000431375,ENSP00000393970,ENSP00000262375,FRKIFGEFSSSSFGD,,,True,4.5,0.5655236130173058,SSSSFGDFQTVFDQP,,,True,4.5,-0.3159605641751687,PFICTASFHTSAPLA,,,True,4.5,4.102811722509842,NP_116638.1,RGSGGASRSSSMFRQ,0.5666666666666667,0.2666666666666666,,,,,,False,0.6384553357035792,,NP_005138,XP_047290831,NP_116638.1,AEKKFHDLQNAYEIL,0.3999999999999999,0.2,,,,,,False,0.2246368058940085,,NP_005138,XP_047290831,NP_116638.1,PRIPKSSFHTSAIRN,0.7083333333333334,0.5333333333333333,0.1785736380712707,0.0,0.4120440659656753,0.0,0.5879559340343247,False,7.686139063985889,4.5,NP_005138,XP_047290831
ENSG00000100029,PES1,ENST00000354694,ENSP00000346725,ENSP00000346725,PES1,ENST00000354694,ENSP00000346725,ENSP00000346725,VMATFTEFYTTLLGF,,,True,3.5,2.442846630997713,LLLPVAEYFSGVQLP,,,True,4.5,3.3525881465679817,IKERYPTFIDALRDL,,,True,4.5,3.4669453936918564,NP_011617.1,IMLTFLEFYSTLLHF,0.875,0.6666666666666666,0.3497485728225057,0.0,0.3197004150096163,0.0,0.6802995849903838,False,2.24584460531399,3.5,NP_055118,,NP_011617.1,VEEEDQEVVAGEEDD,0.3583333333333333,0.1333333333333333,,,,,,False,-0.8591816299149493,,NP_055118,,NP_011617.1,IKERYPSFPDAIRDI,0.6369047619047619,0.7333333333333333,0.5897331136941889,0.0,0.7433165090423426,0.0,0.2566834909576574,False,3.6054284150068936,4.5,NP_055118,
ENSG00000080493,SLC4A4,ENST00000649996,ENSP00000497468,ENSP00000264485,SLC4A4,ENST00000649996,ENSP00000497468,ENSP00000264485,APFFASDFYDALNIQ,topological domain,Cytoplasmic,True,2.5,8.670231551628635,VLVGEVDFLDTPFIA,topological domain,Cytoplasmic,True,4.0,0.3938347147910678,TLMSDEVFHDIAYKA,topological domain,Cytoplasmic,True,5.0,4.877039751798128,NP_014124.1,IPYYKSDWVDAFNYR,0.6401515151515151,0.4,,,,,,False,7.503172332759202,,NP_001091954,XP_024310035,NP_014124.1,NYRVIPSIVDTYFNN,0.5416666666666666,0.2,,,,,,False,5.473442348888533,,NP_001091954,XP_024310035,NP_014124.1,FTHFGGYLHDVKFKK,0.5178571428571429,0.2,,,,,,False,1.164343210439167,,NP_001091954,XP_024310035
ENSG00000145331,TRMT10A,ENST00000394877,ENSP00000378343,ENSP00000273962,TRMT10A,ENST00000394877,ENSP00000378343,ENSP00000273962,VFEIILEYLETRDWQ,,,True,3.5,0.099096995480014,SSEMLPAFIETSNVD,,,True,4.5,9.331230222092737,EYLETRDWQEAFFTI,,,True,5.5,0.243768260134247,NP_014548.1,RSAKIQEYIDRGEEV,0.5055555555555555,0.2,,,,,,False,2.0100327259290287,,NP_689505,XP_047272374,NP_014548.1,EIILDCSFDELMNDK,0.4166666666666667,0.2,0.4954449308124194,0.0,0.3979690234450576,0.0,0.6020309765549424,False,2.5220497410400964,5.5,NP_689505,XP_047272374,NP_014548.1,KNTNYENWNHFKFLP,0.3055555555555556,0.1333333333333333,,,,,,False,1.5135997019585914,,NP_689505,XP_047272374
ENSG00000188566,NDOR1,ENST00000371521,ENSP00000360576,ENSP00000360576,NDOR1,ENST00000371521,ENSP00000360576,ENSP00000360576,VRPGSLAFPETPDTP,,,True,4.0,-2.076554367612624,EREKLLEFSSAQGQE,,,True,4.0,3.376031185384476,RWRDQDFYWEAEWQE,,,True,4.5,0.0516854654421756,NP_015373.1,YHCDFMSIPRTSFFL,0.2916666666666667,0.1333333333333333,,,,,,False,-0.6290567782676362,,NP_001137498,,NP_015373.1,IKPRYYSISSGPGDP,0.5,0.2,,,,,,False,6.258958456494838,,NP_001137498,,NP_015373.1,GLGIESVYFEYEKKV,0.1718253968253968,0.2,0.4530344784565908,0.0,0.4354632527891341,0.0,0.5645367472108659,False,-2.130772931156093,6.5,NP_001137498,
ENSG00000184207,PGP,ENST00000333503,ENSP00000330918,ENSP00000330918,PGP,ENST00000333503,ENSP00000330918,ENSP00000330918,PGASLEVFGTAYCTA,,,True,5.0,3.9132484865382073,LEVFGTAYCTALYLR,,,True,5.5,1.8490506440446497,KKMVPDFYVDSIADL,,,True,5.5,3.6757351336426334,NP_010045.1,GKDKVWVFGESGIGE,0.4666666666666666,0.2,0.6275755060788759,0.0,0.3037154631304009,0.0,0.696284536869599,False,4.062807466883575,5.0,NP_001035830,,NP_010045.1,EQIFTSGYASAVYIR,0.5416666666666666,0.3333333333333333,0.6226635462073667,0.0,0.5467824293437147,0.0,0.4532175706562853,False,3.297208949947263,5.0,NP_001035830,,NP_010045.1,DYPRPKFYIDKLGDI,0.625,0.3333333333333333,,,,,,False,3.8170956750477583,,NP_001035830,
ENSG00000115204,MPV17,ENST00000430991,ENSP00000406441,ENSP00000369383,MPV17,ENST00000430991,ENSP00000406441,ENSP00000369383,WAKLQRDYPDALITN,transmembrane region,Helical,False,4.0,3.227635009140383,FYLVPLHYRLAVVQC,,,True,7.0,2.3380717128927504,VAVIWNSYLSWKAHR,,,True,7.0,-2.185972266126107,NP_013352.1,FWNTYLSYKNSKVME,0.3277777777777778,0.0666666666666666,,,,,,False,1.3192086315842222,,NP_002428,XP_005264383,NP_013352.1,FSVVPLQHRLLAVNV,0.5,0.4666666666666667,,,,,,False,7.517468814176372,,NP_002428,XP_005264383,NP_013352.1,VAIFWNTYLSYKNSK,0.5253968253968254,0.5333333333333333,0.2557167964534457,0.0,0.4375796271737652,0.0,0.5624203728262347,False,1.7722626730667754,7.0,NP_002428,XP_005264383
ENSG00000138801,PAPSS1,ENST00000265174,ENSP00000265174,ENSP00000265174,PAPSS1,ENST00000265174,ENSP00000265174,ENSP00000265174,KKKKRMDYYDSEHHE,,,True,4.0,2.936756270698437,AWTVLTEYYKSLEKA,,,True,4.5,6.103774977771981,EHHEDFEFISGTRMR,,,True,4.5,3.003792934649673,NP_012925.3,CATIIYEYLISEKII,0.1999999999999999,0.2,,,,,,False,2.8363655878204623,,NP_005434,XP_011530703,NP_012925.3,GISAPYEAPKAPELH,0.3869047619047618,0.2,,,,,,False,1.5835581596151609,,NP_005434,XP_011530703,NP_012925.3,CAISITSFISPYRVD,0.6190476190476191,0.2666666666666666,0.4486375894041255,0.0,0.3178466552671904,0.0,0.6821533447328095,False,10.037865317634578,7.0,NP_005434,XP_011530703
ENSG00000089597,GANAB,ENST00000346178,ENSP00000340466,ENSP00000340466,GANAB,ENST00000346178,ENSP00000340466,ENSP00000340466,SWAXRSNFKTCEESS,,,True,4.0,6.131105184795323,PGAWEETFKTHSDSK,,,True,5.0,4.180307415267444,QMGAYQPFFRAHAHL,,,True,5.5,0.4297797074326244,NP_009788.3,NFLNIEHHRTKQENF,0.3,0.1333333333333333,,,,,,False,3.040644927382582,,NP_938149,,NP_009788.3,VLPEETTFNMFKDNF,0.4388888888888889,0.2666666666666666,,,,,,False,1.4507333636297006,,NP_938149,,NP_009788.3,QAGLWYPFFRAHAHI,1.0,0.6666666666666666,,,,,,False,2.5442572007807867,,NP_938149,
ENSG00000121073,SLC35B1,ENST00000514907,ENSP00000426961,ENSP00000240333,SLC35B1,ENST00000514907,ENSP00000426961,ENSP00000240333,EGAKQETFTFALTXT,transmembrane region,Helical,False,5.5,-0.5050168733617274,XDHMRAHYQTGSNHM,,,True,6.5,4.439622574989102,IITTTRKFFTILASV,,,True,6.5,3.1064395952621475,NP_015080.1,KHVDYLTYMLAKSCK,0.4130952380952381,0.1333333333333333,,,,,,False,-2.367942357890339,,NP_005818,,NP_015080.1,KKLKRSFNESGNDNK,0.2194444444444444,0.1333333333333333,,,,,,False,4.803299059048788,,NP_005818,,NP_015080.1,LVSLGVTIFTIGGND,0.4666666666666666,0.2,,,,,,False,1.101267833055184,,NP_005818,
ENSG00000164338,UTP15,ENST00000513824,ENSP00000424902,ENSP00000296792,UTP15,ENST00000509005,ENSP00000421669,ENSP00000296792,NSKEILTFKEHSDYV,,,True,5.0,-0.2993014219313315,SYKVVHSFDYAASIL,,,True,5.5,7.399855462842406,LEHTSDGFPENKKIE,,,True,6.0,-0.6755619171978963,NP_013811.1,TRQVIKTFSRFKDVV,0.4722222222222221,0.3333333333333333,,,,,,False,6.787795359144125,,NP_115551,XP_011541982,NP_013811.1,SFNPQHPHDFAVTSS,0.4053571428571429,0.2666666666666666,,,,,,False,1.3393404668655942,,NP_115551,XP_011541982,NP_013811.1,KENAPASFNKNAKSN,0.4777777777777778,0.2666666666666666,,,,,,False,3.306953334200121,,NP_115551,XP_011541982
ENSG00000119684,MLH3,ENST00000380968,ENSP00000370355,ENSP00000348020,MLH3,ENST00000380968,ENSP00000370355,ENSP00000348020,DLGLEFVFPDTSDSL,,,True,3.5,3.2024939159450327,TSDERSNFQEACNNI,,,True,4.0,3.847731496298327,IQNQPKRFKDATEVG,,,True,4.5,5.54939470911089,NP_015161.1,LTFQGYLTPDKSDSS,0.4416666666666667,0.3333333333333333,,,,,,False,2.195591622162864,,NP_001035197,XP_047287222,NP_015161.1,INNSTINYEKIKNIR,0.4630952380952381,0.1333333333333333,,,,,,False,4.586718004682038,,NP_001035197,XP_047287222,NP_015161.1,NTEVLFRSKNITEGL,0.4027777777777778,0.2666666666666666,,,,,,False,8.869682847260215,,NP_001035197,XP_047287222
ENSG00000109929,SC5D,ENST00000264027,ENSP00000264027,ENSP00000376539,SC5D,ENST00000527762,ENSP00000436290,ENSP00000376539,TWPEDDIFRQAISLL,transmembrane region,Helical,False,5.0,-0.1114841075184691,FDYNYGQYFTLWDRI,,,True,5.5,1.9490649563274656,HHTDHHMFFDYNYGQ,,,True,5.5,-1.034754495721066,NP_013157.1,LLPRSSILREFLSLW,0.5111111111111111,0.3333333333333333,,,,,,False,3.705936206336473,,NP_001020127,,NP_013157.1,FNYNYGQFTTLWDRL,0.6833333333333332,0.7333333333333333,0.2449768608570996,0.0,0.4113946053507326,0.0,0.5886053946492674,False,1.2667586398204849,6.0,NP_001020127,,NP_013157.1,CHTVHHLYFNYNYGQ,0.6825396825396824,0.6666666666666666,,,,,,False,1.119591963847188,,NP_001020127,
ENSG00000100504,PYGL,ENST00000532462,ENSP00000431657,ENSP00000216392,PYGL,ENST00000532462,ENSP00000431657,ENSP00000216392,KGYEAKEYYEALPEL,,,True,3.0,1.8891734674918723,VLYPNDNFFEGKELR,,,True,3.5,0.2588993448580357,NKLKFSQFLETEYKV,,,True,5.0,2.955886067556382,NP_015486.1,VDLEKLDWHEAWDIV,0.4330808080808081,0.2,,,,,,False,0.8949595513878338,,NP_002854,,NP_015486.1,VLYPNDNFAQGKELR,0.65,0.8666666666666667,,,,,,False,0.9037795658653608,,NP_002854,,NP_015486.1,FGHLLPRHLEIIYDI,0.4708333333333334,0.2,,,,,,False,4.14332817905049,,NP_002854,
ENSG00000114626,ABTB1,ENST00000483857,ENSP00000420748,ENSP00000232744,ABTB1,ENST00000232744,ENSP00000232744,ENSP00000232744,PFPCPDGFNSCPDIC,,,True,4.0,0.4963619045738087,RALLDDHFRESEEPA,,,True,4.0,-0.9466037579118032,KLVEREDFVEAVKEE,,,True,4.0,-0.5939312500133542,NP_012265.3,IFVNNCIFRSTVDLA,0.3,0.2666666666666666,0.4827057506294339,0.0,0.4910250997426985,0.0,0.5089749002573015,False,1.698025140413587,4.5,NP_742024,XP_016862774,NP_012265.3,KVMFTNNFKEKVTYI,0.3944444444444444,0.1333333333333333,,,,,,False,-1.5068404877219956,,NP_742024,XP_016862774,NP_012265.3,ELFENQDDLEYLKQV,0.4107142857142857,0.3333333333333333,,,,,,False,-4.7936470158331845,,NP_742024,XP_016862774
ENSG00000122406,RPL5,ENST00000645300,ENSP00000495589,ENSP00000359345,RPL5,ENST00000645300,ENSP00000495589,ENSP00000359345,QPGAFTCYLDAGLAR,,,True,5.0,1.579821224205869,VAQKKASFLRAQERA,,,True,5.0,-0.7384881550006077,PDMMEEMYKKAHAAI,,,True,6.0,0.8228671814790796,NP_015194.1,GPRPFKVFLDIGLQR,0.5,0.4666666666666667,0.3367947918015374,0.0,0.270272943832372,0.0,0.7297270561676279,False,-0.5200787513425841,6.5,NP_000960,,NP_015194.1,SSRFQTPFRRRREGK,0.3761904761904762,0.2,,,,,,False,0.8895691482656837,,NP_000960,,NP_015194.1,EERFSELFKGYLADD,0.3968253968253968,0.2,,,,,,False,-4.227412164272463,,NP_000960,
ENSG00000171858,RPS21,ENST00000343986,ENSP00000345957,ENSP00000345957,RPS21,ENST00000370592,ENSP00000359624,ENSP00000345957,MQNDAGEFVDLYVPR,,,True,5.5,3.4914396248832262,FNGQFKTYAICGAIR,,,True,6.5,-0.6220729809244946,TGRFNGQFKTYAICG,,,True,7.0,2.9233181440935825,NP_012399.1,MENDKGQLVELYVPR,0.6333333333333333,0.6666666666666666,,,,,,False,-0.0482638709870791,,NP_001015,,NP_012399.1,IPGEYITYALSGYVR,0.494047619047619,0.4,,,,,,False,3.643859017022349,,NP_001015,,NP_012983.3,GRAIPGEYVTYALSG,0.4714285714285713,0.3333333333333333,0.3682302765902224,0.0,0.2561551373936644,0.0,0.7438448626063356,False,0.5798677578702419,6.5,NP_001015,
ENSG00000169251,NMD3,ENST00000351193,ENSP00000307525,ENSP00000307525,NMD3,ENST00000351193,ENSP00000307525,ENSP00000307525,IHDGLDFYYSSKQHA,,,True,4.5,4.918021192050218,DTDDERQYQDFLEDL,,,True,5.0,-0.660315424107198,EIHDGLDFYYSSKQH,,,True,5.0,-2.9557429023634576,NP_012040.1,AKDGLDFFYAQKNHA,0.4583333333333333,0.6,,,,,,False,8.01558630156423,,NP_057022,XP_005247568,NP_012040.1,DYNSRAQKQEMERAE,0.3333333333333333,0.2,,,,,,False,0.0955373225068958,,NP_057022,XP_005247568,NP_012040.1,EAKDGLDFFYAQKNH,0.7916666666666666,0.6,,,,,,False,-0.4548481088437439,,NP_057022,XP_005247568
ENSG00000175215,CTDSP2,ENST00000398073,ENSP00000381148,ENSP00000381148,CTDSP2,ENST00000398073,ENSP00000381148,ENSP00000381148,GVFRARLFRESCVFH,,,True,5.0,4.046188292521372,AVPVQSWFDDMADTE,,,True,5.5,9.594767807359547,ELFECVLFTASLAKY,,,True,6.5,0.3947571158843823,NP_013119.1,GTIHHRLFREACYNY,0.6845238095238094,0.4666666666666667,0.6952863110023948,0.0,0.5205650609788095,0.0,0.4794349390211904,False,0.3574784655221531,4.5,NP_005721,XP_005268613,NP_013119.1,AVPISSWFSDTHDNE,0.6333333333333333,0.6,0.3493244446446488,0.0,0.6762286147899503,0.0,0.3237713852100496,False,3.208203925760836,4.0,NP_005721,XP_005268613,NP_013119.1,QLYEVVVFTASVSRY,0.75,0.5333333333333333,,,,,,False,0.1003038772399928,,NP_005721,XP_005268613
ENSG00000039123,MTREX,ENST00000230640,ENSP00000230640,ENSP00000230640,MTREX,ENST00000230640,ENSP00000230640,ENSP00000230640,GDFREDNFNTAMQVL,,,True,4.5,6.657736836188006,RVLRRLGFATSSDVI,,,True,4.5,5.412093639057269,LEIDEETYLSSFKPH,,,True,4.5,-1.114586811187777,NP_012485.1,STFREENFQKAMASI,0.425,0.4666666666666667,,,,,,False,1.6278016759222476,,NP_056175,,NP_012485.1,RVLRRLGFCTPNDII,0.6428571428571429,0.7333333333333333,0.3276449660620927,0.0,0.8638662565755708,0.0,0.1361337434244292,False,4.934863182096892,6.0,NP_056175,,NP_012485.1,KIDVLNTKLSSNPLT,0.5761904761904763,0.2666666666666666,,,,,,False,6.215452136524299,,NP_056175,
ENSG00000166794,PPIB,ENST00000681397,ENSP00000506584,ENSP00000300026,PPIB,ENST00000681397,ENSP00000506584,ENSP00000300026,KIEVEKPFAIAKEGG,,,True,5.5,2.618162304710757,DTNGSQFFITTVKTA,,,True,5.5,1.6455500401110932,KDTNGSQFFITTVKT,,,True,6.0,2.994019873291773,NP_010590.3,TVENFYQLTISRDPK,0.2305555555555555,0.1333333333333333,,,,,,False,1.8029727643944944,,NP_000933,,NP_010590.3,NTNGSQFFITTVPCP,0.8095238095238094,0.7333333333333333,0.2203822639305074,0.0,0.1447173660841367,0.0,0.8552826339158633,True,0.3266974068705246,5.5,NP_000933,,NP_010590.3,KNTNGSQFFITTVPC,1.0,0.8,,,,,,False,2.8707558798649653,,NP_000933,
ENSG00000242372,EIF6,ENST00000675032,ENSP00000502429,ENSP00000502429,EIF6,ENST00000415116,ENSP00000415044,ENSP00000502429,AIGGSENFYSVFEGE,,,True,5.0,1.7297293347883325,DVLKVEVFRQTVADQ,,,True,7.0,0.7388321465380674,GMAVRASFENNCEIG,,,True,7.0,2.053002712466709,NP_015341.1,AVGGSENFYSAFEAE,0.8333333333333334,0.8,0.5501204720996861,0.0,0.0435860103560526,0.0,0.9564139896439474,True,0.7753925686460379,3.0,NP_001254739,,NP_015341.1,DVLGVEVFRQTISGN,0.875,0.6666666666666666,,,,,,False,0.0903950748888012,,NP_001254739,,NP_015341.1,LVHPQTSVQDQEELS,0.386111111111111,0.1333333333333333,,,,,,False,-0.4804880134666446,,NP_001254739,
ENSG00000125454,SLC25A19,ENST00000416858,ENSP00000397818,ENSP00000397818,SLC25A19,ENST00000580273,ENSP00000463039,ENSP00000397818,ALSTGFMFFSYEFFC,transmembrane region,Helical; Name=6,False,6.0,3.2388343607462047,QKEGALGFFKGLSPS,,,True,6.0,2.590339646522821,ELVHRGSVYDAREFS,,,True,6.0,1.2313431224788969,NP_011610.3,VTYGSAQFSSYSLFN,0.4166666666666667,0.2666666666666666,0.234991184645743,0.0,0.0658272272713902,0.0,0.9341727727286098,True,-1.4432060188197011,7.0,NP_001119593,XP_005257618,NP_011610.3,KLEGLPGFFKGSIAS,0.75,0.5333333333333333,,,,,,False,6.4601029053044,,NP_001119593,XP_005257618,NP_011610.3,KFSRHSSVYGSYKGY,0.5472222222222223,0.2,,,,,,False,4.129013744612881,,NP_001119593,XP_005257618
ENSG00000184640,SEPTIN9,ENST00000588575,ENSP00000468090,ENSP00000391249,SEPTIN9,ENST00000590059,ENSP00000466164,ENSP00000391249,ENTTHCEFAYLRDLL,,,True,6.0,1.4707552160016606,TVIDTPGFGDHINNE,,,True,6.0,3.021147787098277,STLINTLFKSKISRK,,,True,6.5,1.5144379511648989,NP_009928.1,EDINQCDFVYLREFL,0.6222222222222221,0.4666666666666667,,,,,,False,0.4535342181250139,,NP_001106963,,NP_009928.1,NVIDTPGFGDFIDNS,0.6666666666666666,0.7333333333333333,0.4837717407764947,0.0,0.4287744204568878,0.0,0.5712255795431121,False,-0.8686225234021292,5.5,NP_001106963,,NP_009928.1,TDEELELNRSVRSII,0.3999999999999999,0.2,,,,,,False,4.837877660227558,,NP_001106963,
ENSG00000138814,PPP3CA,ENST00000394854,ENSP00000378323,ENSP00000378323,PPP3CA,ENST00000394854,ENSP00000378323,ENSP00000378323,PQHKITSFEEAKGLD,,,True,4.0,1.150937428482678,ECRHLTEYFTFKQEC,,,True,5.5,4.789538321430861,LGSEEDGFDGATAAA,,,True,5.5,-0.1316406550136608,NP_013537.1,LNETLSTFEKARKED,0.5000000000000001,0.2666666666666666,,,,,,False,5.974033809585025,,NP_000935,,NP_013537.1,ECKHLTSYFTFKNEM,0.6666666666666666,0.7333333333333333,0.3585643155118059,0.0,0.5469589373417049,0.0,0.4530410626582951,False,8.679308631931267,6.0,NP_000935,,NP_013537.1,LKLFEVGGDPAEIDY,0.3273809523809524,0.3333333333333333,,,,,,False,2.922651857711889,,NP_000935,
ENSG00000107758,PPP3CB,ENST00000360663,ENSP00000353881,ENSP00000378306,PPP3CB,ENST00000360663,ENSP00000353881,ENSP00000378306,PPHRICSFEEAKGLD,,,True,4.0,3.484152077194576,ECRHLTEYFTFKQEC,,,True,5.5,4.789538321430861,IKYSERVYEACMEAF,,,True,6.0,0.0867425558001857,NP_013655.1,LDEALSTFERARKHD,0.4666666666666667,0.2666666666666666,,,,,,False,4.769312610060199,,NP_001135825,XP_047281382,NP_013655.1,ECKHLTSYFTFKNEM,0.6666666666666666,0.7333333333333333,0.3585643155118059,0.0,0.5469589373417049,0.0,0.4530410626582951,False,8.679308631931267,6.0,NP_001135825,XP_047281382,NP_013655.1,HKYNLDIYEKCCESF,0.7583333333333333,0.4666666666666667,,,,,,False,3.646801074214745,,NP_001135825,XP_047281382
ENSG00000091483,FH,ENST00000683521,ENSP00000506864,ENSP00000355518,FH,ENST00000683521,ENSP00000506864,ENSP00000355518,SQSSNDTFPTAMHIA,,,True,4.5,3.653416511525796,AALTGLPFVTAPNKF,,,True,5.0,5.222202956795963,ETAIELGYLTAEQFD,,,True,5.0,-0.1540315888595385,NP_015061.1,SQSSNDTFPTVMHIA,0.8333333333333334,0.9333333333333332,0.7638254367359918,0.0,0.2553279418647193,0.0,0.7446720581352807,False,4.521680673121827,6.5,NP_000134,,NP_015061.1,LLTKSLMLVTALNPK,0.6,0.3333333333333333,,,,,,False,5.778076154805743,,NP_000134,,NP_015061.1,ESALELGVLTEKEFD,0.4916666666666666,0.6,,,,,,False,-0.1540315888595385,,NP_000134,
ENSG00000106636,YKT6,ENST00000679020,ENSP00000504623,ENSP00000223369,YKT6,ENST00000679020,ENSP00000504623,ENSP00000223369,QRSSVQEFMTFTSQL,,,True,5.5,0.4791780368675434,GTQSKAFYKTARKQN,,,True,6.0,-0.360361491626428,LGTQSKAFYKTARKQ,,,True,6.5,3.791613356667956,NP_012725.1,ERSSVGQFMTFFAET,0.775,0.5333333333333333,0.5368137339554528,0.0,0.1624109203184744,0.0,0.8375890796815255,True,2.682023725839868,7.0,NP_006546,,NP_012725.1,TASSKMFYKQAKKSN,0.7999999999999999,0.5333333333333333,,,,,,False,1.1453874537664737,,NP_006546,,NP_012725.1,LTASSKMFYKQAKKS,0.4999999999999999,0.5333333333333333,,,,,,False,4.2604124024643175,,NP_006546,
ENSG00000075089,ACTR6,ENST00000188312,ENSP00000188312,ENSP00000188312,ACTR6,ENST00000188312,ENSP00000188312,ENSP00000188312,KEMYQVDFLDTNIII,,,True,4.0,2.6704320084785937,LISENDDFEDMVVTR,,,True,5.0,0.9890332681448112,ESMNEILFEEYQFQA,,,True,6.0,-5.49746716143416,NP_013186.1,KDKFGTSYLSNHIKN,0.4047619047619048,0.2,0.1375410324677802,0.0,0.7211333837199612,0.0,0.2788666162800388,False,4.244787707189859,7.0,NP_071941,,NP_013186.1,AQDSGSDYHDFQLVI,0.4464285714285714,0.1333333333333333,0.4674357363834395,0.0,0.1567600065716087,0.0,0.8432399934283912,True,5.34095490250263,5.0,NP_071941,,NP_013186.1,KHADQVIFEEYEFDS,0.9166666666666666,0.3333333333333333,0.3975478961282354,0.0,0.2072450398233364,0.0,0.7927549601766635,True,-5.547286350278228,6.5,NP_071941,
ENSG00000175792,RUVBL1,ENST00000472125,ENSP00000417370,ENSP00000318297,RUVBL1,ENST00000322623,ENSP00000318297,ENSP00000318297,VEEISELFYDAKSSA,,,True,2.0,-0.6107717615370069,VEAGDVIYIEANSGA,,,True,4.0,-2.828098694647915,TEVLMENFRRAIGLR,,,True,6.0,2.4009547310062294,NP_010476.1,VNEAKLLFLDAKRST,0.5916666666666667,0.5333333333333333,0.6054033002167453,0.0,0.5148890370269719,0.0,0.4851109629730281,False,-0.0318370861871707,5.0,NP_003698,XP_016862845,NP_010476.1,VSIGDVIYIEANTGA,0.8666666666666667,0.8,0.8194961192006414,0.0,0.2669711609175542,0.0,0.7330288390824456,False,-2.199133215233613,4.5,NP_003698,XP_016862845,NP_010476.1,TETLMENFRRAIGLR,1.0,0.9333333333333332,,,,,,False,2.4009547310062294,,NP_003698,XP_016862845
ENSG00000174851,YIF1A,ENST00000376901,ENSP00000366098,ENSP00000366098,YIF1A,ENST00000376901,ENSP00000366098,ENSP00000366098,APDPPPLFDDTSGGY,topological domain,Cytoplasmic,True,5.0,0.297266125281715,VSVSKLKYFFAVDTA,topological domain,Cytoplasmic,True,5.5,0.8154118500052552,GGGGGMAYHSGYGAH,topological domain,Cytoplasmic,True,6.0,1.6766270638162903,NP_014136.1,GSGGGFPFQDPRGSM,0.4047619047619048,0.2,0.3886507368236844,0.0,0.2262840875953628,0.0,0.7737159124046372,True,3.4737062568515467,6.5,NP_065203,,NP_014136.1,LGQSAFSNFIGQDNF,0.2777777777777778,0.2,,,,,,False,4.752149709179395,,NP_065203,,NP_014136.1,ANMNANVNGSGGGFP,0.3888888888888889,0.2,,,,,,False,4.304515070100951,,NP_065203,
ENSG00000092108,SCFD1,ENST00000676658,ENSP00000503347,ENSP00000390783,SCFD1,ENST00000676658,ENSP00000503347,ENSP00000390783,YESYYLNFISAISRS,,,True,4.5,0.1504109116330172,VPRNKNPFQEAIVFV,,,True,4.5,-1.7525615012757176,MASAPASYGSTTTKP,,,True,5.0,1.436041694895631,NP_010475.1,YSEFYINFTSSLPRN,0.4845238095238095,0.4,0.3391323609910963,0.0,0.4409504594557693,0.0,0.5590495405442307,False,0.356868479241365,5.5,NP_057190,,NP_010475.1,MENSHLPFPEAAENV,0.5761904761904763,0.3333333333333333,0.5387131865561394,0.0,0.3936855746378609,0.0,0.606314425362139,False,3.162197323273414,3.5,NP_057190,,NP_010475.1,FFEVEQDPGSTKTRS,0.5952380952380952,0.2666666666666666,,,,,,False,3.766781152093696,,NP_057190,
ENSG00000137513,NARS2,ENST00000281038,ENSP00000281038,ENSP00000281038,NARS2,ENST00000281038,ENSP00000281038,ENSP00000281038,NNFLIISYTEAVEIL,,,True,3.5,0.3911281448940024,MIEAEISFVDSLQDL,,,True,4.0,-0.4289367229051198,LDSRELNFGSSVEVQ,,,True,4.5,6.380322191580083,NP_009953.1,EKWHNITYTNAIEIL,0.7000000000000001,0.4666666666666667,,,,,,False,1.1089525905858584,,NP_078954,XP_011543555,NP_009953.1,QELLPKQFISSQENN,0.525,0.1333333333333333,0.3522438920280809,0.0,0.3416421771967441,0.0,0.6583578228032558,False,1.4599189907296493,4.5,NP_078954,XP_011543555,NP_009953.1,QELLPKQFISSQENN,0.5,0.2666666666666666,0.3522438920280809,0.0,0.3416421771967441,0.0,0.6583578228032558,False,1.4599189907296493,4.5,NP_078954,XP_011543555
ENSG00000110871,COQ5,ENST00000288532,ENSP00000288532,ENSP00000288532,COQ5,ENST00000288532,ENSP00000288532,ENSP00000288532,RFPSQEEFKDMIEDA,,,True,4.5,0.7237502545214034,AAETHFGFETVSEEE,,,True,6.0,4.583064382056909,DDDKFDIYTIAFGIR,,,True,6.0,0.1184209691231314,NP_013597.1,RFPDQETFKSMIEKA,0.6333333333333333,0.7333333333333333,0.3583096948155351,0.0,0.3801276774014446,0.0,0.6198723225985554,False,0.7197378616078647,5.5,NP_115690,,NP_013597.1,QKYTHFGSKTVLKST,0.4833333333333334,0.4,,,,,,False,5.010180322084181,,NP_115690,,NP_013597.1,DSDSKDIYTVSFGIR,0.8333333333333334,0.6666666666666666,,,,,,False,-0.8236097374603985,,NP_115690,
ENSG00000281289,LSS,ENST00000630343,ENSP00000486113,ENSP00000486113,LSS,ENST00000630343,ENSP00000486113,ENSP00000486113,DGGWGEDFESCEERR,,,True,2.5,4.425684072506907,DIMIDYTYVECTSAV,,,True,3.5,-0.7661581467020684,GGHHRPEFSSCLQKA,,,True,4.0,0.9199633999196468,NP_011939.2,EESGEWKFESVEGVF,0.3694444444444444,0.2666666666666666,0.6601241862291588,0.0,0.3566073831952499,0.0,0.6433926168047501,False,8.0371129455656,6.5,NP_001001438,,NP_011939.2,NIMVEYPYVECTDSS,0.6428571428571429,0.5333333333333333,0.4768911729942063,0.0,0.7310631761260294,0.0,0.2689368238739705,False,2.986568859433961,4.0,NP_001001438,,NP_011939.2,TVGETYENSSTVRKG,0.4166666666666667,0.2666666666666666,,,,,,False,3.2603322373729715,,NP_001001438,
ENSG00000163161,ERCC3,ENST00000285398,ENSP00000285398,ENSP00000285398,ERCC3,ENST00000285398,ENSP00000285398,ENSP00000285398,IPMDLFDFYEQMDKD,,,True,3.5,2.4730098642053417,DDTVYMEYHSSRSKA,,,True,3.5,2.573924653994057,VAPDGHIFLEAFSPV,,,True,4.0,-1.7825877597439674,NP_012123.1,WCPMTAEFYQEYLRE,0.3666666666666666,0.1333333333333333,,,,,,False,0.931258136363246,,NP_000113,XP_011509096,NP_012123.1,FPDMGESFFSSDEDS,0.3888888888888889,0.1333333333333333,0.3010911213748361,0.0,0.3830962181477638,0.0,0.6169037818522362,False,0.5159210729369652,2.5,NP_000113,XP_011509096,NP_012123.1,SPSDGRIILESFSPL,0.7083333333333334,0.5333333333333333,,,,,,False,-3.443035756003056,,NP_000113,XP_011509096
ENSG00000111361,EIF2B1,ENST00000537073,ENSP00000444183,ENSP00000416250,EIF2B1,ENST00000537073,ENSP00000444183,ENSP00000416250,DDKELIEYFKSQMKE,,,True,5.0,5.541573936776317,ASLEYSDYSKCKKIM,,,True,6.0,1.082672479844819,AKAQNKPFYVVAESF,,,True,6.5,5.443458900385446,NP_012951.1,IKSSTEELIKSIPNS,0.4107142857142857,0.2,,,,,,False,-0.296540291990769,,NP_001405,,NP_012951.1,NLHLYGDWENCKQHL,0.396969696969697,0.2666666666666666,,,,,,False,2.537675764143383,,NP_001405,,NP_012951.1,AHNARKPFYVVTESH,1.0,0.6,,,,,,False,2.0711446921465364,,NP_001405,
ENSG00000151093,OXSM,ENST00000452098,ENSP00000392334,ENSP00000280701,OXSM,ENST00000452098,ENSP00000392334,ENSP00000280701,GQFNEQNFVSKSDIK,,,True,6.0,1.2666765204351145,AVLVLEEYEHAVQRR,,,True,6.0,5.379827289385454,VQPEEISYINAHATS,,,True,6.0,-0.0261499113045262,NP_010983.2,LSESWGNLLSSKNGL,0.4027777777777777,0.1333333333333333,,,,,,False,4.333398372802631,,NP_060367,XP_006713280,NP_010983.2,GMIVMESLEHAQKRN,0.4916666666666667,0.4,,,,,,False,4.982421166683326,,NP_060367,XP_006713280,NP_010983.2,LEPTDVDYVNAHATS,0.7916666666666666,0.5333333333333333,,,,,,False,0.3687336963099842,,NP_060367,XP_006713280
ENSG00000162623,TYW3,ENST00000457880,ENSP00000407025,ENSP00000359904,TYW3,ENST00000457880,ENSP00000407025,ENSP00000359904,FLNMRDQFFTTSSCA,,,True,4.0,1.7065761909735948,LNMRDQFFTTSSCAG,,,True,5.5,2.460544985793254,KLMVTEEYIDFLLNV,,,True,6.0,3.571712724177369,NP_011465.3,ETSGTLKFFVTPEYV,0.5333333333333333,0.2,,,,,,False,-0.2065635016114737,,NP_612476,XP_006710410,NP_011465.3,INASADMVTTSSCSG,0.625,0.4666666666666667,,,,,,False,3.663281623491371,,NP_612476,XP_006710410,NP_011465.3,IRYILYKYEPFILHV,0.4095238095238095,0.2666666666666666,,,,,,False,5.801747111129349,,NP_612476,XP_006710410
ENSG00000127314,RAP1B,ENST00000543697,ENSP00000440708,ENSP00000250559,RAP1B,ENST00000543697,ENSP00000440708,ENSP00000250559,SITAQSTFNDLQDLR,,,True,5.0,1.4637691987526515,RQWNNCAFLESSAKS,,,True,5.0,-0.8363079356974359,VQFVQGIFVEKYDPT,,,True,5.5,2.14214043790064,NP_011668.3,SVTDRQSLEELMELR,0.3416666666666666,0.3333333333333333,,,,,,False,-2.1191959692079605,,NP_056461,,NP_011668.3,PFYETSALLRSNVDE,0.5,0.2,,,,,,False,0.6741703513155515,,NP_056461,,NP_011668.3,VQFVQGVYLDTYDPT,0.4269841269841269,0.6666666666666666,0.3910810167668574,0.0,0.4830233467877056,0.0,0.5169766532122944,False,3.539668061221958,4.5,NP_056461,
ENSG00000160075,SSU72,ENST00000291386,ENSP00000291386,ENSP00000291386,SSU72,ENST00000291386,ENSP00000291386,ENSP00000291386,DKPNVYDFKTTYDQM,,,True,3.5,3.7980265780690887,IDELLQEFEEKSGRT,,,True,5.0,2.14509772715725,RGFSVRSFGTGTHVK,,,True,6.0,8.103042757473666,NP_014177.1,ESTKVFDFVFTCEER,0.4277777777777778,0.2666666666666666,,,,,,False,2.8713555917469,,NP_054907,,NP_014177.1,MLNDKIEQCEKDDIP,0.2981481481481481,0.2,,,,,,False,-0.5946753981566105,,NP_054907,,NP_014177.1,AGYNVSSYGTGSAVR,0.6547619047619048,0.4666666666666667,0.5010279885367087,0.0,0.5702631316497246,0.0,0.4297368683502753,False,6.314074864555119,6.0,NP_054907,
ENSG00000225682,DXO,ENST00000427690,ENSP00000406143,ENSP00000394167,DXO,ENST00000427690,ENSP00000406143,ENSP00000394167,YAFLPIWYVEAMTQD,,,True,4.5,-0.6144987173338486,GFRNPDGFVSSLKTF,,,True,6.0,0.2289813058217024,FCAAFLSFAQSTVVQ,,,True,6.5,2.425403175123755,NP_011268.1,LQYTPREVIEKRTKR,0.2833333333333333,0.2,,,,,,False,0.0810601013259455,,NP_005501,,NP_011268.1,KQPKEIGFYSRTKDE,0.6095238095238095,0.2666666666666666,,,,,,False,1.0444912144791172,,NP_005501,,NP_011268.1,HGDEYISVVRTGVGN,0.3583333333333333,0.1333333333333333,,,,,,False,0.2673173221326478,,NP_005501,
ENSG00000236765,DXO,ENST00000458308,ENSP00000400173,ENSP00000401315,DXO,ENST00000458308,ENSP00000400173,ENSP00000401315,YAFLPIWYVEAMTQD,,,True,4.5,-0.6144987173338486,GFRNPDGFVSSLKTF,,,True,6.0,0.2289813058217024,STQPPTCYVELKTSK,,,True,6.5,-0.7511342286209092,NP_011268.1,LQYTPREVIEKRTKR,0.2833333333333333,0.2,,,,,,False,0.0810601013259455,,NP_005501,,NP_011268.1,KQPKEIGFYSRTKDE,0.6095238095238095,0.2666666666666666,,,,,,False,1.0444912144791172,,NP_005501,,NP_011268.1,GRDNLKHYAELKCTQ,0.4189814814814814,0.2666666666666666,0.5270090979253855,0.0,0.511922011672869,0.0,0.4880779883271309,False,2.67862134170503,7.0,NP_005501,
ENSG00000224313,DXO,ENST00000443250,ENSP00000415675,ENSP00000395262,DXO,ENST00000443250,ENSP00000415675,ENSP00000395262,YAFLPIWYVEAMTQD,,,True,4.5,-0.6144987173338486,GFRNPDGFVSSLKTF,,,True,6.0,0.2289813058217024,FCAAFLSFAQSTVVQ,,,True,6.5,2.425403175123755,NP_011268.1,LQYTPREVIEKRTKR,0.2833333333333333,0.2,,,,,,False,0.0810601013259455,,NP_005501,,NP_011268.1,KQPKEIGFYSRTKDE,0.6095238095238095,0.2666666666666666,,,,,,False,1.0444912144791172,,NP_005501,,NP_011268.1,HGDEYISVVRTGVGN,0.3583333333333333,0.1333333333333333,,,,,,False,0.2673173221326478,,NP_005501,
ENSG00000206346,DXO,ENST00000399936,ENSP00000382818,ENSP00000382819,DXO,ENST00000399936,ENSP00000382818,ENSP00000382819,YAFLPIWYVEAMTQD,,,True,4.5,-0.6144987173338486,GFRNPDGFVSSLKTF,,,True,6.0,0.2289813058217024,FCAAFLSFAQSTVVQ,,,True,6.5,2.425403175123755,NP_011268.1,LQYTPREVIEKRTKR,0.2833333333333333,0.2,,,,,,False,0.0810601013259455,,NP_005501,,NP_011268.1,KQPKEIGFYSRTKDE,0.6095238095238095,0.2666666666666666,,,,,,False,1.0444912144791172,,NP_005501,,NP_011268.1,HGDEYISVVRTGVGN,0.3583333333333333,0.1333333333333333,,,,,,False,0.2673173221326478,,NP_005501,
ENSG00000234798,DXO,ENST00000419797,ENSP00000391532,ENSP00000391349,DXO,ENST00000419797,ENSP00000391532,ENSP00000391349,YAFLPIWYVEAMTQD,,,True,4.5,-0.6144987173338486,GFRNPDGFVSSLKTF,,,True,6.0,0.2289813058217024,FCAAFLSFAQSTVVQ,,,True,6.5,2.425403175123755,NP_011268.1,LQYTPREVIEKRTKR,0.2833333333333333,0.2,,,,,,False,0.0810601013259455,,NP_005501,,NP_011268.1,KQPKEIGFYSRTKDE,0.6095238095238095,0.2666666666666666,,,,,,False,1.0444912144791172,,NP_005501,,NP_011268.1,HGDEYISVVRTGVGN,0.3583333333333333,0.1333333333333333,,,,,,False,0.2673173221326478,,NP_005501,
ENSG00000183765,CHEK2,ENST00000711048,ENSP00000518557,ENSP00000372023,CHEK2,ENST00000711048,ENSP00000518557,ENSP00000372023,CIIKIKNFFDAEDYY,,,True,2.5,1.889606884884408,NFFDAEDYYIVLELM,,,True,5.5,2.51494625083263,SRNKVFVFFDLTVDD,,,True,5.5,4.101546699804089,NP_015172.1,QQKLLENMDDAQYEF,0.3452380952380953,0.2,,,,,,False,4.041272582296391,,NP_001005735,XP_047297060,NP_015172.1,FYEDTESYYMVMEFV,0.7000000000000001,0.4,,,,,,False,-0.3505401192978517,,NP_001005735,XP_047297060,NP_015172.1,VANKTGIFKDFSIID,0.4833333333333333,0.3333333333333333,0.5830215657829521,0.0,0.238728992287086,0.0,0.761271007712914,True,3.790523373261807,6.5,NP_001005735,XP_047297060
ENSG00000178445,GLDC,ENST00000638661,ENSP00000491369,ENSP00000370737,GLDC,ENST00000321612,ENSP00000370737,ENSP00000370737,HQLQHDLFFDTLKIQ,,,True,4.5,0.9689600230401396,TEGKVEDFTELVERA,,,True,4.5,-0.9409052524859662,DKAELDRFCDAMISI,,,True,5.0,8.137300974139928,NP_013914.1,HELINKTWFDTLTIK,0.4484848484848484,0.4666666666666667,,,,,,False,2.829371923710626,,NP_000161,,NP_013914.1,LQDGSLDLVDLKNKA,0.3888888888888888,0.2,,,,,,False,3.521325827197834,,NP_000161,,NP_013914.1,NLEELDRFCDAMISI,1.0,0.8,0.6696767858430933,0.0,0.370259635991992,0.0,0.629740364008008,False,8.323513553052262,4.5,NP_000161,
ENSG00000204348,DXO,ENST00000375349,ENSP00000364498,ENSP00000337759,DXO,ENST00000375349,ENSP00000364498,ENSP00000337759,YAFLPIWYVEAMTQD,,,True,4.5,-0.6144987173338486,GFRNPDGFVSSLKTF,,,True,6.0,0.2289813058217024,FCAAFLSFAQSTVVQ,,,True,6.5,2.425403175123755,NP_011268.1,LQYTPREVIEKRTKR,0.2833333333333333,0.2,,,,,,False,0.0810601013259455,,NP_005501,XP_047274219,NP_011268.1,KQPKEIGFYSRTKDE,0.6095238095238095,0.2666666666666666,,,,,,False,1.0444912144791172,,NP_005501,XP_047274219,NP_011268.1,HGDEYISVVRTGVGN,0.3583333333333333,0.1333333333333333,,,,,,False,0.2673173221326478,,NP_005501,XP_047274219
ENSG00000101367,MAPRE1,ENST00000375571,ENSP00000364721,ENSP00000364721,MAPRE1,ENST00000375571,ENSP00000364721,ENSP00000364721,FVQWFKKFFDANYDG,,,True,4.0,5.301968770321312,DLEKERDFYFGKLRN,,,True,5.5,0.8454622964806483,GGMAVNVYSTSVTSD,,,True,5.5,0.6514559867784696,NP_010932.1,TGAAYCQIMDSIYGD,0.4083333333333334,0.1333333333333333,,,,,,False,1.928702713966843,,NP_036457,XP_011526998,NP_010932.1,TLEIEREFYFNKLRD,0.7333333333333334,0.6666666666666666,,,,,,False,0.2908445543234504,,NP_036457,XP_011526998,NP_010932.1,RKYRPIITNNSATKP,0.4194444444444444,0.1333333333333333,,,,,,False,6.321463683442326,,NP_036457,XP_011526998
ENSG00000124003,MOGAT1,ENST00000446656,ENSP00000406674,ENSP00000406674,MOGAT1,ENST00000446656,ENSP00000406674,ENSP00000406674,IPYLMWLYFDWHTPE,transmembrane region,Helical,False,5.5,1.559553078193967,FSVNYSDFKDLFPGF,transmembrane region,Helical,False,5.5,1.8011132642420014,VSKKSVSYMVSKEGG,,,True,6.0,-0.587067490249631,NP_014888.1,TQFHIPLYRDYLLAL,0.4059523809523809,0.2,0.5660678951022692,0.0,0.4980497441905209,0.0,0.501950255809479,False,-1.725191700210338,7.0,NP_477513,,NP_014888.1,PDDVVNHFHDLYIAE,0.3333333333333333,0.2,0.4955344985176368,0.0,0.432944180744278,0.0,0.5670558192557219,False,8.002457786166095,5.5,NP_477513,,NP_014888.1,IRLWPTKYSINLKSN,0.3111111111111111,0.0666666666666666,,,,,,False,5.028630750751352,,NP_477513,
ENSG00000187097,ENTPD5,ENST00000557325,ENSP00000451810,ENSP00000335246,ENTPD5,ENST00000557325,ENSP00000451810,ENSP00000335246,EGTDGHTFRSACLPR,,,True,4.0,0.9745144332980318,LEQTPRGYLTSFEMF,,,True,5.0,-0.6257484501214443,FLCMDLSYITALLKD,,,True,5.0,0.1591904381190433,NP_010872.1,HFCLDLSFQVSLLHT,0.3666666666666667,0.1333333333333333,,,,,,False,-2.5526638412559826,,NP_001240,XP_016877305,NP_010872.1,PVNDEPGYLQDSKTE,0.5,0.2,,,,,,False,-0.8248867244730448,,NP_001240,XP_016877305,NP_010872.1,TWNSVFSGIAGSLDE,0.4166666666666667,0.2,,,,,,False,3.967614887560075,,NP_001240,XP_016877305
ENSG00000117543,DPH5,ENST00000370109,ENSP00000359127,ENSP00000359127,DPH5,ENST00000370109,ENSP00000359127,ENSP00000359127,VRRCSRVYLEAYTSV,,,True,4.5,0.3773925556425956,CGLQLYKFGETVSIV,,,True,5.0,4.15658914577572,DTWRPESFFDKVKKN,,,True,5.5,3.626113701290084,NP_013273.1,IKKCSRVYLEHYTSI,0.7916666666666666,0.6666666666666666,0.3797395748789478,0.0,0.6749720439363717,0.0,0.3250279560636283,False,1.000863433989048,6.5,NP_001070862,XP_005270995,NP_013273.1,CGLQLYNFGQTVSMV,0.7333333333333334,0.8,,,,,,False,4.465033632993326,,NP_001070862,XP_005270995,NP_013273.1,DNWRPDSWYDKIWEN,0.5411255411255412,0.5333333333333333,,,,,,False,6.91805078215272,,NP_001070862,XP_005270995
ENSG00000177192,PUS1,ENST00000443358,ENSP00000392451,ENSP00000365837,PUS1,ENST00000443358,ENSP00000392451,ENSP00000365837,RDVQDETYRLSAETL,,,True,5.5,2.59898859854926,RNVGSSQFKTIEDDL,,,True,6.0,3.06597548942866,EDMRKMSFQRCARTD,,,True,6.5,5.144436813214713,NP_015112.1,ENAHRRRYRISAAKL,0.5083333333333333,0.3333333333333333,,,,,,False,4.293735333422371,,NP_079491,,NP_015112.1,DEVDKFKMKHIYDKI,0.4916666666666667,0.2666666666666666,,,,,,False,2.3727241475496155,,NP_079491,,NP_015112.1,NDLKKNGFMRAARTD,0.5,0.5333333333333333,,,,,,False,3.9620847593747017,,NP_079491,
ENSG00000102390,PBDC1,ENST00000373358,ENSP00000362456,ENSP00000362456,PBDC1,ENST00000373358,ENSP00000362456,ENSP00000362456,DDQIYSEFRKNFETL,,,True,6.0,0.2743216429754239,FNGIVEDFNYGTLLR,,,True,6.5,0.1756097663588771,EGYNKAVYISVQDKE,,,True,6.5,2.060686654496456,NP_015099.1,WRKFFTIFEKKIEDY,0.375,0.2,,,,,,False,0.6657003838590422,,NP_057584,,NP_015099.1,FEKKIEDYNFGTLLR,0.8214285714285715,0.6,,,,,,False,0.6976622661062852,,NP_057584,,NP_015099.1,DIEKQFAVVAVEQAE,0.2916666666666667,0.1333333333333333,,,,,,False,2.9751662826478684,,NP_057584,
ENSG00000108055,SMC3,ENST00000361804,ENSP00000354720,ENSP00000354720,SMC3,ENST00000361804,ENSP00000354720,ENSP00000354720,NFECEPAFYTCVEVT,,,True,2.5,4.174181703749291,LDVRDTAYPETNDAI,,,True,4.5,1.7700910917887922,RGALTGGYYDTRKSR,,,True,5.0,0.2661585373024315,NP_012461.1,LIKVNDKYKTCAEVI,0.4714285714285713,0.2666666666666666,0.6261891312978133,0.0,0.4215409772973009,0.0,0.5784590227026991,False,10.909748572090963,5.0,NP_005436,,NP_012461.1,KNDNANDHDESIDVD,0.3333333333333333,0.1333333333333333,,,,,,False,4.635873439940355,,NP_005436,,NP_012461.1,RGVLTGGYLDQHKRT,0.5916666666666667,0.6,0.2843206295979199,0.0,0.6183548490785432,0.0,0.3816451509214567,False,-0.3390344139363113,7.5,NP_005436,
ENSG00000197275,RAD54B,ENST00000336148,ENSP00000336606,ENSP00000336606,RAD54B,ENST00000336148,ENSP00000336606,ENSP00000336606,GVISPDDFSSGRCFQ,,,True,5.0,1.6939586496819037,KENRQNDFQNCKPRH,,,True,5.5,1.717285685479136,TGDSLEKFIVSRDCQ,,,True,5.5,1.320461268105893,NP_009629.6,LDFGQLTFSSSLGLI,0.3833333333333333,0.2,0.1931558402113748,0.0,0.5459340129020956,0.0,0.4540659870979043,False,0.0763959171521606,5.0,NP_036547,,NP_009629.6,KEALSQNMGNPSPPT,0.2341269841269841,0.2666666666666666,,,,,,False,1.8247704174266748,,NP_036547,,NP_009629.6,FASFKRRFIIPITRA,0.4678571428571428,0.1333333333333333,,,,,,False,3.432305775007178,,NP_036547,
ENSG00000005007,UPF1,ENST00000262803,ENSP00000262803,ENSP00000262803,UPF1,ENST00000262803,ENSP00000262803,ENSP00000262803,PSSQTLTFLDTEEAE,,,True,3.5,-0.1231374629996721,SAFPSNIFYEGSLQN,,,True,4.5,-1.6446289809088634,DSYLGDEFKSQIDVA,,,True,4.5,4.515739349368959,NP_013797.1,IGDFGNAFVDNTELS,0.5416666666666666,0.2,0.3659422788007186,0.0,0.6789758591471576,0.0,0.3210241408528424,False,-0.3110486774731814,5.5,NP_002902,XP_016882595,NP_013797.1,SEFPSNMFYEGSLQN,0.8666666666666667,0.8666666666666667,0.5166203155331236,0.0,0.1478952931632243,0.0,0.8521047068367756,True,-1.0745085264516276,4.0,NP_002902,XP_016882595,NP_013797.1,EYWNFENFKSAFSQK,0.4583333333333333,0.2,0.5428537168896745,0.0,0.2925709378411066,0.0,0.7074290621588933,False,0.354131563280898,4.0,NP_002902,XP_016882595
ENSG00000131269,ABCB7,ENST00000669573,ENSP00000499543,ENSP00000362492,ABCB7,ENST00000669573,ENSP00000499543,ENSP00000362492,KDPPVILYDEATSSL,topological domain,Mitochondrial matrix,False,4.5,-0.3274556632705145,GKGNSGQFLDAAKAL,topological domain,Mitochondrial matrix,False,5.0,5.654351320495216,YDGFLKTYETASLKS,topological domain,Mitochondrial matrix,False,5.0,3.717509753437829,NP_014030.1,KNARIMFFDEATSAL,0.75,0.4666666666666667,0.4300161687681163,0.0,0.6134563575824753,0.0,0.3865436424175247,False,3.635204104057466,4.0,NP_001258625,,NP_014030.1,HKKSVEQFSSAPKVK,0.5833333333333334,0.3333333333333333,0.5803044511163121,0.0,0.2367448936926054,0.0,0.7632551063073946,True,6.927513389066579,5.5,NP_001258625,,NP_014030.1,ASFAAITFSTMLLYS,0.5499999999999999,0.2666666666666666,0.2933119259544532,0.0,0.5297551316641798,0.0,0.4702448683358202,False,3.74663666200361,6.5,NP_001258625,
ENSG00000198900,TOP1,ENST00000361337,ENSP00000354522,ENSP00000354522,TOP1,ENST00000361337,ENSP00000354522,ENSP00000354522,LPENVKFYYDGKVMK,,,True,5.0,2.0683808831606245,DFTQMSQYFKAQTEA,,,True,5.0,5.632934602073093,NKTQREKFAWAIDMA,,,True,6.0,1.048187431232874,NP_014637.1,LPSHIKLYYDGKPVD,0.6190476190476191,0.5333333333333333,0.8632339242991447,0.0,0.4881120378917825,0.0,0.5118879621082174,False,5.400092266917611,5.0,NP_003277,,NP_014637.1,EVEVDKQVFKNLTIF,0.5694444444444444,0.2666666666666666,,,,,,False,2.728964587255873,,NP_003277,,NP_014637.1,TKTLREKFKWAIESV,0.7000000000000001,0.6,,,,,,False,1.220264279219873,,NP_003277,
ENSG00000196290,NIF3L1,ENST00000426253,ENSP00000412761,ENSP00000386394,NIF3L1,ENST00000426253,ENSP00000412761,ENSP00000386394,NDFASLSFAESWDNV,,,True,3.5,-1.9431849973850408,ICNSSRSFMDLKALL,,,True,6.0,1.390743761993232,LLSSLNDFASLSFAE,,,True,6.0,5.150886606453492,NP_011294.1,GSGVFKQLKEDVDLY,0.3,0.1333333333333333,,,,,,False,2.4306474113297,,NP_001129511,,NP_011294.1,GHEVVVSKMDCDPLT,0.3576719576719576,0.2666666666666666,,,,,,False,3.8440903941855855,,NP_001129511,,NP_011294.1,LRVPYVQVASLAAPS,0.375,0.2666666666666666,,,,,,False,5.879614852747801,,NP_001129511,
ENSG00000221823,PPP3R1,ENST00000234310,ENSP00000234310,ENSP00000234310,PPP3R1,ENST00000234310,ENSP00000234310,ENSP00000234310,DGNGEVDFKEFIEGV,,,True,4.0,-0.8213413291561077,GEVDFKEFIEGVSQF,,,True,4.0,-3.696631860133317,GSLSVEEFMSLPELQ,,,True,4.5,1.851177749484838,NP_012731.1,DNSGDVDFQEFITGL,0.6666666666666666,0.6,0.5278221889602667,0.0,0.227426354546289,0.0,0.772573645453711,True,-2.911764776097611,4.5,NP_000936,,NP_012731.1,GDVDFQEFITGLSIF,0.7999999999999999,0.6666666666666666,0.5153457298456922,0.0,0.0469201784111933,0.0,0.9530798215888066,True,-1.0293620159423236,4.0,NP_000936,,NP_012731.1,GSIDKNEFMSIPGVS,0.6944444444444445,0.4666666666666667,0.4800242702722705,0.0,0.2865899828667331,0.0,0.7134100171332669,False,3.83604173520255,6.0,NP_000936,
ENSG00000180198,RCC1,ENST00000398958,ENSP00000381931,ENSP00000362938,RCC1,ENST00000398958,ENSP00000381931,ENSP00000362938,GSRGHVRFQDAFCGA,,,True,5.5,0.2188050022119673,FCGAYFTFAISHEGH,,,True,5.5,1.2789984297184118,RVFLWGSFRDNNGVI,,,True,6.0,3.7420182379744458,NP_011418.1,KLNNVPKFKSVAAGS,0.2666666666666666,0.1333333333333333,0.7207821843225413,0.0,0.4274930028402801,0.0,0.5725069971597199,False,9.048547823345563,7.5,NP_001260,,NP_011418.1,AVGGMHTLALDEESN,0.5833333333333334,0.2666666666666666,,,,,,False,3.0582304604654995,,NP_001260,,NP_011418.1,EVYAWGTFRCNEGIL,0.6444444444444445,0.4666666666666667,,,,,,False,-0.3782769101810312,,NP_001260,
ENSG00000115919,KYNU,ENST00000375773,ENSP00000364928,ENSP00000264170,KYNU,ENST00000375773,ENSP00000364928,ENSP00000264170,EEDKLRHFRECFYIP,,,True,4.5,3.1381458568170912,ILFSGVHFYTGQHFN,,,True,5.5,5.075362047403504,PVPLYNSFHDVYKFT,,,True,6.0,1.9548985426807857,NP_013332.1,DCAVESHFKHPEEAR,0.2619047619047618,0.1333333333333333,,,,,,False,7.169653236087221,,NP_003928,XP_047302206,NP_013332.1,VCLSGVQYYTGQYFD,0.6190476190476191,0.5333333333333333,0.6843573856728918,0.0,0.0922102750139818,0.0,0.907789724986018,True,2.575877971003912,5.5,NP_003928,XP_047302206,NP_013332.1,LFAKFNGINEVRKRS,0.4277777777777777,0.2,,,,,,False,-1.009819058202536,,NP_003928,XP_047302206
ENSG00000283100,SIRT2,ENST00000635078,ENSP00000489426,ENSP00000489602,SIRT2,ENST00000635078,ENSP00000489426,ENSP00000489602,LVEAHGTFYTSHCVS,,,True,4.0,3.169057072611873,LEKYHLPYPEAIFEI,,,True,5.0,-1.602868352627046,VKPDIVFFGESLPAR,,,True,5.0,-0.0560427116972637,NP_015310.1,FQSDPLPFYTLAKEL,0.2928571428571428,0.2,0.5394361115648918,0.0,0.2694888705989177,0.0,0.7305111294010823,False,2.9302771266280625,6.5,NP_036369,,NP_015310.1,LARLKLPYPEAVFDV,1.0,0.5333333333333333,0.5414088651472261,0.0,0.5566339362065875,0.0,0.4433660637934125,False,-1.1297474102299934,5.0,NP_036369,,NP_015310.1,VKPAIVFFGEDLPDS,0.8333333333333334,0.7333333333333333,,,,,,False,1.841988639113284,,NP_036369,
ENSG00000068903,SIRT2,ENST00000414941,ENSP00000404309,ENSP00000249396,SIRT2,ENST00000414941,ENSP00000404309,ENSP00000249396,LVEAHGTFYTSHCVS,,,True,4.0,3.169057072611873,LEKYHLPYPEAIFEI,,,True,5.0,-1.602868352627046,VKPDIVFFGESLPAR,,,True,5.0,-0.0560427116972637,NP_015310.1,FQSDPLPFYTLAKEL,0.2928571428571428,0.2,0.5394361115648918,0.0,0.2694888705989177,0.0,0.7305111294010823,False,2.9302771266280625,6.5,NP_036369,XP_011524957,NP_015310.1,LARLKLPYPEAVFDV,1.0,0.5333333333333333,0.5414088651472261,0.0,0.5566339362065875,0.0,0.4433660637934125,False,-1.1297474102299934,5.0,NP_036369,XP_011524957,NP_015310.1,VKPAIVFFGEDLPDS,0.8333333333333334,0.7333333333333333,,,,,,False,1.841988639113284,,NP_036369,XP_011524957
ENSG00000122490,SLC66A2,ENST00000474967,ENSP00000466423,ENSP00000380880,SLC66A2,ENST00000357575,ENSP00000350188,ENSP00000380880,MWTSGDAFKTAYFLL,,,True,4.5,1.992482098927161,LNARRRSFTAADSKD,,,True,5.5,2.139782889001928,QWSSFSDYVQCVLAX,transmembrane region,Helical,False,6.0,1.5702484190566994,NP_013723.1,TIISIEKCKTALGFS,0.3462962962962962,0.2666666666666666,,,,,,False,2.7443073683401384,,NP_079354,XP_047293784,NP_013723.1,IANNLISFTPLFSYG,0.6011904761904762,0.2666666666666666,,,,,,False,3.039632481344501,,NP_079354,XP_047293784,NP_013723.1,RQSLVMIFIQLILLR,0.375,0.2,,,,,,False,0.8997776826750273,,NP_079354,XP_047293784
ENSG00000134697,GNL2,ENST00000373062,ENSP00000362153,ENSP00000362153,GNL2,ENST00000373062,ENSP00000362153,ENSP00000362153,HILDTESFETTFGPK,,,True,4.5,-0.6159330515255041,SWENAEDFLEKLAFR,,,True,5.0,2.317265002512264,LEEELESFSDEEEEE,,,True,5.5,2.987771079358852,NP_014451.1,SQDALQHFRSALGET,0.3541666666666667,0.1333333333333333,0.7031093260373693,0.0,0.6695227807446971,0.0,0.3304772192553029,False,5.345777188512642,5.0,NP_037417,XP_024302359,NP_014451.1,GWKDATEFIEILARK,0.525,0.4,0.4859707086310904,0.0,0.3622433110616303,0.0,0.6377566889383697,False,1.976726768532419,5.5,NP_037417,XP_024302359,NP_014451.1,PGIVPPSSKDSEEDI,0.4166666666666667,0.2666666666666666,,,,,,False,1.958106852574914,,NP_037417,XP_024302359
ENSG00000275176,ACACA,ENST00000631953,ENSP00000488139,ENSP00000478577,ACACA,ENST00000619487,ENSP00000478577,ENSP00000478577,ELSIRGDFRTTVEYL,,,True,3.5,1.0858511971717937,HNQVESIFLSAIDMY,,,True,4.0,4.5450701279814645,AAGGLHEFADSQFGH,,,True,4.0,3.0213872895100646,NP_014413.1,ELSIRGDFRTTVEYL,1.0,1.0,0.3643804074464727,0.0,0.4119079138154393,0.0,0.5880920861845607,False,1.0858511971717937,3.5,NP_942131,,NP_014413.1,KRGIPRIYLAANSGA,0.6130952380952381,0.2,,,,,,False,-0.4365623348818586,,NP_942131,,NP_014413.1,NNGNIHSFSDSQFGH,0.7083333333333334,0.6,0.3938309659807489,0.0,0.6197518080392781,0.0,0.3802481919607219,False,1.6570111193756538,4.5,NP_942131,
ENSG00000278540,ACACA,ENST00000618053,ENSP00000482064,ENSP00000483300,ACACA,ENST00000616317,ENSP00000483300,ENSP00000483300,ELSIRGDFRTTVEYL,,,True,3.5,1.0858511971717937,HNQVESIFLSAIDMY,,,True,4.0,4.5450701279814645,AAGGLHEFADSQFGH,,,True,4.0,3.0213872895100646,NP_014413.1,ELSIRGDFRTTVEYL,1.0,1.0,0.3643804074464727,0.0,0.4119079138154393,0.0,0.5880920861845607,False,1.0858511971717937,3.5,NP_942131,XP_011523003,NP_014413.1,KRGIPRIYLAANSGA,0.6130952380952381,0.2,,,,,,False,-0.4365623348818586,,NP_942131,XP_011523003,NP_014413.1,NNGNIHSFSDSQFGH,0.7083333333333334,0.6,0.3938309659807489,0.0,0.6197518080392781,0.0,0.3802481919607219,False,1.6570111193756538,4.5,NP_942131,XP_011523003
ENSG00000101365,IDH3B,ENST00000466494,ENSP00000487187,ENSP00000370223,IDH3B,ENST00000380851,ENSP00000370232,ENSP00000370223,LRHLNLEYHSSMIAD,,,True,4.5,2.797705957675006,RTRDMGGYSTTTDFI,,,True,5.0,2.3341998472391032,MKLGDGLFLQCCEEV,,,True,5.5,-0.7619370419476372,NP_014361.1,TEIGQKEYPDIDVSS,0.3273809523809524,0.1333333333333333,0.456053523538699,0.0,0.2650876169527307,0.0,0.7349123830472692,False,-0.0870773013990048,6.0,NP_008830,,NP_014361.1,TTRDIGGSSSTTDFT,0.625,0.6666666666666666,,,,,,False,1.7023878522713156,,NP_008830,,NP_014361.1,MILSSTLMLNHLGLN,0.2152777777777778,0.2666666666666666,,,,,,False,0.7369640866224137,,NP_008830,
ENSG00000276910,GTF2H2,ENST00000628423,ENSP00000486014,ENSP00000486014,GTF2H2,ENST00000628423,ENSP00000486014,ENSP00000486014,LEYFVEEYFDQNPIS,,,True,4.5,0.4455040878337662,VILDESHYKELLTHH,,,True,6.0,0.2202135270796874,DQDAKPSFSMAHLDG,,,True,6.0,0.1557727787879746,NP_013105.1,AIDFVHEFFDQNPIS,0.9166666666666666,0.6666666666666666,0.482924685149492,0.0,0.3740174717771399,0.0,0.62598252822286,False,1.597784820707392,4.5,NP_001506,,NP_013105.1,ILLDETHLKELFNEA,0.625,0.4666666666666667,,,,,,False,3.975183158129167,,NP_001506,,NP_013105.1,LVKVDDEGDMASLVA,0.4166666666666667,0.2,,,,,,False,5.701670427061334,,NP_001506,
ENSG00000145736,GTF2H2,ENST00000330280,ENSP00000328901,ENSP00000274400,GTF2H2,ENST00000330280,ENSP00000328901,ENSP00000274400,LEYFVEEYFDQNPIS,,,True,4.5,0.4455040878337662,VILDESHYKELLTHH,,,True,6.0,0.2202135270796874,DQDAKPSFSMAHLDG,,,True,6.0,0.1557727787879746,NP_013105.1,AIDFVHEFFDQNPIS,0.9166666666666666,0.6666666666666666,0.482924685149492,0.0,0.3740174717771399,0.0,0.62598252822286,False,1.597784820707392,4.5,NP_001506,XP_047273088,NP_013105.1,ILLDETHLKELFNEA,0.625,0.4666666666666667,,,,,,False,3.975183158129167,,NP_001506,XP_047273088,NP_013105.1,LVKVDDEGDMASLVA,0.4166666666666667,0.2,,,,,,False,5.701670427061334,,NP_001506,XP_047273088
ENSG00000144115,THNSL2,ENST00000674334,ENSP00000501453,ENSP00000501453,THNSL2,ENST00000674334,ENSP00000501453,ENSP00000501453,APASAAKFPEAVLAA,,,True,5.0,2.689171050584916,TTQFLQYFLEKREKH,,,True,5.5,1.0060864399986282,GGGGGMWYVSTRGVA,,,True,6.0,5.42053563131225,NP_009982.1,LYIAQEEIPDADLKD,0.5888888888888889,0.2,,,,,,False,-0.0502709108151807,,NP_060741,XP_011531256,NP_009982.1,VGNLFEYFLQRTNAN,0.6333333333333333,0.2,,,,,,False,4.168460714381171,,NP_060741,XP_011531256,NP_009982.1,TYYFYSFFQATNGKD,0.4194444444444444,0.1333333333333333,,,,,,False,1.5990418917603528,,NP_060741,XP_011531256
ENSG00000266967,AARSD1,ENST00000427569,ENSP00000400870,ENSP00000400870,AARSD1,ENST00000427569,ENSP00000400870,ENSP00000400870,AQALLQDYISTQSAK,,,True,4.5,3.855339251814804,TSWELGRFRSAIELD,,,True,4.5,6.308636312831469,RDSYAREFTTTVVSC,,,True,4.5,3.760754102323743,NP_014358.3,IGEETVDEVSTSKIP,0.5583333333333333,0.2,,,,,,False,1.1551870324501832,,NP_001248363,,NP_014358.3,QYWIKRLARTASEEL,0.3666666666666667,0.2666666666666666,,,,,,False,1.2185218566132112,,NP_001248363,,NP_014358.3,GEETVDEVSTSKIPD,0.5,0.1333333333333333,,,,,,False,4.60564406505791,,NP_001248363,
ENSG00000121691,CAT,ENST00000241052,ENSP00000241052,ENSP00000241052,CAT,ENST00000241052,ENSP00000241052,ENSP00000241052,DPDMVWDFWSLRPES,,,True,5.0,4.108242115729446,YSGEVRRFNTANDDN,,,True,5.0,2.0782539979905392,FYIQVMTFNQAETFP,,,True,5.5,0.4621667421728116,NP_010542.1,LPFSVFDLTKVWPQG,0.3083333333333333,0.2666666666666666,,,,,,False,2.794768663855891,,NP_001743,,NP_010542.1,RTKCLTRFSTVGGDK,0.513888888888889,0.2666666666666666,0.6240614658235657,0.0,0.3405164057447482,0.0,0.6594835942552517,False,7.363410600421744,8.0,NP_001743,,NP_010542.1,CPYASKFFNPAIRDG,0.3873015873015872,0.2,,,,,,False,0.5277433884556407,,NP_001743,
ENSG00000136824,SMC2,ENST00000374793,ENSP00000363925,ENSP00000363925,SMC2,ENST00000374793,ENSP00000363925,ENSP00000363925,WQKVNKDFGSIFSTL,,,True,5.5,3.3336774763452386,NVLFKTKFVDGVSTV,,,True,5.5,1.2777204038720804,TVLDGLEFKVALGNT,,,True,5.5,-1.0463818869472634,NP_116687.1,WEKVTLDFGNIFADL,0.736111111111111,0.6,,,,,,False,1.895478471115796,,NP_001036016,XP_011516455,NP_116687.1,NRVFRTRFQDGTSVV,0.6666666666666666,0.5333333333333333,0.3686228596848039,0.0,0.2418708201096719,0.0,0.7581291798903281,True,4.344360639722352,6.0,NP_001036016,XP_011516455,NP_116687.1,DVTQGLEVKVKLGNI,0.5916666666666667,0.6,,,,,,False,0.016516800939235,,NP_001036016,XP_011516455
ENSG00000086848,ALG9,ENST00000532425,ENSP00000432442,ENSP00000482437,ALG9,ENST00000524671,ENSP00000436798,ENSP00000482437,ISLAYRPFLDASRSS,topological domain,Lumenal,False,5.0,0.3929245307337179,LDLYPEFYRIATDPT,topological domain,Lumenal,False,5.5,0.9201033443348776,RGQLPKPFAEGPLAT,topological domain,Lumenal,False,5.5,-2.2150308189356265,NP_014180.1,NKLACAAFIDGENSK,0.375,0.3333333333333333,0.5718898972084973,0.0,0.3815595231902262,0.0,0.6184404768097738,False,5.418244947047189,5.5,NP_079016,XP_006718976,NP_014180.1,WAFLLPFYCILYPVN,0.378968253968254,0.2,,,,,,False,8.622507578432515,,NP_079016,XP_006718976,NP_014180.1,ASVELLPSAVAMLLY,0.3333333333333333,0.2,,,,,,False,2.72809910609602,,NP_079016,XP_006718976
ENSG00000009830,POMT2,ENST00000683907,ENSP00000507754,ENSP00000261534,POMT2,ENST00000683551,ENSP00000506751,ENSP00000261534,XSGPGDGFFSSAFQA,,,True,4.5,3.6758926995155496,SRNLHSHYHEAPMTR,,,True,4.5,4.040660668266948,CLTXMVKYNSCADRP,,,True,5.0,12.38339259782646,NP_009379.2,WDEAHFGKFGSYYLR,0.4714285714285713,0.2,,,,,,False,2.986890539779772,,NP_037514,XP_047287269,NP_009379.2,FLKDFIHLNLAMMAT,0.3611111111111111,0.2,,,,,,False,2.9192990598839,,NP_037514,XP_047287269,NP_009379.2,LSGYLAGYNGSWDFP,0.4027777777777778,0.2666666666666666,,,,,,False,1.6328938000321742,,NP_037514,XP_047287269
ENSG00000226589,VARS1,ENST00000457796,ENSP00000403359,ENSP00000403359,VARS1,ENST00000457796,ENSP00000403359,ENSP00000403359,DEFVDMDFGTGAVKI,,,True,4.0,5.774318983102216,DEDVLDTWFSSGLFP,,,True,4.5,8.829710284346103,EDVLDTWFSSGLFPL,,,True,5.0,2.4853995271251272,NP_011608.1,KEAVDMEFGTGAVKI,0.9,0.8,0.5402813260685283,0.0,0.3119936856651353,0.0,0.6880063143348646,False,5.7564295634912845,5.0,NP_006286,,NP_011608.1,DEDVLDTWFSSGLWP,1.0,0.9333333333333332,,,,,,False,8.715848677590357,,NP_006286,,NP_011608.1,EDVLDTWFSSGLWPF,0.8484848484848485,0.8666666666666667,0.5062403200238886,0.0,0.5847544629382968,0.0,0.4152455370617032,False,3.415450536789544,5.0,NP_006286,
ENSG00000231116,VARS1,ENST00000435657,ENSP00000415316,ENSP00000415316,VARS1,ENST00000435657,ENSP00000415316,ENSP00000415316,DEFVDMDFGTGAVKI,,,True,4.0,5.774318983102216,DEDVLDTWFSSGLFP,,,True,4.5,8.829710284346103,RALIAARYGEAGEGP,,,True,5.0,3.486115353341348,NP_011608.1,KEAVDMEFGTGAVKI,0.9,0.8,0.5402813260685283,0.0,0.3119936856651353,0.0,0.6880063143348646,False,5.7564295634912845,5.0,NP_006286,,NP_011608.1,DEDVLDTWFSSGLWP,1.0,0.9333333333333332,,,,,,False,8.715848677590357,,NP_006286,,NP_011608.1,NSKYLIQEGSAIEKK,0.4666666666666666,0.2,,,,,,False,5.419260655599917,,NP_006286,
ENSG00000224264,VARS1,ENST00000422694,ENSP00000401121,ENSP00000401121,VARS1,ENST00000422694,ENSP00000401121,ENSP00000401121,DEFVDMDFGTGAVKI,,,True,4.0,5.774318983102216,DEDVLDTWFSSGLFP,,,True,4.5,8.829710284346103,RALIAARYGEAGEGP,,,True,5.0,3.486115353341348,NP_011608.1,KEAVDMEFGTGAVKI,0.9,0.8,0.5402813260685283,0.0,0.3119936856651353,0.0,0.6880063143348646,False,5.7564295634912845,5.0,NP_006286,,NP_011608.1,DEDVLDTWFSSGLWP,1.0,0.9333333333333332,,,,,,False,8.715848677590357,,NP_006286,,NP_011608.1,NSKYLIQEGSAIEKK,0.4666666666666666,0.2,,,,,,False,5.419260655599917,,NP_006286,
ENSG00000231945,VARS1,ENST00000425144,ENSP00000390673,ENSP00000390673,VARS1,ENST00000425144,ENSP00000390673,ENSP00000390673,DEFVDMDFGTGAVKI,,,True,4.0,5.774318983102216,DEDVLDTWFSSGLFP,,,True,4.5,8.829710284346103,EDVLDTWFSSGLFPL,,,True,5.0,2.4853995271251272,NP_011608.1,KEAVDMEFGTGAVKI,0.9,0.8,0.5402813260685283,0.0,0.3119936856651353,0.0,0.6880063143348646,False,5.7564295634912845,5.0,NP_006286,,NP_011608.1,DEDVLDTWFSSGLWP,1.0,0.9333333333333332,,,,,,False,8.715848677590357,,NP_006286,,NP_011608.1,EDVLDTWFSSGLWPF,0.8484848484848485,0.8666666666666667,0.5062403200238886,0.0,0.5847544629382968,0.0,0.4152455370617032,False,3.415450536789544,5.0,NP_006286,
ENSG00000204394,VARS1,ENST00000375663,ENSP00000364815,ENSP00000364815,VARS1,ENST00000375663,ENSP00000364815,ENSP00000364815,DEFVDMDFGTGAVKI,,,True,4.0,5.774318983102216,DEDVLDTWFSSGLFP,,,True,4.5,8.829710284346103,EDVLDTWFSSGLFPL,,,True,5.0,2.4853995271251272,NP_011608.1,KEAVDMEFGTGAVKI,0.9,0.8,0.5402813260685283,0.0,0.3119936856651353,0.0,0.6880063143348646,False,5.7564295634912845,5.0,NP_006286,XP_047275254,NP_011608.1,DEDVLDTWFSSGLWP,1.0,0.9333333333333332,,,,,,False,8.715848677590357,,NP_006286,XP_047275254,NP_011608.1,EDVLDTWFSSGLWPF,0.8484848484848485,0.8666666666666667,0.5062403200238886,0.0,0.5847544629382968,0.0,0.4152455370617032,False,3.415450536789544,5.0,NP_006286,XP_047275254
ENSG00000114978,MOB1A,ENST00000396049,ENSP00000379364,ENSP00000379364,MOB1A,ENST00000396049,ENSP00000379364,ENSP00000379364,SAGPRYEYHWADGTN,,,True,5.5,2.148732862726419,QLDDETLFPSKIGVP,,,True,6.0,5.277818258283952,IAVNTVDFFNQINML,,,True,6.5,3.855925520589192,NP_012160.2,IATNEYEYLWAFQKG,0.475,0.4,,,,,,False,2.114477493348162,,NP_060691,,NP_012160.2,QFDDESLFPSKVTGT,0.7666666666666666,0.6,,,,,,False,1.7684371340116922,,NP_060691,,NP_012160.2,LAVHCVDFYNQINML,0.9047619047619048,0.7333333333333333,,,,,,False,4.2153447719281045,,NP_060691,
ENSG00000139835,GRTP1,ENST00000620217,ENSP00000483734,ENSP00000364580,GRTP1,ENST00000620217,ENSP00000483734,ENSP00000364580,GFERPEDFDDAAYEK,,,True,3.5,7.46214982102546,DDAAYEKFFSSYLVT,,,True,4.0,5.725452833440441,VGRILPDYYSPAMLG,,,True,5.5,13.00508742940468,NP_014106.1,KSPSVPNFHDKMHSD,0.3486111111111111,0.1333333333333333,,,,,,False,4.20216104028561,,NP_078995,XP_047286604,NP_014106.1,GYCQSMNFLAGLLLL,0.375,0.1333333333333333,,,,,,False,-0.1332288112321683,,NP_078995,XP_047286604,NP_014106.1,RVLVAFSLYNPKIGY,0.3611111111111111,0.1333333333333333,,,,,,False,12.72749245402036,,NP_078995,XP_047286604
ENSG00000105723,GSK3A,ENST00000398249,ENSP00000381301,ENSP00000222330,GSK3A,ENST00000398249,ENSP00000381301,ENSP00000222330,IVRLRYFFYSSGEKK,,,True,3.5,3.2936692745088854,LIFGATDYTSSIDVW,,,True,4.0,7.321890796931903,AVLKLCDFGSAKQLV,,,True,4.0,4.569695971928325,NP_013859.1,IIDLKYFFYERDSQD,0.4666666666666666,0.4,,,,,,False,0.6188360498760589,,NP_063937,,NP_013859.1,LIFGATNYTNQIDIW,0.5555555555555556,0.7333333333333333,,,,,,False,2.783425212906489,,NP_063937,,NP_013859.1,WSLKLCDFGSAKQLK,1.0,0.8,0.4733379715393614,0.0,0.2838214533946742,0.0,0.7161785466053259,False,4.587963532844619,4.0,NP_063937,
ENSG00000096171,VARS1,ENST00000211402,ENSP00000211402,ENSP00000211402,VARS1,ENST00000211402,ENSP00000211402,ENSP00000211402,DEFVDMDFGTGAVKI,,,True,4.0,5.774318983102216,DEDVLDTWFSSGLFP,,,True,4.5,8.829710284346103,EDVLDTWFSSGLFPL,,,True,5.0,2.4853995271251272,NP_011608.1,KEAVDMEFGTGAVKI,0.9,0.8,0.5402813260685283,0.0,0.3119936856651353,0.0,0.6880063143348646,False,5.7564295634912845,5.0,NP_006286,,NP_011608.1,DEDVLDTWFSSGLWP,1.0,0.9333333333333332,,,,,,False,8.715848677590357,,NP_006286,,NP_011608.1,EDVLDTWFSSGLWPF,0.8484848484848485,0.8666666666666667,0.5062403200238886,0.0,0.5847544629382968,0.0,0.4152455370617032,False,3.415450536789544,5.0,NP_006286,
ENSG00000198522,GPN1,ENST00000515877,ENSP00000424678,ENSP00000476446,GPN1,ENST00000515877,ENSP00000424678,ENSP00000476446,MSLVLDEFYSSLRVV,,,True,4.0,9.855888018186894,WMQDFEAFQDALNQE,,,True,4.0,0.1488157168530092,TEALASSFPTVVIYV,,,True,6.0,7.973492277537786,NP_012606.3,MSLMLEEFYSQLDVV,0.611111111111111,0.7333333333333333,0.429406578639448,0.0,0.619425299489858,0.0,0.3805747005101419,False,7.142382645218597,4.0,NP_009197,,NP_012606.3,WMTDFESFQAAIKED,0.4583333333333333,0.5333333333333333,,,,,,False,-2.216548169831231,,NP_009197,,NP_012606.3,TESFASSFPTVIAYI,0.7916666666666666,0.6666666666666666,0.6209182795634198,0.0,0.5363677766630054,0.0,0.4636322233369946,False,5.262781868141823,6.0,NP_009197,
ENSG00000179115,FARSA,ENST00000314606,ENSP00000320309,ENSP00000320309,FARSA,ENST00000314606,ENSP00000320309,ENSP00000320309,TEMPTDNFIESSFWN,,,True,4.0,-2.1159900695363474,LMGVLREFFTKLGIT,,,True,5.0,6.509671055654542,WVSKGSAFSTSISKQ,,,True,5.0,0.8269321822521059,NP_116631.1,TEMPSNQYVETGFWN,0.5630952380952382,0.5333333333333333,0.4999215970914203,0.0,0.3616222608519448,0.0,0.6383777391480552,False,-0.3506636823729546,5.0,NP_004452,,NP_116631.1,LIKFMEEFFERMGVT,0.6999999999999998,0.4,,,,,,False,5.33405448572818,,NP_004452,,NP_116631.1,QKLVLRTHSTAISAR,0.5208333333333334,0.2666666666666666,,,,,,False,6.433320441642047,,NP_004452,
ENSG00000111669,TPI1,ENST00000229270,ENSP00000229270,ENSP00000484435,TPI1,ENST00000229270,ENSP00000229270,ENSP00000484435,EDGEEAEFHFAALYI,,,True,3.5,3.5278985539416494,HSERRHVFGESDELI,,,True,4.0,1.456282866576989,GASLKPEFVDIINAK,,,True,5.5,4.392709094304698,NP_010335.1,IKEIVERLNTASIPE,0.2111111111111111,0.0666666666666666,,,,,,False,5.106511105442598,,NP_001152759,,NP_010335.1,GVGVILCIGETLEEK,0.5148148148148148,0.2,,,,,,False,3.234633090875228,,NP_001152759,,NP_010335.1,GASLKPEFVDIINSR,1.0,0.8666666666666667,0.4544945642815571,0.0,0.1346746537829682,0.0,0.8653253462170317,True,4.461173722997175,5.5,NP_001152759,
ENSG00000132740,IGHMBP2,ENST00000545146,ENSP00000456366,ENSP00000255078,IGHMBP2,ENST00000675615,ENSP00000502413,ENSP00000255078,EIHPLTFFNTCLDTS,,,True,4.0,4.355802752252707,QKSVTVAFDESHDFQ,,,True,4.0,1.262490810570651,AFDESHDFQLSLDRE,,,True,4.5,-1.1610625990871897,NP_012908.1,KDLKKREFKTIKDLI,0.3583333333333333,0.2,0.4975859205748531,0.0,0.2543061605728168,0.0,0.7456938394271831,False,0.6214893187749939,5.0,NP_002171,XP_047282837,NP_012908.1,DTQITIALEESQDVI,0.7333333333333334,0.3333333333333333,,,,,,False,0.7111202822209215,,NP_002171,XP_047282837,NP_012908.1,YDTQGDEFQETADEA,0.5,0.2,0.5431703916130741,0.0,0.3739375043767696,0.0,0.6260624956232305,False,2.125211148409142,2.5,NP_002171,XP_047282837
ENSG00000126581,BECN1,ENST00000593205,ENSP00000466766,ENSP00000355231,BECN1,ENST00000593205,ENSP00000466766,ENSP00000355231,VPYGNHSYLESLTDK,,,True,4.5,-1.6123754043752805,FDHAMVAFLDCVQQF,,,True,4.5,1.751102134776414,TNSGEEPFIETPRQD,,,True,4.5,-2.8490962249948635,NP_015205.1,TYAQFLSKLESQNKE,0.6,0.2666666666666666,,,,,,False,1.5495154251799286,,NP_003757,XP_016880753,NP_015205.1,LITDSFVFLNHDDDD,0.2986111111111111,0.1333333333333333,,,,,,False,1.0739770575674288,,NP_003757,XP_016880753,NP_015205.1,AADNCGPQIPKERLR,0.3428571428571428,0.2,,,,,,False,0.8926962619516934,,NP_003757,XP_016880753
ENSG00000123374,CDK2,ENST00000553376,ENSP00000452514,ENSP00000266970,CDK2,ENST00000553376,ENSP00000452514,ENSP00000266970,ILLGCKYYSTAVDIW,,,True,4.5,1.899206308085338,LHQDLKKFMDASALT,,,True,5.0,2.926514248098332,GAIKLADFGLARAFG,,,True,5.5,3.3835289608552657,NP_009718.3,VLLGGKQYSTGVDTW,0.6333333333333333,0.6666666666666666,0.6008592170899467,0.0,0.2663479789121273,0.0,0.7336520210878726,False,2.163451242743255,5.5,NP_001789,,NP_009718.3,KLYLVFEFLDLDLKR,0.3666666666666667,0.1333333333333333,0.3181942182214622,0.0,0.4088990935466825,0.0,0.5911009064533175,False,3.984555362493883,5.5,NP_001789,,NP_009718.3,GNLKLGDFGLARAFG,1.0,0.8,,,,,,False,3.1405251915023165,,NP_001789,
ENSG00000020922,MRE11,ENST00000323929,ENSP00000325863,ENSP00000325863,MRE11,ENST00000323929,ENSP00000325863,ENSP00000325863,QVSKGVDFESSEDDD,,,True,3.5,0.3331620191750493,MGEAVQEFVDKEEKD,,,True,4.5,1.094095139925343,SDVEEDIFPTTSKTD,,,True,4.5,0.7521745772952685,NP_013951.1,NGNGLDSFRSSNREV,0.4333333333333333,0.2,0.4193622802987364,0.0,0.6158083159427038,0.0,0.3841916840572962,False,4.270035754010798,5.5,NP_005582,XP_047282924,NP_013951.1,LNEAVKKFVDKDEKT,0.8666666666666667,0.6,,,,,,False,1.8940927230183864,,NP_005582,XP_047282924,NP_013951.1,VKRANSVRPTPPKEN,0.5011904761904762,0.2,,,,,,False,4.35346991836941,,NP_005582,XP_047282924
ENSG00000150768,DLAT,ENST00000679815,ENSP00000504880,ENSP00000280346,DLAT,ENST00000679614,ENSP00000506007,ENSP00000280346,SKQTIPHYYLSIDVN,,,True,5.5,5.987525519742837,TDKATVGFESLEECY,,,True,6.0,-0.3456109824609235,APVPTGVFTDIPISN,,,True,6.5,2.4617474455659285,NP_014328.3,NATANDKYKLSINDL,0.4277777777777777,0.2666666666666666,,,,,,False,4.259568488701586,,NP_001922,,NP_014328.3,GRITKADIESYLEKS,0.4484126984126984,0.2,,,,,,False,-1.0667354731491656,,NP_001922,,NP_014328.3,MNNAVNMFTSIINPP,0.45,0.2,0.5059740797339572,0.0,0.4543202527036083,0.0,0.5456797472963917,False,7.445885209632246,7.0,NP_001922,
ENSG00000114120,SLC25A36,ENST00000453248,ENSP00000391521,ENSP00000320688,SLC25A36,ENST00000453248,ENSP00000391521,ENSP00000320688,IKQKLLEYKTASTME,,,True,4.0,2.823178612150812,EGTKYRSFFQTLSLL,,,True,5.0,-0.0731540457396537,VAPSRAIYFAAYSNC,,,True,5.5,1.3066036737733664,NP_009751.1,SDEKGSNYKEATQIP,0.4333333333333333,0.2666666666666666,0.9087594418577404,0.0,0.2875290349973613,0.0,0.7124709650026386,False,0.5420143569666888,4.5,NP_001098117,XP_047304396,NP_009751.1,IPARSINFFTYGTTK,0.3134920634920635,0.1333333333333333,0.3417148676341118,0.0,0.4466446454279432,0.0,0.5533553545720568,False,-0.0516495958835205,5.5,NP_001098117,XP_047304396,NP_009751.1,PTVKPWVHFVAGGIG,0.5,0.1333333333333333,,,,,,False,2.285236686437856,,NP_001098117,XP_047304396
ENSG00000115556,PLCD4,ENST00000450993,ENSP00000388631,ENSP00000388631,PLCD4,ENST00000450993,ENSP00000388631,ENSP00000388631,EGEEFVQFYKALTKR,,,True,4.0,0.8835439492789325,HFYEISSFSETKAKR,,,True,4.5,2.2936659881284065,HSKEHYHFYEISSFS,,,True,5.0,1.3891472484851908,NP_015055.1,SNFNPIPFWKAGVQM,0.5064935064935066,0.2,,,,,,False,-0.5831726569829505,,NP_116115,XP_047302034,NP_015055.1,NEPFPSSFSSSYESA,0.5083333333333333,0.2666666666666666,0.1960328867781968,0.0,0.5234580058133026,0.0,0.4765419941866974,False,2.6755904370902366,4.0,NP_116115,XP_047302034,NP_015055.1,LYSKPLNHYFIASSH,0.4236111111111111,0.2,,,,,,False,3.05960319839536,,NP_116115,XP_047302034
ENSG00000143315,PIGM,ENST00000368090,ENSP00000357069,ENSP00000357069,PIGM,ENST00000368090,ENSP00000357069,ENSP00000357069,TDIDYQVFTDAARFV,,,True,4.5,3.0402902649787467,SPYFYMLYLTAESKW,,,True,5.0,-0.1023625310106949,AVLLFXEFLEHTYFY,,,True,5.5,1.8607576025385657,NP_012547.2,TDIDYFVFHDAAKYV,0.6916666666666668,0.7333333333333333,0.5226196975619878,0.0,0.2219492275992162,0.0,0.7780507724007838,True,4.760036655179759,4.0,NP_660150,,NP_012547.2,SVWNMLLYLDSANKE,0.5416666666666666,0.3333333333333333,0.4842039243954379,0.0,0.6636322800751789,0.0,0.336367719924821,False,10.033174340789405,5.5,NP_660150,,NP_012547.2,YKIYGYEFLDQAYLY,0.7222222222222223,0.3333333333333333,0.348045460823056,0.0,0.4657694320998611,0.0,0.5342305679001389,False,6.946953536861178,5.5,NP_660150,
ENSG00000123505,AMD1,ENST00000451850,ENSP00000389988,ENSP00000357880,AMD1,ENST00000451850,ENSP00000389988,ENSP00000357880,GGMEAAHFFEGTEKL,,,True,3.5,3.009522924769785,WYLYTLDFPESRVIS,,,True,4.0,-2.321987324404182,NFQEEIEFLNAIFPN,,,True,5.0,-0.9034141837213032,NP_014590.1,ATLDSTDAFEGPEKL,0.5555555555555556,0.4,,,,,,False,-1.5165983954275806,,NP_001625,,NP_014590.1,DSTDAFEGPEKLLEI,0.3583333333333333,0.1333333333333333,,,,,,False,2.8949673401239693,,NP_001625,,NP_014590.1,NWADEVDYLNKFFDN,0.5936507936507937,0.4,,,,,,False,-0.5249250264472661,,NP_001625,
ENSG00000092470,WDR76,ENST00000381246,ENSP00000370645,ENSP00000263795,WDR76,ENST00000381246,ENSP00000370645,ENSP00000263795,HPRRVEIFHETGKRV,,,True,5.0,2.3618526888273403,HPVHRQYFITAGLRD,,,True,5.0,0.5447001405573763,NISENADFFASLQLS,,,True,5.0,-0.406999847979914,NP_010125.1,NFSSGDFFEEIKKRQ,0.4583333333333333,0.2666666666666666,0.4501247942758183,0.0,0.2363145712793228,0.0,0.7636854287206772,True,0.0042693355544755,6.5,NP_079184,,NP_010125.1,FDVKSRDHLSAKLEP,0.3541666666666667,0.2,,,,,,False,1.4381816991803067,,NP_079184,,NP_010125.1,GNFSSGDFFEEIKKR,0.5,0.2,,,,,,False,-0.7599120615600798,,NP_079184,
ENSG00000184575,XPOT,ENST00000332707,ENSP00000327821,ENSP00000327821,XPOT,ENST00000332707,ENSP00000327821,ENSP00000327821,HTSVTLEFFETVVRY,,,True,3.0,1.6131503293822491,SDDQLFIYETAGVLI,,,True,5.0,5.74696481560116,QCGCSEVYLDCLQTF,,,True,5.0,0.2758869107216686,NP_012717.1,TQDDFEEFNETVRFK,0.4833333333333333,0.3333333333333333,0.6286907290293853,0.0,0.2529792967330842,0.0,0.7470207032669157,False,-2.7620826424983784,3.5,NP_009166,XP_047284149,NP_012717.1,TYTPQEIQETSMMKV,0.5416666666666666,0.2,,,,,,False,1.9524490962243424,,NP_009166,XP_047284149,NP_012717.1,QGASPVVILECHHIL,0.525,0.2666666666666666,,,,,,False,1.2539912112816076,,NP_009166,XP_047284149
ENSG00000198814,GK,ENST00000378943,ENSP00000368226,ENSP00000401720,GK,ENST00000378943,ENSP00000368226,ENSP00000401720,TGLPLSTYFSAVKLR,,,True,4.5,6.302648391479399,IGQAKNTYGTGCFLL,,,True,6.0,-0.6211341876781504,PKEILHSVYECIEKT,,,True,6.0,2.672998433901788,NP_011831.1,GLPLLSTYFSCSKLR,0.8333333333333334,0.6,0.2780146254424597,0.0,0.7959590861138657,0.0,0.2040409138861343,False,6.593492945802848,4.5,NP_001191948,XP_011543793,NP_011831.1,PGAAKCTYGTGCFLL,1.0,0.8,0.4942602570575166,0.0,0.352426691390009,0.0,0.647573308609991,False,0.640995348398214,6.0,NP_001191948,XP_011543793,NP_011831.1,PQKLLVNVVQCLASS,0.3444444444444445,0.2666666666666666,,,,,,False,2.531968619058512,,NP_001191948,XP_011543793
ENSG00000067596,DHX8,ENST00000650571,ENSP00000496923,ENSP00000262415,DHX8,ENST00000650571,ENSP00000496923,ENSP00000262415,NDLLSFDFMDAPPME,,,True,3.5,2.4038672742844485,AVKFSQYFYEAPIFT,,,True,3.5,1.3421417769147443,TKEPETDYLDASLIT,,,True,3.5,1.5300156298977787,NP_010929.3,NDLLKFDFMDPPPKN,0.8095238095238096,0.7333333333333333,0.2275408087049656,0.0,0.3774873712297723,0.0,0.6225126287702277,False,4.56236708404975,5.5,NP_004932,,NP_010929.3,LLEVAPHFYKAGDAE,0.4916666666666667,0.2,,,,,,False,7.1410639075760685,,NP_004932,,NP_010929.3,SQTPQMDYIEAALDC,0.8166666666666668,0.3333333333333333,0.6249398503829366,0.0,0.545008328977593,0.0,0.454991671022407,False,2.422879075068332,4.0,NP_004932,
ENSG00000197713,RPE,ENST00000354506,ENSP00000346501,ENSP00000352401,RPE,ENST00000354506,ENSP00000346501,ENSP00000352401,KQLGQDPFFDMHMMV,,,True,5.5,3.77868721374399,VHWLRTQFPSLDIEV,,,True,7.0,6.6836822114778265,GANQYTFHLEATENP,,,True,7.5,1.6917979979259137,NP_012414.1,TEKKPTAFFDCHMMV,0.6064814814814815,0.4666666666666667,0.4410296997380871,0.0,0.5279430238122952,0.0,0.4720569761877047,False,3.184788317561168,3.5,NP_954699,,NP_012414.1,VETLRAKFPHLNIQV,0.6791666666666667,0.5333333333333333,,,,,,False,2.5733695373836585,,NP_954699,,NP_012414.1,GADQFTFHYEATQDP,0.7095238095238096,0.6666666666666666,,,,,,False,0.7297652999516406,,NP_954699,
ENSG00000138138,ATAD1,ENST00000308448,ENSP00000339017,ENSP00000339017,ATAD1,ENST00000308448,ENSP00000339017,ENSP00000339017,STLTDKWYGESQKLA,topological domain,Cytoplasmic,True,6.0,-0.4375448834605729,TIFGAVTYFTIKWMV,transmembrane region;topological domain,Helical;Cytoplasmic,False,6.0,4.522255475364425,ALLCVREYVNSTSEE,topological domain,Cytoplasmic,True,6.0,1.0687198601851546,NP_011542.3,SSIMDKWYGESNKIV,1.0,0.6,0.4993661707069314,0.0,0.7879268878666863,0.0,0.2120731121333136,False,-1.7655300764122055,6.0,NP_116199,XP_016872337,NP_011542.3,AKESGANFISIRMSS,0.2583333333333333,0.0666666666666666,0.453335609307841,0.0,0.1480091479287112,0.0,0.8519908520712889,True,4.500986692774248,7.0,NP_116199,XP_016872337,NP_011542.3,ALDAAKEYIKQKRQL,0.425,0.2666666666666666,,,,,,False,2.3628254287349444,,NP_116199,XP_016872337
ENSG00000100764,PSMC1,ENST00000261303,ENSP00000261303,ENSP00000261303,PSMC1,ENST00000261303,ENSP00000261303,ENSP00000261303,MKVTNEDFKKSKENV,,,True,5.0,1.1699279222759011,PKLVRELFRVAEEHA,,,True,5.5,3.0657291454343065,YLLMEEEFIRNQEQM,,,True,6.0,-0.929294668099703,NP_010277.1,MQVTAEDFKQAKERV,0.7416666666666667,0.6666666666666666,,,,,,False,4.0196765504638,,NP_002793,,NP_010277.1,PRLCRQIFKVAGENA,0.8166666666666668,0.5333333333333333,,,,,,False,1.0970456951967116,,NP_002793,,NP_010277.1,HLLLEEEFVSNSEIL,0.75,0.5333333333333333,0.492322059405507,0.0,0.3274902028412661,0.0,0.6725097971587339,False,1.4365547309924358,4.5,NP_002793,
ENSG00000076248,UNG,ENST00000242576,ENSP00000242576,ENSP00000242576,UNG,ENST00000242576,ENSP00000242576,ENSP00000242576,KERGWEQFTDAVVSW,,,True,4.5,0.3915196412448998,ARNVPVGFGESWKKH,,,True,5.5,0.6104519705703885,GQKTLYSFFSPSPAR,,,True,5.5,10.110578936220987,NP_013691.1,SKHGWETFTKRVVQL,0.4000000000000001,0.4666666666666667,,,,,,False,-0.8504531932821792,,NP_550433,,NP_013691.1,NFNQAHGLAFSVKPP,0.4166666666666667,0.2666666666666666,,,,,,False,2.8255259241467026,,NP_550433,,NP_013691.1,AHGLAFSVKPPTPAP,0.3345238095238095,0.2666666666666666,,,,,,False,7.590093393970653,,NP_550433,
ENSG00000076242,MLH1,ENST00000673673,ENSP00000500979,ENSP00000231790,MLH1,ENST00000673673,ENSP00000500979,ENSP00000231790,KAEMLADYFSLEIDE,,,True,5.5,7.7405897576360125,TTSKLQSFEDLASIS,,,True,5.5,6.755858375693999,KCAYRASYSDGKLKA,,,True,5.5,0.5779880779871062,NP_013890.1,MSSMLNEYYSIELVN,0.638095238095238,0.3333333333333333,0.6517770866258582,0.0,0.3858068812181319,0.0,0.6141931187818681,False,7.985035148055221,5.5,NP_000240,XP_047304108,NP_013890.1,TTSKLQKFEDLSQIQ,0.6666666666666666,0.7333333333333333,0.5085450714941898,0.0,0.2288829698887721,0.0,0.7711170301112279,True,4.185926656609311,7.0,NP_000240,XP_047304108,NP_013890.1,RCAWRVSYAEGKMLE,0.6749999999999999,0.4666666666666667,0.4628764810097666,0.0,0.5637832508241375,0.0,0.4362167491758624,False,5.817796414993197,5.5,NP_000240,XP_047304108
ENSG00000151229,SLC2A13,ENST00000280871,ENSP00000280871,ENSP00000280871,SLC2A13,ENST00000380858,ENSP00000370239,ENSP00000280871,TEDIFWAYNFCPTPY,topological domain,Extracellular,False,6.0,0.4135596521713056,NQTIDEEYDSIKNNI,topological domain,Cytoplasmic,True,6.0,4.666181042809933,DIFWAYNFCPTPYSW,topological domain,Extracellular,False,7.0,9.5513757662809,NP_010785.1,VSIIVSGTNFIFTLV,0.3916666666666666,0.2666666666666666,,,,,,False,1.6373864004731034,,NP_443117,XP_016874254,NP_010785.1,SVEFNSEHDSPSKRG,0.4702380952380953,0.2,,,,,,False,4.978280253623088,,NP_443117,XP_016874254,NP_014538.2,FLTMLQNITPTGTFS,0.3999999999999999,0.2,,,,,,False,3.89088515551148,,NP_443117,XP_016874254
ENSG00000079459,FDFT1,ENST00000615631,ENSP00000481481,ENSP00000481481,FDFT1,ENST00000615631,ENSP00000481481,ENSP00000481481,LYQPDWRFMESKEKD,,,True,5.0,-0.1682284766956847,LSQVTEDYVQTGEHG,,,True,5.0,1.203830567210457,GGGGGMEFVKCLGHP,,,True,5.5,-0.9152641540813355,NP_012060.1,QISKIEQFMEEMYQD,0.4857142857142857,0.2666666666666666,,,,,,False,1.7515972396746298,,NP_001274671,,NP_012060.1,RSRYDDELVPTQQEE,0.4011904761904761,0.2,,,,,,False,-0.1769682384555584,,NP_001274671,,NP_012060.1,YAPQLKDFMKPENEQ,0.3507936507936508,0.1333333333333333,,,,,,False,9.75331878329354,,NP_001274671,
ENSG00000284967,FDFT1,ENST00000710772,ENSP00000518475,ENSP00000518478,FDFT1,ENST00000710772,ENSP00000518475,ENSP00000518478,LYQPDWRFMESKEKD,,,True,5.0,-0.1682284766956847,LSQVTEDYVQTGEHG,,,True,5.0,1.203830567210457,GGGGGMEFVKCLGHP,,,True,5.5,-0.9152641540813355,NP_012060.1,QISKIEQFMEEMYQD,0.4857142857142857,0.2666666666666666,,,,,,False,1.7515972396746298,,NP_001274671,,NP_012060.1,RSRYDDELVPTQQEE,0.4011904761904761,0.2,,,,,,False,-0.1769682384555584,,NP_001274671,,NP_012060.1,YAPQLKDFMKPENEQ,0.3507936507936508,0.1333333333333333,,,,,,False,9.75331878329354,,NP_001274671,
ENSG00000204221,WDR46,ENST00000432933,ENSP00000399454,ENSP00000399454,WDR46,ENST00000432933,ENSP00000399454,ENSP00000399454,LLAEEPGFLEGEDGE,,,True,4.0,-0.6339416125512993,ATASETGFLTYLDVS,,,True,5.5,0.5942720377963755,SETGFLTYLDVSVGK,,,True,6.0,0.3339314990297024,NP_011005.1,LLPESNGYLEPENEL,0.5515873015873016,0.4666666666666667,0.3901145296876526,0.0,0.4650609892097374,0.0,0.5349390107902626,False,5.380073138336151,7.0,NP_005443,,NP_011005.1,VTAGETGWLKYHDVS,0.6484848484848484,0.6666666666666666,,,,,,False,2.139641677293903,,NP_005443,,NP_011005.1,GETGWLKYHDVSTGQ,0.4041666666666666,0.6,0.7937610416940226,0.0,0.2663355630598075,0.0,0.7336644369401925,False,1.133929082122746,6.5,NP_005443,
ENSG00000226916,WDR46,ENST00000457382,ENSP00000405614,ENSP00000405614,WDR46,ENST00000457382,ENSP00000405614,ENSP00000405614,LLAEEPGFLEGEDGE,,,True,4.0,-0.6339416125512993,ATASETGFLTYLDVS,,,True,5.5,0.5942720377963755,SETGFLTYLDVSVGK,,,True,6.0,0.3339314990297024,NP_011005.1,LLPESNGYLEPENEL,0.5515873015873016,0.4666666666666667,0.3901145296876526,0.0,0.4650609892097374,0.0,0.5349390107902626,False,5.380073138336151,7.0,NP_005443,,NP_011005.1,VTAGETGWLKYHDVS,0.6484848484848484,0.6666666666666666,,,,,,False,2.139641677293903,,NP_005443,,NP_011005.1,GETGWLKYHDVSTGQ,0.4041666666666666,0.6,0.7937610416940226,0.0,0.2663355630598075,0.0,0.7336644369401925,False,1.133929082122746,6.5,NP_005443,
ENSG00000236222,WDR46,ENST00000432609,ENSP00000402869,ENSP00000402869,WDR46,ENST00000432609,ENSP00000402869,ENSP00000402869,LLAEEPGFLEGEDGE,,,True,4.0,-0.6339416125512993,ATASETGFLTYLDVS,,,True,5.5,0.5942720377963755,SETGFLTYLDVSVGK,,,True,6.0,0.3339314990297024,NP_011005.1,LLPESNGYLEPENEL,0.5515873015873016,0.4666666666666667,0.3901145296876526,0.0,0.4650609892097374,0.0,0.5349390107902626,False,5.380073138336151,7.0,NP_005443,,NP_011005.1,VTAGETGWLKYHDVS,0.6484848484848484,0.6666666666666666,,,,,,False,2.139641677293903,,NP_005443,,NP_011005.1,GETGWLKYHDVSTGQ,0.4041666666666666,0.6,0.7937610416940226,0.0,0.2663355630598075,0.0,0.7336644369401925,False,1.133929082122746,6.5,NP_005443,
ENSG00000206284,WDR46,ENST00000383208,ENSP00000372695,ENSP00000372695,WDR46,ENST00000383208,ENSP00000372695,ENSP00000372695,LLAEEPGFLEGEDGE,,,True,4.0,-0.6339416125512993,ATASETGFLTYLDVS,,,True,5.5,0.5942720377963755,SETGFLTYLDVSVGK,,,True,6.0,0.3339314990297024,NP_011005.1,LLPESNGYLEPENEL,0.5515873015873016,0.4666666666666667,0.3901145296876526,0.0,0.4650609892097374,0.0,0.5349390107902626,False,5.380073138336151,7.0,NP_005443,,NP_011005.1,VTAGETGWLKYHDVS,0.6484848484848484,0.6666666666666666,,,,,,False,2.139641677293903,,NP_005443,,NP_011005.1,GETGWLKYHDVSTGQ,0.4041666666666666,0.6,0.7937610416940226,0.0,0.2663355630598075,0.0,0.7336644369401925,False,1.133929082122746,6.5,NP_005443,
ENSG00000227057,WDR46,ENST00000374617,ENSP00000363746,ENSP00000363746,WDR46,ENST00000374617,ENSP00000363746,ENSP00000363746,LLAEEPGFLEGEDGE,,,True,4.0,-0.6339416125512993,ATASETGFLTYLDVS,,,True,5.5,0.5942720377963755,SETGFLTYLDVSVGK,,,True,6.0,0.3339314990297024,NP_011005.1,LLPESNGYLEPENEL,0.5515873015873016,0.4666666666666667,0.3901145296876526,0.0,0.4650609892097374,0.0,0.5349390107902626,False,5.380073138336151,7.0,NP_005443,XP_047275479,NP_011005.1,VTAGETGWLKYHDVS,0.6484848484848484,0.6666666666666666,,,,,,False,2.139641677293903,,NP_005443,XP_047275479,NP_011005.1,GETGWLKYHDVSTGQ,0.4041666666666666,0.6,0.7937610416940226,0.0,0.2663355630598075,0.0,0.7336644369401925,False,1.133929082122746,6.5,NP_005443,XP_047275479
ENSG00000119723,COQ6,ENST00000394026,ENSP00000377594,ENSP00000333946,COQ6,ENST00000394026,ENSP00000377594,ENSP00000333946,SDADHTDFIDTAGAM,,,True,3.0,3.649349433313717,VSMDEEKFVDAVNSA,,,True,4.0,3.6329787187930873,TDLLKRLYSTSASPL,,,True,5.5,3.242024528216532,NP_011771.1,IGPVKNMIIDTLGGN,0.5666666666666667,0.2666666666666666,,,,,,False,3.712428651515742,,NP_872282,XP_011535109,NP_011771.1,MVDLKDKLSDFYNSP,0.3611111111111111,0.2666666666666666,,,,,,False,6.060127185340376,,NP_872282,XP_011535109,NP_011771.1,ADKLFKLYHTNFPPV,0.4831349206349206,0.4,0.4560728798552151,0.0,0.4256458384138896,0.0,0.5743541615861104,False,0.05050562685047,7.0,NP_872282,XP_011535109
ENSG00000163811,WDR43,ENST00000407426,ENSP00000384302,ENSP00000384302,WDR43,ENST00000407426,ENSP00000384302,ENSP00000384302,EKSAVMSFTVTDEPV,,,True,5.5,1.1595648688951707,DEENGEDRDTASEKE,,,True,5.5,0.021686247431197,VLTVHASYLSTLPDL,,,True,5.5,4.67969868734164,NP_010686.1,HSGQADSIAVTTEDG,0.6666666666666666,0.2666666666666666,,,,,,False,3.2587800633223933,,NP_055946,,NP_010686.1,NKNKSADRDLHGKDL,0.45,0.2,,,,,,False,1.2382786970658812,,NP_055946,,NP_010686.1,CLIIHGGYLVSIPNL,0.4583333333333333,0.4,,,,,,False,-0.0011035109724771,,NP_055946,
ENSG00000228875,CSNK2B,ENST00000439572,ENSP00000410942,ENSP00000415237,CSNK2B,ENST00000617578,ENSP00000483938,ENSP00000415237,GLRGNEFFCEVDEDY,,,True,5.5,1.010449510797123,EKYQQGDFGYCPRVY,,,True,6.0,3.155831745498039,LNEQVPHYRQALDMI,,,True,6.0,1.787266734486603,NP_014682.1,GRKGHEYFCDVDPEY,0.6031746031746033,0.5333333333333333,0.4406548757254347,0.0,0.1617134690394205,0.0,0.8382865309605794,True,0.6026598548800401,6.5,NP_001311,,NP_014682.1,AKYKEADFGRCPRVY,0.7666666666666666,0.6666666666666666,,,,,,False,3.155831745498039,,NP_001311,,NP_014682.1,LQKMYAKYKEADFGR,0.35,0.2,0.8978689694309119,0.0,0.340270874275059,0.0,0.6597291257249409,False,-0.3084444872176066,5.5,NP_001311,
ENSG00000224398,CSNK2B,ENST00000422261,ENSP00000413092,ENSP00000407018,CSNK2B,ENST00000619468,ENSP00000480237,ENSP00000407018,GLRGNEFFCEVDEDY,,,True,5.5,1.010449510797123,EKYQQGDFGYCPRVY,,,True,6.0,3.155831745498039,LNEQVPHYRQALDMI,,,True,6.0,1.787266734486603,NP_014682.1,GRKGHEYFCDVDPEY,0.6031746031746033,0.5333333333333333,0.4406548757254347,0.0,0.1617134690394205,0.0,0.8382865309605794,True,0.6026598548800401,6.5,NP_001311,,NP_014682.1,AKYKEADFGRCPRVY,0.7666666666666666,0.6666666666666666,,,,,,False,3.155831745498039,,NP_001311,,NP_014682.1,LQKMYAKYKEADFGR,0.35,0.2,0.8978689694309119,0.0,0.340270874275059,0.0,0.6597291257249409,False,-0.3084444872176066,5.5,NP_001311,
ENSG00000206406,CSNK2B,ENST00000400116,ENSP00000382984,ENSP00000372925,CSNK2B,ENST00000621953,ENSP00000478364,ENSP00000372925,GLRGNEFFCEVDEDY,,,True,5.5,1.010449510797123,EKYQQGDFGYCPRVY,,,True,6.0,3.155831745498039,LNEQVPHYRQALDMI,,,True,6.0,1.787266734486603,NP_014682.1,GRKGHEYFCDVDPEY,0.6031746031746033,0.5333333333333333,0.4406548757254347,0.0,0.1617134690394205,0.0,0.8382865309605794,True,0.6026598548800401,6.5,NP_001311,,NP_014682.1,AKYKEADFGRCPRVY,0.7666666666666666,0.6666666666666666,,,,,,False,3.155831745498039,,NP_001311,,NP_014682.1,LQKMYAKYKEADFGR,0.35,0.2,0.8978689694309119,0.0,0.340270874275059,0.0,0.6597291257249409,False,-0.3084444872176066,5.5,NP_001311,
ENSG00000136100,VPS36,ENST00000611132,ENSP00000484968,ENSP00000367299,VPS36,ENST00000611132,ENSP00000484968,ENSP00000367299,PNKEPGPFQSSKNSY,,,True,5.5,3.609626594396036,NSYIKLSFKEHGQIE,,,True,6.0,-1.4529774334072405,LPLRLRVFDSGVMVI,,,True,6.0,13.41525595451841,NP_013521.3,YIDDAKPTQNSLGLE,0.4611111111111111,0.2,,,,,,False,0.3934203844391677,,NP_057159,,NP_013521.3,NICPACTFANHPQIG,0.4916666666666667,0.3333333333333333,,,,,,False,2.8524699964724984,,NP_057159,,NP_013521.3,DDLAYVNYSSGFLTR,0.4047619047619048,0.2,0.5268967808270711,0.0,0.2361506227617447,0.0,0.7638493772382552,True,1.44136168094703,6.0,NP_057159,
ENSG00000198056,PRIM1,ENST00000706566,ENSP00000516451,ENSP00000350491,PRIM1,ENST00000706566,ENSP00000516451,ENSP00000350491,YVKVFEHFLENLDKS,,,True,5.5,1.364780919756555,HDELQQSFQKSHNSL,,,True,6.0,2.5409720256855675,FDIDMTDYDDVRRCC,,,True,6.0,2.3334309014725263,NP_012273.1,IDSLKKYWLDNPRRS,0.384992784992785,0.2,,,,,,False,1.7157095109176927,,NP_000937,,NP_012273.1,LDNPRRSSKEKWNDI,0.3166666666666666,0.2,,,,,,False,3.5234621871659417,,NP_000937,,NP_012273.1,QRRNVLDYVNVIRDR,0.5694444444444445,0.2666666666666666,,,,,,False,1.306099501912643,,NP_000937,
ENSG00000027001,MIPEP,ENST00000382172,ENSP00000371607,ENSP00000371607,MIPEP,ENST00000382172,ENSP00000371607,ENSP00000371607,IAHPEPAFREAAEEA,,,True,3.5,3.118204307785388,KCPSVDDFVSALVSD,,,True,4.0,2.567827001604901,PEHIRRNFTSAGDHI,,,True,4.0,0.9581092359299102,NP_012788.2,RKFSQVSLQQAQELL,0.475,0.1333333333333333,,,,,,False,-0.0425289698002381,,NP_005923,XP_011533400,NP_012788.2,GKILLDDFEKSGIYM,0.4333333333333333,0.2,,,,,,False,5.392855500127349,,NP_005923,XP_011533400,NP_012788.2,FQLNPSNSPNAKEIS,0.3206349206349206,0.1333333333333333,,,,,,False,1.545459994766826,,NP_005923,XP_011533400
ENSG00000130988,RGN,ENST00000457380,ENSP00000406568,ENSP00000253303,RGN,ENST00000352078,ENSP00000253303,ENSP00000253303,LDHKIFYYIDSLSYS,,,True,5.0,2.1973118039060746,PDHHVKKYFDQVDIS,,,True,5.5,1.8927098667614848,EVSNSLLFVDIPAKK,,,True,6.0,-0.5270992563280781,NP_009609.1,SDQKTMYVTDSLNFT,0.4527777777777777,0.4,,,,,,False,2.1814582995878027,,NP_004674,,NP_009609.1,LLIPNAIHWDESDQK,0.3318181818181818,0.1333333333333333,,,,,,False,0.3040354663937304,,NP_004674,,NP_009609.1,EPIGCLLRVDLLAHK,0.65,0.4666666666666667,,,,,,False,0.3509243980451426,,NP_004674,
ENSG00000144381,HSPD1,ENST00000388968,ENSP00000373620,ENSP00000340019,HSPD1,ENST00000388968,ENSP00000373620,ENSP00000340019,SKGQKCEFQDAYVLL,,,True,3.5,1.0158382247331308,YDAMAGDFVNMVEKG,,,True,6.5,3.558394392660446,VAVKAPGFGDNRKNQ,,,True,7.0,2.868858108224412,NP_013360.1,PKSSKVEFEKPLLLL,0.3845238095238095,0.4,,,,,,False,2.681900821385054,,NP_955472,,NP_013360.1,SIVLKDKFENMGAKL,0.3583333333333333,0.2666666666666666,,,,,,False,1.567632951140936,,NP_955472,,NP_013360.1,CAVKAPGFGDNRKNT,1.0,0.8666666666666667,0.3466537470924775,0.0,0.4897700371924569,0.0,0.5102299628075432,False,2.868858108224412,7.0,NP_955472,
ENSG00000224774,CSNK2B,ENST00000432290,ENSP00000415615,ENSP00000415303,CSNK2B,ENST00000615589,ENSP00000478717,ENSP00000415303,GLRGNEFFCEVDEDY,,,True,5.5,1.010449510797123,EKYQQGDFGYCPRVY,,,True,6.0,3.155831745498039,LNEQVPHYRQALDMI,,,True,6.0,1.787266734486603,NP_014682.1,GRKGHEYFCDVDPEY,0.6031746031746033,0.5333333333333333,0.4406548757254347,0.0,0.1617134690394205,0.0,0.8382865309605794,True,0.6026598548800401,6.5,NP_001311,,NP_014682.1,AKYKEADFGRCPRVY,0.7666666666666666,0.6666666666666666,,,,,,False,3.155831745498039,,NP_001311,,NP_014682.1,LQKMYAKYKEADFGR,0.35,0.2,0.8978689694309119,0.0,0.340270874275059,0.0,0.6597291257249409,False,-0.3084444872176066,5.5,NP_001311,
ENSG00000204435,CSNK2B,ENST00000677536,ENSP00000502967,ENSP00000365042,CSNK2B,ENST00000677536,ENSP00000502967,ENSP00000365042,GLRGNEFFCEVDEDY,,,True,5.5,1.010449510797123,EKYQQGDFGYCPRVY,,,True,6.0,3.155831745498039,LNEQVPHYRQALDMI,,,True,6.0,1.787266734486603,NP_014682.1,GRKGHEYFCDVDPEY,0.6031746031746033,0.5333333333333333,0.4406548757254347,0.0,0.1617134690394205,0.0,0.8382865309605794,True,0.6026598548800401,6.5,NP_001311,,NP_014682.1,AKYKEADFGRCPRVY,0.7666666666666666,0.6666666666666666,,,,,,False,3.155831745498039,,NP_001311,,NP_014682.1,LQKMYAKYKEADFGR,0.35,0.2,0.8978689694309119,0.0,0.340270874275059,0.0,0.6597291257249409,False,-0.3084444872176066,5.5,NP_001311,
ENSG00000116353,MECR,ENST00000463412,ENSP00000436831,ENSP00000263702,MECR,ENST00000263702,ENSP00000263702,ENSP00000263702,SQVPLQDYQSALEAS,,,True,3.5,3.554463287954928,LEASMKPFISSKQIL,,,True,5.5,2.9337987937428367,HGPAASSYSASAEPA,,,True,6.0,7.763404693367274,NP_009582.1,SESQNNDKTFAKEVL,0.3444444444444444,0.2666666666666666,,,,,,False,3.163154702439706,,NP_057095,XP_011539841,NP_009582.1,DKYGATKVISESQNN,0.425,0.2,,,,,,False,6.41011674235361,,NP_057095,XP_011539841,NP_009582.1,TWSNYRVFSSSSDLI,0.4305555555555556,0.1333333333333333,0.3971338457800313,0.0,0.5628975264045403,0.0,0.4371024735954597,False,1.167410160656012,4.5,NP_057095,XP_011539841
ENSG00000230700,CSNK2B,ENST00000424502,ENSP00000396772,ENSP00000400188,CSNK2B,ENST00000612713,ENSP00000483731,ENSP00000400188,GLRGNEFFCEVDEDY,,,True,5.5,1.010449510797123,EKYQQGDFGYCPRVY,,,True,6.0,3.155831745498039,LNEQVPHYRQALDMI,,,True,6.0,1.787266734486603,NP_014682.1,GRKGHEYFCDVDPEY,0.6031746031746033,0.5333333333333333,0.4406548757254347,0.0,0.1617134690394205,0.0,0.8382865309605794,True,0.6026598548800401,6.5,NP_001311,,NP_014682.1,AKYKEADFGRCPRVY,0.7666666666666666,0.6666666666666666,,,,,,False,3.155831745498039,,NP_001311,,NP_014682.1,LQKMYAKYKEADFGR,0.35,0.2,0.8978689694309119,0.0,0.340270874275059,0.0,0.6597291257249409,False,-0.3084444872176066,5.5,NP_001311,
ENSG00000232960,CSNK2B,ENST00000428483,ENSP00000395546,ENSP00000390900,CSNK2B,ENST00000611721,ENSP00000482874,ENSP00000390900,GLRGNEFFCEVDEDY,,,True,5.5,1.010449510797123,EKYQQGDFGYCPRVY,,,True,6.0,3.155831745498039,LNEQVPHYRQALDMI,,,True,6.0,1.787266734486603,NP_014682.1,GRKGHEYFCDVDPEY,0.6031746031746033,0.5333333333333333,0.4406548757254347,0.0,0.1617134690394205,0.0,0.8382865309605794,True,0.6026598548800401,6.5,NP_001311,,NP_014682.1,AKYKEADFGRCPRVY,0.7666666666666666,0.6666666666666666,,,,,,False,3.155831745498039,,NP_001311,,NP_014682.1,LQKMYAKYKEADFGR,0.35,0.2,0.8978689694309119,0.0,0.340270874275059,0.0,0.6597291257249409,False,-0.3084444872176066,5.5,NP_001311,
ENSG00000131979,GCH1,ENST00000395514,ENSP00000378890,ENSP00000419045,GCH1,ENST00000395514,ENSP00000378890,ENSP00000419045,MQFFTKGYQETISDV,,,True,5.0,-2.7670808260928417,RAASAMQFFTKGYQE,,,True,6.0,5.375775566257702,DPKTREEFLTLIRSG,,,True,6.5,1.5952207650546388,NP_011783.1,MCMVSRGIQKTGSST,0.6583333333333333,0.3333333333333333,,,,,,False,1.149752987879889,,NP_000152,XP_016876707,NP_011783.1,RYAKAMLYFTKGYQT,0.6547619047619048,0.6666666666666666,,,,,,False,4.149157980899121,,NP_000152,XP_016876707,NP_011783.1,AHKTREEFLTLLGRR,0.7777777777777778,0.6,0.4836971822777742,0.0,0.2870134592712758,0.0,0.7129865407287241,False,1.9556060324938165,6.0,NP_000152,XP_016876707
ENSG00000131791,PRKAB2,ENST00000254101,ENSP00000254101,ENSP00000254101,PRKAB2,ENST00000254101,ENSP00000254101,ENSP00000254101,GEHQYKFFVDGQWVH,,,True,5.5,5.484448387533435,KLPGDKEFVSWQQDL,,,True,6.0,-2.480056380759252,SEGGKEVFISGSFNN,,,True,6.0,0.8527212268465634,NP_011307.1,GTHRFRFIVDNELRV,0.4166666666666667,0.3333333333333333,,,,,,False,3.3931455482551733,,NP_005390,XP_047280500,NP_011307.1,ATDQMGNFVNYIEVR,0.4753968253968253,0.1333333333333333,,,,,,False,2.546798697055769,,NP_005390,XP_047280500,NP_011307.1,QQGGSKVYVTGSFTK,0.7297619047619048,0.4,0.5582929193593501,0.0,0.1703231187019432,0.0,0.8296768812980568,True,0.2082667592665527,6.5,NP_005390,XP_047280500
ENSG00000178952,TUFM,ENST00000313511,ENSP00000322439,ENSP00000322439,TUFM,ENST00000313511,ENSP00000322439,ENSP00000322439,INAAHVEYSTAARHY,,,True,5.0,4.259141435709972,VVTGIEMFHKSLERA,,,True,5.5,1.217577507881994,SHFMPVMFSLTWDMA,,,True,6.0,1.4444051858990683,NP_014830.1,ISTAHVEYETAKRHY,0.8333333333333334,0.7333333333333333,0.681282108759832,0.0,0.186281505005239,0.0,0.813718494994761,True,0.3524804679849979,5.0,NP_003312,,NP_014830.1,TVTGIEMFRKELDSA,0.5555555555555556,0.6666666666666666,,,,,,False,2.2975156314746847,,NP_003312,,NP_014830.1,ENYRPQMFIRTADVT,0.5166666666666667,0.3333333333333333,,,,,,False,10.9659104125742,,NP_003312,
ENSG00000042753,AP2S1,ENST00000601649,ENSP00000470898,ENSP00000263270,AP2S1,ENST00000601498,ENSP00000470176,ENSP00000263270,RRYAGLYFCICVDVN,,,True,5.5,2.949122823659187,VNDNNLAYLEAIHNF,,,True,5.5,1.8998129582833536,YLEAIHNFVEVLNEY,,,True,6.5,6.597943596890086,NP_012592.1,RRYAGLYFVMGVDLL,0.4083333333333334,0.6666666666666666,,,,,,False,-0.1022316773735598,,NP_004060,,NP_012592.1,LLDDEPIYLCHIHLF,0.3425925925925925,0.4,,,,,,False,2.788732596726447,,NP_004060,,NP_012592.1,DHKHQSNFVEFSDST,0.6666666666666666,0.2666666666666666,0.4075143898153889,0.0,0.4417183992199986,0.0,0.5582816007800013,False,0.9104504819255508,5.5,NP_004060,
ENSG00000133275,CSNK1G2,ENST00000255641,ENSP00000255641,ENSP00000255641,CSNK1G2,ENST00000255641,ENSP00000255641,ENSP00000255641,RYVRRLDFFEKPDYD,,,True,3.5,1.178842178210776,HAIHIIDFGLAKEYI,,,True,4.5,1.6246138774473315,YDYLRKLFTDLFDRS,,,True,5.5,0.2140799392088693,NP_012003.1,LAASHKGFFQKLGCC,0.5111111111111112,0.2,,,,,,False,-1.0625018546364846,,NP_001310,XP_016881787,NP_014245.1,NKVHLIDFGMAKQYR,0.8000000000000002,0.5333333333333333,,,,,,False,3.364069155692188,,NP_001310,XP_016881787,NP_014245.1,EGYRMLLLSVLDDLG,0.4166666666666667,0.2666666666666666,,,,,,False,5.206850448364633,,NP_001310,XP_016881787
ENSG00000146282,RARS2,ENST00000691725,ENSP00000509453,ENSP00000358549,RARS2,ENST00000691725,ENSP00000509453,ENSP00000358549,GCGYLNDFNTACLQE,,,True,4.0,2.5978160794088305,LRFDEVLYKSSQDFQ,,,True,5.0,-0.5875894659442956,QKEEVADFQLSVDSL,,,True,5.0,-0.1755299179676389,NP_010628.3,VAGQTEELATARLAL,0.4833333333333333,0.2666666666666666,,,,,,False,0.2974373257379993,,NP_064716,XP_011534251,NP_010628.3,TTVVTYLFKLTHQVS,0.3666666666666667,0.1333333333333333,,,,,,False,7.985058588806854,,NP_064716,XP_011534251,NP_010628.3,EKWINADFSLLKEPA,0.4833333333333333,0.3333333333333333,,,,,,False,1.2993401634455044,,NP_064716,XP_011534251
ENSG00000119048,UBE2B,ENST00000507277,ENSP00000425137,ENSP00000265339,UBE2B,ENST00000507277,ENSP00000425137,ENSP00000265339,FGPEGTPFEDGTFKL,,,True,5.5,1.0050385662919186,KMFHPNVYADGSICL,,,True,6.0,1.5503686246887471,TPFEDGTFKLVIEFS,,,True,6.5,0.3487795665047649,NP_011457.1,IGPADTPYEDGTFRL,0.9047619047619048,0.6666666666666666,0.718784811223758,0.0,0.2693252749107206,0.0,0.7306747250892793,False,0.3534248035286114,6.0,NP_003328,,NP_011457.1,EMFHPNVYANGEICL,0.861111111111111,0.8,,,,,,False,1.2947153552135715,,NP_003328,,NP_011457.1,TPYEDGTFRLLLEFD,0.775,0.6666666666666666,,,,,,False,-0.3610331827260311,,NP_003328,
ENSG00000095321,CRAT,ENST00000318080,ENSP00000315013,ENSP00000315013,CRAT,ENST00000318080,ENSP00000315013,ENSP00000315013,ASMDSLTFVKAMDDS,,,True,4.5,-1.4537736251525055,INFSLSAYNSCAETN,,,True,4.5,8.81527392898943,YGQACATYESASLRM,,,True,5.0,1.0002717324531056,NP_013670.1,PNFQGITFAKQQDLP,0.6333333333333333,0.2666666666666666,,,,,,False,-0.5280074318302784,,NP_000746,XP_047278726,NP_013670.1,DNQDTNIFYSVYENN,0.2857142857142857,0.2666666666666666,0.6421167083626893,0.0,0.0846279695579949,0.0,0.9153720304420052,True,1.2245457448185988,4.5,NP_000746,XP_047278726,NP_013670.1,LKRQLPTYEAASTRK,0.6749999999999999,0.4,,,,,,False,3.753746682387545,,NP_000746,XP_047278726
ENSG00000105402,NAPA,ENST00000263354,ENSP00000263354,ENSP00000263354,NAPA,ENST00000263354,ENSP00000263354,ENSP00000263354,YEELFPAFSDSRECK,,,True,3.5,-2.001985461814733,KVKNSQSFFSGLFGG,,,True,4.5,1.6565997748460068,EEQNVDSYTESVKEY,,,True,4.5,-2.3353511614304696,NP_009503.1,GQSEDPNFADSRESN,0.6527777777777778,0.4,0.5448628350517771,0.0,0.2222588472873597,0.0,0.7777411527126403,True,-1.265862605508863,3.5,NP_003818,XP_011525738,NP_009503.1,PSSGFMKLFSGSDSY,0.4166666666666667,0.2,,,,,,False,2.176499779498548,,NP_003818,XP_011525738,NP_009503.1,EDEAGNTYVEAYKCF,0.5750000000000001,0.2666666666666666,0.5639814712165532,0.0,0.69073140212661,0.0,0.30926859787339,False,-1.61041503131997,4.0,NP_003818,XP_011525738
ENSG00000163751,CPA3,ENST00000296046,ENSP00000296046,ENSP00000296046,CPA3,ENST00000296046,ENSP00000296046,ENSP00000296046,NERRKAIFTDCGIHA,,,True,4.5,4.803201458276007,EIKVYITFHSYSQML,,,True,6.0,0.3249053447124366,AANMMVDFRVSEKES,,,True,6.5,2.765847497966591,NP_012000.1,TYAALKYFCDFLLDP,0.3187830687830688,0.1333333333333333,0.2870711749043731,0.0,0.4744946838200098,0.0,0.5255053161799901,False,3.385929073516268,6.5,NP_001861,,NP_012000.1,KIYGYIDMHSYSQEI,0.638888888888889,0.5333333333333333,,,,,,False,-2.445903716823092,,NP_001861,,NP_012000.1,IAPLTDDYDVWTRSN,0.3704184704184705,0.2,,,,,,False,-3.2041456394323617,,NP_001861,
ENSG00000065150,IPO5,ENST00000651721,ENSP00000499125,ENSP00000499125,IPO5,ENST00000651721,ENSP00000499125,ENSP00000499125,LLKTQTDFNDMEDDD,,,True,4.5,3.124442198086564,DELEDDDFDSNAVAG,,,True,4.5,3.973067978411903,VKRQDEDYDEQVEES,,,True,5.0,-1.919357040841294,NP_014039.1,VELAPKLFKDMFDQI,0.5,0.2666666666666666,0.5469467977173044,0.0,0.378707981833031,0.0,0.621292018166969,False,-0.2484520691752244,5.5,NP_002262,XP_047286255,NP_014039.1,ALVNFSEFASKDILE,0.4416666666666666,0.1333333333333333,,,,,,False,6.258513645658894,,NP_002262,XP_047286255,NP_014039.1,MQDRHGDGDEYNENI,0.5595238095238095,0.2666666666666666,,,,,,False,-1.6773133925737225,,NP_002262,XP_047286255
ENSG00000068438,FTSJ1,ENST00000396894,ENSP00000380103,ENSP00000326948,FTSJ1,ENST00000396894,ENSP00000380103,ENSP00000326948,PTRIIVPFVTCGDLS,,,True,4.0,1.4637541943846828,LYSQLQVFFSSVLCA,,,True,4.5,2.62147066146425,QPPISPPYQEACTLK,,,True,4.5,-1.9110746538101973,NP_009617.3,QPMSPIPHVTTLQAD,0.4458333333333333,0.2,,,,,,False,0.6161595190021723,,NP_036412,XP_047297898,NP_009617.3,DLPSSVAGTSSSLDP,0.35,0.2,,,,,,False,0.9899277989848028,,NP_036412,XP_047297898,NP_009617.3,QSPTNPPYKKALELK,0.5333333333333333,0.5333333333333333,,,,,,False,1.3978152703754552,,NP_036412,XP_047297898
ENSG00000134987,WDR36,ENST00000513710,ENSP00000424628,ENSP00000424628,WDR36,ENST00000513710,ENSP00000424628,ENSP00000424628,QDGTLQSFSTVHEKF,,,True,5.5,6.006990921383805,VIIHNIKFNETLMKF,,,True,5.5,2.135696180433001,MLDRKRDFELAQAYL,,,True,5.5,3.201153717280126,NP_013513.3,AQFKTVSTRTIDESE,0.525,0.2,,,,,,False,0.590816130300941,,NP_644810,XP_047272685,NP_013513.3,KSNKNFELYETFMSL,0.4857142857142857,0.2666666666666666,,,,,,False,4.228434926062832,,NP_644810,XP_047272685,NP_013513.3,GLKSNKNFELYETFM,0.4801587301587302,0.2666666666666666,,,,,,False,-2.784191696690797,,NP_644810,XP_047272685
ENSG00000072958,AP1M1,ENST00000291439,ENSP00000291439,ENSP00000388996,AP1M1,ENST00000291439,ENSP00000291439,ENSP00000388996,SVKFEIPYFTTSGIQ,,,True,5.0,1.016478949813541,VQVFSEYFKELEEES,,,True,5.5,-1.4143662506010064,DELMDFGYPQTTDSK,,,True,5.5,0.9369873449769144,NP_015064.1,QIKFQIPYFTTSGIQ,1.0,0.8,0.2731081142617893,0.0,0.7772375636282065,0.0,0.2227624363717935,False,1.0921553779593285,5.0,NP_001123996,,NP_015064.1,VEVLSDYLKTVEEES,0.5083333333333333,0.6,,,,,,False,1.3161912221902805,,NP_001123996,,NP_015064.1,DEVMDYGIPQITETK,0.4833333333333333,0.6,,,,,,False,0.7070827189829185,,NP_001123996,
ENSG00000125630,POLR1B,ENST00000537335,ENSP00000437914,ENSP00000444136,POLR1B,ENST00000537335,ENSP00000437914,ENSP00000444136,GSVYKSEFIDLSEKI,,,True,4.5,1.6786180513889266,WPAEDMPFTESGMVP,,,True,4.5,3.380355217134486,DGAPHRSYSECYPVL,,,True,4.5,2.7629953418417883,NP_015335.1,GNLVSQSGLDLQQVS,0.3999999999999999,0.2,,,,,,False,6.369238134286817,,NP_001269701,,NP_015335.1,WPTIDMPFSETGIQP,0.6166666666666667,0.6,0.4951175993903804,0.0,0.5392504476453595,0.0,0.4607495523546406,False,0.2620831097277517,5.0,NP_001269701,,NP_015335.1,RKLYSLVAGECSPDN,0.3333333333333333,0.2,,,,,,False,-1.1975697867764563,,NP_001269701,
ENSG00000047315,POLR2B,ENST00000381227,ENSP00000370625,ENSP00000312735,POLR2B,ENST00000381227,ENSP00000370625,ENSP00000312735,VASGVVEYIDTLEEE,,,True,3.5,0.9131862497378354,EIGDATPFNDAVNVQ,,,True,4.0,10.068180280006851,PHVGVSDFCETKKAY,,,True,4.5,1.4957325357174494,NP_014794.3,LNEGLVEYIDAEEEE,0.8333333333333334,0.6,0.6707051768679543,0.0,0.5239792624796428,0.0,0.4760207375203572,False,2.932042789573721,3.0,NP_000929,,NP_014794.3,VAASIIPFPDHNQSP,0.4107142857142857,0.2,0.2092471606065631,0.0,0.3143049016763587,0.0,0.6856950983236413,False,2.346010829620922,6.5,NP_000929,,NP_014794.3,IAEESEDDSESGKVF,0.4166666666666667,0.2,,,,,,False,1.6259330039344408,,NP_000929,
ENSG00000136709,WDR33,ENST00000322313,ENSP00000325377,ENSP00000325377,WDR33,ENST00000322313,ENSP00000325377,ENSP00000325377,FSPTDNKFATCSDDG,,,True,4.0,1.3365335492430983,FPPDHREFSEGDGRG,,,True,4.5,-2.0315557878711363,EDFGPEENFDASEEA,,,True,4.5,0.2176093167196186,NP_014082.1,FSSNDSKFVTCSDDN,0.8333333333333334,0.6666666666666666,0.5060993619208367,0.0,0.4859421044245278,0.0,0.5140578955754722,False,1.609379385034429,4.0,NP_060853,XP_005263754,NP_014082.1,NILKIWNFSNGKQER,0.4333333333333333,0.2,,,,,,False,3.701317449039615,,NP_060853,XP_005263754,NP_014082.1,CYDGSLKHFDLLQNL,0.4125,0.2,,,,,,False,1.198894468004515,,NP_060853,XP_005263754
ENSG00000113013,HSPA9,ENST00000677066,ENSP00000502902,ENSP00000297185,HSPA9,ENST00000677066,ENSP00000502902,ENSP00000297185,PTKKSQVFSTAADGQ,,,True,4.0,4.370630923694903,TETKMEEFKDQLPAD,,,True,5.0,1.9614282655699031,VITVPAYFNDSQRQA,,,True,5.5,0.8518787059258671,NP_012579.1,PTKKSQIFSTAAAGQ,0.7083333333333334,0.8666666666666667,0.6968813959698658,0.0,0.3262445598185878,0.0,0.6737554401814122,False,4.367172264561501,5.0,NP_004125,,NP_012579.1,MVNDAEKFKSQDEAR,0.5,0.3333333333333333,0.5624777782816923,0.0,0.2054200117956764,0.0,0.7945799882043235,True,3.791216078791701,6.0,NP_004125,,NP_012579.1,VVTVPAYFNDSQRQA,1.0,0.9333333333333332,0.3648532176803905,0.0,0.2354331822330568,0.0,0.7645668177669431,True,0.7658061013796037,5.5,NP_004125,
ENSG00000135821,GLUL,ENST00000642379,ENSP00000494022,ENSP00000356537,GLUL,ENST00000642379,ENSP00000494022,ENSP00000356537,NARRLTGFHETSNIN,,,True,4.5,9.19015076499308,EELPEWNFDGSSTLQ,,,True,5.5,0.9180160260347664,ETSNINDFSAGVANR,,,True,6.0,2.0673759018674502,NP_015360.2,NDMRLTGRHETASMT,0.6083333333333333,0.5333333333333333,,,,,,False,8.550569980744264,,NP_002056,,NP_015360.2,DQLPEWNFDGSSTNQ,1.0,0.8,,,,,,False,1.5091853631146956,,NP_002056,,NP_015360.2,ETASMTAFSSGVANR,0.625,0.6,0.5205822059270931,0.0,0.3686662340380693,0.0,0.6313337659619307,False,5.17287703311249,5.5,NP_002056,
ENSG00000196839,ADA,ENST00000696005,ENSP00000512324,ENSP00000361965,ADA,ENST00000696005,ENSP00000512324,ENSP00000361965,NTDDPLIFKSTLDTD,,,True,4.0,-0.1306085150466134,LPGHVQAYQEAVKSG,,,True,5.5,-1.0554442289475177,IKRIAYEFVEMKAKE,,,True,5.5,4.821632931264654,NP_014258.1,SNVKLQVVQSVSELP,0.35,0.0666666666666666,,,,,,False,4.422727449550958,,NP_000013,,NP_014258.1,IETVTKGFQRACDKA,0.3888888888888889,0.1333333333333333,,,,,,False,1.134078781935136,,NP_000013,,NP_014258.1,KPFPPHLFVECYGKA,0.3564814814814814,0.2666666666666666,0.2998624289842619,0.0,0.6923960183664989,0.0,0.3076039816335011,False,-0.3821827467757831,4.5,NP_000013,
ENSG00000108010,GLRX3,ENST00000331244,ENSP00000330836,ENSP00000330836,GLRX3,ENST00000331244,ENSP00000330836,ENSP00000330836,TGVEYETFDILEDEE,,,True,6.5,-0.264311324483817,WPTYPQLYVSGELIG,,,True,6.5,1.284944081351409,RHASSGSFLPSANEH,,,True,6.5,7.5816335798793455,NP_011101.3,HQIRFGFFDILRDEN,0.7777777777777778,0.4,,,,,,False,3.908606699607455,,NP_006532,,NP_011101.3,WPTFPQLYINGEFQG,0.6527777777777778,0.6666666666666666,,,,,,False,-0.8959474812165025,,NP_006532,,NP_010383.3,QVFEAISNEPSNSNV,0.3583333333333333,0.2,,,,,,False,2.190844826932274,,NP_006532,
ENSG00000132932,ATP8A2,ENST00000684283,ENSP00000507994,ENSP00000371070,ATP8A2,ENST00000684283,ENSP00000507994,ENSP00000371070,YEEWLKVYQEASTIL,topological domain,Cytoplasmic,True,4.5,4.907306280036622,PCSDSCDFDDPRLLK,topological domain,Cytoplasmic,True,5.0,1.807334989072629,SEPQAMCYVETANLD,topological domain,Cytoplasmic,True,5.5,9.90658516567338,NP_009376.2,YEEWNSIYNEAATTL,0.7916666666666666,0.6,0.7336559582517863,0.0,0.3181180451630579,0.0,0.681881954836942,False,7.571110780442895,4.0,NP_057613,XP_011533409,NP_009376.2,NAVTNNELDDNYLDS,0.5111111111111111,0.2,,,,,,False,2.060065891152095,,NP_057613,XP_011533409,NP_009376.2,SEPEGLCYIETANLD,0.9583333333333334,0.7333333333333333,0.4505222031132601,0.0,0.4429003511557004,0.0,0.5570996488442995,False,6.554898309715231,5.0,NP_057613,XP_011533409
ENSG00000187555,USP7,ENST00000344836,ENSP00000343535,ENSP00000343535,USP7,ENST00000344836,ENSP00000343535,ENSP00000343535,NENPWTIFLETVDPE,,,True,4.0,-0.0722564668626277,RSDRREDYYDIQLSI,,,True,5.0,3.096705655202428,EQLDGDNKYDAGEHG,,,True,5.5,-0.6095370905102254,NP_014033.1,DNKSNLLFVKSYDPH,0.5333333333333333,0.2,,,,,,False,-0.5153578936889222,,NP_003461,,NP_014033.1,ESARVEDFWDLQLNV,0.6969696969696969,0.4666666666666667,0.4610841252227971,0.0,0.4096958427097247,0.0,0.5903041572902753,False,3.933286586283726,5.0,NP_003461,,NP_014033.1,QMVKVNDKYEFPETI,0.5388888888888889,0.2,,,,,,False,-0.6244109207851842,,NP_003461,
ENSG00000073536,NLE1,ENST00000442241,ENSP00000413572,ENSP00000413572,NLE1,ENST00000588019,ENSP00000466764,ENSP00000413572,GSDDFTLFLWSPAED,,,True,6.0,-1.6211280376607125,SGDTTVRFWDLSTET,,,True,6.0,2.63458625198778,WGGDGLLYSASQDRT,,,True,6.5,-2.1549265325703137,NP_009997.2,ASDDYTMFLWNPLKS,0.5527777777777777,0.5333333333333333,,,,,,False,-0.299306909329371,,NP_060566,,NP_009997.2,AGDNTARIWDCDTQT,0.6481481481481481,0.5333333333333333,,,,,,False,0.0942105823988199,,NP_060566,,NP_009997.2,WGGQGLLYSGSHDRT,0.8333333333333334,0.8,,,,,,False,-1.1099172642947464,,NP_060566,
ENSG00000177971,IMP3,ENST00000314852,ENSP00000326981,ENSP00000385217,IMP3,ENST00000314852,ENSP00000326981,ENSP00000385217,GSLELCDFVTASSFC,,,True,3.5,3.491412308960773,VTRSMEDFVTWVDSS,,,True,5.0,-0.7848000977491049,DVVTDPAFLVTRSME,,,True,6.0,0.2794247349670956,NP_012018.1,VTRNMEDYVTWVDNS,0.5259740259740261,0.2,0.4248721146465481,0.0,0.6829304063216721,0.0,0.3170695936783279,False,-0.4758466126384291,5.5,NP_060755,,NP_012018.1,VTRNMEDYVTWVDNS,0.9047619047619048,0.8,0.4248721146465481,0.0,0.6829304063216721,0.0,0.3170695936783279,False,-0.4758466126384291,5.5,NP_060755,,NP_012018.1,NLINDPAYLVTRNME,0.7658730158730159,0.6,,,,,,False,4.083996985523111,,NP_060755,
ENSG00000167508,MVD,ENST00000301012,ENSP00000301012,ENSP00000301012,MVD,ENST00000301012,ENSP00000301012,ENSP00000301012,HVASVNNFPTAAGLA,,,True,5.0,5.320376265272602,LDDTVAEFVAAVWHG,,,True,5.0,3.219742066493024,DTFPPISYLNAISWR,,,True,6.0,-0.3028811461270138,NP_014441.1,HIVSENNFPTAAGLA,1.0,0.8,0.5605478189568752,0.0,0.1553560531077475,0.0,0.8446439468922524,True,4.538033374966608,5.0,NP_002452,XP_011521390,NP_014441.1,INQFYGETIVAYTFD,0.325,0.1333333333333333,,,,,,False,-0.3118295821790406,,NP_002452,XP_011521390,NP_014441.1,DSFPPIFYMNDTSKR,0.4555555555555555,0.6,,,,,,False,1.0074554317182258,,NP_002452,XP_011521390
ENSG00000134802,SLC43A3,ENST00000395123,ENSP00000378555,ENSP00000434515,SLC43A3,ENST00000395123,ENSP00000378555,ENSP00000434515,RELQSKEFLSAKEET,,,True,3.0,1.4073210206747366,QKQELRSFWSYAFSR,,,True,6.0,4.170124783394863,NVXECRTWKESPSAI,,,True,6.0,0.7477271704958457,NP_013948.1,LFLASGNFISAKHLV,0.5833333333333334,0.4,0.5833466656281807,0.0,0.1426081996988092,0.0,0.8573918003011908,True,4.167794770787867,5.5,NP_001265135,,NP_013948.1,AYEQIKSPWFYLMLL,0.3492063492063492,0.2,,,,,,False,0.5115876801624033,,NP_001265135,,NP_013948.1,RQSLIAIEREEDSIP,0.2583333333333333,0.1333333333333333,,,,,,False,0.5063094849416171,,NP_001265135,
ENSG00000135624,CCT7,ENST00000258091,ENSP00000258091,ENSP00000258091,CCT7,ENST00000258091,ENSP00000258091,ENSP00000258091,PQIIIRAFRTATQLA,,,True,5.0,2.2087511666006767,VLGRCQVFEETQIGG,,,True,5.0,5.886933985746243,IGGERYNFFTGCPKA,,,True,5.0,2.729648679352201,NP_012424.1,QQMIINAFAKALEVI,0.4916666666666666,0.4,,,,,,False,5.030430601747437,,NP_006420,,NP_012424.1,HLGTCALFEEMQIGS,0.6749999999999999,0.6,0.3394162745280073,0.0,0.2082931408636655,0.0,0.7917068591363344,True,5.129641612611811,6.5,NP_006420,,NP_012424.1,IGSERYNLFQGCPQA,0.6333333333333333,0.7333333333333333,,,,,,False,1.4899467025645126,,NP_006420,
ENSG00000130165,ELOF1,ENST00000589171,ENSP00000466732,ENSP00000252445,ELOF1,ENST00000252445,ENSP00000252445,ENSP00000252445,PVDVYSDWIDACEAA,,,True,4.5,6.4245113390136535,CTVCLEEFQTPITYL,,,True,5.5,4.830535812921698,LSEPVDVYSDWIDAC,,,True,5.5,-2.318110517899875,NP_012762.1,PVDVYSDWFDAVEEV,0.8333333333333334,0.7333333333333333,,,,,,False,6.922943990337494,,NP_115753,,NP_012762.1,CKICGQSFQTRINSL,0.4333333333333333,0.4666666666666667,,,,,,False,4.8620439837346,,NP_115753,,NP_012762.1,LSQPVDVYSDWFDAV,1.0,0.8,0.5241112062451981,0.0,0.28940664214524,0.0,0.71059335785476,False,-3.333857811631689,6.0,NP_115753,
ENSG00000203879,GDI1,ENST00000630693,ENSP00000486715,ENSP00000394071,GDI1,ENST00000447750,ENSP00000394071,ENSP00000394071,KRKQNDVFGEAEQGG,,,True,4.5,-1.0322353813150065,DGCESQVFCSCSYDA,,,True,4.5,1.7078622515662851,SYDATTHFETTCNDI,,,True,5.0,5.7650315758155966,NP_011062.1,IDKQDHYGGEAASVT,0.3928571428571428,0.3333333333333333,,,,,,False,5.770324147700436,,NP_001484,,NP_011062.1,DGSKDNIYLSRSYDA,0.3880952380952381,0.4666666666666667,,,,,,False,1.6077857131321365,,NP_001484,,NP_011062.1,SYDASSHFESMTDDV,0.5361111111111111,0.5333333333333333,0.3374679963411261,0.0,0.2774953826319263,0.0,0.7225046173680737,False,4.051730891790052,5.5,NP_001484,
ENSG00000131459,GFPT2,ENST00000253778,ENSP00000253778,ENSP00000253778,GFPT2,ENST00000253778,ENSP00000253778,ENSP00000253778,VGDKAVEFFFASDAS,,,True,3.5,3.2574953010846253,VMGRGYNYATCLEGA,,,True,4.5,4.43282702656785,RETEDITFSTLVERV,,,True,5.0,0.157255729769746,NP_012818.1,GSPTPVEFFVSSDAA,0.6666666666666666,0.4666666666666667,,,,,,False,0.7348428736987562,,NP_005101,,NP_012818.1,LLGRGYQFAAALEGA,0.4166666666666667,0.6,,,,,,False,6.316772086019537,,NP_005101,,NP_012818.1,YEQPESTFNTMRGRI,0.5388888888888889,0.3333333333333333,0.2444017511023055,0.0,0.5298075858538537,0.0,0.4701924141461464,False,0.8418926691366874,6.0,NP_005101,
ENSG00000262788,UTP4,ENST00000575702,ENSP00000458843,ENSP00000458843,UTP4,ENST00000575702,ENSP00000458843,ENSP00000458843,DSAGKVQFWDSATGT,,,True,4.0,3.9260195072336943,KIYKPLLFMDLLDER,,,True,5.5,0.3289596005586395,KTLLYNPFPPTNESD,,,True,6.0,0.1486908825167742,NP_010611.3,DSTGSIKFWDFQFAT,0.4222222222222222,0.4666666666666667,0.6119011013792792,0.0,0.186550359896725,0.0,0.8134496401032749,True,0.970539986288851,6.0,NP_116219,,NP_010611.3,DKYKPLLFVDLISSN,0.7083333333333334,0.5333333333333333,0.5035604301192643,0.0,0.3608389557387199,0.0,0.6391610442612801,False,0.1236101634996412,6.0,NP_116219,,NP_010611.3,FSNGNYRKMPTVEPY,0.2666666666666666,0.2,,,,,,False,3.7760645884815376,,NP_116219,
ENSG00000141076,UTP4,ENST00000314423,ENSP00000327179,ENSP00000327179,UTP4,ENST00000314423,ENSP00000327179,ENSP00000327179,DSAGKVQFWDSATGT,,,True,4.0,3.9260195072336943,IAAGSIDYISVFDVK,,,True,5.5,5.724543967757771,KIYKPLLFMDLLDER,,,True,5.5,0.3289596005586395,NP_010611.3,DSTGSIKFWDFQFAT,0.4222222222222222,0.4666666666666667,0.6119011013792792,0.0,0.186550359896725,0.0,0.8134496401032749,True,0.970539986288851,6.0,NP_116219,XP_005256262,NP_010611.3,CNSGVIWSISINDSQ,0.481060606060606,0.3333333333333333,,,,,,False,2.9363590800097925,,NP_116219,XP_005256262,NP_010611.3,DKYKPLLFVDLISSN,0.7083333333333334,0.5333333333333333,0.5035604301192643,0.0,0.3608389557387199,0.0,0.6391610442612801,False,0.1236101634996412,6.0,NP_116219,XP_005256262
ENSG00000182774,RPS17,ENST00000558397,ENSP00000452889,ENSP00000498019,RPS17,ENST00000558397,ENSP00000452889,ENSP00000498019,YTRLGNDFHTNKRVC,,,True,6.0,3.473931211342354,EMLKLLDFGSLSNLQ,,,True,6.0,7.834293307609332,QPTVGMNFKTPRGPV,,,True,7.0,5.000065074359046,NP_010735.3,YPKLTLDFQTNKRLC,0.8333333333333334,0.6,0.3336500834172937,0.0,0.5174257008426147,0.0,0.4825742991573852,False,-1.3354313812327867,6.5,NP_001012,,NP_010735.3,NKRLCDEIATIQSKR,0.225,0.0,,,,,,False,1.4499127289112848,,NP_001012,,NP_010735.3,DLVKSLGLKLPLSVI,0.2916666666666667,0.1333333333333333,,,,,,False,5.362849108710945,,NP_001012,
ENSG00000101444,AHCY,ENST00000217426,ENSP00000217426,ENSP00000217426,AHCY,ENST00000217426,ENSP00000217426,ENSP00000217426,KGETDEEYLWCIEQT,,,True,4.5,-0.9237455325497624,ACQEGNIFVTTTGCI,,,True,5.5,-1.7131410068503603,CIEQTLYFKDGPLNM,,,True,5.5,-0.0336349135765725,NP_010961.3,KGETEEEYLWCIEQQ,1.0,0.8666666666666667,,,,,,False,-0.2903993307027497,,NP_000678,XP_047295918,NP_010961.3,ASHIGQVFVTTTGCR,0.9583333333333334,0.6,0.3562377225787928,0.0,0.567294777040654,0.0,0.432705222959346,False,-0.8562282848683648,5.5,NP_000678,XP_047295918,NP_010961.3,VHHLYRMVKEGKLKV,0.4916666666666667,0.2,,,,,,False,0.354563210967997,,NP_000678,XP_047295918
ENSG00000064601,CTSA,ENST00000419493,ENSP00000408533,ENSP00000493613,CTSA,ENST00000419493,ENSP00000408533,ENSP00000493613,FSYSDDKFYATNDTE,,,True,4.5,0.3647378504524917,NFMGDEWFVDSLNQK,,,True,4.5,2.276404193015764,CSQNKCNFYDNKDLE,,,True,4.5,-1.016184735080098,NP_014026.1,EDEDKHFFFWTFESR,0.3545454545454545,0.1333333333333333,,,,,,False,1.0496586164351265,,NP_000299,,NP_014026.1,DKHFFFWTFESRNDP,0.4722222222222222,0.2,,,,,,False,5.929000144202552,,NP_000299,,NP_014026.1,CLGLIESCYDSQSVW,0.3796296296296296,0.2,,,,,,False,4.635615205213536,,NP_000299,
ENSG00000143748,NVL,ENST00000469968,ENSP00000419420,ENSP00000281701,NVL,ENST00000281701,ENSP00000281701,ENSP00000281701,QGEEDNEYTESYSDD,,,True,3.0,-2.508863773800881,DDSSMEDYPDPQSAN,,,True,4.0,4.526312569458342,LCIELNDFIVALSSV,,,True,5.0,2.811605185004962,NP_013066.1,VPRRDTSLSESSSRV,0.5,0.2666666666666666,,,,,,False,0.4643293298773358,,NP_002524,XP_047277574,NP_013066.1,VQQFIRNYPEPLSGE,0.7611111111111111,0.2666666666666666,0.6031742010194556,0.0,0.6408749798899877,0.0,0.3591250201100123,False,1.1532811988616356,6.5,NP_002524,XP_047277574,NP_013066.1,VGVSGEEIIVTMSDF,0.5666666666666667,0.2,,,,,,False,-0.8775108773538496,,NP_002524,XP_047277574
ENSG00000113161,HMGCR,ENST00000681567,ENSP00000506708,ENSP00000287936,HMGCR,ENST00000680160,ENSP00000505315,ENSP00000287936,LLAVKYIFFEQTETE,transmembrane region;topological domain,Helical;Cytoplasmic,False,4.5,4.000098213896387,GPTNEDLYISCTMPS,topological domain,Cytoplasmic,True,5.0,3.452141771479219,PSVSLWQFYLSKMIS,topological domain;transmembrane region,Lumenal;Helical,False,6.0,7.837038656153949,NP_013636.1,RITTDEIVFESVSEE,0.4583333333333333,0.2666666666666666,,,,,,False,-1.2567567628547804,,NP_000850,,NP_013636.1,KEVDGDLRISVSMPS,0.5583333333333333,0.4666666666666667,,,,,,False,3.616263183680103,,NP_000850,,NP_013555.1,DIYTPFHYYLSTISF,0.6130952380952381,0.2,,,,,,False,6.151413721228131,,NP_000850,
ENSG00000292192,NSDHL,ENST00000709998,ENSP00000517980,ENSP00000517982,NSDHL,ENST00000709998,ENSP00000517980,ENSP00000517982,ALAGTFHYYSCERAK,,,True,5.0,4.154055230567455,ANDPEKNFLTTAIRP,,,True,5.5,6.977713343292081,STLGGKAFHITNDEP,,,True,5.5,-0.2153333959008102,NP_011514.1,TNDTPTYFWALARTV,0.3279220779220779,0.0666666666666666,,,,,,False,5.770490031695739,,NP_057006,,NP_011514.1,ANDPSSDFYTVALRP,0.4206349206349206,0.6,0.6081324332170482,0.0,0.1404796736290798,0.0,0.8595203263709201,True,6.662459529342679,4.5,NP_057006,,NP_011514.1,TAVSGETFFITNDTP,0.638888888888889,0.4666666666666667,,,,,,False,0.297029219071395,,NP_057006,
ENSG00000147383,NSDHL,ENST00000440023,ENSP00000391854,ENSP00000359297,NSDHL,ENST00000440023,ENSP00000391854,ENSP00000359297,ALAGTFHYYSCERAK,,,True,5.0,4.154055230567455,ANDPEKNFLTTAIRP,,,True,5.5,6.977713343292081,STLGGKAFHITNDEP,,,True,5.5,-0.2153333959008102,NP_011514.1,TNDTPTYFWALARTV,0.3279220779220779,0.0666666666666666,,,,,,False,5.770490031695739,,NP_057006,XP_016885053,NP_011514.1,ANDPSSDFYTVALRP,0.4206349206349206,0.6,0.6081324332170482,0.0,0.1404796736290798,0.0,0.8595203263709201,True,6.662459529342679,4.5,NP_057006,XP_016885053,NP_011514.1,TAVSGETFFITNDTP,0.638888888888889,0.4666666666666667,,,,,,False,0.297029219071395,,NP_057006,XP_016885053
ENSG00000173992,CCS,ENST00000533244,ENSP00000436318,ENSP00000436318,CCS,ENST00000533244,ENSP00000436318,ENSP00000436318,GTLCTLEFAVQMTCQ,,,True,7.0,-1.6426832380548015,HGLHVHQYGDLTNNC,,,True,7.0,7.020638766237488,EFAVQMTCQSCVDAV,,,True,7.5,2.309706015770118,NP_013752.1,WQLIGRSFVISKSLN,0.3333333333333333,0.1333333333333333,,,,,,False,-1.2978318217692313,,NP_005116,,NP_013752.1,YHASIHEKGDVSKGV,0.375,0.2,,,,,,False,3.594957227639477,,NP_005116,,NP_013752.1,TYAIPMHCENCVNDI,0.4138888888888888,0.3333333333333333,,,,,,False,3.980213003991081,,NP_005116,
ENSG00000128829,EIF2AK4,ENST00000263791,ENSP00000263791,ENSP00000263791,EIF2AK4,ENST00000263791,ENSP00000263791,ENSP00000263791,EDSEGQDYVETVIPS,,,True,3.5,1.6955587081100305,DLKPVNIFLDSDDHV,,,True,4.0,1.1130503191396992,WQKKMGPFLTSQEKE,,,True,4.5,2.4537309907727387,NP_010569.3,LRSVDKEPVESSITL,0.5369047619047619,0.2666666666666666,,,,,,False,2.6414020959359483,,NP_001013725,,NP_010569.3,NFETPQEFLDSTSMD,0.5666666666666667,0.2666666666666666,0.5443577562509111,0.0,0.2507126476937159,0.0,0.7492873523062841,False,0.2975127041433731,3.5,NP_001013725,,NP_010569.3,PESPLADFLMSSEMM,0.6055555555555556,0.2666666666666666,,,,,,False,2.081391917840267,,NP_001013725,
ENSG00000134759,ELP2,ENST00000358232,ENSP00000350967,ENSP00000350967,ELP2,ENST00000358232,ENSP00000350967,ENSP00000350967,VGGNTLGFYDCQFNE,,,True,3.5,-0.6355200908531535,EGAEWLHFASCGEDH,,,True,3.5,1.0379186977906776,GPRGLLAFGTSCSVV,,,True,5.0,5.168492853234329,NP_011716.3,ATGSSGGFWSCLWFT,0.5454545454545454,0.2666666666666666,0.2779635917644736,0.0,0.35095407642102,0.0,0.6490459235789799,False,1.450762019600734,4.5,NP_060725,,NP_011716.3,ATGSSGGFWSCLWFT,0.3535353535353535,0.2,0.2779635917644736,0.0,0.35095407642102,0.0,0.6490459235789799,False,1.450762019600734,4.5,NP_060725,,NP_011716.3,KVKKIVAFGAGKTIA,0.5333333333333333,0.2,,,,,,False,1.38264771224429,,NP_060725,
ENSG00000111445,RFC5,ENST00000454402,ENSP00000408295,ENSP00000408295,RFC5,ENST00000454402,ENSP00000408295,ENSP00000408295,IRGPILSFASTRTIF,,,True,4.5,2.4005769913333466,DWMLNQDFTTAYRNI,,,True,4.5,1.9974584097214747,LFVHRVDFPSSVRIH,,,True,5.0,0.366393943695551,NP_014109.1,VRNQIKDFASTRQIF,0.6333333333333333,0.6,0.27681652048393,0.0,0.6489196746294431,0.0,0.3510803253705569,False,3.3639823079793154,4.5,NP_031396,,NP_014109.1,KSILEDDWGTAHYTL,0.411976911976912,0.2666666666666666,,,,,,False,3.694900645998256,,NP_031396,,NP_014109.1,VRNQIKDFASTRQIF,0.525,0.2666666666666666,0.27681652048393,0.0,0.6489196746294431,0.0,0.3510803253705569,False,3.3639823079793154,4.5,NP_031396,
ENSG00000100591,AHSA1,ENST00000553374,ENSP00000451475,ENSP00000216479,AHSA1,ENST00000553374,ENSP00000451475,ENSP00000216479,KITLKETFLTSPEEL,,,True,4.0,-0.9486365018572016,RKGKLIFFYEWSVKL,,,True,5.5,0.2828563401077142,DGNVSGEFTDLVPEK,,,True,5.5,3.2145402458205745,NP_010500.3,NSTIEMTFHESQEFH,0.5708333333333333,0.3333333333333333,0.5894674312577552,0.0,0.6608608794611786,0.0,0.3391391205388214,False,-1.980831357322052,2.5,NP_036243,,NP_010500.3,EDRVRANFEEYYVRS,0.3976190476190476,0.2,0.3151738635738332,0.0,0.4806992132867441,0.0,0.5193007867132559,False,-1.3925340960750638,6.5,NP_036243,,NP_010500.3,RGNQKSSFTEIKDSA,0.4555555555555555,0.2666666666666666,0.2689076326501692,0.0,0.6471663705607377,0.0,0.3528336294392624,False,1.2135249322137427,5.0,NP_036243,
ENSG00000114573,ATP6V1A,ENST00000703904,ENSP00000515542,ENSP00000273398,ATP6V1A,ENST00000703904,ENSP00000515542,ENSP00000273398,YMRALDEYYDKHFTE,,,True,5.0,3.5657479818064344,VSPPGGDFSDPVTSA,,,True,5.0,2.5519903283534817,LEDMQNAFRSLEDGG,,,True,5.5,1.2592397535365936,NP_010096.1,YTNVLNKFYDSNYPE,0.5214285714285715,0.3333333333333333,0.4689102536398166,0.0,0.6301570252766837,0.0,0.3698429747233163,False,7.403045833544587,4.5,NP_001681,XP_047304262,NP_010096.1,VSPAGGDFSDPVTTA,1.0,0.8666666666666667,0.3063568999955978,0.0,0.2254028330785627,0.0,0.7745971669214373,True,2.483525699661006,5.0,NP_001681,XP_047304262,NP_010096.1,TFDMMRAFISYHDEA,0.5178571428571429,0.4,0.2843548711007512,0.0,0.6721451812177656,0.0,0.3278548187822344,False,0.1768302458031034,6.0,NP_001681,XP_047304262
ENSG00000088930,XRN2,ENST00000377191,ENSP00000366396,ENSP00000366396,XRN2,ENST00000377191,ENSP00000366396,ENSP00000366396,DDWVFMCFFVGNDFL,,,True,5.0,4.2931254485601205,HDFILELYQTGSTEP,,,True,5.5,2.7240807487483307,CITPGTEFMDNLAKC,,,True,5.5,0.8219134925633708,NP_014691.1,DDWVFMCFFCGNDFL,0.8148148148148149,0.9333333333333332,,,,,,False,4.2931254485601205,,NP_036387,,NP_014691.1,TDEFVKLFEPGYHER,0.4178571428571428,0.2666666666666666,,,,,,False,4.72984626165683,,NP_036387,,NP_014691.1,AITPGTPFMDKLAAA,0.6428571428571429,0.6666666666666666,,,,,,False,1.4388680689339357,,NP_036387,
ENSG00000111640,GAPDH,ENST00000229239,ENSP00000229239,ENSP00000229239,GAPDH,ENST00000229239,ENSP00000229239,ENSP00000229239,YMVYMFQYDSTHGKF,,,True,6.0,7.099079840543306,SDTHSSTFDAGAGIA,,,True,6.0,5.495102261010065,RLVTRAAFNSGKVDI,,,True,6.0,3.3878471544208715,NP_012483.3,YAAYMVKYDSTHGRY,0.8666666666666667,0.6,0.2133386102353936,0.0,0.60632294196064,0.0,0.39367705803936,False,5.0254837889602335,6.5,NP_002037,,NP_012483.3,GDTHASIFDASAGIQ,0.625,0.6666666666666666,,,,,,False,7.636237057144205,,NP_002037,,NP_011708.3,SSNVDIAIDSTGVFK,0.4611111111111112,0.2,,,,,,False,4.071201765368827,,NP_002037,
ENSG00000203791,EEF1AKMT2,ENST00000466270,ENSP00000451190,ENSP00000357829,EEF1AKMT2,ENST00000466270,ENSP00000451190,ENSP00000357829,ELQTFREYGDTGEIW,,,True,3.5,1.2918518262701892,KEELLNEFSEGWSTV,,,True,4.0,1.4964962441149268,TSWAQAIFSTSASRV,,,True,5.0,3.65328780157833,NP_012200.1,SKLGTKKYWDELYAL,0.2554112554112553,0.1333333333333333,,,,,,False,2.3938393446782777,,NP_997719,,NP_012200.1,DNIGAYRISENASVV,0.5,0.2666666666666666,,,,,,False,11.20915904009205,,NP_997719,,NP_012200.1,QDTGDCWFSDSDAEQ,0.4684343434343434,0.2,0.4499212546422381,0.0,0.5954516724530241,0.0,0.4045483275469759,False,-0.0388582428047677,4.5,NP_997719,
ENSG00000141551,CSNK1D,ENST00000398519,ENSP00000381531,ENSP00000324464,CSNK1D,ENST00000398519,ENSP00000381531,ENSP00000324464,DFGLAKKYRDARTHQ,,,True,5.0,4.229607222346909,NLVYIIDFGLAKKYR,,,True,6.0,2.01280552718164,RKIGSGSFGDIYLGT,,,True,6.0,1.595250338241738,NP_015120.1,DFGLSKKYRDFNTHR,0.7777777777777777,0.7333333333333333,0.5241694688513433,0.0,0.3322398940769482,0.0,0.6677601059230518,False,1.2319916845443857,7.0,NP_001884,XP_047291336,NP_015120.1,STVHVIDFGLSKKYR,0.875,0.6666666666666666,,,,,,False,-0.3857037356363112,,NP_001884,XP_047291336,NP_015120.1,RKIGSGSFGDIYHGT,0.7708333333333334,0.9333333333333332,0.4681722507808005,0.0,0.2796294132879897,0.0,0.7203705867120103,False,4.6048779855074375,6.5,NP_001884,XP_047291336
ENSG00000011485,PPP5C,ENST00000012443,ENSP00000012443,ENSP00000012443,PPP5C,ENST00000012443,ENSP00000012443,ENSP00000012443,LKTQANDYFKAKDYE,,,True,4.0,3.582637628746432,CGDTHGQFYDLLNIF,,,True,5.5,6.457022588932848,TAQMYELFSEVFEWL,,,True,5.5,-1.2152176235850545,NP_011639.3,VFVKEKHFLKAIEKY,0.4624999999999999,0.1333333333333333,,,,,,False,0.7603998272691103,,NP_006238,,NP_011639.3,CGDTHGQFYDVLNLF,0.875,0.8666666666666667,0.6511790215742098,0.0,0.0587494197348854,0.0,0.9412505802651144,True,7.325286750528878,5.5,NP_006238,,NP_011639.3,SQRIFNMFAQSFESL,0.425,0.2666666666666666,,,,,,False,0.1173576952056021,,NP_006238,
ENSG00000049759,NEDD4L,ENST00000400345,ENSP00000383199,ENSP00000383199,NEDD4L,ENST00000635997,ENSP00000490696,ENSP00000383199,DLPPYETFEDLREKL,,,True,4.5,0.7951913856654675,MESVDSEYYNSLKWI,,,True,5.0,2.3890183901791784,VQKQMNAFLEGFTEL,,,True,5.0,1.6358472322865467,NP_011051.3,YWNETFKFDDINENS,0.6055555555555555,0.2,0.4090337711116792,0.0,0.3315121590287739,0.0,0.668487840971226,False,4.712364236200765,6.0,NP_001138439,XP_047293365,NP_011051.3,MEGVDAEVYNSLNWM,0.625,0.6666666666666666,,,,,,False,4.763015888087286,,NP_001138439,XP_047293365,NP_011051.3,VQEQFKAFMDGFNEL,0.6222222222222222,0.6,0.5650311087357102,0.0,0.4436938062610133,0.0,0.5563061937389867,False,4.511448038987631,5.5,NP_001138439,XP_047293365
ENSG00000180817,PPA1,ENST00000373230,ENSP00000362327,ENSP00000362329,PPA1,ENST00000373232,ENSP00000362329,ENSP00000362329,DDPDAANYNDINDVK,,,True,5.0,5.502373042097474,VKRLKPGYLEATVDW,,,True,5.0,-0.8037882416963069,EFAFNAEFKDKDFAI,,,True,5.5,0.2556532694751756,NP_009565.1,NDPLAPKLNDIEDVE,0.625,0.5333333333333333,,,,,,False,7.329490473855154,,NP_066952,,NP_009565.1,RQIGAKNTLEYKVYI,0.3857142857142857,0.2,,,,,,False,-2.143651846633165,,NP_066952,,NP_009565.1,QFAFSGEAKNKKYAL,0.5158730158730159,0.4666666666666667,,,,,,False,0.9196548332639404,,NP_066952,
ENSG00000140263,SORD,ENST00000674405,ENSP00000501421,ENSP00000267814,SORD,ENST00000674405,ENSP00000501421,ENSP00000267814,KLPDNVTFEEGALIE,,,True,5.0,2.3770846494829883,YNLSPSIFFCATPPD,,,True,5.5,1.8836834047259303,EVDIKGVFRYCNTWP,,,True,6.0,-0.3440215408027743,NP_010035.1,KLPEGVSYEEGACVE,0.5945767195767196,0.6,0.4778649126746455,0.0,0.3423744548829722,0.0,0.6576255451170278,False,6.980203116935479,5.5,NP_003095,,NP_010035.1,RFGTKVVVFGAGPVG,0.5,0.2,,,,,,False,5.486762204292295,,NP_003095,,NP_010035.1,EMKLIGCFRYSFGDY,0.3842592592592592,0.3333333333333333,,,,,,False,1.5754317771507862,,NP_003095,
ENSG00000198034,RPS4X,ENST00000316084,ENSP00000362744,ENSP00000362744,RPS4X,ENST00000316084,ENSP00000362744,ENSP00000362744,DITYPAGFMDVISID,,,True,6.0,0.8077278193816274,KITDFIKFDTGNLCM,,,True,6.5,-0.8534059937371502,ITPEEAKYKLCKVRK,,,True,7.0,0.2632692605467767,NP_012073.1,DTTYPAGFMDVITLD,0.8666666666666667,0.8,0.6941845665183907,0.0,0.4120667165045941,0.0,0.5879332834954059,False,1.1547588905838195,5.5,NP_000998,,NP_012073.1,KITDFIKFDAGKLVY,0.8333333333333334,0.7333333333333333,,,,,,False,3.553116084357713,,NP_000998,,NP_012073.1,ITDEEASYKLGKVKK,0.5833333333333334,0.7333333333333333,,,,,,False,0.0,,NP_000998,
ENSG00000066777,ARFGEF1,ENST00000262215,ENSP00000262215,ENSP00000262215,ARFGEF1,ENST00000262215,ENSP00000262215,ENSP00000262215,CNQGQTLFASADTAY,,,True,4.5,0.6128487179862079,HDFSGKDFVSALRMF,,,True,4.5,1.5634787291279169,FPATIDSFQDAVKCL,,,True,4.5,1.1717896128293108,NP_010454.3,VDQNPGVFSKADTAY,0.5833333333333334,0.4666666666666667,,,,,,False,-0.7888553105062203,,NP_006412,XP_047277222,NP_010454.3,SGNAIVDFIKALTAV,0.5916666666666667,0.2666666666666666,,,,,,False,1.9323914943948963,,NP_006412,XP_047277222,NP_010454.3,FDFTGMSIVDALRSF,0.4833333333333333,0.3333333333333333,,,,,,False,1.6190125885698965,,NP_006412,XP_047277222
ENSG00000068654,POLR1A,ENST00000263857,ENSP00000263857,ENSP00000263857,POLR1A,ENST00000263857,ENSP00000263857,ENSP00000263857,SPLQQMTFETSFQFL,,,True,5.0,-0.4084193310414722,FASVSETFETKVDDY,,,True,5.0,2.9747927715835347,LIAIDRSFLSTLPGQ,,,True,5.0,0.7493765475364552,NP_014986.3,SSFMKMSYETTCQFL,0.6464285714285715,0.4666666666666667,0.2006356878705842,0.0,0.5882600516164037,0.0,0.4117399483835962,False,0.4788581208717646,5.5,NP_056240,,NP_014986.3,KDGFTKIFETALNEK,0.4444444444444444,0.2,0.4583559277965263,0.0,0.2464954031236856,0.0,0.7535045968763143,False,4.473545600763741,5.0,NP_056240,,NP_014986.3,VNYAARSVISPDPNI,0.5178571428571429,0.2666666666666666,,,,,,False,6.657445215514885,,NP_056240,
ENSG00000100030,MAPK1,ENST00000215832,ENSP00000215832,ENSP00000215832,MAPK1,ENST00000215832,ENSP00000215832,ENSP00000215832,AHPYLEQYYDPSDEP,,,True,5.0,6.62318284410294,EKLKELIFEETARFQ,,,True,5.5,3.038254379851254,CDLKICDFGLARVAD,,,True,5.5,1.852363814742347,NP_011554.3,RHPYLAMYHDPSDEP,0.7083333333333334,0.7333333333333333,0.3840812715226606,0.0,0.2760220781370466,0.0,0.7239779218629533,False,7.25755325623367,5.5,NP_002736,,NP_011554.3,EMLKDMLYDELMKTM,0.4019841269841269,0.2666666666666666,0.5975085483878371,0.0,0.3399887242545765,0.0,0.6600112757454235,False,-1.844823848841524,7.5,NP_002736,,NP_011554.3,CDLKVCDFGLARCLA,0.8148148148148149,0.7333333333333333,,,,,,False,1.1344495113290924,,NP_002736,
ENSG00000102882,MAPK3,ENST00000263025,ENSP00000263025,ENSP00000263025,MAPK3,ENST00000263025,ENSP00000263025,ENSP00000263025,EPVAEEPFTFAMELD,,,True,4.5,-0.4247906195374292,AHPYLEQYYDPTDEP,,,True,5.0,6.62318284410294,ERLKELIFQETARFQ,,,True,5.5,1.542320840581432,NP_009537.1,EGEPIPPSFFEFDHY,0.2166666666666666,0.2,,,,,,False,2.0265056820986125,,NP_002737,,NP_009537.1,EHPYLQTYHDPNDEP,0.6749999999999999,0.6666666666666666,0.4708066455347415,0.0,0.4074254665065974,0.0,0.5925745334934025,False,5.945493208387665,5.0,NP_002737,,NP_009537.1,NFNEVYIIQELMQTD,0.4916666666666667,0.2,,,,,,False,1.3401404126511691,,NP_002737,
ENSG00000130177,CDC16,ENST00000360383,ENSP00000353549,ENSP00000353549,CDC16,ENST00000360383,ENSP00000353549,ENSP00000353549,WKTAEKWFLDALEKI,,,True,3.5,1.841703827571114,FENAVDYFHTALGLR,,,True,4.0,1.9192247005339225,VCRKLKKYAEALDYH,,,True,4.5,2.504272129452504,NP_012903.1,SFVKLQRFDDALDVI,0.3444444444444445,0.3333333333333333,0.5608998141377117,0.0,0.2742626479249142,0.0,0.7257373520750858,False,8.136668784787402,4.5,NP_003894,XP_016876319,NP_012903.1,LNLAESYFVLAYDIC,0.3055555555555555,0.2666666666666666,,,,,,False,2.2257579355605057,,NP_003894,XP_016876319,NP_012903.1,SFVKLQRFDDALDVI,0.4833333333333333,0.3333333333333333,0.5608998141377117,0.0,0.2742626479249142,0.0,0.7257373520750858,False,8.136668784787402,4.5,NP_003894,XP_016876319
ENSG00000145982,FARS2,ENST00000324331,ENSP00000316335,ENSP00000274680,FARS2,ENST00000324331,ENSP00000316335,ENSP00000274680,ENYAENDFYDLVRTI,,,True,4.5,0.2442336482169437,QDRIGWAFGLGLERL,,,True,6.5,1.9345426541608617,GDELEIRWVDCYFPF,,,True,6.5,4.028778199732139,NP_015372.2,HQVHENDLMEIIRNI,0.45,0.3333333333333333,,,,,,False,-0.1914612822294549,,NP_006558,XP_011512549,NP_015372.2,SETIGWAFGLGLDRI,0.8888888888888888,0.6666666666666666,,,,,,False,1.625813033468684,,NP_006558,XP_011512549,NP_015372.2,PKELKVRWINAYFPW,0.6527777777777778,0.4666666666666667,,,,,,False,4.523403133450975,,NP_006558,XP_011512549
ENSG00000197858,GPAA1,ENST00000703631,ENSP00000515409,ENSP00000347206,GPAA1,ENST00000703622,ENSP00000515406,ENSP00000347206,TEAWLEAYHDVNVTG,topological domain,Lumenal,False,6.0,7.706204262051491,DLLGTEAWLEAYHDV,topological domain,Lumenal,False,6.5,5.178602414724862,LAEGWQLFLAALAQG,topological domain,Cytoplasmic,True,6.5,-0.7480616473656208,NP_013189.1,NAFINNAYANISLFS,0.4444444444444445,0.1333333333333333,,,,,,False,0.2532531568141729,,NP_003792,,NP_013189.1,PRAALRSWVEAYHTS,0.75,0.3333333333333333,,,,,,False,7.954699874074383,,NP_003792,,NP_013189.1,WLPCWLLILASSFES,0.4861111111111111,0.2666666666666666,,,,,,False,0.3028584939248895,,NP_003792,
ENSG00000058262,SEC61A1,ENST00000483956,ENSP00000514247,ENSP00000243253,SEC61A1,ENST00000699272,ENSP00000514252,ENSP00000243253,YLSPPESFGSVLEDP,topological domain;transmembrane region,Lumenal;Helical,False,5.5,2.582950783718074,LVSLLGTWSDTSSGG,topological domain,Lumenal,False,6.0,5.281126378934865,FMLGSCAFFSKTWIE,transmembrane region;topological domain,Helical;Cytoplasmic,False,6.0,2.635967191870458,NP_013482.1,RAMLASNRGTLLELG,0.3361111111111111,0.2,,,,,,False,5.434702157184788,,NP_037468,,NP_013482.1,IPLYGIVSSETSDPL,0.2749999999999999,0.2,,,,,,False,-0.8924809705013527,,NP_037468,,NP_013482.1,FVLGSCAVFSKTWIE,0.7916666666666666,0.8666666666666667,,,,,,False,2.635967191870458,,NP_037468,
ENSG00000099341,PSMD8,ENST00000700293,ENSP00000514924,ENSP00000215071,PSMD8,ENST00000700293,ENSP00000514924,ENSP00000215071,MAQLKCYYFDYKEQL,,,True,5.0,-4.3778612143061,KAYEKILFTEATRIL,,,True,5.0,-0.9293621358985352,AVNGAAGFSSSGPAA,,,True,5.5,3.561080359063478,NP_116710.1,LASIQTFNFDSFENY,0.4444444444444445,0.2666666666666666,,,,,,False,1.9782063010144408,,NP_002803,,NP_116710.1,FDSFTDILKSAIRDE,0.3833333333333333,0.1333333333333333,,,,,,False,1.6031223270788384,,NP_002803,,NP_116710.1,NQLKPYYFSNNHKLS,0.2841269841269842,0.1333333333333333,,,,,,False,1.4269537699895003,,NP_002803,
ENSG00000143457,GOLPH3L,ENST00000271732,ENSP00000271732,ENSP00000271732,GOLPH3L,ENST00000271732,ENSP00000271732,ENSP00000271732,SDVLENVFSSLTDDK,,,True,5.5,1.5235421280627983,KEGYTSFWNDCISSG,,,True,6.0,3.449452531139753,SSLTDDKYDVAMNRA,,,True,6.5,5.605838648794776,NP_010660.1,IAGVFEVFSRMDMLL,0.4333333333333333,0.2,,,,,,False,5.714555792542456,,NP_060648,XP_047280241,NP_010660.1,REGYLSFWNDSISYA,0.7916666666666666,0.6666666666666666,,,,,,False,6.103104208591689,,NP_060648,XP_047280241,NP_010660.1,NLNKEVKEEIENNPG,0.425,0.1333333333333333,,,,,,False,6.001885487907589,,NP_060648,XP_047280241
ENSG00000110700,RPS13,ENST00000525634,ENSP00000435777,ENSP00000435777,RPS13,ENST00000525634,ENSP00000435777,ENSP00000435777,VLPPNWKYESSTASA,,,True,6.5,4.064950207386515,DDVKEQIYKLAKKGL,,,True,7.0,0.1262751326461039,HGVAQVRFVTGNKIL,,,True,7.5,1.6584823363948058,NP_010349.3,VLPPNWKYESATASA,0.875,0.9333333333333332,0.4996302391802462,0.0,0.3307304520207083,0.0,0.6692695479792917,False,4.917972289921495,6.0,NP_001008,,NP_010349.3,ESVIEQIVKYARKGL,0.6011904761904762,0.6,,,,,,False,-0.0148782803916345,,NP_001008,,NP_010349.3,HGVTQARVITGNKIM,0.75,0.6666666666666666,,,,,,False,2.978027999160191,,NP_001008,
ENSG00000158793,NIT1,ENST00000368009,ENSP00000356988,ENSP00000356988,NIT1,ENST00000368009,ENSP00000356988,ENSP00000356988,TPDKQQNFKTCAELV,,,True,4.0,3.73027461134985,AGAEILTYPSAFGSI,,,True,5.0,2.5726538393203446,ILTYPSAFGSITGPA,,,True,7.0,3.54780323626293,NP_012409.1,SADLTKNLKVVKELI,0.4583333333333333,0.3333333333333333,,,,,,False,1.1112679309489804,,NP_005591,XP_005245272,NP_012409.1,MGAEILCFPSAFTIK,0.4981481481481482,0.6,0.5422533828760027,0.0,0.2824022380433051,0.0,0.7175977619566949,False,3.187861859682888,4.5,NP_005591,XP_005245272,NP_012409.1,TIKTGEAHWELLGRA,0.365530303030303,0.2,,,,,,False,-0.0003084531031098,,NP_005591,XP_005245272
ENSG00000110367,DDX6,ENST00000534980,ENSP00000442266,ENSP00000478754,DDX6,ENST00000534980,ENSP00000442266,ENSP00000478754,TSTKGNEFEDYCLKR,,,True,5.5,-3.469972910841085,QEHRNRVFHDFRNGL,,,True,6.0,6.699047706804423,NVVINFDFPKLAETY,,,True,6.5,5.83594669922292,NP_010121.1,LNTKGNTFEDFYLKR,0.7166666666666667,0.6666666666666666,0.4190325484951244,0.0,0.2385425073824441,0.0,0.7614574926175559,True,0.98419239558724,6.0,NP_001244120,XP_016872740,NP_010121.1,QQERNKVFHEFRQGK,0.7333333333333334,0.6,0.5444692427189354,0.0,0.5779314229559623,0.0,0.4220685770440376,False,1.6188856417323712,6.0,NP_001244120,XP_016872740,NP_010121.1,NVVINFDFPKTAETY,0.7999999999999999,0.9333333333333332,,,,,,False,5.83594669922292,,NP_001244120,XP_016872740
ENSG00000196459,TRAPPC2,ENST00000359680,ENSP00000352708,ENSP00000507474,TRAPPC2,ENST00000359680,ENSP00000352708,ENSP00000507474,IKFSMNPFYEPNSPI,,,True,5.0,4.030685129095885,VDKFNEWFVSAFVTA,,,True,5.0,2.0283284524047565,EDGIKNFFTDVYDLY,,,True,5.5,2.755195345750156,NP_009813.1,VKTLMNPFYKITDPI,0.4083333333333334,0.5333333333333333,,,,,,False,3.447986434767948,,NP_001122307,,NP_009813.1,VDHFYGLAITAYISY,0.2833333333333333,0.2666666666666666,,,,,,False,3.978623310733869,,NP_001122307,,NP_009813.1,DNNMRSFYQEVHELY,0.5047619047619047,0.2666666666666666,0.4932037615955352,0.0,0.3300178831843192,0.0,0.6699821168156809,False,1.995623356206044,6.0,NP_001122307,
ENSG00000181222,POLR2A,ENST00000674977,ENSP00000502190,ENSP00000502190,POLR2A,ENST00000674977,ENSP00000502190,ENSP00000502190,GPLMKCSFEETVDVL,,,True,3.5,2.730304740589081,AGPTGMFFGSAPSPM,,,True,4.5,2.5250145814205665,EVMNLLMFLSTWDGK,,,True,4.5,5.053662584746078,NP_010141.1,GALMRCSFEETVEIL,0.9,0.7333333333333333,0.4448632346768598,0.0,0.4924968006254137,0.0,0.5075031993745862,False,-0.5848006892348931,3.5,NP_000928,,NP_010141.1,TAYGGADYGEATSPF,0.4880952380952381,0.3333333333333333,0.5665820508732774,0.0,0.2434030074674572,0.0,0.7565969925325428,False,-1.6174875919014895,3.5,NP_000928,,NP_010141.1,ADEPELRVLSTEEIL,0.4916666666666666,0.2666666666666666,,,,,,False,2.192141062076836,,NP_000928,
ENSG00000284832,POLR2A,ENST00000643490,ENSP00000494840,ENSP00000494840,POLR2A,ENST00000643490,ENSP00000494840,ENSP00000494840,GPLMKCSFEETVDVL,,,True,3.5,2.730304740589081,AGPTGMFFGSAPSPM,,,True,4.5,2.5250145814205665,DKMDDDVFLRCIESN,,,True,4.5,-1.3254399577288207,NP_010141.1,GALMRCSFEETVEIL,0.9,0.7333333333333333,0.4448632346768598,0.0,0.4924968006254137,0.0,0.5075031993745862,False,-0.5848006892348931,3.5,NP_000928,,NP_010141.1,TAYGGADYGEATSPF,0.4880952380952381,0.3333333333333333,0.5665820508732774,0.0,0.2434030074674572,0.0,0.7565969925325428,False,-1.6174875919014895,3.5,NP_000928,,NP_010141.1,NTMLENITLRGVENI,0.475,0.2666666666666666,,,,,,False,0.3739594546697491,,NP_000928,
ENSG00000115761,NOL10,ENST00000695464,ENSP00000511944,ENSP00000371101,NOL10,ENST00000695464,ENSP00000511944,ENSP00000371101,LPIKSVHFQDSLDLI,,,True,4.0,-0.8095015134407627,AGEEFRSFKDSATKQ,,,True,4.0,3.205664164866384,EIKAGEEFRSFKDSA,,,True,5.0,1.303714610150823,NP_011661.2,EMFEDEEFQVDEDDY,0.375,0.2,,,,,,False,-1.8117330430607383,,NP_079170,,NP_011661.2,PSPRWCSFLDSITEE,0.75,0.3333333333333333,0.2995974514686513,0.0,0.5671420387105709,0.0,0.4328579612894291,False,2.386737317728244,4.0,NP_079170,,NP_011661.2,SLGPSPRWCSFLDSI,0.4595959595959596,0.2666666666666666,,,,,,False,5.568378298055336,,NP_079170,
ENSG00000166123,GPT2,ENST00000340124,ENSP00000345282,ENSP00000345282,GPT2,ENST00000340124,ENSP00000345282,ENSP00000345282,SNVELASFHSTSKGY,,,True,5.0,4.415506327620066,FAWEEKLFLLADEVY,,,True,5.5,4.391621824746433,PADPDNIYLTTGASD,,,True,5.5,0.1386334930349391,NP_013190.1,DNVQLASLHSTSKGV,0.8333333333333334,0.7333333333333333,,,,,,False,4.433395747230997,,NP_597700,XP_047290768,NP_013190.1,ISYPEDIFLTAGASA,0.5083333333333333,0.2666666666666666,0.5671436252442654,0.0,0.1380254703860752,0.0,0.8619745296139247,True,0.708794833819169,4.5,NP_597700,XP_047290768,NP_013190.1,ISYPEDIFLTAGASA,0.75,0.4666666666666667,0.5671436252442654,0.0,0.1380254703860752,0.0,0.8619745296139247,True,0.708794833819169,4.5,NP_597700,XP_047290768
ENSG00000060982,BCAT1,ENST00000261192,ENSP00000261192,ENSP00000443459,BCAT1,ENST00000261192,ENSP00000261192,ENSP00000443459,LLSPVGPYFSSGTFN,,,True,4.5,2.6936539246130464,LDQEWVPYSTSASLY,,,True,5.0,2.17217825220406,GNRVREMFGSGTACV,,,True,6.0,3.16998931372006,NP_012682.1,KNGELLEAFGSGTAA,0.3833333333333333,0.2666666666666666,,,,,,False,2.258412619040067,,NP_001171564,XP_047285233,NP_012682.1,VRLEATDYATRAWPG,0.2684343434343434,0.2666666666666666,,,,,,False,8.741948744144683,,NP_001171564,XP_047285233,NP_012682.1,NGELLEAFGSGTAAI,0.7916666666666666,0.4666666666666667,0.668355807903941,0.0,0.7179335906086988,0.0,0.2820664093913013,False,4.0173895492934175,5.5,NP_001171564,XP_047285233
ENSG00000143363,PRUNE1,ENST00000368937,ENSP00000357933,ENSP00000271620,PRUNE1,ENST00000368937,ENSP00000357933,ENSP00000271620,VSALALAFYLAKTTE,,,True,5.0,2.618824805327675,LQEALSAYFDSMKIP,,,True,5.0,4.408629433582389,LLADLHAFCQAHSYD,,,True,6.0,2.6457594638466,NP_012071.1,PLRKTVPEFLAHLKS,0.2511904761904762,0.1333333333333333,,,,,,False,1.167678893976118,,NP_067045,XP_005245450,NP_012071.1,VVGIIDHHFDLQKHL,0.4166666666666667,0.2,,,,,,False,3.1307318120505343,,NP_067045,XP_005245450,NP_012071.1,ASAITYSYCQYIYNE,0.3511904761904763,0.2,,,,,,False,-0.5466833328534798,,NP_067045,XP_005245450
ENSG00000020426,MNAT1,ENST00000554002,ENSP00000451379,ENSP00000261245,MNAT1,ENST00000261245,ENSP00000261245,ENSP00000261245,YNKREEDFPSLREYN,,,True,5.0,3.330051435579,DFPSLREYNDFLEEV,,,True,5.0,2.9986693840078806,EEVEEIVFNLTNNVD,,,True,5.5,6.959201706902675,NP_010748.3,LERSRTEIESFEQRQ,0.2666666666666666,0.0666666666666666,,,,,,False,1.7859351926257658,,NP_002422,XP_016876821,NP_010748.3,FNGDLVEYNKYLEEV,0.7047619047619046,0.5333333333333333,,,,,,False,-2.1273110594804594,,NP_002422,XP_016876821,NP_010748.3,RKRVFNVFNKTIDDF,0.6277777777777778,0.2666666666666666,,,,,,False,3.08033011436523,,NP_002422,XP_016876821
ENSG00000278191,CARS1,ENST00000612826,ENSP00000482336,ENSP00000482336,CARS1,ENST00000612826,ENSP00000482336,ENSP00000482336,EAELNKNFYDKKTAI,,,True,5.0,0.4986570388281248,YVSNGSVYFDTAKFA,,,True,5.0,6.0482702967582105,YLQVLSEFREGVRKI,,,True,5.0,6.063359207460598,NP_014152.1,GEGSLSNFADNGKKS,0.3833333333333333,0.2,0.3259309760479109,0.0,0.2937828226900157,0.0,0.7062171773099843,False,4.065499540601931,6.5,NP_001014437,,NP_014152.1,ATSDGSVYFDTLKFD,1.0,0.6666666666666666,0.6927347831987845,0.0,0.1493157538636233,0.0,0.8506842461363767,True,1.2002280505564562,4.5,NP_001014437,,NP_014152.1,YVKCLSTFRDDVRSL,0.4944444444444444,0.4666666666666667,,,,,,False,5.817448798314985,,NP_001014437,
ENSG00000110619,CARS1,ENST00000397111,ENSP00000380300,ENSP00000369897,CARS1,ENST00000397111,ENSP00000380300,ENSP00000369897,EAELNKNFYDKKTAI,,,True,5.0,0.4986570388281248,YVSNGSVYFDTAKFA,,,True,5.0,6.0482702967582105,YLQVLSEFREGVRKI,,,True,5.0,6.063359207460598,NP_014152.1,GEGSLSNFADNGKKS,0.3833333333333333,0.2,0.3259309760479109,0.0,0.2937828226900157,0.0,0.7062171773099843,False,4.065499540601931,6.5,NP_001014437,XP_047283630,NP_014152.1,ATSDGSVYFDTLKFD,1.0,0.6666666666666666,0.6927347831987845,0.0,0.1493157538636233,0.0,0.8506842461363767,True,1.2002280505564562,4.5,NP_001014437,XP_047283630,NP_014152.1,YVKCLSTFRDDVRSL,0.4944444444444444,0.4666666666666667,,,,,,False,5.817448798314985,,NP_001014437,XP_047283630
ENSG00000037897,METTL1,ENST00000324871,ENSP00000314441,ENSP00000314441,METTL1,ENST00000324871,ENSP00000314441,ENSP00000314441,LVELSPLFPDTLILG,,,True,5.0,2.966363678871139,RAQAQVEFADIGCGY,,,True,5.5,-0.4142396614215332,WSELYPEFFAPLTQN,,,True,6.0,1.726729610494381,NP_010080.1,MIDLSPAFPEDLILG,0.4972222222222222,0.6,,,,,,False,1.6883409436315768,,NP_005362,XP_005268930,NP_010080.1,QMTKKVTIADIGCGF,0.6333333333333333,0.4666666666666667,,,,,,False,0.0758303764317346,,NP_005362,XP_005268930,NP_010080.1,ERKKGDKFVACFTRL,0.4361111111111111,0.2,,,,,,False,0.4131145444348527,,NP_005362,XP_005268930
ENSG00000093009,CDC45,ENST00000407835,ENSP00000385240,ENSP00000405726,CDC45,ENST00000437685,ENSP00000405726,ENSP00000405726,QPDEDTIFFVCDTHR,,,True,4.0,-0.1730882478422057,VSDFRKEFYEVVQSQ,,,True,4.5,-0.1374579106438856,DGSGTDHFIQALDSL,,,True,4.5,0.6727563666468361,NP_013204.1,HSSCQLVIFVSCLNI,0.375,0.1333333333333333,,,,,,False,0.3793436364750588,,NP_001171481,XP_047297490,NP_013204.1,GSISASEFVEALTAL,0.425,0.2666666666666666,0.777901650088147,0.0,0.2312569023547296,0.0,0.7687430976452704,True,3.386392276940314,3.0,NP_001171481,XP_047297490,NP_013204.1,DNIFGSQIIQCFDDG,0.5,0.2666666666666666,,,,,,False,1.8534843256057905,,NP_001171481,XP_047297490
ENSG00000148950,IMMP1L,ENST00000529749,ENSP00000432001,ENSP00000278200,IMMP1L,ENST00000529749,ENSP00000432001,ENSP00000278200,LTTSPSDFFKSHSYV,,,True,4.0,0.2026178881645521,IQNSDIVFAENLSRH,,,True,6.0,-2.118284795565276,TTSPSDFFKSHSYVP,,,True,6.0,6.908941380801902,NP_013870.1,IHMYAYEFTETRGES,0.2333333333333333,0.0666666666666666,0.4981732380590444,0.0,0.4618530517893087,0.0,0.5381469482106913,False,3.996874192900068,4.0,NP_659418,XP_016872795,NP_013870.1,PEGHVWVTGDNLSHS,0.4888888888888889,0.2666666666666666,,,,,,False,1.7800497995013949,,NP_659418,XP_016872795,NP_013870.1,VGTLPIWSKTFSYAI,0.2707070707070707,0.2,,,,,,False,2.450666194478048,,NP_659418,XP_016872795
ENSG00000114686,MRPL3,ENST00000264995,ENSP00000264995,ENSP00000264995,MRPL3,ENST00000264995,ENSP00000264995,ENSP00000264995,NLPFPTYFPDGDEEE,,,True,4.5,1.7341176284210431,EELPEDLYDENVCQP,,,True,5.5,-2.395332453243817,ATSILEFYRELGLPP,,,True,6.5,2.8186730846385126,NP_011736.1,TLLKPSFFKEGQYVD,0.4023809523809524,0.2666666666666666,0.7629097404857156,0.0,0.151041260947623,0.0,0.848958739052377,True,6.678795568084129,5.5,NP_009139,,NP_011736.1,NVKVLKVDDENNVIW,0.4166666666666667,0.2,,,,,,False,4.082193932625433,,NP_009139,,NP_011736.1,TLLKPSFFKEGQYVD,0.3484126984126984,0.1333333333333333,0.7629097404857156,0.0,0.151041260947623,0.0,0.848958739052377,True,6.678795568084129,5.5,NP_009139,
ENSG00000132768,DPH2,ENST00000255108,ENSP00000255108,ENSP00000255108,DPH2,ENST00000255108,ENSP00000255108,ENSP00000255108,ESSPAASFLSSRSWQ,,,True,4.0,3.0081399243562914,GWAPGQPFSSCCPDT,,,True,5.0,1.5639301744690233,FILGDTAYGSCCVDV,,,True,5.5,0.5628616527873004,NP_012730.1,TVSTSASALQNRSWK,0.4444444444444445,0.4666666666666667,,,,,,False,0.3581531946569103,,NP_001375,,NP_012730.1,CLMANAPFSKHLSQL,0.3958333333333333,0.2,,,,,,False,-0.1974085760734137,,NP_001375,,NP_012730.1,WVLADTAYSACCVDE,0.7083333333333334,0.6,,,,,,False,-0.3972874916020482,,NP_001375,
ENSG00000070831,CDC42,ENST00000400259,ENSP00000383118,ENSP00000499457,CDC42,ENST00000400259,ENSP00000383118,ENSP00000499457,QKGLKNVFDEAILAA,,,True,4.5,-0.4194991431798769,EPYTLGLFDTAGQED,,,True,5.0,4.9638438087691945,RDLKAVKYVECSALT,,,True,5.5,2.452195909840045,NP_013330.1,QRGLKNVFDEAIVAA,0.875,0.8666666666666667,0.5089351721001558,0.0,0.2522883362765976,0.0,0.7477116637234025,False,-1.0429700215263296,4.5,NP_001034891,,NP_013330.1,EPYTLGLFDTAGQED,1.0,1.0,0.4748495177691867,0.0,0.2106297327990134,0.0,0.7893702672009866,True,4.9638438087691945,5.0,NP_001034891,,NP_013330.1,RELKAVKYVECSALT,1.0,0.9333333333333332,0.2498801742244756,0.0,0.7514240423567657,0.0,0.2485759576432342,False,2.1330701127473914,5.5,NP_001034891,
ENSG00000178252,WDR6,ENST00000395474,ENSP00000378857,ENSP00000477389,WDR6,ENST00000395474,ENSP00000378857,ENSP00000477389,AFLPPGDFLVCGDRR,,,True,4.5,-0.5367283225462668,GGHRSWAFSDTEAAM,,,True,5.0,5.044450422598178,GIIFSMSYLESKGLL,,,True,5.0,-2.008620359531535,NP_015142.1,FISQSGDFLLVTVYS,0.375,0.2666666666666666,,,,,,False,0.5742059096472436,,NP_060501,XP_047303327,NP_015142.1,GVIIWDLFSETKIHN,0.4833333333333333,0.2666666666666666,0.5093304350050767,0.0,0.4834708878390943,0.0,0.5165291121609057,False,1.885715237174266,5.0,NP_060501,XP_047303327,NP_015142.1,KGFLEGAFFNSKGEY,0.4583333333333333,0.2,,,,,,False,-0.4930724525261775,,NP_060501,XP_047303327
ENSG00000198042,MAK16,ENST00000518389,ENSP00000430403,ENSP00000353246,MAK16,ENST00000360128,ENSP00000353246,ENSP00000353246,DESDISDFEDMDKLD,,,True,4.5,2.6022627138357106,YNFPIHAFDKALEQQ,,,True,5.5,1.416632777625451,RVRLSKNYEKALEQI,,,True,6.0,-0.4691993413143814,NP_009377.2,GEGEYVDVDDLEKWL,0.5972222222222222,0.2666666666666666,,,,,,False,-0.0100851663690626,,NP_115898,,NP_009377.2,KALVAAKIEKAIEKE,0.5333333333333333,0.2,,,,,,False,6.596092555883233,,NP_115898,,NP_009377.2,RIKLSKNYTKALQQI,0.7000000000000001,0.7333333333333333,,,,,,False,-0.5822194298394889,,NP_115898,
ENSG00000090097,PCBP4,ENST00000355852,ENSP00000348111,ENSP00000322341,PCBP4,ENST00000355852,ENSP00000348111,ENSP00000322341,TQTSSQEFLVPNDLI,,,True,6.0,2.124244440387044,PKGATIPYHPSLSLG,,,True,6.5,-0.4700955161021738,PGLLGTPYAISLSNF,,,True,7.0,-0.2812021278743579,NP_009792.3,DIEISINLLIPHHLM,0.4375,0.2666666666666666,,,,,,False,5.350167221820449,,NP_127503,XP_047304569,NP_009792.3,FHQRNHQYHPSDKLL,0.6333333333333333,0.3333333333333333,,,,,,False,2.859158106695911,,NP_127503,XP_047304569,NP_009792.3,LTINGVPDAIHIATF,0.4375,0.3333333333333333,,,,,,False,-0.123455832196924,,NP_127503,XP_047304569
ENSG00000130939,UBE4B,ENST00000253251,ENSP00000253251,ENSP00000343001,UBE4B,ENST00000253251,ENSP00000253251,ENSP00000343001,NARAEIDYSDAPDEF,,,True,3.0,0.3406299697111066,HTGATSEFYDKFTIR,,,True,4.0,1.967803539849934,SPAPTPSFWSSVPVM,,,True,4.5,4.001737261479148,NP_010091.2,DEEEDLEYGDVPDEF,0.5666666666666667,0.4,0.8103381010283744,0.0,0.4426800206108664,0.0,0.5573199793891336,False,-0.5437922755264074,3.5,NP_001099032,,NP_010091.2,KTGSSSQFYDKFNSR,0.7333333333333334,0.6,,,,,,False,6.724694458524221,,NP_001099032,,NP_010091.2,KIDGFFADYSCKPQD,0.3207671957671957,0.1333333333333333,,,,,,False,1.8878427314153643,,NP_001099032,
ENSG00000239857,GET4,ENST00000265857,ENSP00000265857,ENSP00000265857,GET4,ENST00000265857,ENSP00000265857,ENSP00000265857,ASVEKGDYYEAHQMY,,,True,3.0,-1.0741867009323929,CANMLVEYSTSRGFR,,,True,5.0,3.686261760827945,TLWKEQNYCESRYHF,,,True,5.5,0.3684010289887692,NP_014807.3,NKIKAGDYYEAHQTL,1.0,0.5333333333333333,0.5048316440994676,0.0,0.2643216448369967,0.0,0.7356783551630033,False,2.512644345838325,3.0,NP_057033,,NP_014807.3,CQVDDIEDSTVAEFF,0.2666666666666666,0.3333333333333333,,,,,,False,3.786734331934612,,NP_057033,,NP_014807.3,NKIKAGDYYEAHQTL,0.3218253968253968,0.2,0.5048316440994676,0.0,0.2643216448369967,0.0,0.7356783551630033,False,2.512644345838325,3.0,NP_057033,
ENSG00000108387,SEPTIN4,ENST00000672673,ENSP00000500383,ENSP00000321674,SEPTIN4,ENST00000672673,ENSP00000500383,ENSP00000321674,TIVDTPGFGDAVNNT,,,True,4.0,3.10722039164454,FGIKIYQFPDCDSDE,,,True,4.0,3.745506170363104,PWGKLDPYDSSEDDK,,,True,5.0,4.4957159928193215,NP_011975.1,NVIDTPGFGDNVNNN,0.7777777777777777,0.6666666666666666,0.3961771136630744,0.0,0.5411969449973577,0.0,0.4588030550026422,False,2.48441946455201,6.5,NP_004565,,NP_011975.1,EDAKSGSNPDSAAVE,0.25,0.2666666666666666,,,,,,False,6.887037357470114,,NP_004565,,NP_011975.1,WGLVEIENDSHCDFR,0.3902777777777778,0.2,,,,,,False,4.138200943961014,,NP_004565,
ENSG00000130724,CHMP2A,ENST00000600006,ENSP00000472097,ENSP00000472097,CHMP2A,ENST00000600006,ENSP00000472097,ENSP00000310440,GDEEDEEESDAVVSQ,,,True,6.0,-0.3882605007441235,IQKIMMEFERQAEIM,,,True,6.5,5.87736514674495,MDMKEEMMNDAIDDA,,,True,7.0,0.6733713418349365,NP_012924.2,DEVDEDEEADEIVNK,0.6749999999999999,0.2666666666666666,,,,,,False,-0.5137035800565117,,NP_940818,,NP_012924.2,LQRISMEFEKQSDLM,0.7888888888888889,0.5333333333333333,,,,,,False,-0.6699571337784351,,NP_940818,,NP_012924.2,MGQRQEFMDEAIDNV,0.5944444444444444,0.4,,,,,,False,1.6709534325535589,,NP_940818,
ENSG00000104907,TRMT1,ENST00000437766,ENSP00000416149,ENSP00000416149,TRMT1,ENST00000437766,ENSP00000416149,ENSP00000416149,PYGSPATFLDAAVQA,,,True,4.0,3.282954226583604,EGAAKIAFPSANEVF,,,True,4.0,5.001347823402896,SLWLSLTFRSARVLS,,,True,4.5,2.4761249968975747,NP_010405.3,PYGTVTPFVDAAIQS,0.6428571428571429,0.5333333333333333,0.4843933444388125,0.0,0.0357989146042973,0.0,0.9642010853957028,True,8.891209435281816,4.5,NP_060192,,NP_010405.3,ECSLTHAQPSSLKTN,0.475,0.2666666666666666,,,,,,False,1.1810820347500393,,NP_060192,,NP_010405.3,EGRNNKTFTKYSVAQ,0.419047619047619,0.2,,,,,,False,-3.924718873387632,,NP_060192,
ENSG00000188976,NOC2L,ENST00000327044,ENSP00000317992,ENSP00000317992,NOC2L,ENST00000327044,ENSP00000317992,ENSP00000317992,SEEEEGPFHSLPDVL,,,True,4.0,4.365135625246264,NDQSLLNFSDSDSSE,,,True,4.5,1.0006219009442407,KDEDRKQFKDLFDLN,,,True,5.5,0.351777180010305,NP_014849.3,AITDEKAFHELMFMV,0.375,0.2666666666666666,0.4376523707168538,0.0,0.4367736619489845,0.0,0.5632263380510155,False,-2.067378734039954,6.0,NP_056473,,NP_014849.3,VRKWKKQLHDSPSLK,0.4791666666666667,0.2,,,,,,False,3.5672055385447075,,NP_056473,,NP_014849.3,YKYLEENDKDLLDFA,0.5833333333333334,0.2666666666666666,,,,,,False,0.6870615742870182,,NP_056473,
ENSG00000150456,EEF1AKMT1,ENST00000382758,ENSP00000372206,ENSP00000372206,EEF1AKMT1,ENST00000382758,ENSP00000372206,ENSP00000372206,MYGEEFIFYDYNNPL,,,True,5.0,2.449252461822651,ENWQLSQFWYSQETA,,,True,5.5,5.360301266662541,EFRCYVNYDSGLDCG,,,True,5.5,0.6146411701778802,NP_011515.4,AGRDHFFFYDYNKPL,0.6666666666666666,0.5333333333333333,0.333436810465274,0.0,0.2261871209874816,0.0,0.7738128790125184,True,-1.5491759602449602,6.0,NP_777588,XP_016875921,NP_011515.4,EDWQLSQFWYSDDTA,0.8888888888888888,0.8,,,,,,False,5.483565260089349,,NP_777588,XP_016875921,NP_011515.4,DHFFFYDYNKPLDFS,0.3412698412698413,0.2,,,,,,False,4.157639776113968,,NP_777588,XP_016875921
ENSG00000064419,TNPO3,ENST00000265388,ENSP00000265388,ENSP00000265388,TNPO3,ENST00000265388,ENSP00000265388,ENSP00000265388,EIIEDLAFYSSTVVS,,,True,3.5,3.075672931703551,KMKIQTSFYELPTDS,,,True,4.5,-0.8315387571608155,VPEETDDFGEFRMRV,,,True,4.5,1.6186486808981455,NP_014803.1,IMFYPGAFLNSTELL,0.4194444444444445,0.2666666666666666,,,,,,False,-0.8530220825349797,,NP_036602,,NP_014803.1,YHEAIIDFFSLISDL,0.4583333333333333,0.2,0.3897906763064683,0.0,0.6735513365833969,0.0,0.326448663416603,False,3.357478701857928,4.5,NP_036602,,NP_014803.1,QGYLTTGFGSYLWCS,0.3618326118326118,0.2,0.2629619128515288,0.0,0.3906148163050773,0.0,0.6093851836949227,False,-2.6274971934317244,7.0,NP_036602,
ENSG00000183049,CAMK1D,ENST00000619168,ENSP00000478874,ENSP00000478874,CAMK1D,ENST00000619168,ENSP00000478874,ENSP00000478874,DIKKIFEFKETLGTG,,,True,4.0,2.614763473408789,APSTLCSFISSSSGV,,,True,4.5,4.576684604576007,LKPENLLYYSQDEES,,,True,5.5,1.0046019681625429,NP_116669.1,EAKEKPEGKDTKTEE,0.4055555555555555,0.2666666666666666,,,,,,False,0.5329124082063821,,NP_705718,XP_011517897,NP_116669.1,DSDLPGSDIKSLDEA,0.4166666666666667,0.2,,,,,,False,-0.973615684239086,,NP_705718,XP_011517897,NP_116669.1,IQKLRDLYLEQTESD,0.625,0.2666666666666666,0.5312068900708306,0.0,0.8178485945447989,0.0,0.1821514054552012,False,-1.3626314864960172,6.0,NP_705718,XP_011517897
ENSG00000253710,ALG11,ENST00000523764,ENSP00000429497,ENSP00000430236,ALG11,ENST00000649340,ENSP00000497184,ENSP00000430236,DQEFEVTFLSSVEKL,,,True,3.0,0.3614476151864563,LAESEEDYAETIAHI,,,True,3.5,-1.27497470054258,EDLGVQEYVEFKINI,,,True,5.5,2.726058920864629,NP_014350.1,IIESFATFLKNLPDS,0.503968253968254,0.2666666666666666,,,,,,False,-0.4506557180000033,,NP_001004127,,NP_014350.1,YFAKLEDDGETTGFF,0.4166666666666667,0.2666666666666666,,,,,,False,1.7261589409013098,,NP_001004127,,NP_014350.1,RRIPIVTYTHYPIMS,0.3714285714285714,0.1333333333333333,,,,,,False,0.2047959781242068,,NP_001004127,
ENSG00000108474,PIGL,ENST00000470116,ENSP00000463754,ENSP00000225609,PIGL,ENST00000463810,ENSP00000485657,ENSP00000225609,PDDEAMFFAPTVLGL,topological domain,Cytoplasmic,True,6.0,3.828350619535831,ARLRHWVYLLCFSAG,topological domain,Cytoplasmic,True,6.5,3.693178946577827,HPDDEAMFFAPTVLG,topological domain,Cytoplasmic,True,6.5,2.629670006987134,NP_014008.1,PDDEVMFFSPIISQL,0.4166666666666667,0.6,,,,,,False,0.6975550891126586,,NP_004269,,NP_014008.1,FPRTVPFNIICLSKG,0.4166666666666667,0.2,,,,,,False,2.050665347943617,,NP_004269,,NP_014008.1,HPDDEVMFFSPIISQ,0.8333333333333334,0.6,0.5023896489995108,0.0,0.1318476970323414,0.0,0.8681523029676586,True,6.605425323186079,5.0,NP_004269,
ENSG00000172732,MUS81,ENST00000529857,ENSP00000431979,ENSP00000307853,MUS81,ENST00000529857,ENSP00000431979,ENSP00000307853,EAKILQHFGDGLCRM,,,True,5.5,4.2857204508438045,PLCSLLTFSDFNAGA,,,True,6.0,3.938339207709924,LNPNGHHFLTKEELL,,,True,6.0,1.788791927610199,NP_010674.3,ELTKSLKTADGISFP,0.1916666666666666,0.2,,,,,,False,1.0815787086758564,,NP_079404,XP_011543571,NP_010674.3,SFMLDITFQDLSTPQ,0.5,0.2,0.4844106430465582,0.0,0.3550412521127584,0.0,0.6449587478872416,False,-1.1378224832846957,5.5,NP_079404,XP_011543571,NP_010674.3,RNYCKIHHISPVEAP,0.4136904761904762,0.2,,,,,,False,5.1847634212191736,,NP_079404,XP_011543571
ENSG00000150401,DCUN1D2,ENST00000375403,ENSP00000364552,ENSP00000417706,DCUN1D2,ENST00000375403,ENSP00000364552,ENSP00000417706,CEFSRKEFLDGMTEL,,,True,4.0,0.0940468351875866,LDEATDSFFQNPDSL,,,True,5.0,-0.1792193310543305,KDFYQFTFTFAKNPG,,,True,6.0,5.846855332152575,NP_013229.1,DASPEQEAIESFTSL,0.3999999999999999,0.2,,,,,,False,-1.7705893565043107,,NP_001014305,XP_016876135,NP_013229.1,GIQYWKLFFQPEYPV,0.2976190476190476,0.2,,,,,,False,2.4845703908747114,,NP_001014305,XP_016876135,NP_013229.1,LQYFTQIYNYAFNLI,0.4345238095238095,0.1333333333333333,,,,,,False,3.481162542247685,,NP_001014305,XP_016876135
ENSG00000109182,CWH43,ENST00000514053,ENSP00000425157,ENSP00000226432,CWH43,ENST00000226432,ENSP00000226432,ENSP00000226432,LNETGADFITILESD,,,True,5.0,1.7219367562990011,FNPRFGSYKEGHNYE,,,True,5.5,5.1389212721382025,NQVIFLGYITSAPGS,,,True,6.0,2.5436346784608856,NP_009943.2,IKDMELDVVGLLETD,0.4444444444444445,0.2666666666666666,,,,,,False,0.2147065214695144,,NP_079363,XP_011512057,NP_009943.2,DLNMYADFGPGPNKH,0.3373015873015872,0.1333333333333333,,,,,,False,4.842246802931337,,NP_079363,XP_011512057,NP_009943.2,SVILKMGFYTNNPTW,0.5873015873015873,0.2,0.3294511153564117,0.0,0.5751645772421465,0.0,0.4248354227578534,False,-0.5248042275406152,6.0,NP_079363,XP_011512057
ENSG00000100347,SAMM50,ENST00000350028,ENSP00000345445,ENSP00000345445,SAMM50,ENST00000350028,ENSP00000345445,ENSP00000345445,GLGEEAEFVEVEPEA,,,True,5.0,0.557421343753008,DSVFSASFWGGMLVP,,,True,6.0,3.5759986187878545,KVTFQFSYGTKETSY,,,True,6.5,2.461736086664615,NP_014372.1,YISDEKETHDVVPLM,0.4263888888888889,0.2666666666666666,,,,,,False,0.1649807673419028,,NP_056195,,NP_014372.1,NFRLHWFFNGGKLVN,0.5,0.3333333333333333,,,,,,False,6.022559265319849,,NP_056195,,NP_014372.1,RSTKICSQGTSAPYM,0.4428571428571428,0.2666666666666666,,,,,,False,5.051214934768709,,NP_056195,
ENSG00000149273,RPS3,ENST00000531188,ENSP00000434643,ENSP00000434643,RPS3,ENST00000531188,ENSP00000434643,ENSP00000434643,SGDPVNYYVDTAVRH,,,True,5.5,4.897128117851531,VVQKRFGFPEGSVEL,,,True,5.5,-0.4100926924778407,QRAKSMKFVDGLMIH,,,True,6.0,3.532936302746637,NP_014221.3,SGQPVNDFIDTATRH,0.4583333333333333,0.6666666666666666,0.3915194024538336,0.0,0.216156054823289,0.0,0.7838439451767109,True,3.7728714272067694,3.5,NP_000996,,NP_014221.3,ARAKAMKFADGFLIH,0.3222222222222222,0.2,0.5100839761926629,0.0,0.2694482013546627,0.0,0.7305517986453373,False,3.816425359844051,6.0,NP_000996,,NP_014221.3,ARAKAMKFADGFLIH,0.75,0.6666666666666666,0.5100839761926629,0.0,0.2694482013546627,0.0,0.7305517986453373,False,3.816425359844051,6.0,NP_000996,
ENSG00000148835,TAF5,ENST00000692195,ENSP00000510076,ENSP00000358854,TAF5,ENST00000692195,ENSP00000510076,ENSP00000358854,EDLETDDFTTATGHI,,,True,2.5,0.5679601646155321,YYSGLKHFIECSLDC,,,True,4.5,1.8916888212374388,GNETMLDFRTSKFVL,,,True,4.5,7.0209922480510905,NP_009757.1,FSPLGHYFATASHDQ,0.3869047619047618,0.2,0.5204048033951283,0.0,0.1758851948813302,0.0,0.8241148051186699,True,3.95267508922856,5.5,NP_008882,,NP_009757.1,LNKKGYHRTEAMLRA,0.3666666666666667,0.2,,,,,,False,1.3243387878823023,,NP_008882,,NP_009757.1,FSPDFKDFHGSEINR,0.4444444444444445,0.2,,,,,,False,1.2083647333048628,,NP_008882,
ENSG00000164346,NSA2,ENST00000610426,ENSP00000483484,ENSP00000483484,NSA2,ENST00000610426,ENSP00000483484,ENSP00000483484,RYGYRLDYHEKKRKK,,,True,6.0,-1.1578643751620945,GGMPQNEYIELHRKR,,,True,6.5,-1.2583447128839194,EKKRKKESREAHERS,,,True,6.5,2.4454594782227925,NP_011052.1,QHGKRLDHEERKRKR,0.6083333333333333,0.5333333333333333,,,,,,False,-1.0394735365815957,,NP_055701,,NP_011052.1,AKKRYAEKVSMRKKI,0.3583333333333333,0.1333333333333333,,,,,,False,5.083940151800038,,NP_055701,,NP_011052.1,DHEERKRKREARESH,0.6666666666666666,0.3333333333333333,,,,,,False,0.7569561105082733,,NP_055701,
ENSG00000132423,COQ3,ENST00000254759,ENSP00000254759,ENSP00000254759,COQ3,ENST00000369240,ENSP00000358243,ENSP00000254759,HVIDLETFLQCCCQV,,,True,5.5,0.6518398486353693,RYPWARLYSTSQTTV,,,True,5.5,6.972521091435032,LKPGGSLFITTINKT,,,True,5.5,6.150587161451472,NP_014545.2,DKRPEVSVLDVGCGG,0.2916666666666667,0.1333333333333333,,,,,,False,1.6652078623018909,,NP_059117,XP_047274827,NP_014545.2,STINRDLISWFTTIF,0.3724747474747474,0.2,,,,,,False,0.3177022674672102,,NP_059117,XP_047274827,NP_014545.2,NPEKGILFLSTINRD,0.7916666666666666,0.4,0.4422899926993009,0.0,0.4596017278989015,0.0,0.5403982721010985,False,5.298753565348122,5.5,NP_059117,XP_047274827
ENSG00000086189,DIMT1,ENST00000680062,ENSP00000505824,ENSP00000199320,DIMT1,ENST00000680062,ENSP00000505824,ENSP00000199320,VLKTDLPFFDTCVAN,,,True,4.0,1.839250288807766,LKTDLPFFDTCVANL,,,True,5.0,3.999322135978523,KLLLHRPFFRCAILM,,,True,5.5,7.244763825478701,NP_015057.1,FMKTELPYFDICISN,0.6547619047619048,0.5333333333333333,0.4014813337548695,0.0,0.2309297070267915,0.0,0.7690702929732085,True,4.442466212789796,6.0,NP_055288,,NP_015057.1,MKTELPYFDICISNT,0.5714285714285715,0.5333333333333333,,,,,,False,3.2029456537025136,,NP_055288,,NP_015057.1,FMKTELPYFDICISN,0.4742063492063492,0.2,0.4014813337548695,0.0,0.2309297070267915,0.0,0.7690702929732085,True,4.442466212789796,6.0,NP_055288,
ENSG00000137055,PLAA,ENST00000397292,ENSP00000380460,ENSP00000380460,PLAA,ENST00000397292,ENSP00000380460,ENSP00000380460,VFPNCRDFVTTAEDR,,,True,3.5,4.956398190841742,AILSETEFLSCANDA,,,True,3.5,9.189689197339945,SDGIIRVFTESEDRT,,,True,4.0,-0.4509630542246814,NP_012709.1,KLLPNGDIVSCGEDR,0.5231481481481481,0.3333333333333333,,,,,,False,1.5575210747585646,,NP_001026859,,NP_012709.1,AVVDDGHFISCSNDG,0.75,0.4,0.3667865948652943,0.0,0.2999723411904655,0.0,0.7000276588095344,False,3.593253468622837,4.5,NP_001026859,,NP_012709.1,SFQDGVVISGSWDKT,0.4861111111111111,0.3333333333333333,,,,,,False,-2.9102205214702748,,NP_001026859,
ENSG00000153922,CHD1,ENST00000511067,ENSP00000479403,ENSP00000483667,CHD1,ENST00000511067,ENSP00000479403,ENSP00000483667,EELDQKTFSICKERM,,,True,4.5,-1.6739714046888938,NQSKTTPFKDCKVLK,,,True,4.5,0.4500426828293573,ASPEDVEYYNCQQEL,,,True,4.5,-1.270144391119979,NP_011091.1,NFLMPGRFTIDQEID,0.4166666666666667,0.2666666666666666,,,,,,False,0.9519249632163002,,NP_001261,XP_047272629,NP_011091.1,RERRLDEFEEFHVPE,0.3444444444444444,0.1333333333333333,0.4691153066441141,0.0,0.5839415217969979,0.0,0.4160584782030021,False,5.050047406301639,5.5,NP_001261,XP_047272629,NP_011091.1,DTIREYEFYTNPRAK,0.3666666666666667,0.1333333333333333,0.4488138210898883,0.0,0.4744741825262548,0.0,0.5255258174737452,False,4.168920875288757,5.5,NP_001261,XP_047272629
ENSG00000148459,PDSS1,ENST00000376215,ENSP00000365388,ENSP00000365388,PDSS1,ENST00000376215,ENSP00000365388,ENSP00000365388,LIDDVLDFTSCSDQM,,,True,2.5,-0.6842147929500872,LKEMSEYYFDGKGKA,,,True,5.0,0.933149597540074,AHYLEKTFKKTASLI,,,True,6.0,3.8052489966620846,NP_009557.1,LVDDMLDFTVSGKDL,0.3416666666666666,0.4666666666666667,,,,,,False,0.256954904982199,,NP_055132,XP_016871500,NP_009557.1,LNKVTSYYFETEGKK,0.6666666666666666,0.4,0.5610477162155327,0.0,0.4642318238255827,0.0,0.5357681761744173,False,3.3341756591834013,4.5,NP_055132,XP_016871500,NP_009557.1,EYYIHKTYLKTAALI,0.5297619047619048,0.5333333333333333,,,,,,False,3.803032977926188,,NP_055132,XP_016871500
ENSG00000147439,BIN3,ENST00000276416,ENSP00000276416,ENSP00000276416,BIN3,ENST00000276416,ENSP00000276416,ENSP00000276416,YGSRLDYFQPSFESL,,,True,6.0,4.390798486008882,LLEEMPRFYGSRLDY,,,True,6.5,3.869857753219605,ELRPVREDFEAKNRQ,,,True,6.5,4.837266241920533,NP_009935.1,VSLRVPYFDPSFEAL,0.8333333333333334,0.5333333333333333,,,,,,False,2.794730156567314,,NP_061158,,NP_009935.1,LDQQSRDDYANGLLD,0.2222222222222222,0.2,,,,,,False,-1.4292116228512737,,NP_061158,,NP_009935.1,KRDHKKQDFDAAKAK,0.6222222222222222,0.2,,,,,,False,5.425085441535823,,NP_061158,
ENSG00000126088,UROD,ENST00000652165,ENSP00000498295,ENSP00000246337,UROD,ENST00000652165,ENSP00000498295,ENSP00000246337,AGRYLPEFRETRAAQ,,,True,4.0,2.1802851460956774,ETRAAQDFFSTCRSP,,,True,4.0,4.711260320082775,DPEHVGAFVDAVHKH,,,True,4.5,4.121612206801974,NP_010332.3,AGRYLPEYHEVKNNR,0.3492063492063492,0.5333333333333333,0.6350268216615356,0.0,0.438585428676621,0.0,0.561414571323379,False,7.157286319630032,5.5,NP_000365,,NP_010332.3,EVKNNRDFFQTCRDA,0.8333333333333334,0.4666666666666667,,,,,,False,0.3485300087505703,,NP_000365,,NP_010332.3,DPDVIKFFLEECHRI,0.3527777777777778,0.2666666666666666,,,,,,False,7.005192579299402,,NP_000365,
ENSG00000125954,CHURC1-FNTB,ENST00000549987,ENSP00000447121,ENSP00000447121,CHURC1-FNTB,ENST00000549987,ENSP00000447121,ENSP00000447121,PGKSRDFYHTCYCLS,,,True,5.0,1.8141671560373416,KPGKSRDFYHTCYCL,,,True,5.0,-0.3823318252234532,LVDGCYSFWQAGLLP,,,True,5.5,2.375509209442118,NP_010193.1,PGAHSDFYHTNYCLL,0.75,0.6666666666666666,0.2243649383232593,0.0,0.2652194800102851,0.0,0.7347805199897149,False,1.7799117866590843,7.0,NP_001189488,,NP_010193.1,KPGAHSDFYHTNYCL,1.0,0.7333333333333333,,,,,,False,1.144860608627078,,NP_001189488,,NP_010193.1,LVDGCYSFWVGGSAA,0.3333333333333333,0.6666666666666666,,,,,,False,1.942405533693662,,NP_001189488,
ENSG00000274296,DECR2,ENST00000633143,ENSP00000488728,ENSP00000481547,DECR2,ENST00000613476,ENSP00000481547,ENSP00000481547,DIDTSGTFNVSRVLY,,,True,5.5,0.1737760254545293,GVKGLPDFASFSAKL,,,True,6.0,4.107980333682964,LLRDKVAFITGGGSG,,,True,6.0,0.1107006745930756,NP_014197.2,ILFVSATFHYYGVPF,0.4494047619047619,0.2666666666666666,,,,,,False,-0.3425776378118255,,NP_065715,,NP_014197.2,AGNFVCDFANLSPNA,0.503968253968254,0.2666666666666666,,,,,,False,1.9732182158765577,,NP_065715,,NP_014197.2,LFKGKVAFVTGGAGT,0.7916666666666666,0.5333333333333333,0.6627604306255136,0.0,0.4685462164096812,0.0,0.5314537835903188,False,0.1528484383185865,6.0,NP_065715,
ENSG00000242612,DECR2,ENST00000627716,ENSP00000486613,ENSP00000219481,DECR2,ENST00000424398,ENSP00000400374,ENSP00000219481,DIDTSGTFNVSRVLY,,,True,5.5,0.1737760254545293,GVKGLPDFASFSAKL,,,True,6.0,4.107980333682964,LLRDKVAFITGGGSG,,,True,6.0,0.1107006745930756,NP_014197.2,ILFVSATFHYYGVPF,0.4494047619047619,0.2666666666666666,,,,,,False,-0.3425776378118255,,NP_065715,,NP_014197.2,AGNFVCDFANLSPNA,0.503968253968254,0.2666666666666666,,,,,,False,1.9732182158765577,,NP_065715,,NP_014197.2,LFKGKVAFVTGGAGT,0.7916666666666666,0.5333333333333333,0.6627604306255136,0.0,0.4685462164096812,0.0,0.5314537835903188,False,0.1528484383185865,6.0,NP_065715,
ENSG00000110880,CORO1C,ENST00000261401,ENSP00000261401,ENSP00000394496,CORO1C,ENST00000261401,ENSP00000261401,ENSP00000394496,DLFQDDLYPDTAGPE,,,True,4.5,4.450621250325165,SNGVLLPFYDPDTSI,,,True,5.0,7.835549329579955,AALEAEEWFEGKNAD,,,True,5.0,8.30064598843194,NP_013533.1,EEFQEDIYPDAPSNK,0.5833333333333334,0.4,0.591949921558216,0.0,0.2124477029055803,0.0,0.7875522970944195,True,-0.1935220159055268,3.0,NP_001098707,,NP_013533.1,SSGILMPFYDEGNKI,0.6333333333333333,0.5333333333333333,,,,,,False,7.222696826608804,,NP_001098707,,NP_013533.1,PALTAEEWFSGKSVE,0.7083333333333334,0.6,,,,,,False,11.268958609459489,,NP_001098707,
ENSG00000114021,NIT2,ENST00000394140,ENSP00000377696,ENSP00000377696,NIT2,ENST00000394140,ENSP00000377696,ENSP00000377696,DVPGKITFQESKTLS,,,True,4.0,-2.8847823106701105,EEDAGKLYNTCAVFG,,,True,5.0,3.243125305320432,TLSPGDSFSTFDTPY,,,True,5.5,1.5749897309285992,NP_013455.1,DIPNGISFHESETLS,0.7083333333333334,0.6,0.3005237936954114,0.0,0.6424189436133698,0.0,0.3575810563866302,False,-1.7451690186779245,3.5,NP_064587,,NP_013455.1,DPKTDKIYNTSIIFN,0.6666666666666666,0.3333333333333333,0.4424298933663897,0.0,0.2786363511217546,0.0,0.7213636488782453,False,2.73944053204949,6.0,NP_064587,,NP_013455.1,DIPNGISFHESETLS,0.3625,0.2666666666666666,0.3005237936954114,0.0,0.6424189436133698,0.0,0.3575810563866302,False,-1.7451690186779245,3.5,NP_064587,
ENSG00000148688,RPP30,ENST00000371703,ENSP00000360768,ENSP00000389182,RPP30,ENST00000371703,ENSP00000360768,ENSP00000389182,FPKTEKLFHIACTHL,,,True,5.5,1.3462527538679276,AINHIVDFKEKKQEI,,,True,5.5,1.048505049945547,GGGGMAVFADLDLRA,,,True,6.5,2.68099695687704,NP_011929.1,TLHMLGYTHIAINFT,0.4095238095238095,0.2,,,,,,False,7.983638816618628,,NP_001098016,,NP_011929.1,RITLIIDDPSKGQSL,0.3928571428571428,0.3333333333333333,,,,,,False,3.456382965855345,,NP_001098016,,NP_011929.1,ISQAFDIVAALPISE,0.4166666666666667,0.1333333333333333,,,,,,False,1.4621876052925509,,NP_001098016,
ENSG00000104884,ERCC2,ENST00000684458,ENSP00000508260,ENSP00000375809,ERCC2,ENST00000391945,ENSP00000375809,ENSP00000375809,IQRNKLLFIETQDGA,,,True,4.0,-1.5914604547222782,TSVALEKYQEACENG,,,True,4.0,2.0208625894129115,ELRKLLNFYEKQEGE,,,True,4.5,2.470615878125312,NP_011098.3,VWKHKLILVETPDAQ,0.7083333333333334,0.3333333333333333,,,,,,False,-1.240243777314049,,NP_000391,XP_011524913,NP_011098.3,RKVDSQKLQDEYEKL,0.4805555555555556,0.2666666666666666,,,,,,False,0.7967216073311776,,NP_000391,XP_011524913,NP_011098.3,DSQKLQDEYEKLVQG,0.3444444444444444,0.3333333333333333,,,,,,False,0.2482438387917996,,NP_000391,XP_011524913
ENSG00000165280,VCP,ENST00000678650,ENSP00000503426,ENSP00000351777,VCP,ENST00000678650,ENSP00000503426,ENSP00000351777,LAVTMDDFRWALSQS,,,True,5.0,3.4447128889909653,ESNLRKAFEEAEKNA,,,True,5.0,-0.1235736242163518,PELLTMWFGESEANV,,,True,5.0,-1.072436754401824,NP_010157.1,LGVTMDNFRFALGNS,0.5555555555555556,0.6666666666666666,,,,,,False,4.787962930007383,,NP_009057,,NP_010157.1,ESNLRKAFEEAEKNA,1.0,1.0,0.5236107971216004,0.0,0.6130364522834862,0.0,0.3869635477165137,False,-0.1235736242163518,5.0,NP_009057,,NP_010157.1,PELLSMWYGESESNI,0.7797619047619048,0.7333333333333333,0.396536749671755,0.0,0.8022707942409344,0.0,0.1977292057590655,False,-1.50554043015028,5.0,NP_009057,
ENSG00000105655,ISYNA1,ENST00000338128,ENSP00000337746,ENSP00000337746,ISYNA1,ENST00000338128,ENSP00000337746,ENSP00000337746,MEAAAQFFVESPDVV,,,True,4.0,4.938749105972756,PTSTRFTFRTARQVP,,,True,4.5,7.5756848511387105,VFVGGDDFKSGQTKV,,,True,4.5,1.2611356572265606,NP_012382.2,MVSPNDFVVSGWDIN,0.4583333333333333,0.2666666666666666,,,,,,False,2.3908075475584725,,NP_057452,XP_011526361,NP_012382.2,PVNGLNKQRTALENF,0.4333333333333333,0.2666666666666666,,,,,,False,5.299394057542763,,NP_057452,XP_011526361,NP_012382.2,TFIAGDDLKSGQTKL,0.8333333333333334,0.6666666666666666,,,,,,False,1.4764690531273708,,NP_057452,XP_011526361
ENSG00000278174,NSF,ENST00000628506,ENSP00000486400,ENSP00000478614,NSF,ENST00000611398,ENSP00000478614,ENSP00000478614,EANIRKLFADAEEEQ,,,True,3.5,1.0139147730829805,LQVTRGDFLASLEND,,,True,5.0,0.8866365935980625,CQAMKKIFDDAYKSQ,,,True,5.0,1.1136469690728783,NP_009636.3,EENIRNLFKDAEAEY,0.5916666666666667,0.6666666666666666,0.7302975699229217,0.0,0.5758156794093287,0.0,0.4241843205906714,False,0.6786614193587077,4.5,NP_006169,,NP_009636.3,LKVTREDFLNALNDV,0.4861111111111111,0.5333333333333333,,,,,,False,5.569557570886392,,NP_006169,,NP_009636.3,IAYIDNTFRDAYKSP,0.5666666666666667,0.4,0.6227021406340424,0.0,0.4009246993676029,0.0,0.599075300632397,False,0.8093463828926559,4.5,NP_006169,
ENSG00000225073,DDX39B,ENST00000442717,ENSP00000409162,ENSP00000390999,DDX39B,ENST00000442717,ENSP00000409162,ENSP00000390999,DEIDISSYIEQTRGG,,,True,6.0,0.0954675443553745,CHTRELAFQISKEYE,,,True,6.0,0.6703696895833078,PNVKVAVFFGGLSIK,,,True,6.0,0.7952614491126043,NP_010199.1,CGFEHPSEVQQHTIP,0.425,0.1333333333333333,,,,,,False,-0.5667019469483567,,NP_004631,,NP_010199.1,CNARELAYQIRNEYL,0.7047619047619048,0.6,,,,,,False,1.0880720776339343,,NP_004631,,NP_010199.1,PDVKTAVFYGGTPIS,0.7142857142857143,0.6,,,,,,False,0.1232639934268077,,NP_004631,
ENSG00000225859,DDX39B,ENST00000432433,ENSP00000408609,ENSP00000405560,DDX39B,ENST00000432433,ENSP00000408609,ENSP00000405560,DEIDISSYIEQTRGG,,,True,6.0,0.0954675443553745,CHTRELAFQISKEYE,,,True,6.0,0.6703696895833078,PNVKVAVFFGGLSIK,,,True,6.0,0.7952614491126043,NP_010199.1,CGFEHPSEVQQHTIP,0.425,0.1333333333333333,,,,,,False,-0.5667019469483567,,NP_004631,,NP_010199.1,CNARELAYQIRNEYL,0.7047619047619048,0.6,,,,,,False,1.0880720776339343,,NP_004631,,NP_010199.1,PDVKTAVFYGGTPIS,0.7142857142857143,0.6,,,,,,False,0.1232639934268077,,NP_004631,
ENSG00000230624,DDX39B,ENST00000433291,ENSP00000408191,ENSP00000387994,DDX39B,ENST00000433291,ENSP00000408191,ENSP00000387994,DEIDISSYIEQTRGG,,,True,6.0,0.0954675443553745,CHTRELAFQISKEYE,,,True,6.0,0.6703696895833078,PNVKVAVFFGGLSIK,,,True,6.0,0.7952614491126043,NP_010199.1,CGFEHPSEVQQHTIP,0.425,0.1333333333333333,,,,,,False,-0.5667019469483567,,NP_004631,,NP_010199.1,CNARELAYQIRNEYL,0.7047619047619048,0.6,,,,,,False,1.0880720776339343,,NP_004631,,NP_010199.1,PDVKTAVFYGGTPIS,0.7142857142857143,0.6,,,,,,False,0.1232639934268077,,NP_004631,
ENSG00000237889,DDX39B,ENST00000457121,ENSP00000408832,ENSP00000399542,DDX39B,ENST00000457121,ENSP00000408832,ENSP00000399542,DEIDISSYIEQTRGG,,,True,6.0,0.0954675443553745,PNVKVAVFFGGLSIK,,,True,6.0,0.7952614491126043,CHTRELAFQISKEYE,,,True,6.0,0.6703696895833078,NP_010199.1,CGFEHPSEVQQHTIP,0.425,0.1333333333333333,,,,,,False,-0.5667019469483567,,NP_004631,,NP_010199.1,PDVKTAVFYGGTPIS,0.7142857142857143,0.6,,,,,,False,0.1232639934268077,,NP_004631,,NP_010199.1,CNARELAYQIRNEYL,0.7047619047619048,0.6,,,,,,False,1.0880720776339343,,NP_004631,
ENSG00000229496,DDX39B,ENST00000416183,ENSP00000405964,ENSP00000391463,DDX39B,ENST00000416183,ENSP00000405964,ENSP00000391463,DEIDISSYIEQTRGG,,,True,6.0,0.0954675443553745,CHTRELAFQISKEYE,,,True,6.0,0.6703696895833078,PNVKVAVFFGGLSIK,,,True,6.0,0.7952614491126043,NP_010199.1,CGFEHPSEVQQHTIP,0.425,0.1333333333333333,,,,,,False,-0.5667019469483567,,NP_004631,,NP_010199.1,CNARELAYQIRNEYL,0.7047619047619048,0.6,,,,,,False,1.0880720776339343,,NP_004631,,NP_010199.1,PDVKTAVFYGGTPIS,0.7142857142857143,0.6,,,,,,False,0.1232639934268077,,NP_004631,
ENSG00000235439,DDX39B,ENST00000428291,ENSP00000388382,ENSP00000399030,DDX39B,ENST00000428291,ENSP00000388382,ENSP00000399030,DEIDISSYIEQTRGG,,,True,6.0,0.0954675443553745,CHTRELAFQISKEYE,,,True,6.0,0.6703696895833078,PNVKVAVFFGGLSIK,,,True,6.0,0.7952614491126043,NP_010199.1,CGFEHPSEVQQHTIP,0.425,0.1333333333333333,,,,,,False,-0.5667019469483567,,NP_004631,,NP_010199.1,CNARELAYQIRNEYL,0.7047619047619048,0.6,,,,,,False,1.0880720776339343,,NP_004631,,NP_010199.1,PDVKTAVFYGGTPIS,0.7142857142857143,0.6,,,,,,False,0.1232639934268077,,NP_004631,
ENSG00000215425,DDX39B,ENST00000432466,ENSP00000409810,ENSP00000383152,DDX39B,ENST00000432466,ENSP00000409810,ENSP00000383152,DEIDISSYIEQTRGG,,,True,6.0,0.0954675443553745,CHTRELAFQISKEYE,,,True,6.0,0.6703696895833078,PNVKVAVFFGGLSIK,,,True,6.0,0.7952614491126043,NP_010199.1,CGFEHPSEVQQHTIP,0.425,0.1333333333333333,,,,,,False,-0.5667019469483567,,NP_004631,,NP_010199.1,CNARELAYQIRNEYL,0.7047619047619048,0.6,,,,,,False,1.0880720776339343,,NP_004631,,NP_010199.1,PDVKTAVFYGGTPIS,0.7142857142857143,0.6,,,,,,False,0.1232639934268077,,NP_004631,
ENSG00000198563,DDX39B,ENST00000428450,ENSP00000405707,ENSP00000379475,DDX39B,ENST00000428450,ENSP00000405707,ENSP00000379475,DEIDISSYIEQTRGG,,,True,6.0,0.0954675443553745,CHTRELAFQISKEYE,,,True,6.0,0.6703696895833078,PNVKVAVFFGGLSIK,,,True,6.0,0.7952614491126043,NP_010199.1,CGFEHPSEVQQHTIP,0.425,0.1333333333333333,,,,,,False,-0.5667019469483567,,NP_004631,,NP_010199.1,CNARELAYQIRNEYL,0.7047619047619048,0.6,,,,,,False,1.0880720776339343,,NP_004631,,NP_010199.1,PDVKTAVFYGGTPIS,0.7142857142857143,0.6,,,,,,False,0.1232639934268077,,NP_004631,
ENSG00000063177,RPL18,ENST00000549370,ENSP00000449067,ENSP00000447001,RPL18,ENST00000084795,ENSP00000084795,ENSP00000447001,GREVYRHFGKAPGTP,,,True,6.5,2.8382751046829897,VRSKGRKFERARGRR,,,True,7.0,0.7999975830930435,PHSHTKPYVRSKGRK,,,True,7.5,-0.3674497586284186,NP_014098.1,HFGMGPHKGKAPRIL,0.5,0.3333333333333333,,,,,,False,0.4563376543142673,,NP_000970,,NP_014098.1,ILSTGRKFERARGRR,1.0,0.8,,,,,,False,2.955555652914394,,NP_000970,,NP_014098.1,PHKGKAPRILSTGRK,0.475,0.4666666666666667,,,,,,False,-0.6570371820639188,,NP_000970,
ENSG00000037474,NSUN2,ENST00000264670,ENSP00000264670,ENSP00000264670,NSUN2,ENST00000264670,ENSP00000264670,ENSP00000264670,PEGEWGQFMDALREP,,,True,4.5,1.3980101195687775,GEEFDCAFRLAQEGI,,,True,4.5,-0.4243743508030736,RKLSSETYSQAKDLA,,,True,5.5,0.7277073673582608,NP_009529.1,KLSSGCAFIDVSRND,0.5,0.2,0.6667078292271971,0.0,0.2359607054682208,0.0,0.7640392945317791,True,2.425388021515357,7.0,NP_060225,,NP_009529.1,RSDIECSWRIQSESL,0.4401515151515151,0.2,,,,,,False,2.46777563172764,,NP_060225,,NP_009529.1,EKEKETTESPAETTT,0.3761904761904762,0.2666666666666666,,,,,,False,1.3779903502213893,,NP_060225,
ENSG00000185627,PSMD13,ENST00000532097,ENSP00000436186,ENSP00000436186,PSMD13,ENST00000532097,ENSP00000436186,ENSP00000436186,GMKDRLEFWCTDVKS,,,True,5.5,-1.389544631372158,IGNHASYYKDALRFL,,,True,5.5,5.467517810796866,VTSVHSRFYDLSSKY,,,True,6.0,5.056235349499638,NP_010715.3,FKNDFNSFYYTSLLY,0.375,0.2,,,,,,False,0.1813437551583008,,NP_002808,,NP_010715.3,SESLTKFFDDAKSTP,0.4305555555555556,0.1333333333333333,0.582797463955443,0.0,0.175053996159003,0.0,0.824946003840997,True,0.6126127647006041,4.0,NP_002808,,NP_010715.3,LDDLKAQFQELDSKK,0.5666666666666667,0.2666666666666666,0.3148714002837416,0.0,0.3364354046275719,0.0,0.6635645953724281,False,-1.2728752281717788,6.0,NP_002808,
ENSG00000124614,RPS10,ENST00000644700,ENSP00000495142,ENSP00000497917,RPS10,ENST00000644700,ENSP00000495142,ENSP00000497917,IAIYELLFKEGVMVA,,,True,5.5,4.964764227957526,GEADRDTYRRSAVPP,,,True,6.5,2.081665513483453,EQFAWRHFYWYLTNE,,,True,7.0,-2.5878082392439987,NP_014936.1,NKIHQYLFQEGVVVA,0.7416666666666667,0.5333333333333333,0.5342369793794047,0.0,0.5800489486473939,0.0,0.4199510513526061,False,4.072149070284569,5.5,NP_001005,,NP_014936.1,WQYYYYTLTEEGVEY,0.2583333333333333,0.1333333333333333,,,,,,False,0.5822065215294863,,NP_001005,,NP_014936.1,TQFSWQYYYYTLTEE,0.4333333333333333,0.4666666666666667,,,,,,False,0.0,,NP_001005,
ENSG00000164024,METAP1,ENST00000296411,ENSP00000296411,ENSP00000296411,METAP1,ENST00000296411,ENSP00000296411,ENSP00000296411,GHGIHKLFHTAPNVP,,,True,4.5,7.973180991205297,KLGIQGSYFCSQECF,,,True,5.0,-0.9778824105443296,HGDLNETFFVGEVDD,,,True,5.5,0.2389832862426728,NP_013345.1,GHGVGEFFHCSPNIP,0.5231481481481481,0.5333333333333333,,,,,,False,6.291943357701017,,NP_055958,XP_047305841,NP_013345.1,LKQGIVSIFCDTSCY,0.4583333333333333,0.2666666666666666,,,,,,False,-0.5068867603748823,,NP_055958,XP_047305841,NP_013345.1,HADLNETYYVGENIS,0.5595238095238095,0.6,,,,,,False,4.011807736087226,,NP_055958,XP_047305841
ENSG00000273841,TAF9,ENST00000693414,ENSP00000509848,ENSP00000370193,TAF9,ENST00000693414,ENSP00000509848,ENSP00000370193,QCRADQSFTSPPPRD,,,True,6.5,2.3885227943139595,MLEFAFRYVTTILDD,,,True,7.0,7.443116123824483,SSHAKKATVDADDVR,,,True,7.5,3.840202432079932,NP_013963.1,NKNSVGSVSEVGPDS,0.25,0.1333333333333333,,,,,,False,1.9399510384539984,,NP_001015892,,NP_013963.1,LMDFAHRYTQGVLKD,0.4111111111111111,0.4,,,,,,False,4.513962645389982,,NP_001015892,,NP_013963.1,PPEKYCLTAKEWDLE,0.225,0.1333333333333333,,,,,,False,0.1427700230500275,,NP_001015892,
ENSG00000276262,NSF,ENST00000620290,ENSP00000481714,ENSP00000481714,NSF,ENST00000620290,ENSP00000481714,ENSP00000481714,EANIRKLFADAEEEQ,,,True,3.5,1.0139147730829805,LQVTRGDFLASLEND,,,True,5.0,0.8866365935980625,CQAMKKIFDDAYKSQ,,,True,5.0,1.1136469690728783,NP_009636.3,EENIRNLFKDAEAEY,0.5916666666666667,0.6666666666666666,0.7302975699229217,0.0,0.5758156794093287,0.0,0.4241843205906714,False,0.6786614193587077,4.5,NP_006169,,NP_009636.3,LKVTREDFLNALNDV,0.4861111111111111,0.5333333333333333,,,,,,False,5.569557570886392,,NP_006169,,NP_009636.3,IAYIDNTFRDAYKSP,0.5666666666666667,0.4,0.6227021406340424,0.0,0.4009246993676029,0.0,0.599075300632397,False,0.8093463828926559,4.5,NP_006169,
ENSG00000073969,NSF,ENST00000398238,ENSP00000381293,ENSP00000381293,NSF,ENST00000398238,ENSP00000381293,ENSP00000381293,EANIRKLFADAEEEQ,,,True,3.5,1.0139147730829805,LQVTRGDFLASLEND,,,True,5.0,0.8866365935980625,CQAMKKIFDDAYKSQ,,,True,5.0,1.1136469690728783,NP_009636.3,EENIRNLFKDAEAEY,0.5916666666666667,0.6666666666666666,0.7302975699229217,0.0,0.5758156794093287,0.0,0.4241843205906714,False,0.6786614193587077,4.5,NP_006169,,NP_009636.3,LKVTREDFLNALNDV,0.4861111111111111,0.5333333333333333,,,,,,False,5.569557570886392,,NP_006169,,NP_009636.3,IAYIDNTFRDAYKSP,0.5666666666666667,0.4,0.6227021406340424,0.0,0.4009246993676029,0.0,0.599075300632397,False,0.8093463828926559,4.5,NP_006169,
ENSG00000167553,TUBA1C,ENST00000541364,ENSP00000443475,ENSP00000301072,TUBA1C,ENST00000541364,ENSP00000443475,ENSP00000301072,EGMEEGEFSEAREDM,,,True,1.5,-1.0048140805118635,DDSFNTFFSETGAGK,,,True,4.0,0.7315429334352164,IGGGDDSFNTFFSET,,,True,5.5,-1.0431435183555018,NP_013625.1,EGMEEGEFTEAREDL,0.8666666666666667,0.8666666666666667,0.5513144876745084,0.0,0.1954875934078214,0.0,0.8045124065921785,True,-1.3075347633820211,1.5,NP_116093,,NP_013625.1,EEGFSTFFHETGYGK,0.5982142857142857,0.6,0.3949864046959758,0.0,0.4016655695149354,0.0,0.5983344304850646,False,1.2209507365972616,3.5,NP_116093,,NP_013625.1,PKGGEEGFSTFFHET,0.5208333333333334,0.5333333333333333,0.3788723671704553,0.0,0.355637624505288,0.0,0.644362375494712,False,3.3263664760793348,7.5,NP_116093,
ENSG00000276463,TAF9,ENST00000616867,ENSP00000477750,ENSP00000478935,TAF9,ENST00000616867,ENSP00000477750,ENSP00000478935,QCRADQSFTSPPPRD,,,True,6.5,2.3885227943139595,MLEFAFRYVTTILDD,,,True,7.0,7.443116123824483,SSHAKKATVDADDVR,,,True,7.5,3.840202432079932,NP_013963.1,NKNSVGSVSEVGPDS,0.25,0.1333333333333333,,,,,,False,1.9399510384539984,,NP_001015892,,NP_013963.1,LMDFAHRYTQGVLKD,0.4111111111111111,0.4,,,,,,False,4.513962645389982,,NP_001015892,,NP_013963.1,PPEKYCLTAKEWDLE,0.225,0.1333333333333333,,,,,,False,0.1427700230500275,,NP_001015892,
ENSG00000112972,HMGCS1,ENST00000325110,ENSP00000322706,ENSP00000322706,HMGCS1,ENST00000325110,ENSP00000322706,ENSP00000322706,GKLSIQCYLSALDRC,,,True,4.5,4.190123470504188,KTNLMQLFEESGNTD,,,True,5.0,5.257210044423094,EIYFPSQYVDQAELE,,,True,6.0,6.088863154855433,NP_013580.1,GHFSLTCYVKALDQV,0.7083333333333334,0.4666666666666667,,,,,,False,4.094453984436766,,NP_001091742,XP_047273091,NP_013580.1,KSVLMQLFGENTDVE,0.5,0.4666666666666667,0.4255342030566554,0.0,0.9068171711933222,0.0,0.0931828288066778,False,4.553615889622681,5.5,NP_001091742,XP_047273091,NP_013580.1,QIYIPTQCVNQSELE,0.6574074074074074,0.6,,,,,,False,1.1434797792792124,,NP_001091742,XP_047273091
ENSG00000211456,SACM1L,ENST00000418611,ENSP00000396387,ENSP00000373713,SACM1L,ENST00000418611,ENSP00000396387,ENSP00000373713,LAYVXKDFVDAPRLV,topological domain,Cytoplasmic,True,4.0,2.638751289876205,HITPEKFYVEACDDG,topological domain,Cytoplasmic,True,4.0,0.0769268651909413,LNVDGFYFSTTYDLT,topological domain,Cytoplasmic,True,4.5,2.2840415249019457,NP_012710.1,RLGAFNDFLNSASRY,0.4027777777777777,0.1333333333333333,,,,,,False,3.6510127760158473,,NP_054735,,NP_012710.1,GLSNEDFFHKVIDSN,0.3875,0.2,,,,,,False,2.888432694281582,,NP_054735,,NP_012710.1,LKNSTFYFSYTYDLT,0.7857142857142857,0.6666666666666666,,,,,,False,4.073166299725157,,NP_054735,
ENSG00000100714,MTHFD1,ENST00000697168,ENSP00000513156,ENSP00000498336,MTHFD1,ENST00000697168,ENSP00000513156,ENSP00000498336,KVVGDVAYDEAKERA,,,True,4.0,-2.015578678978633,LSEEVELYGETKAKV,,,True,4.5,-0.6495629750432717,TESEVMKYITSLNED,,,True,5.5,4.701557625667605,NP_011720.3,KCVGDVEFNEAIKYV,0.4444444444444445,0.4666666666666667,0.5433868219884584,0.0,0.194055959774484,0.0,0.805944040225516,True,-2.687707233239182,4.0,NP_005947,,NP_011720.3,YSHELELYGHYKAKI,0.6190476190476191,0.6,,,,,,False,-0.9827285574083816,,NP_005947,,NP_011720.3,TEFEVLRYVDQLNED,0.4972222222222222,0.6,0.2345579323923068,0.0,0.4154398862446554,0.0,0.5845601137553446,False,5.023502248026459,7.5,NP_005947,
ENSG00000103089,FA2H,ENST00000219368,ENSP00000219368,ENSP00000219368,FA2H,ENST00000219368,ENSP00000219368,ENSP00000219368,FTSFTTEYTVAVPXI,,,True,5.5,0.4700663499210739,TKLWDYCFHTLTPEK,,,True,6.5,6.963038016414996,AQGNVRLFTSFTTEY,,,True,6.5,1.965972946618091,NP_013999.1,HYLPMDKYRLVMPPT,0.375,0.1333333333333333,,,,,,False,4.9357792044659,,NP_077282,XP_011521619,NP_013999.1,HFLLHGCHHYLPMDK,0.3648809523809524,0.3333333333333333,,,,,,False,3.1455263788660823,,NP_077282,XP_011521619,NP_013999.1,GKGSAPLFGNFLEPL,0.4388888888888889,0.2666666666666666,,,,,,False,3.5174741968544527,,NP_077282,XP_011521619
ENSG00000100410,PHF5A,ENST00000216252,ENSP00000216252,ENSP00000216252,PHF5A,ENST00000216252,ENSP00000216252,ENSP00000216252,GSSKTDLFYERKKYG,,,True,7.0,-1.3384412006900612,RICDECNYGSYQGRC,,,True,7.5,-2.9386099966549546,GGPGVSDAYYCKECT,,,True,7.5,0.3311633753678422,NP_015419.1,GSNRLDRHFEKKKKV,0.3958333333333333,0.4,,,,,,False,7.023538779673468,,NP_116147,,NP_015419.1,GCPRILNLGSNRLDR,0.236111111111111,0.2,,,,,,False,4.786024006565462,,NP_116147,,NP_015419.1,LNVGVNDAFYCWECC,0.9166666666666666,0.5333333333333333,,,,,,False,-0.8360794284738867,,NP_116147,
ENSG00000205339,IPO7,ENST00000379719,ENSP00000369042,ENSP00000369042,IPO7,ENST00000379719,ENSP00000369042,ENSP00000369042,VIFPLMCYTDADEEL,,,True,4.0,3.823352822814011,IDQCIPLFVEAALER,,,True,4.5,4.047294652322657,PGNVSKEYNEFAEVF,,,True,5.0,8.987641247478981,NP_012666.2,GYDAKETFDDLEEDP,0.3138888888888889,0.1333333333333333,0.3860029906167018,0.0,0.47943186156867,0.0,0.52056813843133,False,0.0255973143696158,5.0,NP_006382,,NP_012666.2,IMLDNALQIESCLRI,0.5666666666666667,0.2666666666666666,,,,,,False,-3.144956442436235,,NP_006382,,NP_012666.2,SLTRKFQYDEFKQMY,0.6611111111111111,0.2,0.4764685454489555,0.0,0.4847956211414011,0.0,0.5152043788585988,False,5.549250457489726,7.0,NP_006382,
ENSG00000196850,PPTC7,ENST00000354300,ENSP00000346255,ENSP00000346255,PPTC7,ENST00000354300,ENSP00000346255,ENSP00000346255,GCGFGKDFRKGLLKK,,,True,6.5,0.3429028617001222,RSDEQQHYFNTPFQL,,,True,6.5,0.2771619470372152,SDEQQHYFNTPFQLS,,,True,6.5,2.870751425035621,NP_011943.2,GDSWCGVFRDSKLVF,0.3472222222222221,0.2666666666666666,0.6930965438871015,0.0,0.176413769135914,0.0,0.823586230864086,True,7.915621684152271,5.0,NP_644812,XP_024304638,NP_011943.2,VFRDSKLVFQTKFQT,0.3333333333333333,0.2666666666666666,,,,,,False,-1.460791659084525,,NP_644812,XP_024304638,NP_011943.2,TKFQTVGFNAPYQLS,0.5833333333333334,0.4666666666666667,,,,,,False,2.617963049889176,,NP_644812,XP_024304638
ENSG00000186591,UBE2H,ENST00000355621,ENSP00000347836,ENSP00000347836,UBE2H,ENST00000355621,ENSP00000347836,ENSP00000347836,SSMSDFSEDEAQDME,,,True,6.5,0.3327383049456092,SESSMSDFSEDEAQD,,,True,6.5,2.2950738314522585,LYDLTNIFESFLPQL,,,True,7.0,0.5174594648860421,NP_010904.2,LSDIDVSDDDDYDEV,0.5555555555555555,0.3333333333333333,,,,,,False,0.2923891828200673,,NP_003335,,NP_010904.2,GDDSVDELSEDLSDI,0.6083333333333333,0.2666666666666666,,,,,,False,-0.2664193596910885,,NP_003335,,NP_010904.2,LYDLINIVEWMIPGL,0.4128787878787879,0.6,,,,,,False,2.050359624965316,,NP_003335,
ENSG00000082898,XPO1,ENST00000677476,ENSP00000503789,ENSP00000384863,XPO1,ENST00000677476,ENSP00000503789,ENSP00000384863,QPQQVHTFYEAVGYM,,,True,3.0,-1.1001463186308689,EVEETEIFKICLEYW,,,True,4.0,-1.2445095793813714,LNMINKDFEEYPEHR,,,True,4.5,-5.208056419553226,NP_011734.3,QPQQVHTFYKACGII,0.8666666666666667,0.7333333333333333,,,,,,False,0.4066941690911271,,NP_003391,XP_047301715,NP_011734.3,SKEFEQIFKLCFQVL,0.8166666666666668,0.3333333333333333,,,,,,False,3.641393095843706,,NP_003391,XP_047301715,NP_011734.3,LDMINKDFTEYPEHR,0.7999999999999999,0.8666666666666667,0.2741279891545987,0.0,0.4687719792832946,0.0,0.5312280207167054,False,-5.28388511919779,4.5,NP_003391,XP_047301715
ENSG00000138442,WDR12,ENST00000261015,ENSP00000261015,ENSP00000261015,WDR12,ENST00000261015,ENSP00000261015,ENSP00000261015,EEVVEIEYVEKYTAP,,,True,4.5,2.062070403378707,EAVSSVLWSDAEEIC,,,True,5.0,2.7268881532684786,VDGSGTKFCSGSWDK,,,True,6.0,3.800854213097622,NP_014915.3,TITREDKSVQKGVND,0.35,0.2,,,,,,False,4.151057473774032,,NP_060726,,NP_014915.3,PENEYILCSGSHDGT,0.3657407407407407,0.1333333333333333,,,,,,False,-0.2483082022204074,,NP_060726,,NP_014915.3,CPENEYILCSGSHDG,0.3333333333333333,0.3333333333333333,,,,,,False,6.174292856964715,,NP_060726,
ENSG00000149084,HSD17B12,ENST00000638034,ENSP00000490701,ENSP00000278353,HSD17B12,ENST00000638034,ENSP00000490701,ENSP00000278353,SYEYPEYFLDVPDLD,,,True,5.0,0.4440050818545347,ILXTFVDFFSQCLHE,,,True,5.0,3.747600950694656,KGAILXTFVDFFSQC,,,True,5.5,4.072406808977015,NP_009717.1,SHSIPVPFLETEEKE,0.3952380952380952,0.2666666666666666,0.5163334893954488,0.0,0.4634988472637946,0.0,0.5365011527362055,False,-0.6929659887286983,4.0,NP_057226,XP_024304339,NP_009717.1,MIPNPQQFVKSTLRS,0.2916666666666667,0.1333333333333333,,,,,,False,0.1866907136148254,,NP_057226,XP_024304339,NP_009717.1,TYSGSKSFLQGWSNS,0.3333333333333333,0.1333333333333333,,,,,,False,-0.2710189578461144,,NP_057226,XP_024304339
ENSG00000008311,AASS,ENST00000679864,ENSP00000505958,ENSP00000403768,AASS,ENST00000679864,ENSP00000505958,ENSP00000403768,NVAGGISFLDAVTSM,,,True,3.5,0.2211176122773525,FNELPCEYVEPHELK,,,True,5.0,1.2504785489351482,DAVTSMDFFPGLNLE,,,True,5.0,5.705369511192553,NP_014448.1,WNEALKQYLGAKSTS,0.4186507936507936,0.1333333333333333,,,,,,False,3.699053505214563,,NP_005754,XP_047275666,NP_014448.1,TDVVTSSYISPALRE,0.3333333333333333,0.1333333333333333,0.2979153415601492,0.0,0.5341057788265573,0.0,0.4658942211734427,False,11.291376634747454,6.5,NP_005754,XP_047275666,NP_014448.1,TVMNEIGLDPGIDHL,0.25,0.1333333333333333,,,,,,False,-0.1991264532933161,,NP_005754,XP_047275666
ENSG00000159720,ATP6V0D1,ENST00000564788,ENSP00000455695,ENSP00000290949,ATP6V0D1,ENST00000564191,ENSP00000456695,ENSP00000290949,DTPLAAFFQDCISEQ,,,True,4.0,2.373175686503729,AYEPLASFLDFITYS,,,True,5.5,2.9875306561049224,RNTLYKAYLESFYKF,,,True,5.5,-0.7248804636778353,NP_013552.3,DTPLAPYFKNCFDTA,0.4658730158730158,0.4666666666666667,,,,,,False,2.478776634867187,,NP_004682,XP_011521748,NP_013552.3,SSGSTRKFMDYITYG,0.638095238095238,0.3333333333333333,0.3145519018202125,0.0,0.2594956968127438,0.0,0.7405043031872561,False,-2.702349286147339,6.5,NP_004682,XP_011521748,NP_013552.3,RNKLYKAYLEDFYNF,0.8333333333333334,0.8,,,,,,False,0.5055597326602962,,NP_004682,XP_011521748
ENSG00000163382,NAXE,ENST00000368234,ENSP00000357217,ENSP00000357218,NAXE,ENST00000368234,ENSP00000357217,ENSP00000357218,DQELFNEYQFSVDQL,,,True,5.0,-2.483327344665178,YQLNLPPYPDTECVY,,,True,5.5,7.02426452651749,KGDVREPFHSILSVL,,,True,6.0,6.785688776812589,NP_014199.1,LCIVDAIFGFSFKPP,0.2027777777777778,0.1333333333333333,,,,,,False,1.1350683309014549,,NP_658985,,NP_014199.1,LVSLTVPKPCSSHIR,0.1902777777777778,0.1333333333333333,,,,,,False,2.136761951828319,,NP_658985,,NP_014199.1,KPPMREPFKGIVEEL,0.4666666666666666,0.4666666666666667,,,,,,False,-0.191442557087801,,NP_658985,
ENSG00000138326,RPS24,ENST00000440692,ENSP00000414321,ENSP00000494231,RPS24,ENST00000440692,ENSP00000414321,ENSP00000494231,REKLAKMYKTTPDVI,,,True,5.0,7.761904768203221,VFGFRTHFGGGKTTG,,,True,7.0,1.341934459428995,DVIFVFGFRTHFGGG,,,True,7.0,3.18856758498472,NP_010997.3,REKLAEVYKAEKDAV,0.5083333333333333,0.5333333333333333,,,,,,False,2.8023622333496983,,NP_001135755,,NP_010997.3,VFGFRTQFGGGKSVG,0.7083333333333334,0.8,,,,,,False,4.690153971593984,,NP_001135755,,NP_010997.3,DAVSVFGFRTQFGGG,0.8333333333333334,0.7333333333333333,0.470242972580105,0.0,0.5379076518565298,0.0,0.4620923481434702,False,2.894843031791402,7.0,NP_001135755,
ENSG00000204388,HSPA1B,ENST00000375650,ENSP00000364801,ENSP00000364801,HSPA1B,ENST00000375650,ENSP00000364801,ENSP00000364801,SLFEGIDFYTSITRA,,,True,3.0,0.550853860315178,EELCSDLFRSTLEPV,,,True,3.5,2.127889532975465,VQKLLQDFFNGRDLN,,,True,4.5,3.490225434049895,NP_011029.3,SLFEGIDFYTSITRA,1.0,1.0,0.2052851157754291,0.0,0.3290532330134503,0.0,0.6709467669865496,False,0.550853860315178,3.0,NP_005337,,NP_011029.3,EELCADLFRSTLEPV,1.0,0.9333333333333332,0.5281760557976674,0.0,0.4930493750748808,0.0,0.5069506249251192,False,5.1255050707779874,3.5,NP_005337,,NP_011029.3,VQKLVSDFFNGKEPN,0.9,0.6666666666666666,,,,,,False,2.755557558711591,,NP_005337,
ENSG00000149554,CHEK1,ENST00000438015,ENSP00000388648,ENSP00000435371,CHEK1,ENST00000438015,ENSP00000388648,ENSP00000435371,PSDSCQEYSDWKEKK,,,True,4.5,-2.646976039694583,IQYLFLEYCSGGELF,,,True,4.5,0.9178594123623568,SSEENVKYSSSQPEP,,,True,5.5,1.2471837684673557,NP_009833.1,YMWIILEMADGGDLF,0.3416666666666666,0.1333333333333333,,,,,,False,1.9318214112715824,,NP_001265,XP_024304105,NP_009833.1,SYDSNTNYNSGTGMT,0.3611111111111111,0.2,0.6542907731997961,0.0,0.1980771082242966,0.0,0.8019228917757033,True,1.5423925177940363,6.0,NP_001265,XP_024304105,NP_009833.1,DTNSNNRYISTQPIG,0.5166666666666667,0.3333333333333333,0.2613659752151976,0.0,0.2448509113239933,0.0,0.7551490886760067,False,2.9116887835918903,6.5,NP_001265,XP_024304105
ENSG00000115421,PAPOLG,ENST00000238714,ENSP00000238714,ENSP00000238714,PAPOLG,ENST00000238714,ENSP00000238714,ENSP00000238714,LTYDIQSFTDTVYRQ,,,True,4.5,1.5279321160581656,RHVERSDFFQSFFEK,,,True,5.0,1.8102277246903424,DTDNGTPFNSPASKS,,,True,5.5,7.134681933794041,NP_012927.3,IKDAPKAYLSTMYIG,0.4047619047619048,0.1333333333333333,0.4249812590991514,0.0,0.7470833164145142,0.0,0.2529166835854858,False,2.8501720328480737,6.0,NP_075045,XP_005264557,NP_012927.3,LFEKNDFFFRYKFYL,0.4023809523809523,0.2,,,,,,False,-2.6399439405954466,,NP_075045,XP_005264557,NP_012927.3,GIKIAHPFTKPFESS,0.5,0.2666666666666666,,,,,,False,5.721952916552393,,NP_075045,XP_005264557
ENSG00000099901,RANBP1,ENST00000430524,ENSP00000401564,ENSP00000384925,RANBP1,ENST00000430524,ENSP00000401564,ENSP00000384925,FKMRAKLFRFASEND,,,True,5.5,6.912947391677154,AQKFKTKFEECRKEI,,,True,5.5,-0.1714455795676978,NAENAQKFKTKFEEC,,,True,6.5,4.504586846218444,NP_010285.1,YKVRAKLFRFDADAK,0.6666666666666666,0.5333333333333333,,,,,,False,10.320294694883897,,NP_001265569,,NP_010285.1,EKPETKKDEEDTKEE,0.5,0.3333333333333333,,,,,,False,0.3036067698706141,,NP_001265569,,NP_010285.1,SKENADKFKEEFEKA,0.6666666666666666,0.5333333333333333,,,,,,False,3.492460837221535,,NP_001265569,
ENSG00000237724,HSPA1A,ENST00000441618,ENSP00000406359,ENSP00000406359,HSPA1A,ENST00000441618,ENSP00000406359,ENSP00000406359,SLFEGIDFYTSITRA,,,True,3.0,0.550853860315178,EELCSDLFRSTLEPV,,,True,3.5,2.127889532975465,VQKLLQDFFNGRDLN,,,True,4.5,3.490225434049895,NP_011029.3,SLFEGIDFYTSITRA,1.0,1.0,0.2052851157754291,0.0,0.3290532330134503,0.0,0.6709467669865496,False,0.550853860315178,3.0,NP_005336,,NP_011029.3,EELCADLFRSTLEPV,1.0,0.9333333333333332,0.5281760557976674,0.0,0.4930493750748808,0.0,0.5069506249251192,False,5.1255050707779874,3.5,NP_005336,,NP_011029.3,VQKLVSDFFNGKEPN,0.9,0.6666666666666666,,,,,,False,2.755557558711591,,NP_005336,
ENSG00000236251,HSPA1L,ENST00000456772,ENSP00000408347,ENSP00000408347,HSPA1L,ENST00000456772,ENSP00000408347,ENSP00000408347,SLYEGIDFYTSITRA,,,True,3.0,0.550853860315178,EELCADLFRGTLEPV,,,True,5.0,3.828854925940783,VQRLLQDYFNGRDLN,,,True,5.0,3.490225434049895,NP_013076.1,SLFEGIDFYTSITRA,1.0,0.9333333333333332,0.2052851157754291,0.0,0.3290532330134503,0.0,0.6709467669865496,False,0.550853860315178,3.0,NP_005518,,NP_013076.1,EELCADLFRSTLDPV,0.7222222222222222,0.8666666666666667,0.5277315206538075,0.0,0.6069958501864027,0.0,0.3930041498135973,False,5.1255050707779874,3.5,NP_005518,,NP_013076.1,VQKLVTDYFNGKEPN,0.9,0.6,,,,,,False,1.87925660693721,,NP_005518,
ENSG00000224501,HSPA1B,ENST00000391548,ENSP00000375391,ENSP00000375391,HSPA1B,ENST00000391548,ENSP00000375391,ENSP00000375391,SLFEGIDFYTSITRA,,,True,3.0,0.550853860315178,EELCSDLFRSTLEPV,,,True,3.5,2.127889532975465,VQKLLQDFFNGRDLN,,,True,4.5,3.490225434049895,NP_011029.3,SLFEGIDFYTSITRA,1.0,1.0,0.2052851157754291,0.0,0.3290532330134503,0.0,0.6709467669865496,False,0.550853860315178,3.0,NP_005337,,NP_011029.3,EELCADLFRSTLEPV,1.0,0.9333333333333332,0.5281760557976674,0.0,0.4930493750748808,0.0,0.5069506249251192,False,5.1255050707779874,3.5,NP_005337,,NP_011029.3,VQKLVSDFFNGKEPN,0.9,0.6666666666666666,,,,,,False,2.755557558711591,,NP_005337,
ENSG00000234475,HSPA1A,ENST00000433487,ENSP00000408907,ENSP00000408907,HSPA1A,ENST00000433487,ENSP00000408907,ENSP00000408907,SLFEGIDFYTSITRA,,,True,3.0,0.550853860315178,EELCSDLFRSTLEPV,,,True,3.5,2.127889532975465,VQKLLQDFFNGRDLN,,,True,4.5,3.490225434049895,NP_011029.3,SLFEGIDFYTSITRA,1.0,1.0,0.2052851157754291,0.0,0.3290532330134503,0.0,0.6709467669865496,False,0.550853860315178,3.0,NP_005336,,NP_011029.3,EELCADLFRSTLEPV,1.0,0.9333333333333332,0.5281760557976674,0.0,0.4930493750748808,0.0,0.5069506249251192,False,5.1255050707779874,3.5,NP_005336,,NP_011029.3,VQKLVSDFFNGKEPN,0.9,0.6666666666666666,,,,,,False,2.755557558711591,,NP_005336,
ENSG00000231555,HSPA1B,ENST00000445736,ENSP00000403530,ENSP00000403530,HSPA1B,ENST00000445736,ENSP00000403530,ENSP00000403530,SLFEGIDFYTSITRA,,,True,3.0,0.550853860315178,EELCSDLFRSTLEPV,,,True,3.5,2.127889532975465,VQKLLQDFFNGRDLN,,,True,4.5,3.490225434049895,NP_011029.3,SLFEGIDFYTSITRA,1.0,1.0,0.2052851157754291,0.0,0.3290532330134503,0.0,0.6709467669865496,False,0.550853860315178,3.0,NP_005337,,NP_011029.3,EELCADLFRSTLEPV,1.0,0.9333333333333332,0.5281760557976674,0.0,0.4930493750748808,0.0,0.5069506249251192,False,5.1255050707779874,3.5,NP_005337,,NP_011029.3,VQKLVSDFFNGKEPN,0.9,0.6666666666666666,,,,,,False,2.755557558711591,,NP_005337,
ENSG00000232804,HSPA1B,ENST00000450744,ENSP00000393087,ENSP00000393087,HSPA1B,ENST00000450744,ENSP00000393087,ENSP00000393087,SLFEGIDFYTSITRA,,,True,3.0,0.550853860315178,EELCSDLFRSTLEPV,,,True,3.5,2.127889532975465,VQKLLQDFFNGRDLN,,,True,4.5,3.490225434049895,NP_011029.3,SLFEGIDFYTSITRA,1.0,1.0,0.2052851157754291,0.0,0.3290532330134503,0.0,0.6709467669865496,False,0.550853860315178,3.0,NP_005337,,NP_011029.3,EELCADLFRSTLEPV,1.0,0.9333333333333332,0.5281760557976674,0.0,0.4930493750748808,0.0,0.5069506249251192,False,5.1255050707779874,3.5,NP_005337,,NP_011029.3,VQKLVSDFFNGKEPN,0.9,0.6666666666666666,,,,,,False,2.755557558711591,,NP_005337,
ENSG00000226704,HSPA1L,ENST00000426095,ENSP00000409151,ENSP00000409151,HSPA1L,ENST00000426095,ENSP00000409151,ENSP00000409151,SLYEGIDFYTSITRA,,,True,3.0,0.550853860315178,VQRLLQDYFNGRDLN,,,True,5.0,3.490225434049895,EELCADLFRGTLEPV,,,True,5.0,3.828854925940783,NP_013076.1,SLFEGIDFYTSITRA,1.0,0.9333333333333332,0.2052851157754291,0.0,0.3290532330134503,0.0,0.6709467669865496,False,0.550853860315178,3.0,NP_005518,,NP_013076.1,VQKLVTDYFNGKEPN,0.9,0.6,,,,,,False,1.87925660693721,,NP_005518,,NP_013076.1,EELCADLFRSTLDPV,0.7222222222222222,0.8666666666666667,0.5277315206538075,0.0,0.6069958501864027,0.0,0.3930041498135973,False,5.1255050707779874,3.5,NP_005518,
ENSG00000235941,HSPA1A,ENST00000430065,ENSP00000404524,ENSP00000404524,HSPA1A,ENST00000430065,ENSP00000404524,ENSP00000404524,SLFEGIDFYTSITRA,,,True,3.0,0.550853860315178,EELCSDLFRSTLEPV,,,True,3.5,2.127889532975465,VQKLLQDFFNGRDLN,,,True,4.5,3.490225434049895,NP_011029.3,SLFEGIDFYTSITRA,1.0,1.0,0.2052851157754291,0.0,0.3290532330134503,0.0,0.6709467669865496,False,0.550853860315178,3.0,NP_005336,,NP_011029.3,EELCADLFRSTLEPV,1.0,0.9333333333333332,0.5281760557976674,0.0,0.4930493750748808,0.0,0.5069506249251192,False,5.1255050707779874,3.5,NP_005336,,NP_011029.3,VQKLVSDFFNGKEPN,0.9,0.6666666666666666,,,,,,False,2.755557558711591,,NP_005336,
ENSG00000234258,HSPA1L,ENST00000417601,ENSP00000396486,ENSP00000396486,HSPA1L,ENST00000417601,ENSP00000396486,ENSP00000396486,SLYEGIDFYTSITRA,,,True,3.0,0.550853860315178,VQRLLQDYFNGRDLN,,,True,5.0,3.490225434049895,EELCADLFRGTLEPV,,,True,5.0,3.828854925940783,NP_013076.1,SLFEGIDFYTSITRA,1.0,0.9333333333333332,0.2052851157754291,0.0,0.3290532330134503,0.0,0.6709467669865496,False,0.550853860315178,3.0,NP_005518,,NP_013076.1,VQKLVTDYFNGKEPN,0.9,0.6,,,,,,False,1.87925660693721,,NP_005518,,NP_013076.1,EELCADLFRSTLDPV,0.7222222222222222,0.8666666666666667,0.5277315206538075,0.0,0.6069958501864027,0.0,0.3930041498135973,False,5.1255050707779874,3.5,NP_005518,
ENSG00000206383,HSPA1L,ENST00000383390,ENSP00000372881,ENSP00000372881,HSPA1L,ENST00000383390,ENSP00000372881,ENSP00000372881,SLYEGIDFYTSITRA,,,True,3.0,0.550853860315178,EELCADLFRGTLEPV,,,True,5.0,3.828854925940783,VQRLLQDYFNGRDLN,,,True,5.0,3.490225434049895,NP_013076.1,SLFEGIDFYTSITRA,1.0,0.9333333333333332,0.2052851157754291,0.0,0.3290532330134503,0.0,0.6709467669865496,False,0.550853860315178,3.0,NP_005518,,NP_013076.1,EELCADLFRSTLDPV,0.7222222222222222,0.8666666666666667,0.5277315206538075,0.0,0.6069958501864027,0.0,0.3930041498135973,False,5.1255050707779874,3.5,NP_005518,,NP_013076.1,VQKLVTDYFNGKEPN,0.9,0.6,,,,,,False,1.87925660693721,,NP_005518,
ENSG00000215328,HSPA1A,ENST00000400040,ENSP00000382915,ENSP00000382915,HSPA1A,ENST00000400040,ENSP00000382915,ENSP00000382915,SLFEGIDFYTSITRA,,,True,3.0,0.550853860315178,EELCSDLFRSTLEPV,,,True,3.5,2.127889532975465,VQKLLQDFFNGRDLN,,,True,4.5,3.490225434049895,NP_011029.3,SLFEGIDFYTSITRA,1.0,1.0,0.2052851157754291,0.0,0.3290532330134503,0.0,0.6709467669865496,False,0.550853860315178,3.0,NP_005336,,NP_011029.3,EELCADLFRSTLEPV,1.0,0.9333333333333332,0.5281760557976674,0.0,0.4930493750748808,0.0,0.5069506249251192,False,5.1255050707779874,3.5,NP_005336,,NP_011029.3,VQKLVSDFFNGKEPN,0.9,0.6666666666666666,,,,,,False,2.755557558711591,,NP_005336,
ENSG00000212866,HSPA1B,ENST00000391555,ENSP00000375399,ENSP00000375399,HSPA1B,ENST00000391555,ENSP00000375399,ENSP00000375399,SLFEGIDFYTSITRA,,,True,3.0,0.550853860315178,EELCSDLFRSTLEPV,,,True,3.5,2.127889532975465,VQKLLQDFFNGRDLN,,,True,4.5,3.490225434049895,NP_011029.3,SLFEGIDFYTSITRA,1.0,1.0,0.2052851157754291,0.0,0.3290532330134503,0.0,0.6709467669865496,False,0.550853860315178,3.0,NP_005337,,NP_011029.3,EELCADLFRSTLEPV,1.0,0.9333333333333332,0.5281760557976674,0.0,0.4930493750748808,0.0,0.5069506249251192,False,5.1255050707779874,3.5,NP_005337,,NP_011029.3,VQKLVSDFFNGKEPN,0.9,0.6666666666666666,,,,,,False,2.755557558711591,,NP_005337,
ENSG00000204390,HSPA1L,ENST00000375654,ENSP00000364805,ENSP00000364805,HSPA1L,ENST00000375654,ENSP00000364805,ENSP00000364805,SLYEGIDFYTSITRA,,,True,3.0,0.550853860315178,VQRLLQDYFNGRDLN,,,True,5.0,3.490225434049895,EELCADLFRGTLEPV,,,True,5.0,3.828854925940783,NP_013076.1,SLFEGIDFYTSITRA,1.0,0.9333333333333332,0.2052851157754291,0.0,0.3290532330134503,0.0,0.6709467669865496,False,0.550853860315178,3.0,NP_005518,,NP_013076.1,VQKLVTDYFNGKEPN,0.9,0.6,,,,,,False,1.87925660693721,,NP_005518,,NP_013076.1,EELCADLFRSTLDPV,0.7222222222222222,0.8666666666666667,0.5277315206538075,0.0,0.6069958501864027,0.0,0.3930041498135973,False,5.1255050707779874,3.5,NP_005518,
ENSG00000204389,HSPA1A,ENST00000375651,ENSP00000364802,ENSP00000364802,HSPA1A,ENST00000375651,ENSP00000364802,ENSP00000364802,SLFEGIDFYTSITRA,,,True,3.0,0.550853860315178,EELCSDLFRSTLEPV,,,True,3.5,2.127889532975465,VQKLLQDFFNGRDLN,,,True,4.5,3.490225434049895,NP_011029.3,SLFEGIDFYTSITRA,1.0,1.0,0.2052851157754291,0.0,0.3290532330134503,0.0,0.6709467669865496,False,0.550853860315178,3.0,NP_005336,,NP_011029.3,EELCADLFRSTLEPV,1.0,0.9333333333333332,0.5281760557976674,0.0,0.4930493750748808,0.0,0.5069506249251192,False,5.1255050707779874,3.5,NP_005336,,NP_011029.3,VQKLVSDFFNGKEPN,0.9,0.6666666666666666,,,,,,False,2.755557558711591,,NP_005336,
ENSG00000124207,CSE1L,ENST00000396192,ENSP00000379495,ENSP00000262982,CSE1L,ENST00000396192,ENSP00000379495,ENSP00000262982,DIEDTPGYQTAFSQL,,,True,4.0,-2.911448064748395,TIPDEEHFIDIEDTP,,,True,4.5,-0.3872907685904118,IRRPAEKFLESVEGN,,,True,4.5,1.53022478775958,NP_011276.1,GQFFQSKYPTLISST,0.3678571428571429,0.2,0.4154741155805749,0.0,0.4067635606864839,0.0,0.5932364393135161,False,2.426520925857524,7.5,NP_001307,,NP_011276.1,GSDFLIHFIDEVQDG,0.5666666666666667,0.2666666666666666,,,,,,False,4.120178989480852,,NP_001307,,NP_011276.1,LMPILATFLQTDEYV,0.5666666666666668,0.2,,,,,,False,2.7318773866297468,,NP_001307,
ENSG00000091127,PUS7,ENST00000481939,ENSP00000418794,ENSP00000417402,PUS7,ENST00000481939,ENSP00000418794,ENSP00000417402,EEEESESFADMMKHG,,,True,5.0,0.1063239307994242,QDGLQNDFLSISEDV,,,True,5.0,1.409517961863536,EEEEDGLSEECEEEE,,,True,6.0,-2.474378398369776,NP_014886.1,ENALLYSLSNQRKEE,0.4027777777777778,0.2,,,,,,False,4.557229574030593,,NP_061915,XP_016867856,NP_014886.1,EIFGEEDVLKIESVY,0.4583333333333333,0.2,,,,,,False,2.6898205517835643,,NP_061915,XP_016867856,NP_014886.1,NALLYSLSNQRKEED,0.4666666666666666,0.2666666666666666,,,,,,False,1.3650470940841617,,NP_061915,XP_016867856
ENSG00000105486,LIG1,ENST00000263274,ENSP00000263274,ENSP00000263274,LIG1,ENST00000699869,ENSP00000514665,ENSP00000263274,ETEGEFVFATSLDTK,,,True,3.5,1.3249159795363494,FVETEGEFVFATSLD,,,True,4.5,0.8831754537173815,DIEQIAEFLEQSVKD,,,True,5.0,0.0451214295657896,NP_010117.1,GPKATFVFDSSAEPD,0.5527777777777778,0.2666666666666666,0.5045477930139896,0.0,0.3490730316235585,0.0,0.6509269683764415,False,6.3211876173316845,4.5,NP_000225,,NP_010117.1,IDGPKATFVFDSSAE,0.5777777777777777,0.2666666666666666,,,,,,False,-0.3055579373454815,,NP_000225,,NP_010117.1,NLDELQKFLDESVNH,0.6555555555555556,0.2666666666666666,,,,,,False,5.390917647282182,,NP_000225,
ENSG00000130348,QRSL1,ENST00000369046,ENSP00000358042,ENSP00000358042,QRSL1,ENST00000369046,ENSP00000358042,ENSP00000358042,ANDFVNAFNSGVDVL,,,True,5.0,5.318025729747067,RRLIANDFVNAFNSG,,,True,5.5,7.232409532096693,PIAVKDNFSTSGIET,,,True,5.5,5.280908820479104,NP_014021.1,SRFGVIAYSQSLDTV,0.4464285714285714,0.2,,,,,,False,0.016021116225765,,NP_060762,XP_011534226,NP_014021.1,SDAFKNNFIKAEKLR,0.4861111111111111,0.2,,,,,,False,0.0076167202317954,,NP_060762,XP_011534226,NP_014021.1,SFQSKYNIFTSINPS,0.3611111111111111,0.2666666666666666,,,,,,False,4.750649613585814,,NP_060762,XP_011534226
ENSG00000075785,RAB7A,ENST00000676214,ENSP00000501618,ENSP00000265062,RAB7A,ENST00000676214,ENSP00000501618,ENSP00000265062,YSKNNIPYFETSAKE,,,True,4.5,-0.5559330764670387,QETEVELYNEFPEPI,,,True,5.0,-1.5313460138607056,FQSLGVAFYRGADCC,,,True,5.5,2.4088478372279134,NP_013713.1,KSLGDIPLFLTSAKN,0.5,0.5333333333333333,,,,,,False,-0.2961706039042115,,NP_004628,,NP_013713.1,AKNAINVDTAFEEIA,0.25,0.1333333333333333,,,,,,False,2.595322567711715,,NP_004628,,NP_013713.1,FQSLGVAFYRGADCC,1.0,1.0,,,,,,False,2.4088478372279134,,NP_004628,
ENSG00000292339,ASMTL,ENST00000711197,ENSP00000518600,ENSP00000518600,ASMTL,ENST00000711197,ENSP00000518600,ENSP00000518600,GKKAEDLFQDAYYQS,,,True,4.5,1.069338510147146,EDLFQDAYYQSPETR,,,True,4.5,-0.9239273497443216,TAFNLSRFSSACDVG,,,True,5.0,11.009876997345158,NP_014754.3,ENFELVPFRDETKVY,0.1952380952380952,0.1333333333333333,,,,,,False,7.071226450897793,,NP_004183,XP_005274840,NP_014754.3,PLRILEEYVESGDGL,0.3805555555555556,0.1333333333333333,0.5915579597996823,0.0,0.7606651341965485,0.0,0.2393348658034515,False,1.6604867233727332,3.5,NP_004183,XP_005274840,NP_014754.3,QKKFLMKFCYEDDEP,0.3005291005291005,0.2,,,,,,False,4.410119277847944,,NP_004183,XP_005274840
ENSG00000169093,ASMTL,ENST00000381317,ENSP00000370718,ENSP00000370718,ASMTL,ENST00000381317,ENSP00000370718,ENSP00000370718,GKKAEDLFQDAYYQS,,,True,4.5,1.069338510147146,EDLFQDAYYQSPETR,,,True,4.5,-0.9239273497443216,TAFNLSRFSSACDVG,,,True,5.0,11.009876997345158,NP_014754.3,ENFELVPFRDETKVY,0.1952380952380952,0.1333333333333333,,,,,,False,7.071226450897793,,NP_004183,XP_005274491,NP_014754.3,PLRILEEYVESGDGL,0.3805555555555556,0.1333333333333333,0.5915579597996823,0.0,0.7606651341965485,0.0,0.2393348658034515,False,1.6604867233727332,3.5,NP_004183,XP_005274491,NP_014754.3,QKKFLMKFCYEDDEP,0.3005291005291005,0.2,,,,,,False,4.410119277847944,,NP_004183,XP_005274491
ENSG00000067057,PFKP,ENST00000699222,ENSP00000514216,ENSP00000370517,PFKP,ENST00000699222,ENSP00000514216,ENSP00000370517,GADAAYIFEEPFDIR,,,True,5.5,6.1244367420936765,NNVPGSDFSIGADTA,,,True,5.5,5.433853401575505,VGSIDNDFCGTDMTI,,,True,6.0,2.017537860366139,NP_011756.1,LLKIRLVMSAPIDET,0.4166666666666667,0.1333333333333333,,,,,,False,2.710909943958957,,NP_002618,,NP_011756.1,NNVPGTEYSLGVDTC,0.7214285714285714,0.6,,,,,,False,0.7545194718749367,,NP_002618,,NP_011756.1,VGSIDNDMSGTDSTI,0.4166666666666667,0.8,,,,,,False,-0.9628218877966824,,NP_002618,
ENSG00000116120,FARSB,ENST00000281828,ENSP00000281828,ENSP00000281828,FARSB,ENST00000281828,ENSP00000281828,ENSP00000281828,HDMAAAGFTEALTFA,,,True,4.0,1.759091792016916,TVNTRNIFIECTGTD,,,True,4.5,0.1597430731956545,RTYTDEEFDELCFEF,,,True,5.0,-0.3715817241864685,NP_013161.1,DVPFAASFVEVNAEV,0.3333333333333333,0.2666666666666666,0.4590251623397212,0.0,0.567751383200988,0.0,0.432248616799012,False,2.745353424296745,6.0,NP_005678,XP_011508768,NP_013161.1,SVNTRNILIDITATD,0.3472222222222222,0.6666666666666666,,,,,,False,2.060566735527747,,NP_005678,XP_011508768,NP_013161.1,KNYTSQEFDELCFEF,1.0,0.7333333333333333,0.3020294490908857,0.0,0.1522543606458598,0.0,0.8477456393541402,True,0.2611559784475223,5.5,NP_005678,XP_011508768
ENSG00000112335,SNX3,ENST00000349379,ENSP00000296991,ENSP00000230085,SNX3,ENST00000349379,ENSP00000296991,ENSP00000230085,AYGPPSNFLEIDVSN,,,True,6.5,0.4872149922323571,DEIIDKSYTPSKIRH,,,True,6.5,0.8472770478876848,FRGDDGIFDDNFIEE,,,True,6.5,0.8077016437917233,NP_015002.3,IYAEPENFLEIEVHN,1.0,0.6,0.4750495931901619,0.0,0.2470851462129204,0.0,0.7529148537870796,False,-1.4143662506010064,6.0,NP_003786,,NP_015002.3,HPKVMVPHLPGKILL,0.3095238095238095,0.2,,,,,,False,8.175589601249703,,NP_003786,,NP_015002.3,GMDSKGMFTDYEIIC,0.4523809523809524,0.2666666666666666,0.4419362681365271,0.0,0.1587798255675122,0.0,0.8412201744324878,True,0.0814275432043934,6.5,NP_003786,
ENSG00000008988,RPS20,ENST00000618656,ENSP00000478703,ENSP00000009589,RPS20,ENST00000519807,ENSP00000429374,ENSP00000009589,GGGGGMAFKDTGKTP,,,True,5.5,-0.1043285589160348,IHKRLIDLHSPSEIV,,,True,8.5,9.8365470822037,EPGVEVEVTIADAGG,,,True,9.0,2.2563131058366475,NP_011848.1,TKVLKISTRKTPNGE,0.175,0.0666666666666666,,,,,,False,4.444292911674546,,NP_001014,,NP_011848.1,IHKRYIDLEAPVQIV,0.6083333333333333,0.6666666666666666,,,,,,False,5.409621133325405,,NP_001014,,NP_011848.1,IVKRITQITIEPGVD,0.4916666666666666,0.1333333333333333,,,,,,False,8.943587321970028,,NP_001014,
ENSG00000112031,MTRF1L,ENST00000414771,ENSP00000414383,ENSP00000356202,MTRF1L,ENST00000448966,ENSP00000415113,ENSP00000356202,WHFETLEYFPSELGG,,,True,5.5,-0.4182759296003775,SLKEYADYESLVEII,,,True,5.5,2.1242230217069222,LVQSLKEYADYESLV,,,True,5.5,-1.8921602955747847,NP_011372.3,DSAVRLTHIPSGIVV,0.425,0.2,,,,,,False,7.506144226871928,,NP_061914,,NP_011372.3,PPHPFADKPSLLELR,0.5761904761904763,0.3333333333333333,,,,,,False,1.31880836328887,,NP_061914,,NP_011372.3,RAEAEQEYAELVPQY,0.5011904761904762,0.2,0.5079583998279976,0.0,0.50780228089649,0.0,0.49219771910351,False,-1.438249861566605,6.0,NP_061914,
ENSG00000120697,ALG5,ENST00000680795,ENSP00000506082,ENSP00000239891,ALG5,ENST00000680488,ENSP00000505795,ENSP00000239891,ESIAQRSYFRTLLMY,topological domain,Lumenal,False,6.0,0.3599496300088022,MMDEALSYLEKRQKR,topological domain,Lumenal,False,6.0,1.5103827350170247,RHEEEKFFLNAKGQK,topological domain,Lumenal,False,6.5,0.9104324720031628,NP_015097.1,EAVIKRSMIRNCLMY,0.4666666666666666,0.4666666666666667,,,,,,False,-0.3979522051300977,,NP_037470,,NP_015097.1,MLTDAISFLKEKYGS,0.4595238095238096,0.2666666666666666,,,,,,False,3.8225632660716,,NP_037470,,NP_015097.1,IRGKYGLFADADGAS,0.4861111111111111,0.2,0.6336060999354648,0.0,0.3581124578692455,0.0,0.6418875421307544,False,0.1520410501806529,4.5,NP_037470,
ENSG00000123643,SLC36A1,ENST00000520701,ENSP00000428140,ENSP00000243389,SLC36A1,ENST00000520701,ENSP00000428140,ENSP00000243389,LNKSFVDYGDTVMYG,topological domain,Cytoplasmic,True,4.5,2.30445682825576,GMSPLTIFKDALISX,topological domain;transmembrane region,Cytoplasmic;Helical; Name=11,False,4.5,6.812536934547456,CRRLNKSFVDYGDTV,topological domain,Cytoplasmic,True,5.0,-3.499946535243176,NP_012776.1,DKVGVDGYGDMGRIL,0.4055555555555555,0.2,0.5513251722642803,0.0,0.6595571988912963,0.0,0.3404428011087037,False,1.7292988008442576,7.5,NP_510968,XP_047272876,NP_012776.1,ISLATYIFAQVLIFV,0.4583333333333333,0.2666666666666666,,,,,,False,5.457239023315028,,NP_510968,XP_047272876,NP_012776.1,PNFFTRNFIEFLTLY,0.4361111111111111,0.0666666666666666,0.2597438833753815,0.0,0.4741804671425029,0.0,0.525819532857497,False,-1.2469250916256875,6.0,NP_510968,XP_047272876
ENSG00000124217,MOCS3,ENST00000244051,ENSP00000244051,ENSP00000244051,MOCS3,ENST00000244051,ENSP00000244051,ENSP00000244051,DLLDYEAFCGSSATD,,,True,6.0,-1.3584932346202552,LAGQAKAFSAAASLR,,,True,6.0,6.7141765991319895,SAVECVPYTQALTPA,,,True,6.5,0.7434363447268921,NP_011979.1,GEINYELFCGARNYN,0.4444444444444444,0.3333333333333333,,,,,,False,2.989585909132858,,NP_055299,,NP_011979.1,GEINYELFCGARNYN,0.3009259259259259,0.1333333333333333,,,,,,False,2.989585909132858,,NP_055299,,NP_011979.1,CFYPTPPPPNAVTSC,0.4047619047619048,0.2,,,,,,False,0.1486908825167742,,NP_055299,
ENSG00000106105,GARS1,ENST00000675051,ENSP00000502296,ENSP00000373918,GARS1,ENST00000675051,ENSP00000502296,ENSP00000373918,EGDEQRTFFSFPAVV,,,True,5.0,4.840720805096614,TMAEIEHFVDPSEKD,,,True,5.0,4.3907295307043945,IETEGKTFQLTKDMI,,,True,5.5,-1.0683244645892156,NP_009679.2,RMVDNETLGYFIARI,0.369047619047619,0.2,,,,,,False,-1.1480129883570684,,NP_002038,,NP_009679.2,LMAEIEHFVDPLDKS,0.8888888888888888,0.7333333333333333,0.4570693577850105,0.0,0.2216238258653146,0.0,0.7783761741346852,True,4.3907295307043945,5.0,NP_002038,,NP_009679.2,NDELGTPFGVTIDFE,0.4623015873015872,0.2666666666666666,,,,,,False,0.8646311167884797,,NP_002038,
ENSG00000103274,NUBP1,ENST00000283027,ENSP00000283027,ENSP00000283027,NUBP1,ENST00000283027,ENSP00000283027,ENSP00000283027,CDKGQSFFIDAPDSP,,,True,3.5,2.191081858136018,CKKESQIFPPTTGGA,,,True,7.0,0.6200122192130498,DSPATLAYRSIIQRI,,,True,7.0,1.094200244338523,NP_011424.3,LSADEDLQVGAMDLD,0.3305555555555555,0.1333333333333333,,,,,,False,-0.8951639843874913,,NP_002475,,NP_011424.3,CKGESQIFKATTGGG,0.5916666666666667,0.7333333333333333,,,,,,False,0.6200122192130498,,NP_002475,,NP_011424.3,DACGGCANKEICESL,0.4111111111111111,0.2,,,,,,False,-0.7480354062105539,,NP_002475,
ENSG00000106348,IMPDH1,ENST00000419067,ENSP00000399400,ENSP00000345096,IMPDH1,ENST00000419067,ENSP00000399400,ENSP00000345096,TTEAPGEYFFSDGVR,,,True,5.0,3.0650367466507458,GLTAQQLFASADGLT,,,True,5.0,2.020610802412399,EAPGEYFFSDGVRLK,,,True,5.5,3.191317854296273,NP_013656.1,TTESPGEYFYKDGKR,0.7380952380952381,0.7333333333333333,,,,,,False,0.3599496300088022,,NP_000874,,NP_013656.1,ATTKQLLCGAAIGTI,0.5046296296296297,0.3333333333333333,,,,,,False,-0.4824029517693705,,NP_000874,,NP_013656.1,ESPGEYFYKDGKRLK,0.7380952380952381,0.7333333333333333,0.6151194236579546,0.0,0.1365783211166792,0.0,0.8634216788833208,True,2.8446860951445374,6.0,NP_000874,
ENSG00000173692,PSMD1,ENST00000677230,ENSP00000503068,ENSP00000309474,PSMD1,ENST00000677230,ENSP00000503068,ENSP00000309474,NVNDNSEYVETIIAK,,,True,4.5,2.639092464429308,YESASQQFLSSVIQN,,,True,5.0,3.166358463220215,VFYHLGAFEESLNYA,,,True,5.0,4.660183544284523,NP_012190.1,DIDEKSQFVETIVSK,0.775,0.4,0.5894509978070865,0.0,0.2964402226855453,0.0,0.7035597773144547,False,1.5790725773713512,4.5,NP_002798,,NP_012190.1,TTVTNSKFRSSILRK,0.5499999999999999,0.2,0.4286759921143379,0.0,0.2046378905153432,0.0,0.7953621094846567,True,4.257254684562668,5.5,NP_002798,,NP_012190.1,DSVKTYALESINNVV,0.4166666666666667,0.2,,,,,,False,10.633892798120678,,NP_002798,
ENSG00000065427,KARS1,ENST00000319410,ENSP00000325448,ENSP00000325448,KARS1,ENST00000319410,ENSP00000325448,ENSP00000325448,AMFIDENFCTALEYG,,,True,3.5,-0.8736988435787854,DLTHNPEFTTCEFYM,,,True,4.0,0.1752128194215943,PEFTTCEFYMAYADY,,,True,4.0,2.1070447577424014,NP_010322.1,AQLVDETFCNALEYG,0.6666666666666666,0.6666666666666666,,,,,,False,1.2178068660860033,,NP_001123561,,NP_010322.1,DMTHNPEFTTCEFYQ,1.0,0.8666666666666667,0.4290826128264376,0.0,0.0808660713973232,0.0,0.9191339286026768,True,-0.652360057448123,4.0,NP_001123561,,NP_010322.1,PEFTTCEFYQAYADV,0.8333333333333334,0.8666666666666667,,,,,,False,2.1070447577424014,,NP_001123561,
ENSG00000196419,XRCC6,ENST00000428575,ENSP00000403679,ENSP00000353192,XRCC6,ENST00000428575,ENSP00000403679,ENSP00000353192,KPPPIKLYRETNEPV,,,True,4.5,0.6363391403200971,DEDLRVHFEESSKLE,,,True,5.0,-1.456270828238109,VKTKTRTFNTSTGGL,,,True,5.0,-0.1707303573379164,NP_014011.1,IELSETMFKESSDLE,0.4805555555555555,0.0666666666666666,0.6685232912216389,0.0,0.5588644079849037,0.0,0.4411355920150963,False,-0.5009071060926971,3.0,NP_001460,,NP_014011.1,AFLKIIGFRSSSKSI,0.4444444444444445,0.2666666666666666,0.3983642744349004,0.0,0.7287622775922538,0.0,0.2712377224077463,False,2.004714971267361,6.0,NP_001460,,NP_014011.1,TQSIMGYFNLRDGYN,0.3773809523809524,0.2,,,,,,False,1.9407417760665329,,NP_001460,
ENSG00000197170,PSMD12,ENST00000356126,ENSP00000348442,ENSP00000348442,PSMD12,ENST00000356126,ENSP00000348442,ENSP00000348442,ESPATDVFGSTEEGE,,,True,3.5,1.3728568338328482,IVKMEVDYSATVDQR,,,True,5.5,-0.7721738977456729,SVDESEAFLSNLVVN,,,True,5.5,4.012106841177505,NP_010134.1,ELMRWPIVQKTYEPV,0.35,0.2,,,,,,False,3.417914571368507,,NP_002807,XP_047292396,NP_010134.1,PIKADKDYSQILKEE,0.3916666666666666,0.2666666666666666,,,,,,False,-0.4550652287601948,,NP_002807,XP_047292396,NP_010134.1,TESQTETYISDLVNQ,0.5158730158730159,0.2666666666666666,,,,,,False,1.0337992533691165,,NP_002807,XP_047292396
ENSG00000198755,RPL10A,ENST00000322203,ENSP00000363018,ENSP00000363018,RPL10A,ENST00000322203,ENSP00000363018,ENSP00000363018,NQRKRRKFLETVELQ,,,True,4.5,-0.2741891178393494,LAKKYDAFLASESLI,,,True,6.5,-0.8633030806403201,KSTPRPKFSVCVLGD,,,True,7.0,0.4011526197238203,NP_011380.3,NETKKRNFLETVELQ,0.8333333333333334,0.7333333333333333,0.4767219097268669,0.0,0.3842075380581782,0.0,0.6157924619418218,False,-1.2700485045982393,4.0,NP_009035,,NP_011380.3,LSKKYNAFIASEVLI,0.6666666666666666,0.7333333333333333,,,,,,False,-0.991505103850017,,NP_009035,,NP_011380.3,PNCPRPNMSICIFGD,0.4583333333333333,0.4666666666666667,,,,,,False,-0.3988449633692231,,NP_009035,
ENSG00000164708,PGAM2,ENST00000297283,ENSP00000297283,ENSP00000297283,PGAM2,ENST00000297283,ENSP00000297283,ENSP00000297283,IKDAKMEFDICYTSV,,,True,5.0,0.8263857245573546,QENRFCGWFDAELSE,,,True,5.5,5.918130835327201,PMDEKHPYYNSISKE,,,True,6.0,-0.6072219907097207,NP_012770.1,FNTYRRSFDVPPPPI,0.3630952380952381,0.1333333333333333,,,,,,False,1.844392057561819,,NP_000281,,NP_012770.1,EKNLFTGWVDVKLSA,0.625,0.4666666666666667,,,,,,False,4.892985952213217,,NP_000281,,NP_012770.1,SFDVPPPPIDASSPF,0.2896825396825397,0.2,,,,,,False,2.3197684918706987,,NP_000281,
ENSG00000213930,GALT,ENST00000450095,ENSP00000401956,ENSP00000368119,GALT,ENST00000450095,ENSP00000401956,ENSP00000368119,LTKYDNLFETSFPYS,,,True,5.5,-1.4207967458234088,NGEVNPQYDSTFLFD,,,True,6.0,4.99121408903984,DNLFETSFPYSMGWH,,,True,6.0,-0.1842411808478983,NP_009574.1,TIKYDNLFETSFPYS,1.0,0.8666666666666667,0.3387066389632391,0.0,0.341438900536163,0.0,0.658561099463837,False,-1.3347241412771451,5.5,NP_000146,,NP_009574.1,TGNLNPRYESTYIFP,0.6833333333333332,0.4666666666666667,0.3255788966629252,0.0,0.3638132719875,0.0,0.6361867280125,False,6.58539352755977,7.0,NP_000146,,NP_009574.1,DNLFETSFPYSMGIH,1.0,0.9333333333333332,,,,,,False,-0.184241180847898,,NP_000146,
ENSG00000105379,ETFB,ENST00000354232,ENSP00000346173,ENSP00000311930,ETFB,ENST00000354232,ENSP00000346173,ENSP00000311930,LDWPQGTFASQVTLE,,,True,6.0,1.351814891723488,VKHSMNPFCEIAVEE,,,True,6.5,6.164735560835151,TGQMTAGFLDWPQGT,,,True,6.5,-5.212780792609581,NP_011723.1,LNWPQATNAAKVEFL,0.2916666666666667,0.4666666666666667,,,,,,False,0.5824906827614892,,NP_001976,,NP_011723.1,IKFSINPFDDIAVEE,0.6388888888888888,0.6666666666666666,0.3512632383005629,0.0,0.193130263672997,0.0,0.806869736327003,True,6.390326033644165,6.5,NP_001976,,NP_011723.1,TGQMLAGLLNWPQAT,0.6944444444444443,0.7333333333333333,,,,,,False,-2.3381582580436646,,NP_001976,
ENSG00000109606,DHX15,ENST00000336812,ENSP00000336741,ENSP00000336741,DHX15,ENST00000336812,ENSP00000336741,ENSP00000336741,EEGDLLLFLTGQEEI,,,True,4.0,1.9745839555947604,TPEPERDYLEAAIRT,,,True,4.0,5.405301317011501,DDLVHFDFMDPPAPE,,,True,5.0,7.10147679991714,NP_011395.1,EAGDILLFLTGEDEI,0.8888888888888888,0.7333333333333333,0.5387182145064334,0.0,0.2489020429872774,0.0,0.7510979570127226,False,0.8695035228379753,4.5,NP_001349,XP_047305655,NP_011395.1,TPEFQRDYLDSAIRT,0.763888888888889,0.7333333333333333,0.410836288935671,0.0,0.6132199503952754,0.0,0.3867800496047246,False,5.916374574262347,4.5,NP_001349,XP_047305655,NP_011395.1,DDLVHFDFMDPPAPE,1.0,1.0,0.361497624448569,0.0,0.5301183481200998,0.0,0.4698816518799001,False,7.10147679991714,5.0,NP_001349,XP_047305655
ENSG00000172057,ORMDL3,ENST00000304046,ENSP00000304858,ENSP00000304858,ORMDL3,ENST00000581284,ENSP00000462961,ENSP00000304858,LHTVKGTPFETPDQG,topological domain,Cytoplasmic,True,6.5,1.1268380994514051,HTVKGTPFETPDQGK,topological domain,Cytoplasmic,True,7.0,3.5042899687816487,HNMGMYIFLHTVKGT,transmembrane region;topological domain,Helical;Cytoplasmic,False,7.5,4.570509186824192,NP_011552.1,FHLIKGTPFDFNGGA,0.4722222222222222,0.4,,,,,,False,1.103445524262883,,NP_644809,XP_047293050,NP_013454.1,NVSNLKPFPSQSNKI,0.3178571428571429,0.1333333333333333,0.3119448485196201,0.0,0.4408874266852186,0.0,0.5591125733147815,False,7.860194190656735,7.0,NP_644809,XP_047293050,NP_013454.1,YIIGFYIMFHLVKGT,0.4583333333333333,0.5333333333333333,,,,,,False,2.087284282257833,,NP_644809,XP_047293050
ENSG00000173145,NOC3L,ENST00000371361,ENSP00000360412,ENSP00000360412,NOC3L,ENST00000371361,ENSP00000360412,ENSP00000360412,ETQKLREFEEGLVSQ,,,True,4.5,1.0745510686911044,PELDEPEYCNAQNTA,,,True,5.0,2.6488992385589927,IESGDLSYQESLHCV,,,True,5.0,-2.560014135279686,NP_013102.1,FETLLNEDEEGSISF,0.7083333333333334,0.4,,,,,,False,4.623414529069331,,NP_071896,XP_047281596,NP_013102.1,MQQIEEEMRNAEQAV,0.3666666666666667,0.2666666666666666,,,,,,False,-1.1632200616569357,,NP_071896,XP_047281596,NP_013102.1,YSAKGSSWDEEEQDY,0.3636363636363636,0.1333333333333333,,,,,,False,2.685036210714687,,NP_071896,XP_047281596
ENSG00000130826,DKC1,ENST00000696577,ENSP00000512731,ENSP00000358563,DKC1,ENST00000696577,ENSP00000512731,ENSP00000358563,WKQEYVDYSESAKKE,,,True,5.0,1.4596984724253457,PATWKQEYVDYSESA,,,True,5.0,0.7995742430759011,PERRLGIFWVSCEAG,,,True,5.5,4.815657147150361,NP_013276.1,KEEVKEDDSKKEKKE,0.45,0.3333333333333333,,,,,,False,2.180153419597327,,NP_001354,,NP_013276.1,PEQWKKEYVPLDNAE,0.4345238095238095,0.4,,,,,,False,6.636239968974308,,NP_001354,,NP_013276.1,NKRNLGVFWASCEAG,0.7916666666666666,0.6666666666666666,,,,,,False,2.9007245998525653,,NP_001354,
ENSG00000103091,WDR59,ENST00000262144,ENSP00000262144,ENSP00000262144,WDR59,ENST00000262144,ENSP00000262144,ENSP00000262144,ILDGVDEFIESISLL,,,True,3.0,-0.8725769657977922,SENVVVEFRDSQATA,,,True,4.0,3.273656673570982,SHSRYPSFTSSGSCS,,,True,4.5,1.6720924415223783,NP_010413.3,SDSQNPENLSSQSDI,0.5,0.2,,,,,,False,0.1337883799805763,,NP_085058,XP_005256203,NP_010413.3,ILKVSTDFRSSYSSQ,0.5972222222222222,0.2666666666666666,0.5468160976779094,0.0,0.3226631741044282,0.0,0.6773368258955716,False,4.99991957830413,4.0,NP_085058,XP_005256203,NP_010413.3,DFEELSSLDSSYSDS,0.638888888888889,0.3333333333333333,,,,,,False,5.456034025974926,,NP_085058,XP_005256203
ENSG00000071539,TRIP13,ENST00000166345,ENSP00000166345,ENSP00000166345,TRIP13,ENST00000166345,ENSP00000166345,ENSP00000166345,AAAIFKIYLSCLEEL,,,True,4.5,0.9994669325104842,GDYTWTEFDEPFLTR,,,True,5.0,3.159555894337524,HSLFSKWFSESGKLV,,,True,5.5,-0.739985828947657,NP_009745.2,NYKGIIIELSCARIF,0.6,0.2666666666666666,,,,,,False,6.031406032200704,,NP_004228,XP_047273835,NP_009745.2,GSILSTEFDKIDLEL,0.5750000000000001,0.4,,,,,,False,0.6925043378826897,,NP_004228,XP_047273835,NP_009745.2,ARIFSKWFGESSKNI,0.8333333333333334,0.5333333333333333,0.3666466438252764,0.0,0.8319309908244055,0.0,0.1680690091755945,False,-0.7547657607620413,5.5,NP_004228,XP_047273835
ENSG00000280495,TRAPPC4,ENST00000627703,ENSP00000486853,ENSP00000487467,TRAPPC4,ENST00000627703,ENSP00000486853,ENSP00000487467,DFALKNPFYSLEMPI,,,True,6.0,4.079905249863844,KLMLASMFHSLFAIG,,,True,6.5,7.654558361702604,RAEAEKTFSYPLDLL,,,True,7.0,2.7774088790421576,NP_010532.3,DYVMKDPSYSMEMPI,0.65,0.6,,,,,,False,4.727212643987215,,NP_057230,,NP_010532.3,YLILASTLHGVFAIA,0.3416666666666666,0.5333333333333333,,,,,,False,6.220645010118803,,NP_057230,,NP_010532.3,HTNNEKLGSFKGDDF,0.2583333333333333,0.2666666666666666,,,,,,False,0.8732004104941345,,NP_057230,
ENSG00000196655,TRAPPC4,ENST00000528230,ENSP00000436827,ENSP00000436005,TRAPPC4,ENST00000528230,ENSP00000436827,ENSP00000436005,DFALKNPFYSLEMPI,,,True,6.0,4.079905249863844,KLMLASMFHSLFAIG,,,True,6.5,7.654558361702604,RAEAEKTFSYPLDLL,,,True,7.0,2.7774088790421576,NP_010532.3,DYVMKDPSYSMEMPI,0.65,0.6,,,,,,False,4.727212643987215,,NP_057230,XP_047283070,NP_010532.3,YLILASTLHGVFAIA,0.3416666666666666,0.5333333333333333,,,,,,False,6.220645010118803,,NP_057230,XP_047283070,NP_010532.3,HTNNEKLGSFKGDDF,0.2583333333333333,0.2666666666666666,,,,,,False,0.8732004104941345,,NP_057230,XP_047283070
ENSG00000108963,DPH1,ENST00000674200,ENSP00000501368,ENSP00000263083,DPH1,ENST00000674200,ENSP00000501368,ENSP00000263083,QQPYPMDFYAGSSLG,,,True,5.0,-0.5767286633811003,IVDILERFTEAEVMV,,,True,5.0,2.667834516656386,ALVSTIQFVSTLQAA,,,True,5.5,3.1901963233209747,NP_012163.1,EKYYPMDYYEAKGYG,0.3714285714285714,0.4,0.5357525828255164,0.0,0.5701666911357536,0.0,0.4298333088642464,False,-1.0165984206077114,3.0,NP_001374,,NP_012163.1,YDPYNRKFTREGYDQ,0.3428571428571428,0.1333333333333333,,,,,,False,1.6542198931128962,,NP_001374,,NP_012163.1,INIQEDHIIKTLQKN,0.4583333333333333,0.2,,,,,,False,0.8017357142442393,,NP_001374,
ENSG00000141458,NPC1,ENST00000591051,ENSP00000467636,ENSP00000269228,NPC1,ENST00000591051,ENSP00000467636,ENSP00000269228,VLQTSADFIDALKKA,topological domain,Lumenal,False,4.0,1.2455614029914426,VLEEGHDYTSSKGQN,topological domain,Lumenal,False,4.5,0.8607983696539706,DDSYMVDYFKSISQY,topological domain,Lumenal,False,4.5,1.0834646998158424,NP_015319.1,PLRSQKDFIQAYSDG,0.6666666666666666,0.3333333333333333,,,,,,False,0.9845253059182886,,NP_000262,XP_016881276,NP_015319.1,VTLLLTNHTQSANRW,0.4027777777777777,0.2,,,,,,False,10.421855798937486,,NP_000262,XP_016881276,NP_015319.1,QDSYLVDYFKDVYSF,0.6190476190476191,0.5333333333333333,,,,,,False,4.501539022706419,,NP_000262,XP_016881276
ENSG00000178537,SLC25A20,ENST00000430379,ENSP00000388986,ENSP00000326305,SLC25A20,ENST00000440964,ENSP00000388563,ENSP00000326305,DCFRKTLFREGITGL,topological domain,Mitochondrial matrix,False,5.0,2.675220950898308,DVPASGMYFMTYEWL,transmembrane region;topological domain,Helical; Name=4;Cytoplasmic,False,5.5,2.111905544074426,PDVLKSRFQTAPPGK,topological domain,Mitochondrial matrix,False,6.0,2.053248579063512,NP_014743.1,VHAITNIIKEAKTQV,0.4833333333333333,0.1333333333333333,,,,,,False,-1.4523130557774593,,NP_000378,,NP_014743.1,DGPGSALYFASYEIS,0.5833333333333334,0.4666666666666667,,,,,,False,0.0380226972960081,,NP_000378,,NP_014743.1,GQMAAAGFISAIPTT,0.3611111111111111,0.2,0.5054301378562108,0.0,0.581067028725059,0.0,0.4189329712749409,False,3.802710242214324,5.0,NP_000378,
ENSG00000111481,COPZ1,ENST00000549043,ENSP00000449270,ENSP00000449270,COPZ1,ENST00000549043,ENSP00000449270,ENSP00000449270,LEGLTVVYKSSIDLY,,,True,5.0,0.1476963919096789,DRLFAKYYDDTYPSV,,,True,5.5,4.109774837499709,GFRTEGMFVSLQEPS,,,True,6.0,3.600189081729376,NP_015315.1,FEDHLVLYKEYIDIT,0.494047619047619,0.4,0.7206468370463659,0.0,0.552159237552793,0.0,0.4478407624472071,False,-1.9814565560620687,5.5,NP_001258665,,NP_015315.1,LVLYKEYIDITIYLV,0.2619047619047619,0.3333333333333333,,,,,,False,0.6999950545588565,,NP_001258665,,NP_015315.1,IDITIYLVASLEENE,0.5416666666666666,0.2666666666666666,,,,,,False,6.479508747984999,,NP_001258665,
ENSG00000083642,PDS5B,ENST00000315596,ENSP00000313851,ENSP00000313851,PDS5B,ENST00000315596,ENSP00000313851,ENSP00000313851,SFTHPISFHSAETFE,,,True,3.5,1.5228448616034622,NIAWVKSYNICFELE,,,True,5.5,3.96640767862833,DHSENEDYTMSSPLP,,,True,5.5,-0.9048298418014228,NP_013793.1,LDSEGDAYLNALTTA,0.3492063492063492,0.1333333333333333,,,,,,False,0.3030829017169738,,NP_055847,XP_016875937,NP_013793.1,LADLPSSNNLLIELF,0.4861111111111111,0.2666666666666666,,,,,,False,1.3650470940841617,,NP_055847,XP_016875937,NP_013793.1,SPDVRVEWTESIPQI,0.5303030303030303,0.2,,,,,,False,1.7780452929197814,,NP_055847,XP_016875937
ENSG00000101856,PGRMC1,ENST00000217971,ENSP00000217971,ENSP00000217971,PGRMC1,ENST00000217971,ENSP00000217971,ENSP00000217971,KEALKDEYDDLSDLT,topological domain,Cytoplasmic,True,5.0,0.3154785992842923,PRLKRRDFTPAELRR,topological domain,Cytoplasmic,True,5.5,-0.1648373236931137,MAINGKVFDVTKGRK,topological domain,Cytoplasmic,True,7.0,0.2846166251594885,NP_015155.1,IKDWDQPIDPLDDLT,0.4107142857142857,0.3333333333333333,,,,,,False,4.065760797025672,,NP_006658,,NP_015155.1,EPVVAGNFFPRTLSK,0.4388888888888889,0.2,,,,,,False,5.981505462138519,,NP_006658,,NP_015155.1,IAIRGKVYDCTRGRQ,0.7195767195767196,0.6,,,,,,False,3.0223405136029857,,NP_006658,
ENSG00000159423,ALDH4A1,ENST00000290597,ENSP00000290597,ENSP00000364490,ALDH4A1,ENST00000290597,ENSP00000290597,ENSP00000364490,PAEDFGTFFSAVIDA,,,True,3.0,3.565304685319352,VPADGPLFGDTVTSS,,,True,4.5,-0.8245035894024385,VGDPAEDFGTFFSAV,,,True,5.0,2.6189454184391168,NP_011902.1,GKNFHLVHPSANISH,0.3839285714285714,0.2,,,,,,False,4.90511991296837,,NP_003739,,NP_011902.1,LIGAPALMGNTVVWK,0.5277777777777778,0.2666666666666666,,,,,,False,-0.0175396147482592,,NP_003739,,NP_011902.1,QVLADKDFGALHFTG,0.4444444444444444,0.2,,,,,,False,-0.7473545975420114,,NP_003739,
ENSG00000292215,TIMM17B,ENST00000710084,ENSP00000518046,ENSP00000518048,TIMM17B,ENST00000710084,ENSP00000518046,ENSP00000518048,VFQAIKGFRNAPVCR,,,True,6.5,-1.310409506025619,LLSEAPLFIYSCSRS,,,True,6.5,2.400579635073767,GXYTAQQFRNAPPFL,,,True,6.5,5.827693505509455,NP_012392.1,VWHGIKGFRNSPLGE,0.75,0.5333333333333333,,,,,,False,0.5916774711649414,,NP_001161419,,NP_012392.1,VIEGVGLMFQRYAAW,0.1416666666666667,0.0666666666666666,,,,,,False,1.827643459618577,,NP_001161419,,NP_012392.1,VWHGIKGFRNSPLGE,0.3611111111111111,0.2666666666666666,,,,,,False,0.5916774711649414,,NP_001161419,
ENSG00000126768,TIMM17B,ENST00000696124,ENSP00000512417,ENSP00000379999,TIMM17B,ENST00000696124,ENSP00000512417,ENSP00000379999,VFQAIKGFRNAPVCR,transmembrane region,Helical,False,6.5,-1.310409506025619,LLSEAPLFIYSCSRS,,,True,6.5,2.400579635073767,GXYTAQQFRNAPPFL,,,True,6.5,5.827693505509455,NP_012392.1,VWHGIKGFRNSPLGE,0.75,0.5333333333333333,,,,,,False,0.5916774711649414,,NP_001161419,,NP_012392.1,VIEGVGLMFQRYAAW,0.1416666666666667,0.0666666666666666,,,,,,False,1.827643459618577,,NP_001161419,,NP_012392.1,VWHGIKGFRNSPLGE,0.3611111111111111,0.2666666666666666,,,,,,False,0.5916774711649414,,NP_001161419,
ENSG00000137944,KYAT3,ENST00000370491,ENSP00000359522,ENSP00000260508,KYAT3,ENST00000370491,ENSP00000359522,ENSP00000260508,EVILIVPFYDCYEPM,,,True,2.5,2.013950258404084,SSSKILGFSTSAKMS,,,True,6.0,4.36065586658199,RMDDPECYFNSLPKE,,,True,6.0,-0.8538005725337041,NP_012475.3,EVIVFEPFFDQYIPN,0.3583333333333333,0.5333333333333333,0.4414565426180369,0.0,0.3846883749994428,0.0,0.6153116250005571,False,5.847901851614399,5.0,NP_001008661,,NP_012475.3,INLGQGFFSYSPPQF,0.3452380952380953,0.2,,,,,,False,-1.1701355595478875,,NP_001008661,,NP_012475.3,PKVVANKYFTSNTAK,0.3666666666666666,0.2,0.3938488696616478,0.0,0.6136478533965274,0.0,0.3863521466034725,False,6.947457168320488,5.0,NP_001008661,
ENSG00000159210,SNF8,ENST00000502492,ENSP00000421380,ENSP00000421380,SNF8,ENST00000502492,ENSP00000421380,ENSP00000421380,MLGVGDFYYELGVQI,,,True,6.0,2.623005478499384,MSKQLDMFKTNLEEF,,,True,6.0,4.24286371409755,HYWLPALFTDLYSQE,,,True,6.0,0.333463137774146,NP_015323.1,LFTVNDFYYEVCLKV,0.75,0.4,0.6673886994268933,0.0,0.3006669667002009,0.0,0.6993330332997991,False,3.4394287840434568,6.0,NP_009172,,NP_015323.1,GYSSISLLKANLGWE,0.3611111111111111,0.2,,,,,,False,2.5767939095697767,,NP_009172,,NP_015323.1,KKFLRSVPNELTSDQ,0.3464285714285715,0.2,,,,,,False,0.2382238263968161,,NP_009172,
ENSG00000108883,EFTUD2,ENST00000590124,ENSP00000467249,ENSP00000467805,EFTUD2,ENST00000426333,ENSP00000392094,ENSP00000467805,ISDGVVLFIDAAEGV,,,True,3.5,4.473215458311074,LHHGKTCFVDCLIEQ,,,True,4.5,4.010625749467417,VADPVVTFCETVVET,,,True,4.5,-0.0970926728321428,NP_012748.1,ASDLVLIVIDVVEGV,0.5416666666666666,0.5333333333333333,,,,,,False,1.4716005130001766,,NP_001245282,,NP_012748.1,ILGNGELYMDCLLYD,0.4797619047619048,0.2,0.3850590214188803,0.0,0.5210709086078411,0.0,0.4789290913921588,False,0.2081996851089723,5.0,NP_001245282,,NP_012748.1,NVEKYPTFVEFILIP,0.4444444444444444,0.2,0.4115964395085357,0.0,0.5457883396838644,0.0,0.4542116603161356,False,-1.1384156947127402,6.0,NP_001245282,
ENSG00000138071,ACTR2,ENST00000260641,ENSP00000260641,ENSP00000367220,ACTR2,ENST00000471552,ENSP00000490923,ENSP00000367220,IIKVGGERFEAPEAL,,,True,5.5,1.519067660952818,AFNHSADFETVRMIK,,,True,6.0,4.567732763950234,LLLRGYAFNHSADFE,,,True,6.0,8.095493882336063,NP_010255.1,TIKVGQERFEAPECL,1.0,0.8,,,,,,False,0.2066848260649485,,NP_001005386,,NP_010255.1,AFNRTADFETVRQIK,0.8333333333333334,0.8,0.4796353063028284,0.0,0.4909161426168558,0.0,0.5090838573831442,False,4.654572590180578,6.0,NP_001005386,,NP_010255.1,LSRRGYAFNRTADFE,0.7000000000000001,0.7333333333333333,,,,,,False,8.120943088001326,,NP_001005386,
ENSG00000076944,STXBP2,ENST00000595950,ENSP00000471161,ENSP00000413606,STXBP2,ENST00000221283,ENSP00000221283,ENSP00000413606,YKAAHIFFTDTCPEP,,,True,5.0,1.7366766835939595,VTELLRTFCESKRLT,,,True,5.0,1.1573920299372311,VQALIKDFQGTPTFT,,,True,5.5,0.4537405751715733,NP_010448.1,KPFQKEWFHDTLVND,0.3901515151515151,0.2,0.2286462070835057,0.0,0.6401386937967829,0.0,0.3598613062032171,False,1.3057146911994195,4.5,NP_001258963,,NP_010448.1,LTNPIFQFFQSKRYI,0.4777777777777778,0.3333333333333333,,,,,,False,4.284581428543243,,NP_001258963,,NP_010448.1,LSGFGMDFSGEKIKH,0.425,0.2,,,,,,False,2.681109587962581,,NP_001258963,
ENSG00000291931,RPS2,ENST00000709238,ENSP00000517575,ENSP00000517575,RPS2,ENST00000709249,ENSP00000517581,ENSP00000517575,MAGIDDCYTSARGCT,,,True,5.0,0.2583237417290858,KESEIIDFFLGASLK,,,True,5.0,5.232680036796711,ESEIIDFFLGASLKD,,,True,5.5,2.7104608253888696,NP_011392.1,LAGVEDVYTQSNGKT,0.5,0.4666666666666667,,,,,,False,1.9261835676714825,,NP_002943,,NP_011392.1,KITTIEEIFLHSLPV,0.2749999999999999,0.2666666666666666,,,,,,False,3.0544130454818545,,NP_002943,,NP_011392.1,AIGNTYGFLTPNLWA,0.3261904761904762,0.2,0.2737985879713375,0.0,0.5006578140399853,0.0,0.4993421859600147,False,4.192688305788083,7.0,NP_002943,
ENSG00000140988,RPS2,ENST00000343262,ENSP00000341885,ENSP00000341885,RPS2,ENST00000529806,ENSP00000433170,ENSP00000341885,MAGIDDCYTSARGCT,,,True,5.0,0.2583237417290858,KESEIIDFFLGASLK,,,True,5.0,5.232680036796711,ESEIIDFFLGASLKD,,,True,5.5,2.7104608253888696,NP_011392.1,LAGVEDVYTQSNGKT,0.5,0.4666666666666667,,,,,,False,1.9261835676714825,,NP_002943,,NP_011392.1,KITTIEEIFLHSLPV,0.2749999999999999,0.2666666666666666,,,,,,False,3.0544130454818545,,NP_002943,,NP_011392.1,AIGNTYGFLTPNLWA,0.3261904761904762,0.2,0.2737985879713375,0.0,0.5006578140399853,0.0,0.4993421859600147,False,4.192688305788083,7.0,NP_002943,
ENSG00000204628,RACK1,ENST00000512805,ENSP00000426909,ENSP00000426909,RACK1,ENST00000513027,ENSP00000421356,ENSP00000426909,QDESHSEWVSCVRFS,,,True,5.5,4.697123425631491,VISSDGQFALSGSWD,,,True,6.0,-0.9533977588730757,QIATTPQFPDMILSA,,,True,6.5,3.1788818211039103,NP_013834.1,TLLGHNDWVSQVRVV,0.6222222222222221,0.4,,,,,,False,7.113550248144712,,NP_006089,,NP_013834.1,TLTADGAYALSASWD,0.6964285714285715,0.5333333333333333,,,,,,False,2.607521675370934,,NP_006089,,NP_013834.1,NINTLTASPDGTLIA,0.2916666666666667,0.4,,,,,,False,6.035492937261436,,NP_006089,
ENSG00000140829,DHX38,ENST00000268482,ENSP00000268482,ENSP00000268482,DHX38,ENST00000268482,ENSP00000268482,ENSP00000268482,SKTPQEDYVEAAVKQ,,,True,4.0,2.982163981269544,KVSSYKDWEESKDDQ,,,True,5.0,0.2632088385226367,ERREHGVYASSKEEK,,,True,5.0,0.340015843007702,NP_013012.3,TSNPVQDYVEAAVSQ,1.0,0.6,0.4848581033207628,0.0,0.3497547240284481,0.0,0.6502452759715518,False,4.186111990929302,4.0,NP_054722,XP_047290942,NP_013012.3,KKFGTANFEEINDIE,0.4722222222222221,0.2666666666666666,0.2986949863881473,0.0,0.3206741208589819,0.0,0.6793258791410179,False,-0.7003045878650075,5.5,NP_054722,XP_047290942,NP_013012.3,TFPVQTIYTSNPVQD,0.4027777777777777,0.1333333333333333,0.3209756683215233,0.0,0.3234205764742643,0.0,0.6765794235257356,False,2.614017428052957,7.5,NP_054722,XP_047290942
ENSG00000173085,COQ2,ENST00000503391,ENSP00000426242,ENSP00000310873,COQ2,ENST00000503915,ENSP00000427146,ENSP00000310873,PGWRGRSFALARAAG,,,True,6.0,3.2063529644492403,DWYMLSLFGTGAILM,transmembrane region,Helical,False,6.0,12.169612890055111,LAAEPGCFPDWYMLS,topological domain;transmembrane region,Mitochondrial intermembrane;Helical,False,6.5,0.8361266958920992,NP_014439.3,IKAGIKSTALAWGPR,0.6,0.2666666666666666,,,,,,False,1.8908550614166315,,NP_056512,,NP_014439.3,TAGMLGIFGVGALVM,0.6666666666666666,0.4666666666666667,,,,,,False,10.627350872069227,,NP_056512,,NP_014439.3,QAALSACFNWGALLG,0.244949494949495,0.3333333333333333,,,,,,False,4.314164110814361,,NP_056512,
ENSG00000137876,RSL24D1,ENST00000260443,ENSP00000260443,ENSP00000260443,RSL24D1,ENST00000562993,ENSP00000455291,ENSP00000260443,MRIEKCYFCSGPIYP,,,True,6.0,3.515611579618314,VRNDCKVFRFCKSKC,,,True,6.0,-0.5524063886862185,KVRWTKAFRKAAGKE,,,True,6.5,7.915281401186817,NP_013109.1,MRIYQCHFCSSPCYP,0.5231481481481481,0.6666666666666666,0.2986168643706736,0.0,0.2986060024030082,0.0,0.7013939975969917,False,0.6780235455782242,5.5,NP_057388,,NP_013109.1,VRNDAKEFRFCRSKC,0.7666666666666666,0.8,,,,,,False,1.725840267768589,,NP_057388,,NP_013109.1,KLKWTKAFRKAAGKE,1.0,0.8666666666666667,,,,,,False,8.742854278056535,,NP_057388,
ENSG00000084073,ZMPSTE24,ENST00000675937,ENSP00000502683,ENSP00000361845,ZMPSTE24,ENST00000675937,ENSP00000502683,ENSP00000361845,KNKRIVLFDTLLEEY,topological domain,Nuclear,False,6.0,4.729566631758779,VMAKSIDFPLTKVYV,topological domain,Nuclear,False,6.0,-0.2860653074008345,QIMDSETFEKSRLYQ,topological domain,Nuclear,False,6.0,-2.5266775203664618,NP_012651.1,TSKRIVLFDTLVNSN,0.8333333333333334,0.6,0.5963696496283928,0.0,0.4172068370260606,0.0,0.5827931629739393,False,8.687801570951661,7.0,NP_005848,XP_047283538,NP_012651.1,SLADRVGFPLDKIFV,0.5694444444444445,0.4,,,,,,False,2.188248708287051,,NP_005848,XP_047283538,NP_012651.1,DEIDDETFHKSRNYS,0.5833333333333334,0.5333333333333333,,,,,,False,0.4760977760862294,,NP_005848,XP_047283538
ENSG00000164933,SLC25A32,ENST00000707124,ENSP00000516752,ENSP00000297578,SLC25A32,ENST00000707124,ENSP00000516752,ENSP00000297578,RLQDQHMFYSGVIDV,,,True,5.0,4.65065906131267,KGFVPGLFGTSHGAL,transmembrane region,Helical; Name=4,False,5.5,2.062811319775145,SWGLYFFFYNAIKSY,transmembrane region,Helical; Name=2,False,6.0,3.654424956119169,NP_012132.3,RTDGFQGLWKGLVPA,0.2386363636363636,0.1333333333333333,,,,,,False,-0.2618731355077985,,NP_110407,,NP_012132.3,KGLVPALFGVSQGAL,0.8333333333333334,0.7333333333333333,,,,,,False,1.5988413638052157,,NP_110407,,NP_012132.3,RGLSINLFGNAIAWG,0.375,0.2666666666666666,,,,,,False,1.7892502584743677,,NP_110407,
ENSG00000149089,APIP,ENST00000532428,ENSP00000474191,ENSP00000379133,APIP,ENST00000532428,ENSP00000474191,ENSP00000379133,MAHAMNEYPDSCAVL,,,True,4.5,5.970191676518931,CECYDYLFDIAVSMK,,,True,5.5,0.6507748985404376,RRHGVYVWGETWEKA,,,True,6.0,3.8658654226647977,NP_012558.3,LHKTFKDYPDTCAVI,0.7555555555555555,0.4,0.3756947682289757,0.0,0.5218740022778161,0.0,0.4781259977221838,False,5.577067356088085,4.5,NP_057041,XP_011518456,NP_012558.3,NEAIDYLMELAIKMY,0.4833333333333333,0.4,,,,,,False,1.0308460972241222,,NP_057041,XP_011518456,NP_012558.3,RRHGIFVWGPTIDKA,0.6984126984126985,0.6666666666666666,,,,,,False,5.853661793690222,,NP_057041,XP_011518456
ENSG00000088833,NSFL1C,ENST00000353088,ENSP00000338643,ENSP00000418529,NSFL1C,ENST00000353088,ENSP00000338643,ENSP00000418529,NELVDDLFKGAKEHG,,,True,4.5,1.9060865684120247,QIALASFYEDGGDED,,,True,5.0,5.800449788107208,EEDRARFFLESAGWD,,,True,5.0,8.325358566493923,NP_009495.1,PSDPNSLLKDLLEKA,0.4305555555555555,0.2,,,,,,False,1.7828457033257068,,NP_001193665,XP_047296260,NP_009495.1,VTREITFWKEGFQVA,0.4636363636363636,0.1333333333333333,,,,,,False,7.855873519409394,,NP_001193665,XP_047296260,NP_009495.1,DDPANSFYLSELNQG,0.4047619047619048,0.1333333333333333,,,,,,False,7.023346400241312,,NP_001193665,XP_047296260
ENSG00000186468,RPS23,ENST00000510210,ENSP00000427043,ENSP00000296674,RPS23,ENST00000510210,ENSP00000427043,ENSP00000296674,TALKANPFGGASHAK,,,True,7.0,6.226860988950947,QKWHDKQYKKAHLGT,,,True,7.0,1.535583611404861,PNDGCLNFIEENDEV,,,True,7.5,-1.1216803386536305,NP_011633.3,TAFKSSPFGGSSHAK,0.875,0.7333333333333333,,,,,,False,3.903415802463976,,NP_001016,,NP_011633.3,NRWAENNYKKRLLGT,0.6333333333333333,0.4666666666666667,,,,,,False,0.5722412953002655,,NP_001016,,NP_011633.3,PNDGCLNFVDENDEV,0.8472222222222223,0.8666666666666667,,,,,,False,0.3509243980451426,,NP_001016,
ENSG00000156515,HK1,ENST00000436817,ENSP00000415949,ENSP00000352398,HK1,ENST00000436817,ENSP00000415949,ENSP00000352398,HVCTIVSFRSANLVA,,,True,4.5,8.012413717394036,IEETLAHFHLTKDML,,,True,5.0,5.02279902059599,KNGLSRDFNPTATVK,,,True,5.5,6.955993067983792,NP_116711.3,RLCELIGTRAARLAV,0.475,0.2666666666666666,,,,,,False,4.182093463679569,,NP_000179,,NP_011261.1,VVLPRTKYDITIDEE,0.4269841269841269,0.1333333333333333,,,,,,False,1.5267572903539903,,NP_000179,,NP_011261.1,KLGGDRTFDTTQSKY,0.3361111111111111,0.3333333333333333,0.1487977271314206,0.0,0.452936040414807,0.0,0.5470639595851929,False,0.051372415149907,4.5,NP_000179,
ENSG00000110955,ATP5F1B,ENST00000262030,ENSP00000262030,ENSP00000262030,ATP5F1B,ENST00000262030,ENSP00000262030,ENSP00000262030,TREGNDLYHEMIESG,,,True,5.5,-0.6080034433956122,GAVVDVQFDEGLPPI,,,True,5.5,1.981847967915476,VQKILQDYKSLQDII,,,True,5.5,4.4269259488782975,NP_012655.3,TREGNDLYREMKETG,0.8333333333333334,0.8,0.7188956253349088,0.0,0.4780942707462909,0.0,0.5219057292537091,False,-0.518016659722853,6.0,NP_001677,,NP_012655.3,INVIGEPIDERGPIK,0.4095238095238095,0.2666666666666666,,,,,,False,-1.2925271409701689,,NP_001677,,NP_012655.3,VQETLQTYKSLQDII,0.7999999999999999,0.8,0.6597382866334599,0.0,0.4400815680677938,0.0,0.5599184319322061,False,5.754911141829931,6.0,NP_001677,
ENSG00000135473,PAN2,ENST00000610546,ENSP00000481859,ENSP00000257931,PAN2,ENST00000610546,ENSP00000481859,ENSP00000257931,GIPFIDDYISTQEQV,,,True,4.0,2.2346564138063494,YRGAGGSFCSSGDSV,,,True,4.0,0.5120926909947009,NHLCQKEFCLACELG,,,True,4.5,1.1241505656330584,NP_011421.1,VISSQNEKLSTQEFP,0.5833333333333334,0.3333333333333333,,,,,,False,1.4965843561392145,,NP_001159751,,NP_011421.1,MERSHGKICSSSNFQ,0.5277777777777778,0.2666666666666666,,,,,,False,5.051395758985574,,NP_001159751,,NP_011421.1,PCQSIKKLCLSPNGD,0.4083333333333334,0.2,,,,,,False,4.21779159600074,,NP_001159751,
ENSG00000156017,CARNMT1,ENST00000376834,ENSP00000366030,ENSP00000366030,CARNMT1,ENST00000376834,ENSP00000366030,ENSP00000366030,AGDFQEIYSECNTWD,,,True,4.0,-1.8509252424818896,DLSMMKYYYECVLFV,,,True,4.0,2.0584428129766748,TAHNVIDYIDTIWKI,,,True,4.5,2.293131850491938,NP_014307.1,CSLLTQVYREWSAEA,0.3946969696969697,0.1333333333333333,0.5624411105883893,0.0,0.3608727128700384,0.0,0.6391272871299616,False,-4.675616838261676,7.0,NP_689633,,NP_014307.1,VIISFLKYEEYALKE,0.319047619047619,0.2,0.3733095584246927,0.0,0.3984384086735163,0.0,0.6015615913264837,False,-0.5237558175362644,7.5,NP_689633,,NP_014307.1,TGSNILDYLDTIGHV,0.6944444444444445,0.4666666666666667,0.503069937311383,0.0,0.6630592870373302,0.0,0.3369407129626697,False,1.4631923352658398,4.5,NP_689633,
ENSG00000162231,NXF1,ENST00000530875,ENSP00000435742,ENSP00000294172,NXF1,ENST00000530875,ENSP00000435742,ENSP00000294172,RSSLAEYFKDSRNVK,,,True,5.0,9.84873473363307,TFRDQSTYISAIRER,,,True,5.5,1.628930667838899,GNSLCDTFRDQSTYI,,,True,5.5,0.3781657315206801,NP_015156.1,TPAFGYYMSSSRNIS,0.5,0.2666666666666666,,,,,,False,6.30850008659663,,NP_006353,XP_047282201,NP_015156.1,QTPAFGYYMSSSRNI,0.5273809523809524,0.2,0.1337588145481342,0.0,0.3153580694977919,0.0,0.684641930502208,False,1.165254837458717,6.5,NP_006353,XP_047282201,NP_015156.1,IPPSTVTDSDQTPAF,0.3511904761904762,0.2,,,,,,False,-0.2775169299990043,,NP_006353,XP_047282201
ENSG00000146701,MDH2,ENST00000443006,ENSP00000416929,ENSP00000327070,MDH2,ENST00000443006,ENSP00000416929,ENSP00000327070,SQETECTYFSTPLLL,,,True,3.5,2.856979041215874,EGVVECSFVKSQETE,,,True,5.0,1.9188622010421983,SAALRRSFSTSAQNN,,,True,5.0,4.172286093694282,NP_012838.1,FKSEGIEFFASPVTL,0.3416666666666666,0.2,,,,,,False,-0.1129890721792349,,NP_005909,,NP_012838.1,RDVIEPSFVDSPLFK,0.513888888888889,0.4,0.3676670626027458,0.0,0.483816475275826,0.0,0.516183524724174,False,-0.4576723267022779,4.5,NP_005909,,NP_012838.1,SRVAKRAFSSTVANP,0.4083333333333334,0.3333333333333333,0.2571057794446759,0.0,0.6427187152044496,0.0,0.3572812847955504,False,1.8119516178174,5.5,NP_005909,
ENSG00000291597,ACTR1B,ENST00000708081,ENSP00000517084,ENSP00000517084,ACTR1B,ENST00000708081,ENSP00000517084,ENSP00000517084,LRKEGVDFHTSAEFE,,,True,3.0,3.4277725913901844,REKAAEVFFETFNVP,,,True,4.0,9.50174930272518,MQAVLSLYATGRTTG,,,True,6.0,7.5733016402017475,NP_011997.1,RKSAGVSLFSSSERE,0.3472222222222221,0.3333333333333333,,,,,,False,1.6335113834341584,,NP_005726,,NP_011997.1,REQMAQVLFETFDVS,0.6944444444444445,0.6,,,,,,False,4.902155878783316,,NP_005726,,NP_011997.1,NPAVLSLYASGRTTG,0.875,0.8,0.6487614603527803,0.0,0.5831491843966344,0.0,0.4168508156033655,False,8.405981829069022,6.0,NP_005726,
ENSG00000166260,COX11,ENST00000571584,ENSP00000460043,ENSP00000299335,COX11,ENST00000571584,ENSP00000460043,ENSP00000299335,LITLSYTFFEAKEGH,topological domain,Mitochondrial intermembrane,False,2.0,1.2090538882396282,PGETALAFYRAKNPT,topological domain,Mitochondrial intermembrane,False,5.5,7.836580308779714,RPKSSNPFTRAQEEE,,,True,5.5,0.1876662402563054,NP_015193.1,DIILHYTFFRAHYGD,0.6190476190476191,0.5333333333333333,,,,,,False,3.2654363878256256,,NP_004366,XP_047291326,NP_015193.1,PGETALAFYKAKNYS,0.9,0.8,,,,,,False,7.438181891368369,,NP_004366,XP_047291326,NP_015193.1,EIQQLRELKRARERK,0.4333333333333333,0.2,,,,,,False,2.2006011148555418,,NP_004366,XP_047291326
ENSG00000117593,DARS2,ENST00000648960,ENSP00000497091,ENSP00000497569,DARS2,ENST00000648960,ENSP00000497091,ENSP00000497569,QIDIEMSFVDQTGIQ,,,True,5.5,-0.368601060559562,VPFPTMTFAEVLATY,,,True,6.0,-0.47701893924131,DIETPTLFKRTPGGA,,,True,6.0,1.7088505302586623,NP_015221.1,EYKERWSFLTNNSNY,0.3416666666666666,0.1333333333333333,0.2169583970314571,0.0,0.4130182055646963,0.0,0.5869817944353037,False,1.831098497285669,6.0,NP_060592,,NP_015221.1,NSFNNFDFTEVETPM,0.4722222222222222,0.2666666666666666,0.3544705404964959,0.0,0.5100111066141829,0.0,0.4899888933858171,False,1.5936431195107428,5.0,NP_060592,,NP_015221.1,EVETPMLFKATPEGA,0.5583333333333333,0.6666666666666666,,,,,,False,0.8207682127931489,,NP_060592,
ENSG00000148057,IDNK,ENST00000376419,ENSP00000365601,ENSP00000365601,IDNK,ENST00000376419,ENSP00000365601,ENSP00000365601,ASELGWKFYDADDYH,,,True,3.0,2.5825394915859263,CSALKKTYRDILTQG,,,True,6.0,-0.3273719695990916,PPELLQSQFETLEPP,,,True,6.5,2.3817833637392445,NP_010534.1,DIYPDLKFIEGDDLH,0.525,0.3333333333333333,0.5238727835377984,0.0,0.4316565825813628,0.0,0.5683434174186371,False,-1.35510241869731,4.5,NP_001001551,XP_006717173,NP_010534.1,CSSLKKKYRDLIRHT,0.5166666666666666,0.5333333333333333,0.6191479847379662,0.0,0.359673169417939,0.0,0.640326830582061,False,1.2369380130534795,8.0,NP_001001551,XP_006717173,NP_010534.1,KADMMESQFRDLELP,0.638888888888889,0.4,,,,,,False,3.041318521668592,,NP_001001551,XP_006717173
ENSG00000142875,PRKACB,ENST00000370689,ENSP00000359723,ENSP00000359719,PRKACB,ENST00000370689,ENSP00000359723,ENSP00000359719,GSGDTSNFDDYEEED,,,True,5.0,-2.946176889459582,QIVLTFEYLHSLDLI,,,True,5.5,1.2555680669075404,DIKTHKWFATTDWIA,,,True,5.5,3.6666680822818414,NP_012371.2,GQGDTSQFDKYPEED,0.6333333333333333,0.7333333333333333,,,,,,False,-2.5922045118554418,,NP_891993,,NP_012371.2,EVCLALEYLHSKDII,1.0,0.5333333333333333,,,,,,False,1.7658027227926951,,NP_891993,,NP_012371.2,DVKNHPWFKEVVWEK,0.4333333333333333,0.4,0.5097677171609182,0.0,0.7424998948916033,0.0,0.2575001051083967,False,1.6520746393939194,6.5,NP_891993,
ENSG00000038210,PI4K2B,ENST00000512921,ENSP00000423373,ENSP00000264864,PI4K2B,ENST00000512921,ENSP00000423373,ENSP00000264864,FQLFVEGYKEAEYWL,,,True,5.0,0.0492953957215953,AFLDDPEFADIMLRA,,,True,5.0,-1.5263144199419274,PENIRKQFQSQFERL,,,True,6.0,1.2940811272567323,NP_012435.1,PILTSTNWWEESYQE,0.2848484848484848,0.2,,,,,,False,3.3354991894783206,,NP_060793,XP_005248231,NP_012435.1,EENSKFEWTESSLSQ,0.3318181818181818,0.1333333333333333,,,,,,False,2.5885026453240063,,NP_060793,XP_005248231,NP_012435.1,TESSLSQFRLELEKL,0.5166666666666667,0.3333333333333333,,,,,,False,5.6036716625966445,,NP_060793,XP_005248231
ENSG00000101049,SGK2,ENST00000373077,ENSP00000362168,ENSP00000340608,SGK2,ENST00000373077,ENSP00000362168,ENSP00000340608,GHVVLTDFGLCKEGV,,,True,4.5,6.131622104395524,PEDTTSTFCGTPEYL,,,True,4.5,1.8869292367986563,RLGSKADFLEIKNHV,,,True,5.5,3.949689165941109,NP_012796.1,GHIALCDFGLCKLNM,0.7083333333333334,0.6,,,,,,False,3.5490553128323583,,NP_057360,,NP_012796.1,DDDKTDTFCGTPEYL,1.0,0.7333333333333333,,,,,,False,-0.4514142650097564,,NP_057360,,NP_012796.1,LSIDDFDLLKVIGKG,0.4916666666666667,0.1333333333333333,,,,,,False,1.2228224127701837,,NP_057360,
ENSG00000120805,ARL1,ENST00000539055,ENSP00000439590,ENSP00000261636,ARL1,ENST00000261636,ENSP00000261636,ENSP00000261636,GGGGMGGFFSSIFSS,,,True,4.5,3.047925808589523,KDRKWQIFKTSATKG,,,True,5.0,3.533786185654542,IRPYWRCYYSNTDAV,,,True,5.5,1.4435944713459563,NP_009723.3,NKQDQPGALSASEVS,0.1916666666666666,0.2,,,,,,False,3.0644012412428325,,NP_001168,,NP_009723.3,ADTAAVIFVVDSTDK,0.4166666666666667,0.2666666666666666,,,,,,False,2.987377380967138,,NP_001168,,NP_009723.3,IRPYWRCYYADTAAV,0.4861111111111111,0.8,,,,,,False,0.6836726490550189,,NP_001168,
ENSG00000233345,MSH5,ENST00000471854,ENSP00000435784,ENSP00000387397,MSH5,ENST00000430216,ENSP00000398538,ENSP00000387397,FMALVGSFVPAEEAE,,,True,5.0,0.8567094313664618,LSEEKLHYRSARTKE,,,True,5.0,1.87096602137496,LIGKVVDFEGSLAEN,,,True,6.0,0.0013961501368418,NP_010127.1,YLAQIGCFVPAERAR,0.6481481481481481,0.5333333333333333,,,,,,False,3.056182078529926,,NP_751897,,NP_010127.1,AFGFINQLRSGKSTL,0.3333333333333333,0.1333333333333333,,,,,,False,3.5919414957251283,,NP_751897,,NP_010127.1,EIVMCIDFSGGKLGC,0.4583333333333333,0.2666666666666666,,,,,,False,1.021402585703276,,NP_751897,
ENSG00000115073,ACTR1B,ENST00000289228,ENSP00000289228,ENSP00000289228,ACTR1B,ENST00000289228,ENSP00000289228,ENSP00000289228,LRKEGVDFHTSAEFE,,,True,3.0,3.4277725913901844,REKAAEVFFETFNVP,,,True,4.0,9.50174930272518,MQAVLSLYATGRTTG,,,True,6.0,7.5733016402017475,NP_011997.1,RKSAGVSLFSSSERE,0.3472222222222221,0.3333333333333333,,,,,,False,1.6335113834341584,,NP_005726,XP_016858605,NP_011997.1,REQMAQVLFETFDVS,0.6944444444444445,0.6,,,,,,False,4.902155878783316,,NP_005726,XP_016858605,NP_011997.1,NPAVLSLYASGRTTG,0.875,0.8,0.6487614603527803,0.0,0.5831491843966344,0.0,0.4168508156033655,False,8.405981829069022,6.0,NP_005726,XP_016858605
ENSG00000180185,FAHD1,ENST00000427358,ENSP00000398053,ENSP00000398053,FAHD1,ENST00000427358,ENSP00000398053,ENSP00000398053,AMDYVGGYALCLDMT,,,True,6.0,-0.1249974660988983,PWTLAKSFTASCPVS,,,True,6.5,6.123764069928097,PEAAAMDYVGGYALC,,,True,7.0,3.3670904246144824,NP_014231.1,VYDSISGVALALDLT,0.625,0.4666666666666667,,,,,,False,2.6568375937111544,,NP_112485,XP_047290686,NP_014231.1,YAAHIKELNNSTPKQ,0.2777777777777778,0.2,,,,,,False,0.5711623759641629,,NP_112485,XP_047290686,NP_014231.1,KPEEVYDSISGVALA,0.5416666666666666,0.2666666666666666,,,,,,False,3.898056342369638,,NP_112485,XP_047290686
ENSG00000083520,DIS3,ENST00000377767,ENSP00000366997,ENSP00000366997,DIS3,ENST00000377767,ENSP00000366997,ENSP00000366997,NSKASLTYAEAQLRI,,,True,4.5,-1.5908450220800203,FRASRENYLEATVWI,,,True,5.0,-1.3618433203064546,CMMQAVYFCSGMDND,,,True,5.0,4.571613929716179,NP_014621.1,RSREAFSYEQAQLRI,0.5750000000000001,0.4666666666666667,,,,,,False,5.337061938602634,,NP_055768,,NP_014621.1,IQISEYNFLEGSVSL,0.75,0.3333333333333333,0.6441888739168031,0.0,0.2741488753957827,0.0,0.7258511246042173,False,0.8314962823770388,5.5,NP_055768,,NP_014621.1,CMMAAQYFYSGAYSY,0.5476190476190477,0.5333333333333333,0.481965390740136,0.0,0.2992818894729263,0.0,0.7007181105270737,False,9.095814298922807,5.0,NP_055768,
ENSG00000105254,TBCB,ENST00000221855,ENSP00000221855,ENSP00000221855,TBCB,ENST00000221855,ENSP00000221855,ENSP00000221855,LYGVDDKFYSKLDQE,,,True,5.0,3.42286407919036,GSVNGKRYFECQAKY,,,True,5.0,-0.1342031065604437,SAPTVTVFISSSLNT,,,True,5.5,3.7728590940233295,NP_014251.1,VRPRAVEILSKDEES,0.3916666666666666,0.1333333333333333,,,,,,False,6.931919704356526,,NP_001272,,NP_014251.1,QRAALAKQDEAYARE,0.2833333333333333,0.1333333333333333,,,,,,False,3.581587122341613,,NP_001272,,NP_014251.1,VTDSNAQSISNQLAT,0.3777777777777777,0.2666666666666666,,,,,,False,1.605052616981533,,NP_001272,
ENSG00000077097,TOP2B,ENST00000264331,ENSP00000264331,ENSP00000396704,TOP2B,ENST00000264331,ENSP00000264331,ENSP00000396704,GLQYKKSYDDAESLK,,,True,4.0,-0.2897565979505806,ARKEVKYFAESDEEE,,,True,4.0,-1.1966608772878948,VQDILKEFFDLRLSY,,,True,4.5,3.8143433322175455,NP_014311.3,GLQHRKKYEDTKSLR,0.5666666666666667,0.5333333333333333,0.4232552353541191,0.0,0.565671821518016,0.0,0.434328178481984,False,0.4686281293359235,5.5,NP_001059,XP_047304777,NP_014311.3,LELSDDSFIEDDEEE,0.375,0.4,,,,,,False,-1.89631418884838,,NP_001059,XP_047304777,NP_014311.3,VNEILSEFYYVRLEY,0.5416666666666666,0.5333333333333333,,,,,,False,5.525732399487655,,NP_001059,XP_047304777
ENSG00000119689,DLST,ENST00000334220,ENSP00000335304,ENSP00000335304,DLST,ENST00000334220,ENSP00000335304,ENSP00000335304,VTVKTPAFAESVTEG,,,True,4.5,-2.065076372140153,KHNLKLGFMSAFVKA,,,True,5.0,1.9850011002977697,DTTKEVVYRDYIDIS,,,True,5.5,-3.393701945591618,NP_010432.3,TSIEVPPMAESLTEG,0.6428571428571429,0.4666666666666667,,,,,,False,-1.116434623463597,,NP_001924,XP_047287021,NP_010432.3,AVATPKGLVTPVVRN,0.3845238095238095,0.1333333333333333,,,,,,False,3.533153545796149,,NP_001924,XP_047287021,NP_010432.3,IEGDQIVYRDYTDIS,1.0,0.5333333333333333,0.6540966522530712,0.0,0.3396991107897557,0.0,0.6603008892102443,False,-4.4400594604067525,5.5,NP_001924,XP_047287021
ENSG00000151360,ALLC,ENST00000252505,ENSP00000252505,ENSP00000252505,ALLC,ENST00000252505,ENSP00000252505,ENSP00000252505,GFDVDVSYFTGDYAP,,,True,4.5,3.576030192704154,ILFATDDFFAPAENL,,,True,5.5,7.6720369472850685,THIRLNIFPDGGIAR,,,True,5.5,9.266224406706678,NP_012295.1,GGEIDTAFFNGNHAP,0.5,0.4,,,,,,False,3.3871225575036394,,NP_060906,XP_016859985,NP_012295.1,VVSFSDEWFASAENL,0.5401515151515152,0.4666666666666667,,,,,,False,6.091870538861596,,NP_060906,XP_016859985,NP_012295.1,SHVKLTIIPDGGVKR,0.7916666666666666,0.5333333333333333,,,,,,False,4.468681590943369,,NP_060906,XP_016859985
ENSG00000099817,POLR2E,ENST00000615234,ENSP00000478303,ENSP00000478303,POLR2E,ENST00000615234,ENSP00000478303,ENSP00000478303,QLCHDRGYLVTQDEL,,,True,6.5,-0.169241920488138,DDPTDQMFVFFPEEP,,,True,6.5,1.4373579791565816,LDQTLEEFKAQSGDK,,,True,7.0,2.723125193851096,NP_009712.1,EMVKDRGYFITQEEV,0.6916666666666668,0.4666666666666667,,,,,,False,-0.6264689909485771,,NP_002686,XP_011526372,NP_009712.1,FPDMGSLWVEFCDEP,0.3873737373737373,0.2666666666666666,,,,,,False,2.631717291422352,,NP_002686,XP_011526372,NP_009712.1,VELPLEDFKAKYCDS,0.5333333333333333,0.4,,,,,,False,3.3570289461969542,,NP_002686,XP_011526372
ENSG00000172482,AGXT,ENST00000307503,ENSP00000302620,ENSP00000302620,AGXT,ENST00000307503,ENSP00000302620,ENSP00000302620,DIKWLANFWGCDDQP,,,True,5.0,5.875574495729655,QHKPVLLFLTHGESS,,,True,6.0,1.4469828651236922,VLEPGDSFLVGANGI,,,True,6.5,8.700195073586478,NP_116623.1,TEKLSQNSYGAVTVT,0.2642857142857143,0.2,,,,,,False,3.362247395511077,,NP_000021,,NP_116623.1,QNSYGAVTVTHVDTS,0.4055555555555556,0.2666666666666666,,,,,,False,0.423600155167363,,NP_000021,,NP_116623.1,DPPDVIAFLKSHGVV,0.3083333333333333,0.1333333333333333,,,,,,False,2.658715872840076,,NP_000021,
ENSG00000160087,UBE2J2,ENST00000349431,ENSP00000305826,ENSP00000305826,UBE2J2,ENST00000349431,ENSP00000305826,ENSP00000305826,DKVFCELFPEVVEEI,topological domain,Cytoplasmic,True,5.5,0.8146270903001234,FNLKDKVFCELFPEV,topological domain,Cytoplasmic,True,6.5,-1.7235207112413682,MTPYEGGYYHGKLIF,topological domain,Cytoplasmic,True,7.0,-0.3530724191103662,NP_011026.3,NVRFKLIFPEVVQEN,0.8166666666666668,0.4666666666666667,0.579913613197235,0.0,0.5958943262835291,0.0,0.4041056737164708,False,-0.5881719309446123,6.5,NP_477515,XP_005244776,NP_011026.3,NVRFKLIFPEVVQEN,0.3952380952380951,0.2,0.579913613197235,0.0,0.5958943262835291,0.0,0.4041056737164708,False,-0.5881719309446123,6.5,NP_477515,XP_005244776,NP_011026.3,DTPYKGGQYHGTLTF,0.7999999999999999,0.6666666666666666,,,,,,False,-0.3009276301211782,,NP_477515,XP_005244776
ENSG00000157954,WIPI2,ENST00000401525,ENSP00000384945,ENSP00000384945,WIPI2,ENST00000401525,ENSP00000384945,ENSP00000384945,AFSMDGMFLSASSNT,,,True,4.5,1.6131457493875163,VCIVERLFSSSLVAI,,,True,5.5,3.287183167070616,GSKSGYKFFSLSSVD,,,True,6.0,7.453076605362731,NP_444297.1,ERGGDCLILSQYSIL,0.5499999999999999,0.2666666666666666,,,,,,False,0.4530599172512738,,NP_057087,,NP_444297.1,YAIVEMLFSTSLLAL,0.7416666666666667,0.6,0.5583501322047348,0.0,0.3759380628635581,0.0,0.624061937136442,False,2.3798264869892343,5.5,NP_057087,,NP_444297.1,NCEPFGKFYSEDSGG,0.638095238095238,0.2666666666666666,,,,,,False,1.84799550151668,,NP_057087,
ENSG00000021762,OSBPL5,ENST00000263650,ENSP00000263650,ENSP00000263650,OSBPL5,ENST00000263650,ENSP00000263650,ENSP00000263650,DEEQDGDFVPGGESP,,,True,4.0,-0.7728275816115422,SSLENDAFSDKSERE,,,True,4.5,0.5391001675641283,SESDGRCWLDALELA,,,True,5.0,1.923127837957048,NP_012928.1,QQFTDKFFIPAFEKI,0.5416666666666666,0.2666666666666666,,,,,,False,1.490071912222298,,NP_065947,XP_016872652,NP_012928.1,PEFLLQAHSEKDPLK,0.5220238095238096,0.2,,,,,,False,1.9295999198633824,,NP_065947,XP_016872652,NP_012928.1,QQFTDKFFIPAFEKI,0.3650793650793651,0.1333333333333333,,,,,,False,1.490071912222298,,NP_065947,XP_016872652
ENSG00000105438,KDELR1,ENST00000600980,ENSP00000472182,ENSP00000329471,KDELR1,ENST00000600980,ENSP00000472182,ENSP00000329471,FAXHFEGFFDLIAIX,topological domain;transmembrane region,Lumenal;Helical,False,5.5,0.7901189256527644,YISLYXKFKATYDGN,topological domain,Cytoplasmic,True,6.5,3.539896370180424,HDTFRVEFLVVPTAI,transmembrane region,Helical,False,7.0,0.7366833252723076,NP_009513.1,ALVFITRYLDLLTFH,0.338095238095238,0.1333333333333333,0.3520830585410182,0.0,0.3356582336035114,0.0,0.6643417663964886,False,4.585326689729971,7.5,NP_006792,,NP_009513.1,ILILIHNIKTTRYIE,0.2619047619047619,0.2,,,,,,False,4.372345785140735,,NP_006792,,NP_009513.1,YNALMKIFFIVSTAY,0.5,0.2666666666666666,,,,,,False,3.969044435068628,,NP_006792,
ENSG00000100983,GSS,ENST00000651619,ENSP00000498303,ENSP00000498303,GSS,ENST00000651619,ENSP00000498303,ENSP00000498303,LDQDRRLFVDGQEIA,,,True,4.5,-1.6775575541292314,IHVIRRTFEDISEKG,,,True,5.0,0.725228333337786,QEIAVVYFRDGYMPR,,,True,5.5,4.355615518224863,NP_014593.1,DDVNDKLFIDDKTGK,0.5638888888888889,0.2666666666666666,,,,,,False,-0.3750225406491358,,NP_000169,,NP_014593.1,TKSVRLTFDDVNDKL,0.7361111111111112,0.3333333333333333,0.569835313879912,0.0,0.5446988413732895,0.0,0.4553011586267105,False,3.999941467762326,5.0,NP_000169,,NP_014593.1,QEIAVVYYRTGYTTT,0.5047619047619047,0.6666666666666666,0.5887066395471648,0.0,0.3345551245152288,0.0,0.6654448754847712,False,1.9130481425064647,6.0,NP_000169,
ENSG00000116882,HAO2,ENST00000361035,ENSP00000354314,ENSP00000354314,HAO2,ENST00000361035,ENSP00000354314,ENSP00000354314,LNILTNEFHTSMALT,,,True,4.0,-0.3890521265650504,ICYITSTFASCSLED,,,True,4.5,2.367953486181833,LSKSTRDFIEGGADD,,,True,4.5,-1.2469250916256875,NP_013658.1,LTKQAWAYYSSGAND,0.4523809523809524,0.2,0.4734845099678892,0.0,0.6102596961940817,0.0,0.3897403038059183,False,5.743948770336951,5.0,NP_001005783,XP_047278110,NP_013658.1,VPQMISTLASCSPEE,0.5952380952380952,0.4666666666666667,,,,,,False,2.7540845413806445,,NP_001005783,XP_047278110,NP_013658.1,NHPGGQDVIKFNAGK,0.4083333333333334,0.2,,,,,,False,0.0815032772685055,,NP_001005783,XP_047278110
ENSG00000247626,MARS2,ENST00000282276,ENSP00000282276,ENSP00000282276,MARS2,ENST00000282276,ENSP00000282276,ENSP00000282276,SEQFQQLFQEAGISC,,,True,4.5,-0.4133387905432401,PSETYPAFCTTCFPS,,,True,5.0,1.7919551489215624,DACDVRAYFTTPIFY,,,True,5.0,3.358802848744696,NP_011687.1,KLEEDGDFQEAKLYE,0.638888888888889,0.2666666666666666,0.588296945328023,0.0,0.4436112025826189,0.0,0.556388797417381,False,-2.1850764736226607,3.0,NP_612404,,NP_011687.1,LFKGNLSFFTTGTDE,0.4194444444444445,0.2,0.3277650675600189,0.0,0.5484655165633197,0.0,0.4515344834366803,False,0.2297954576030735,3.5,NP_612404,,NP_011687.1,LFKGNLSFFTTGTDE,0.5916666666666667,0.2,0.3277650675600189,0.0,0.5484655165633197,0.0,0.4515344834366803,False,0.2297954576030735,3.5,NP_612404,
ENSG00000134970,TMED7,ENST00000508420,ENSP00000450928,ENSP00000405926,TMED7,ENST00000508420,ENSP00000450928,ENSP00000405926,HKTVYFDFQVGEDPP,topological domain,Lumenal,False,5.5,4.524355440878761,MKKQYDSFTFTASKN,topological domain,Lumenal,False,6.0,3.9741263957429793,TASKNGTYKFCFSNE,topological domain,Lumenal,False,6.0,-0.3494101151386217,NP_009395.1,QVLTGGNFEIDFDIT,0.525,0.1333333333333333,,,,,,False,1.3175890165511572,,NP_861974,,NP_009395.1,KSFGVGKYTFCFSNN,0.5529100529100529,0.2666666666666666,,,,,,False,0.6615731044815489,,NP_861974,,NP_009395.1,KSFGVGKYTFCFSNN,0.6,0.4666666666666667,,,,,,False,0.6615731044815489,,NP_861974,
ENSG00000144580,CNOT9,ENST00000295701,ENSP00000295701,ENSP00000486540,CNOT9,ENST00000295701,ENSP00000295701,ENSP00000486540,DEQEVINFLLTTEII,,,True,5.0,-0.2129710729239604,HPETRSAFLAAHIPL,,,True,6.5,5.7851012421006125,IPLFLYPFLHTVSKT,,,True,6.5,4.648872106112147,NP_014111.1,DSQDVITFLLRTDIV,0.5222222222222223,0.6,,,,,,False,-1.0621185375336817,,NP_001258563,,NP_014111.1,HPETKHLFLQAHIPL,0.5916666666666667,0.7333333333333333,,,,,,False,4.82233095262124,,NP_001258563,,NP_014111.1,IPLFLFPFLNTTSRQ,0.861111111111111,0.6666666666666666,,,,,,False,4.810312103413668,,NP_001258563,
ENSG00000103043,VAC14,ENST00000568886,ENSP00000457809,ENSP00000261776,VAC14,ENST00000568886,ENSP00000457809,ENSP00000261776,IEPVLTCFNDADSRL,,,True,4.0,6.241854281748535,DGSCDSSFSSGISVF,,,True,4.0,6.125850180827613,ADSPSIDYAELLQHF,,,True,5.5,-0.9764571861678544,NP_013490.3,LPPVLACFGDQNDQV,0.4666666666666666,0.4,0.3847055402564038,0.0,0.6989483770060365,0.0,0.3010516229939634,False,5.209004825547456,5.5,NP_060522,XP_047290316,NP_013490.3,FLTLLKSLSNRDSVL,0.4611111111111111,0.2666666666666666,,,,,,False,7.204749755054358,,NP_060522,XP_047290316,NP_013490.3,SDPHITEIAQLVNGQ,0.425,0.2,,,,,,False,6.146643364974354,,NP_060522,XP_047290316
ENSG00000114026,OGG1,ENST00000302003,ENSP00000305584,ENSP00000342851,OGG1,ENST00000302003,ENSP00000305584,ENSP00000342851,QQLRESSYEEAHKAL,,,True,5.0,3.1346584543246707,WGSVDSHFQEVAQKF,,,True,6.0,6.91838169411184,TNKELGNFFRSLWGP,,,True,6.0,3.5672543611793315,NP_013651.1,SICKDAQYEDVREHL,0.4222222222222223,0.2,0.7286293232623019,0.0,0.0539334340105291,0.0,0.9460665659894708,True,1.5602576497760896,6.0,NP_002533,,NP_013651.1,SICKDAQYEDVREHL,0.4269841269841269,0.1333333333333333,0.7286293232623019,0.0,0.0539334340105291,0.0,0.9460665659894708,True,1.5602576497760896,6.0,NP_002533,,NP_013651.1,NVLQAGQSFRWIWDE,0.3712121212121212,0.2666666666666666,,,,,,False,1.5456038131651124,,NP_002533,
ENSG00000036473,OTC,ENST00000039007,ENSP00000039007,ENSP00000039007,OTC,ENST00000039007,ENSP00000039007,ENSP00000039007,EEVDDEVFYSPRSLV,,,True,4.0,0.8076494553970099,YSPRSLVFPEAENRK,,,True,4.5,5.140261396158405,LLGGHPCFLTTQDIH,,,True,4.5,1.759882085993855,NP_012447.1,EEVSDDVFYGEHSIV,0.6333333333333333,0.6,,,,,,False,-1.0824927729711484,,NP_000522,XP_016885045,NP_012447.1,YGEHSIVFEEAENRL,0.7999999999999999,0.6,0.7481083900764677,0.0,0.4181719948050263,0.0,0.5818280051949736,False,2.893661350200268,4.5,NP_000522,XP_016885045,NP_012447.1,FFGAQPMFLGKEDIQ,0.3777777777777777,0.4,,,,,,False,1.0237949292589232,,NP_000522,XP_016885045
ENSG00000165059,PRKACG,ENST00000377276,ENSP00000366488,ENSP00000366488,PRKACG,ENST00000377276,ENSP00000366488,ENSP00000366488,GPGDASNFDDYEEEE,,,True,5.5,0.0514386483429407,DIKNHKWFATTSWIA,,,True,5.5,2.338682889330209,FSEPHACFYAAQVVL,,,True,5.5,4.260049409148237,NP_012755.1,GQGDTSQFDRYPEEE,0.6,0.6666666666666666,,,,,,False,-2.5922045118554418,,NP_002723,,NP_012755.1,DVKNHPWFNEVIWEK,0.4111111111111111,0.4666666666666667,0.3684145358851968,0.0,0.7309673943577926,0.0,0.2690326056422074,False,1.2469255302746007,6.5,NP_002723,,NP_012755.1,FPNPVAKFYAAEVCL,0.7333333333333334,0.6,,,,,,False,0.9589123881448472,,NP_002723,
ENSG00000175470,PPP2R2D,ENST00000455566,ENSP00000399970,ENSP00000399970,PPP2R2D,ENST00000455566,ENSP00000399970,ENSP00000399970,VNSDHETYLSADDLR,,,True,3.5,-0.0542833037287193,DIISTVEFNYSGDLL,,,True,4.5,-1.2542790342238033,SHEPEFDYLKSLEIE,,,True,5.0,1.6152113332461062,NP_011325.1,LNSDQETFLSADDLR,0.9166666666666666,0.8,0.7037295406304847,0.0,0.3980531324971139,0.0,0.6019468675028861,False,-0.0542833037287193,3.0,NP_060931,XP_006717977,NP_011325.1,AIFDKFEVNFSGDSS,0.7083333333333334,0.4,,,,,,False,-0.0814741360161362,,NP_060931,XP_006717977,NP_011325.1,SHDAEFDYLKSLEIE,1.0,0.8666666666666667,,,,,,False,1.6152113332461062,,NP_060931,XP_006717977
ENSG00000139988,RDH12,ENST00000551171,ENSP00000449079,ENSP00000449079,RDH12,ENST00000551171,ENSP00000449079,ENSP00000449079,EPLSGKYFSDCKRTW,,,True,5.0,-0.1888666845305366,DTKSIRAFAEGFLAE,,,True,5.5,0.3921649282712702,HHIGKIPFHDLQSEK,,,True,5.5,0.4543084620475561,NP_014889.3,LVMNTNLFSYWTRLP,0.3566017316017316,0.2,,,,,,False,-3.6334178117757054,,NP_689656,XP_047286921,NP_014889.3,FTWFRYAMSKTALIQ,0.3416666666666666,0.2,,,,,,False,6.402898917315004,,NP_689656,XP_047286921,NP_014889.3,LDPRILPYYDPAVER,0.2976190476190476,0.2,0.4697898566666302,0.0,0.4455276388024377,0.0,0.5544723611975623,False,10.331683889273672,6.0,NP_689656,XP_047286921
ENSG00000166224,SGPL1,ENST00000697928,ENSP00000513482,ENSP00000362298,SGPL1,ENST00000697928,ENSP00000513482,ENSP00000362298,VAELSSVFLDSLYST,topological domain,Cytoplasmic,True,4.5,2.171343028500569,KYRNYQFFVDTDWQG,topological domain,Cytoplasmic,True,5.0,1.324310752752933,MHFGENGYVEATKQI,topological domain,Cytoplasmic,True,5.5,-2.058653457315556,NP_010580.1,ADKLIVGFLDALYKL,0.625,0.4,0.6228831319652746,0.0,0.5475245848880772,0.0,0.4524754151119228,False,2.442155784994845,4.5,NP_003892,XP_047281938,NP_010580.1,DLRMHQYYVNPAWTG,0.4801587301587302,0.3333333333333333,,,,,,False,7.672817100056206,,NP_003892,XP_047281938,NP_010580.1,VNMGENGYIESCQEI,0.7000000000000001,0.4666666666666667,0.4764727286614764,0.0,0.5277556615247748,0.0,0.4722443384752251,False,-2.668352989171844,5.5,NP_003892,XP_047281938
ENSG00000135002,RFK,ENST00000376736,ENSP00000365926,ENSP00000365926,RFK,ENST00000490113,ENSP00000417215,ENSP00000365926,DISTGIYYGWASVGS,,,True,6.5,1.440668107824816,LGIPTANFPEQVVDN,,,True,6.5,-1.645170392856917,KIKEDNFFQVSKSKI,,,True,6.5,-1.761549897674363,NP_010522.1,DLDLGVYFGFAHIKT,0.736111111111111,0.3333333333333333,,,,,,False,3.3524906198553897,,NP_060809,,NP_010522.1,RGSAELGIPTANVPI,0.2583333333333333,0.2,,,,,,False,0.0386394838880932,,NP_060809,,NP_010522.1,TVLATPPYQVFKQQL,0.253968253968254,0.2,,,,,,False,-1.5679684279168309,,NP_060809,
ENSG00000112339,HBS1L,ENST00000367822,ENSP00000356796,ENSP00000356811,HBS1L,ENST00000367822,ENSP00000356796,ENSP00000356811,EPVEEYDYEDLKESS,,,True,4.0,2.195591622162864,HFLKQAGFKESDVGF,,,True,5.0,-2.129578735431769,DFEDDDLYGQSVEDD,,,True,5.0,-2.437281444050985,NP_013010.3,GADDMPDFHDEGEFD,0.4833333333333333,0.2,,,,,,False,2.311798679905501,,NP_006611,XP_047274049,NP_013010.3,PYLVDIGFFEDNINW,0.5416666666666666,0.2666666666666666,,,,,,False,4.021026237585117,,NP_006611,XP_047274049,NP_013010.3,FESGFDLDGQTKEHM,0.6166666666666667,0.3333333333333333,,,,,,False,-0.3167209496547183,,NP_006611,XP_047274049
ENSG00000196236,XPNPEP3,ENST00000357137,ENSP00000349658,ENSP00000349658,XPNPEP3,ENST00000357137,ENSP00000349658,ENSP00000349658,VVLSNPTYYMSNDIP,,,True,5.0,-0.8530220825349794,GKLTSQAFIETMFTS,,,True,5.0,0.704530979672398,NFLYLCGFQEPDSIL,,,True,6.0,2.733821660679845,NP_011001.1,FQQENDLFYLSGWNE,0.3977272727272727,0.2,,,,,,False,-0.3632137835927648,,NP_071381,,NP_011001.1,NERTLDSFLHYKFIS,0.4107142857142857,0.2666666666666666,,,,,,False,0.7165919213007855,,NP_071381,,NP_011001.1,DLFYLSGWNEPNSVM,0.6818181818181818,0.4,,,,,,False,11.110189891015713,,NP_071381,
ENSG00000108439,PNPO,ENST00000583599,ENSP00000463919,ENSP00000493302,PNPO,ENST00000225573,ENSP00000225573,ENSP00000493302,VKQFAAWFEEAVQCP,,,True,4.5,1.1288263360518327,YRGDREAFEETHLTS,,,True,5.0,-2.425120149498317,PEEEAECYFHSRPKS,,,True,5.0,2.686429750375161,NP_009591.1,IDLFTKWFNEAKEDP,0.7333333333333334,0.4,0.4391286217092429,0.0,0.7782105030644569,0.0,0.2217894969355431,False,-0.4460150671699701,3.5,NP_060599,,NP_009591.1,TLPEAITFSSAELPS,0.3333333333333333,0.2,0.5496389484068785,0.0,0.3022010392580469,0.0,0.697798960741953,False,5.337799659318742,4.5,NP_060599,,NP_009591.1,NRETSERYFKTRPRG,0.3999999999999999,0.4,,,,,,False,2.53302829895775,,NP_060599,
ENSG00000122218,COPA,ENST00000649231,ENSP00000498061,ENSP00000357048,COPA,ENST00000241704,ENSP00000241704,ENSP00000357048,LQLDEDGFVEATEGL,,,True,2.5,-2.356678473808508,RFLRQLDFNSSKDVA,,,True,3.5,6.262053987831857,QLTTVGKFEEAVEKF,,,True,4.0,2.705132901055525,NP_010136.1,ELPAQLGYVRAYDDT,0.6269841269841271,0.2,,,,,,False,0.7942752269944772,,NP_001091868,,NP_010136.1,HFVMCAQFHPTDDLI,0.3636904761904762,0.2,,,,,,False,1.8879405338775743,,NP_001091868,,NP_010136.1,VQDPHIRFDLALEYG,0.4972222222222222,0.2,,,,,,False,0.906565204693376,,NP_001091868,
ENSG00000165272,AQP3,ENST00000645858,ENSP00000493516,ENSP00000297991,AQP3,ENST00000645858,ENSP00000493516,ENSP00000297991,LXNPAVTFAMCFLAR,intramembrane region;topological domain,Discontinuously helical;Cytoplasmic,False,6.0,3.461973821961156,TAGIFATYPSGHLDM,topological domain,Extracellular,False,6.0,1.5396539141901535,HFADNQLFVSGPNGT,topological domain,Extracellular,False,6.0,3.922407230257865,NP_116601.1,VPSMGFTYSLPNLKT,0.4583333333333333,0.1333333333333333,,,,,,False,4.260786151482563,,NP_004916,,NP_116601.1,FGCMLGVYVAGGISG,0.375,0.1333333333333333,,,,,,False,5.897744778643737,,NP_004916,,NP_116601.1,GTLVLVIFGVGGNLQ,0.4166666666666667,0.2,,,,,,False,9.368381035021592,,NP_004916,
ENSG00000140043,PTGR2,ENST00000555661,ENSP00000452280,ENSP00000450975,PTGR2,ENST00000555661,ENSP00000452280,ENSP00000450975,TNLTKGDFVTSFYWP,,,True,4.5,1.873265821027165,NEDTGTDYITPWQLS,,,True,5.5,4.232746246403872,ILQLSQWFKEGKLKI,,,True,5.5,-0.3523043683395558,NP_013575.1,KAFSPGDYVSAVTGW,0.4214285714285715,0.2,0.4272445230366555,0.0,0.2394352594005741,0.0,0.7605647405994258,True,1.5096802897880637,4.0,NP_001139627,,NP_013575.1,KAFSPGDYVSAVTGW,0.425,0.1333333333333333,0.4272445230366555,0.0,0.2394352594005741,0.0,0.7605647405994258,True,1.5096802897880637,4.0,NP_001139627,,NP_013575.1,KELSSEQLKDGELLL,0.4888888888888889,0.2666666666666666,,,,,,False,0.737481101524605,,NP_001139627,
ENSG00000106077,ABHD11,ENST00000222800,ENSP00000222800,ENSP00000222800,ABHD11,ENST00000222800,ENSP00000222800,ENSP00000222800,HADRPQDFIAAIRGF,,,True,6.0,3.0157828517474043,ESTGVSHFATYVAAM,,,True,6.5,-0.4245940835697652,HPEIMRLFPRAQMQT,,,True,6.5,4.804399180516816,NP_011545.1,PNAEFVEYIKALMEI,0.4047619047619047,0.1333333333333333,,,,,,False,2.412331174171415,,NP_683710,XP_047276840,NP_011545.1,MSEDVKHFITKHELN,0.3583333333333333,0.3333333333333333,,,,,,False,0.9092929885006924,,NP_683710,XP_047276840,NP_011545.1,RWTRPALFIRATQSH,0.5416666666666666,0.2666666666666666,,,,,,False,3.594392283879315,,NP_683710,XP_047276840
ENSG00000288516,PRKACA,ENST00000672536,ENSP00000500184,ENSP00000499940,PRKACA,ENST00000672536,ENSP00000500184,ENSP00000499940,GPGDTSNFDDYEEEE,,,True,5.0,-2.946176889459582,DIKNHKWFATTDWIA,,,True,5.5,2.338682889330209,QIVLTFEYLHSLDLI,,,True,5.5,1.2555680669075404,NP_015121.1,GIGDTSLFDQYPEEQ,0.5416666666666666,0.6666666666666666,,,,,,False,-3.48974572331481,,NP_002721,,NP_015121.1,DIKAHPWFSEVVWER,0.5083333333333333,0.4666666666666667,0.5188940779450705,0.0,0.6523638627364009,0.0,0.3476361372635991,False,1.8417752337389688,6.5,NP_002721,,NP_015121.1,EVILALEYLHAHNII,0.7361111111111112,0.4,,,,,,False,6.508595115828081,,NP_002721,
ENSG00000072062,PRKACA,ENST00000587372,ENSP00000468352,ENSP00000309591,PRKACA,ENST00000587372,ENSP00000468352,ENSP00000309591,GPGDTSNFDDYEEEE,,,True,5.0,-2.946176889459582,DIKNHKWFATTDWIA,,,True,5.5,2.338682889330209,QIVLTFEYLHSLDLI,,,True,5.5,1.2555680669075404,NP_015121.1,GIGDTSLFDQYPEEQ,0.5416666666666666,0.6666666666666666,,,,,,False,-3.48974572331481,,NP_002721,XP_016882437,NP_015121.1,DIKAHPWFSEVVWER,0.5083333333333333,0.4666666666666667,0.5188940779450705,0.0,0.6523638627364009,0.0,0.3476361372635991,False,1.8417752337389688,6.5,NP_002721,XP_016882437,NP_015121.1,EVILALEYLHAHNII,0.7361111111111112,0.4,,,,,,False,6.508595115828081,,NP_002721,XP_016882437
ENSG00000113460,BRIX1,ENST00000336767,ENSP00000338862,ENSP00000338862,BRIX1,ENST00000336767,ENSP00000338862,ENSP00000338862,KNCNKCIYFEAKKKQ,,,True,4.5,-0.482733108970675,GSRPLLSFDPAFDEL,,,True,5.0,2.793097927372784,HDPTADVFVTPAEEK,,,True,5.5,11.174915218876428,NP_014565.2,YNCNNVLFFEARKHQ,0.8333333333333334,0.5333333333333333,0.650659647614866,0.0,0.3235107606838584,0.0,0.6764892393161416,False,-0.8599819282867793,4.0,NP_060791,,NP_014565.2,GSRPVLSFDQRFESS,0.4999999999999999,0.6,,,,,,False,0.5997022468764251,,NP_060791,,NP_014565.2,SIVDDKIWVRTYEIS,0.4068181818181818,0.1333333333333333,,,,,,False,1.3274969683685216,,NP_060791,
ENSG00000139131,YARS2,ENST00000324868,ENSP00000320658,ENSP00000320658,YARS2,ENST00000324868,ENSP00000320658,ENSP00000320658,DQELKELFKEAPFSE,,,True,4.0,-1.6677450018456577,RGLFKDFFPETGTKI,,,True,4.5,0.3564770056943429,KRCTQALYHSSIDAL,,,True,4.5,1.7716132552538577,NP_015228.1,AYDFYHLYKEENVTI,0.4964285714285714,0.2,,,,,,False,-0.5440199259394907,,NP_001035526,,NP_015228.1,AYDVYQFFYNTLDAD,0.4007936507936507,0.2,,,,,,False,3.4997877844679093,,NP_001035526,,NP_015228.1,SQGSVYLHHSKSKVN,0.5083333333333333,0.2,,,,,,False,7.583228941603366,,NP_001035526,
ENSG00000106290,TAF6,ENST00000687137,ENSP00000508432,ENSP00000399982,TAF6,ENST00000685713,ENSP00000509921,ENSP00000399982,VAQICKHFSTTTNNI,,,True,5.5,5.541811554310234,SVEQQLYYKEITEAC,,,True,6.0,-1.487232802785498,QDAYRAEFGSLGPLL,,,True,6.0,1.3401611119472705,NP_011403.1,NSLQTPVTSTTASAS,0.35,0.2,,,,,,False,3.937527247946447,,NP_001177344,,NP_011403.1,SKELQIYFNKVISTL,0.4083333333333334,0.2666666666666666,,,,,,False,0.7658153650852202,,NP_001177344,,NP_011403.1,LKKFPQAYKSLKPRV,0.463095238095238,0.2,0.5864116241136059,0.0,0.5982980830998648,0.0,0.4017019169001352,False,1.9201210231836567,7.5,NP_001177344,
ENSG00000101361,NOP56,ENST00000329276,ENSP00000370589,ENSP00000370589,NOP56,ENST00000329276,ENSP00000370589,ENSP00000370589,QVEERLSFYETGEIP,,,True,2.5,-1.4633736098077164,TPKYGLIFHSTFIGR,,,True,5.0,3.6251111626249175,RLVAFCPFASSQVAL,,,True,5.5,1.8007298955496458,NP_013298.1,QVEQRLEFYNTGKPT,0.5333333333333333,0.6,,,,,,False,-0.3663511607552984,,NP_006383,,NP_013298.1,TPKYGLIYHSGFISK,0.6825396825396824,0.7333333333333333,0.6549194767489098,0.0,0.4291104918261395,0.0,0.5708895081738605,False,3.6935757913173934,6.0,NP_006383,,NP_013298.1,ILDLNLPKASSKKKN,0.5,0.3333333333333333,,,,,,False,0.8576046199686379,,NP_006383,
ENSG00000124535,WRNIP1,ENST00000380773,ENSP00000370150,ENSP00000370150,WRNIP1,ENST00000380773,ENSP00000370150,ENSP00000370150,GARLIPDFPVARSSS,,,True,5.0,1.4646945205624815,SDQNASLYWLARMLE,,,True,6.0,6.2832087335612,EGEEGDDGGETESRE,,,True,6.0,-1.4653390570634623,NP_014181.1,VENESKRFKAAPSTD,0.3999999999999999,0.2,,,,,,False,0.732678592118174,,NP_064520,,NP_014181.1,GDENASLYYLARMLQ,0.8809523809523809,0.7333333333333333,,,,,,False,7.298956027293013,,NP_064520,,NP_014181.1,FHKSIRGGDENASLY,0.4444444444444445,0.2,,,,,,False,3.453216399683148,,NP_064520,
ENSG00000291730,TATDN1,ENST00000708478,ENSP00000517241,ENSP00000517241,TATDN1,ENST00000708478,ENSP00000517241,ENSP00000517241,LAQTNGMFFSTVGCH,,,True,4.5,1.904985976873534,VGGVVHSFDGTKEAA,,,True,5.5,4.029926160664674,CRNSHAEFLDIMKRN,,,True,6.0,0.8288482323880648,NP_009498.1,LNLSPNIFIGVNGCS,0.375,0.2666666666666666,,,,,,False,-0.5860603537402783,,NP_114415,,NP_009498.1,AKPHDTSFRSIGEIG,0.3916666666666666,0.2,0.4607977822024067,0.0,0.6352029905108898,0.0,0.3647970094891102,False,2.09611771577803,5.5,NP_114415,,NP_009498.1,MRSACDDFVQILERF,0.4638888888888888,0.2666666666666666,,,,,,False,0.8692141652357913,,NP_114415,
ENSG00000147687,TATDN1,ENST00000276692,ENSP00000276692,ENSP00000276692,TATDN1,ENST00000276692,ENSP00000276692,ENSP00000276692,LAQTNGMFFSTVGCH,,,True,4.5,1.904985976873534,VGGVVHSFDGTKEAA,,,True,5.5,4.029926160664674,CRNSHAEFLDIMKRN,,,True,6.0,0.8288482323880648,NP_009498.1,LNLSPNIFIGVNGCS,0.375,0.2666666666666666,,,,,,False,-0.5860603537402783,,NP_114415,XP_016869384,NP_009498.1,AKPHDTSFRSIGEIG,0.3916666666666666,0.2,0.4607977822024067,0.0,0.6352029905108898,0.0,0.3647970094891102,False,2.09611771577803,5.5,NP_114415,XP_016869384,NP_009498.1,MRSACDDFVQILERF,0.4638888888888888,0.2666666666666666,,,,,,False,0.8692141652357913,,NP_114415,XP_016869384
ENSG00000125821,DTD1,ENST00000377452,ENSP00000366672,ENSP00000366672,DTD1,ENST00000377452,ENSP00000366672,ENSP00000366672,LKGNKPDFHLAMPTE,,,True,5.0,0.6577262477247098,PTEQAEGFYNSFLEQ,,,True,5.5,1.48559685586682,TEQAEGFYNSFLEQL,,,True,6.0,-0.1515279636643428,NP_010062.1,KKGTKPDFHLAQKGH,0.7999999999999999,0.6,,,,,,False,1.974291819418111,,NP_543010,,NP_010062.1,KGHIAKELYEEFLKL,0.2666666666666666,0.2666666666666666,,,,,,False,1.9113316859435383,,NP_543010,,NP_010062.1,GHIAKELYEEFLKLL,0.3666666666666667,0.3333333333333333,0.484768550114084,0.0,0.3183495286108051,0.0,0.6816504713891949,False,-0.9562108079966282,7.5,NP_543010,
ENSG00000165240,ATP7A,ENST00000689530,ENSP00000509707,ENSP00000345728,ATP7A,ENST00000689530,ENSP00000509707,ENSP00000345728,AKVNPITFFDTPPML,topological domain;transmembrane region,Extracellular;Helical,False,3.5,0.9774187189146258,LLTSTNEFYTKGMTP,topological domain,Cytoplasmic,True,5.0,3.9424268950527983,PXEIVETYFPGYNRS,topological domain,Extracellular,False,6.0,6.160904489738175,NP_010556.1,ILKVTKAFEDESPLI,0.3666666666666667,0.2,,,,,,False,3.638701811979611,,NP_000043,,NP_010556.1,GKLPRIVFDTSIMII,0.3333333333333333,0.2,0.4077121816468124,0.0,0.3810281184172026,0.0,0.6189718815827975,False,3.0735041491898625,5.5,NP_000043,,NP_010556.1,VSKAIIRYCDGLNCN,0.4018518518518519,0.2,0.8216682082755544,0.0,0.4448488842052787,0.0,0.5551511157947212,False,5.682721309651407,7.0,NP_000043,
ENSG00000152520,PAN3,ENST00000380958,ENSP00000370345,ENSP00000370345,PAN3,ENST00000380958,ENSP00000370345,ENSP00000370345,DTSLTDSYFSTSFIG,,,True,3.5,1.8543081027471044,PKANAPSFFMADELR,,,True,4.0,3.9810360461577776,TSLTDSYFSTSFIGV,,,True,4.5,4.647117697584851,NP_012900.1,RIDINWSESGTKFPI,0.35,0.2,,,,,,False,2.421520330277481,,NP_787050,XP_047286207,NP_012900.1,TSHFYDKMFMVLESS,0.5,0.2,,,,,,False,2.298653130132185,,NP_787050,XP_047286207,NP_012900.1,NAPIFTPSSTSSIHT,0.5119047619047619,0.2666666666666666,,,,,,False,3.399407777883097,,NP_787050,XP_047286207
ENSG00000133597,ADCK2,ENST00000072869,ENSP00000072869,ENSP00000072869,ADCK2,ENST00000072869,ENSP00000072869,ENSP00000072869,KAYANTAFLETDSVQ,,,True,4.5,2.910458704546917,ASTRRDLFSEAFCAQ,,,True,4.5,1.946984085600057,REVLVETYEESVPVS,,,True,5.0,2.2698072367307267,NP_015216.3,PVCTILRFLEISAIF,0.4666666666666666,0.2,0.3670737097381422,0.0,0.4909964659832503,0.0,0.5090035340167497,False,2.578099844719319,7.5,NP_443085,XP_006716233,NP_015216.3,AGSRTDIFSHALCHE,0.75,0.4666666666666667,,,,,,False,3.017712127399048,,NP_443085,XP_006716233,NP_015216.3,LDPNLDLFESSLPIL,0.5416666666666666,0.2,0.3821806318077999,0.0,0.4568176687963738,0.0,0.5431823312036261,False,3.876986768060291,5.0,NP_443085,XP_006716233
ENSG00000146476,ARMT1,ENST00000545879,ENSP00000444121,ENSP00000356263,ARMT1,ENST00000545879,ENSP00000444121,ENSP00000356263,PIDYFDVFKESKEQN,,,True,3.5,-2.47130466082696,LHRHKSEFFEKHGEE,,,True,4.5,1.2482750574112935,TDLILADFLLSSELA,,,True,5.0,2.4005177149329207,NP_013740.1,DDILKVLFKEFIEIS,0.6527777777777778,0.2666666666666666,0.5717407965489645,0.0,0.2904216530227999,0.0,0.7095783469772001,False,-1.0331031546213536,5.5,NP_078849,,NP_013740.1,HDLRDREFFPSGEPS,0.4095238095238095,0.2,,,,,,False,1.919527064021341,,NP_078849,,NP_013740.1,SREIRVDFVLDNSGF,0.5416666666666666,0.2666666666666666,,,,,,False,-0.5288917974989885,,NP_078849,
ENSG00000126934,MAP2K2,ENST00000262948,ENSP00000262948,ENSP00000262948,MAP2K2,ENST00000262948,ENSP00000262948,ENSP00000262948,NGVFTPDFQEFVNKC,,,True,5.5,1.908865579266387,NSPYIVGFYGAFYSD,,,True,5.5,2.1317031507853383,GELKDDDFERISELG,,,True,6.0,-0.6493890972226927,NP_010122.1,DRIYSKEMTDFVNRC,0.4222222222222222,0.2666666666666666,,,,,,False,3.964220306515142,,NP_109587,XP_006722862,NP_010122.1,PHENIITFYGAYYNQ,0.7666666666666666,0.4,,,,,,False,4.169990852340009,,NP_109587,XP_006722862,NP_010122.1,IKSKIKEDKRIKREA,0.35,0.2,,,,,,False,2.1983810553537326,,NP_109587,XP_006722862
ENSG00000115084,SLC35F5,ENST00000245680,ENSP00000245680,ENSP00000245680,SLC35F5,ENST00000409106,ENSP00000386754,ENSP00000245680,RGKHAAFFADAEGYF,,,True,4.5,4.002102968908399,FFADAEGYFAACTTD,,,True,5.0,1.6718268610513292,FADAEGYFAACTTDT,,,True,5.5,-0.3790692115715457,NP_013694.1,HQRYQRHIADVSGDD,0.4791666666666667,0.2,,,,,,False,1.9656628755700207,,NP_079457,XP_047301881,NP_013694.1,DDSYRKPFFITYTNT,0.3273809523809524,0.1333333333333333,,,,,,False,1.7215419061643125,,NP_079457,XP_047301881,NP_013694.1,AEFCILWFTANLVTN,0.2803030303030303,0.1333333333333333,,,,,,False,1.9089992364890764,,NP_079457,XP_047301881
ENSG00000157456,CCNB2,ENST00000621385,ENSP00000480809,ENSP00000288207,CCNB2,ENST00000621385,ENSP00000480809,ENSP00000288207,EENLCQAFSDALLCK,,,True,4.0,0.1550200862390827,LQSINPHFLDGRDIN,,,True,4.5,1.016053096744286,KWNLKQQYYTGYTEN,,,True,5.0,3.415146960192005,NP_015444.1,RKYQSRRFMKASIIS,0.3166666666666667,0.1333333333333333,,,,,,False,5.1577560825455135,,NP_004692,,NP_015444.1,KEEYEWEDLDAEDVN,0.4166666666666667,0.2666666666666666,,,,,,False,5.543187721415306,,NP_004692,,NP_015444.1,WDGNLIHYSGGYTKE,0.3611111111111111,0.2666666666666666,,,,,,False,4.976707411574666,,NP_004692,
ENSG00000110844,PRPF40B,ENST00000380281,ENSP00000369634,ENSP00000448073,PRPF40B,ENST00000380281,ENSP00000369634,ENSP00000448073,DGMSSVNFQTTWSQA,,,True,4.5,-1.6995088486354244,APDGRIYYYNADDKQ,,,True,5.0,-0.0687449165120419,EVYDDVLFFLAKKEK,,,True,5.0,-1.429895328098709,NP_012913.3,AESATANLTLTASKK,0.425,0.2,,,,,,False,2.9749748054405143,,NP_001026868,XP_047284630,NP_012913.3,DASGRIYYYNTLTKK,0.6333333333333333,0.5333333333333333,,,,,,False,0.1921482724518383,,NP_001026868,XP_047284630,NP_012913.3,ESATANLTLTASKKR,0.3999999999999999,0.2666666666666666,,,,,,False,4.778151065465853,,NP_001026868,XP_047284630
ENSG00000164885,CDK5,ENST00000485972,ENSP00000419782,ENSP00000419782,CDK5,ENST00000485972,ENSP00000419782,ENSP00000419782,CDQDLKKYFDSCNGD,,,True,5.0,5.645131946002966,DQDLKKYFDSCNGDL,,,True,5.0,0.8536794670866653,VLFGAKLYSTSIDMW,,,True,5.0,3.3244308820051653,NP_015294.1,MDNDLKKYMDSRTVG,0.6666666666666666,0.5333333333333333,0.4893501610847333,0.0,0.4224365317224965,0.0,0.5775634682775035,False,6.919907541585664,5.5,NP_004926,,NP_015294.1,VALKEVKLDSEEGTP,0.3,0.2,,,,,,False,2.281194486363037,,NP_004926,,NP_015294.1,VLMGSRTYSTSIDIW,0.7999999999999999,0.6666666666666666,0.3865055714211027,0.0,0.5527545745609177,0.0,0.4472454254390823,False,0.3268153442026432,4.5,NP_004926,
ENSG00000100413,POLR3H,ENST00000337566,ENSP00000337627,ENSP00000379761,POLR3H,ENST00000337566,ENSP00000337627,ENSP00000379761,EEGAHDLYMDTGEEI,,,True,3.5,0.6056348331115439,FRVVDESFVDTSPTG,,,True,4.5,1.8601524894867287,SLQQPAKFDEAEQVW,,,True,5.0,3.103103150903759,NP_012778.1,MDEETKLYFDVNEKI,0.6666666666666666,0.3333333333333333,0.7983216663242817,0.0,0.414420635634734,0.0,0.5855793643652659,False,1.6071310545068165,4.5,NP_612211,XP_047297136,NP_012778.1,FRIEREVFVDVKPKS,0.5833333333333334,0.4666666666666667,0.5214485164661479,0.0,0.15901908708883,0.0,0.8409809129111699,True,0.840542556673312,6.5,NP_612211,XP_047297136,NP_012778.1,ENEIEGKNEETPQNE,0.4833333333333333,0.2,,,,,,False,-0.3050145423407705,,NP_612211,XP_047297136
ENSG00000001630,CYP51A1,ENST00000003100,ENSP00000003100,ENSP00000003100,CYP51A1,ENST00000003100,ENSP00000003100,ENSP00000003100,IEKETKEYFESWGES,,,True,3.5,-1.797376326502674,TTSAWMGFFLARDKT,,,True,4.5,-0.1263516003337327,HREIKDIFYKAIQKR,,,True,5.5,0.3955734550592479,NP_011871.1,YGMKPYEFFEECQKK,0.5166666666666667,0.2,,,,,,False,1.1229812836933648,,NP_000777,,NP_011871.1,YVNIGLSHFLALPLA,0.4553571428571428,0.2,,,,,,False,0.5657734817050755,,NP_000777,,NP_011871.1,THLRDEYFPNAHQFN,0.4047619047619048,0.2,,,,,,False,2.347634807546228,,NP_000777,
ENSG00000187109,NAP1L1,ENST00000618691,ENSP00000477538,ENSP00000477538,NAP1L1,ENST00000618691,ENSP00000477538,ENSP00000477538,DDDYDEEGEEADEEG,,,True,5.0,-1.9065590394102807,LVETPTGYIESLPRV,,,True,5.0,-0.4741429182432504,LKDIKVKFSDAGQPM,,,True,5.0,1.7169352233650157,NP_012974.1,HGLEDDDGESAEEQD,0.7222222222222222,0.3333333333333333,,,,,,False,0.2523486669868254,,NP_631946,,NP_012974.1,LVGQDSGYVGGLPKN,0.5694444444444444,0.4,,,,,,False,0.5108001884910616,,NP_631946,,NP_012974.1,NFFDPPKIQNEDQDE,0.3277777777777778,0.1333333333333333,,,,,,False,-1.1174743461058934,,NP_631946,
ENSG00000088205,DDX18,ENST00000263239,ENSP00000263239,ENSP00000263239,DDX18,ENST00000263239,ENSP00000263239,ENSP00000263239,KKKLMVFFSSCMSVK,,,True,4.5,8.20055776856833,RKKKLMVFFSSCMSV,,,True,4.5,7.44997693387541,PLGLTGAFEDTSFAS,,,True,5.0,1.083226146344893,NP_014017.1,KKKIIVFLSSCNSVK,0.8333333333333334,0.7333333333333333,,,,,,False,7.0425982642366485,,NP_006764,,NP_014017.1,QKKKIIVFLSSCNSV,0.611111111111111,0.6666666666666666,0.370555581843505,0.0,0.5064671335258006,0.0,0.4935328664741993,False,6.713600611717108,5.5,NP_006764,,NP_014017.1,SQPTLKAIEKMGFTT,0.4333333333333333,0.2,,,,,,False,4.925749482825932,,NP_006764,
ENSG00000141543,EIF4A3,ENST00000649764,ENSP00000497641,ENSP00000497641,EIF4A3,ENST00000649764,ENSP00000497641,ENSP00000497641,EDMTKVEFETSEEVD,,,True,3.5,4.554491761641871,RESIMKEFRSGASRV,,,True,4.5,7.6799910378149,TLEGIKQFFVAVERE,,,True,4.5,3.542132725248853,NP_010304.3,EEDQKLKFKTSKKLK,0.6,0.3333333333333333,0.4429568797019867,0.0,0.4457393913455564,0.0,0.5542606086544436,False,-0.1408713314926755,6.0,NP_055555,,NP_010304.3,RDKVMNDFRTGHSRV,0.7555555555555555,0.5333333333333333,0.6509729087704845,0.0,0.5480777585812856,0.0,0.4519222414187144,False,5.9188793337488095,4.5,NP_055555,,NP_010304.3,LQTRNVQMLVLDEAD,0.4583333333333333,0.2,,,,,,False,3.6212678377224297,,NP_055555,
ENSG00000232119,MCTS1,ENST00000371317,ENSP00000360367,ENSP00000360367,MCTS1,ENST00000371317,ENSP00000360367,ENSP00000360367,TSPGAKLYPAAVDTI,,,True,6.0,2.7822821419017125,FRQREGPFYPTLRLL,,,True,6.5,1.809050788194044,TVNGELLFFRQREGP,,,True,6.5,-0.1862882367420015,NP_010923.3,NIMCPGLTSAGADLP,0.3916666666666666,0.2,,,,,,False,4.681564443419942,,NP_054779,,NP_010923.3,LVHKFPEAYPTVQVD,0.4166666666666667,0.2,,,,,,False,3.580267417628589,,NP_054779,,NP_010923.3,SVDGEVLFFQKFDEL,0.6222222222222223,0.4,,,,,,False,0.0445463673812924,,NP_054779,
ENSG00000070010,UFD1,ENST00000263202,ENSP00000263202,ENSP00000263202,UFD1,ENST00000263202,ENSP00000263202,ENSP00000263202,FQPQSPDFLDITNPK,,,True,5.5,4.163691140891877,RGIPNYEFKLGKITF,,,True,6.5,4.888716812894554,FSTQYRCFSVSMLAG,,,True,7.0,-0.0474538827648798,NP_011562.1,LEPQSVDFLDISDPK,0.8611111111111112,0.6666666666666666,0.3249730889913772,0.0,0.1462642821147365,0.0,0.8537357178852635,True,-0.0402784009173701,4.5,NP_005650,XP_047297443,NP_011562.1,ISYNGKTFKIKILEV,0.3999999999999999,0.1333333333333333,,,,,,False,0.0,,NP_005650,XP_047297443,NP_011562.1,FEEFFRCYPIAMMND,0.4476190476190476,0.2666666666666666,,,,,,False,3.534380582321771,,NP_005650,XP_047297443
ENSG00000090054,SPTLC1,ENST00000643599,ENSP00000494770,ENSP00000262554,SPTLC1,ENST00000643599,ENSP00000494770,ENSP00000262554,GTCGPRGFYGTFDVH,topological domain,Cytoplasmic,True,5.0,2.9897033841657468,LEDRLAKFMKTEEAI,topological domain,Cytoplasmic,True,6.5,6.838159930923836,FLEESLSFGVLGEHG,topological domain,Cytoplasmic,True,6.5,0.3634374860166413,NP_014025.1,GACGPAGFYGNQDVH,0.8333333333333334,0.7333333333333333,,,,,,False,2.695978830972429,,NP_006406,XP_024303147,NP_014025.1,KKSQTNKFIEPYEEE,0.5511904761904762,0.2,0.4450876330126639,0.0,0.3528753715615481,0.0,0.647124628438452,False,3.0293269363129167,6.0,NP_006406,XP_024303147,NP_014025.1,FVDETFSIGVLGATG,0.625,0.5333333333333333,,,,,,False,1.9475690629185043,,NP_006406,XP_024303147
ENSG00000291508,EIF4A3,ENST00000707787,ENSP00000516984,ENSP00000516984,EIF4A3,ENST00000707787,ENSP00000516984,ENSP00000516984,EDMTKVEFETSEEVD,,,True,3.5,4.554491761641871,RESIMKEFRSGASRV,,,True,4.5,7.6799910378149,TLEGIKQFFVAVERE,,,True,4.5,3.542132725248853,NP_010304.3,EEDQKLKFKTSKKLK,0.6,0.3333333333333333,0.4429568797019867,0.0,0.4457393913455564,0.0,0.5542606086544436,False,-0.1408713314926755,6.0,NP_055555,,NP_010304.3,RDKVMNDFRTGHSRV,0.7555555555555555,0.5333333333333333,0.6509729087704845,0.0,0.5480777585812856,0.0,0.4519222414187144,False,5.9188793337488095,4.5,NP_055555,,NP_010304.3,LQTRNVQMLVLDEAD,0.4583333333333333,0.2,,,,,,False,3.6212678377224297,,NP_055555,
ENSG00000144036,EXOC6B,ENST00000272427,ENSP00000272427,ENSP00000272427,EXOC6B,ENST00000272427,ENSP00000272427,ENSP00000272427,SMSDLKDFLESIRKH,,,True,4.5,0.1123827616616634,KLYGTTTFKDARHAA,,,True,4.5,4.528411879785933,CNFHYQGFVDSITEL,,,True,4.5,-0.9804148565722608,NP_011281.1,IDSKISDILETIEID,0.5333333333333333,0.3333333333333333,,,,,,False,2.128344155232201,,NP_056004,,NP_011281.1,MTPSTPTFPNANGVD,0.4484126984126984,0.2666666666666666,,,,,,False,3.558109199176924,,NP_056004,,NP_011281.1,FNSESASVIDSNTSR,0.5833333333333334,0.2666666666666666,,,,,,False,-0.6491196447660708,,NP_056004,
ENSG00000113407,TARS1,ENST00000502553,ENSP00000424387,ENSP00000387710,TARS1,ENST00000502553,ENSP00000424387,ENSP00000387710,AQKVRQQFHDAKFMA,,,True,4.0,3.828998120493783,LENSLNEFGEKWELN,,,True,4.5,2.3069742949411944,IHKNSSTYWEGKADM,,,True,5.0,0.8540700580242342,NP_116578.3,AEDVRNKLHDAGFYA,0.7000000000000001,0.5333333333333333,,,,,,False,3.0511216665040024,,NP_001245367,,NP_116578.3,PNRFELEFKSKDQDS,0.5,0.2,,,,,,False,0.9178594123623568,,NP_001245367,,NP_116578.3,QLWDLDRPFEGEANE,0.423015873015873,0.2,,,,,,False,4.434446769614173,,NP_001245367,
ENSG00000177156,TALDO1,ENST00000528097,ENSP00000437098,ENSP00000321259,TALDO1,ENST00000528097,ENSP00000437098,ENSP00000321259,ARRLIELYKEAGISK,,,True,5.0,2.9511385857529446,TIVMGASFRNTGEIK,,,True,5.5,0.2445240169114989,AAAQMPAYQELVEEA,,,True,6.0,1.0063883407161265,NP_013458.1,ARHIIKLFEQEGVSK,0.4416666666666667,0.4666666666666667,,,,,,False,1.6769526454096535,,NP_006746,,NP_013458.1,TIVMGASFRSTDEIK,0.875,0.8666666666666667,0.3907109944065715,0.0,0.4180080953878674,0.0,0.5819919046121326,False,1.5411741617487034,4.0,NP_006746,,NP_013458.1,TWEGIQAAKELEEKD,0.6166666666666667,0.2666666666666666,,,,,,False,0.8827084406090524,,NP_006746,
ENSG00000108587,GOSR1,ENST00000467337,ENSP00000462638,ENSP00000225724,GOSR1,ENST00000467337,ENSP00000462638,ENSP00000225724,LQDYTHEFHKTKANF,topological domain,Cytoplasmic,True,5.5,0.9418402581743112,VRKDIESYKSGSGVN,topological domain,Cytoplasmic,True,6.0,5.090155693713716,VNDKMAEYTNSAGVP,topological domain,Cytoplasmic,True,6.5,9.053316704093955,NP_011832.1,AWETRSQFHSQSNVL,0.311111111111111,0.1333333333333333,0.3467947899545157,0.0,0.3173007086514519,0.0,0.682699291348548,False,12.701002252709324,6.5,NP_004862,XP_005258127,NP_011832.1,RLNLLFSVKNDIANS,0.2916666666666667,0.1333333333333333,,,,,,False,7.259327779685194,,NP_004862,XP_005258127,NP_011832.1,KYSTFAQTTSSEQTG,0.3083333333333333,0.2,,,,,,False,2.556134378188119,,NP_004862,XP_005258127
ENSG00000154917,RAB6B,ENST00000477759,ENSP00000419941,ENSP00000285208,RAB6B,ENST00000477759,ENSP00000419941,ENSP00000285208,AKELSVMFIETSAKT,,,True,5.0,0.2820032883366941,QATIGIDFLSKTMYL,,,True,6.0,3.894076492601995,YDSFDNTYQATIGID,,,True,6.5,-1.3825448693435745,NP_013363.1,KLLGAKIFMETSTKA,0.5750000000000001,0.3333333333333333,0.4349915797481407,0.0,0.5206801643638215,0.0,0.4793198356361785,False,2.863978748339425,4.5,NP_057661,,NP_013363.1,QATIGIDFLSKTMYL,1.0,1.0,,,,,,False,3.894076492601995,,NP_057661,,NP_013363.1,YDTFDDHYQATIGID,0.7916666666666666,0.8,,,,,,False,-0.4423261337842978,,NP_057661,
ENSG00000131508,UBE2D2,ENST00000511725,ENSP00000429613,ENSP00000381717,UBE2D2,ENST00000511725,ENSP00000429613,ENSP00000381717,SPYQGGVFFLTIHFP,,,True,6.5,3.4834388840302486,GPVGDDMFHWQATIM,,,True,7.0,3.602971334264893,PYQGGVFFLTIHFPT,,,True,7.0,0.0771315184437967,NP_009638.1,SPYAGGVFFLSIHFP,0.875,0.8666666666666667,,,,,,False,2.6304168014952687,,NP_003330,XP_047273646,NP_009638.1,GPVGDDLYHWQASIM,0.6964285714285715,0.8,,,,,,False,2.1643402901738087,,NP_003330,XP_047273646,NP_009638.1,PYAGGVFFLSIHFPT,0.875,0.8666666666666667,0.2241490966713634,0.0,0.0881909314302309,0.0,0.9118090685697692,True,1.925559001042886,7.0,NP_003330,XP_047273646
ENSG00000144043,TEX261,ENST00000703745,ENSP00000515458,ENSP00000272438,TEX261,ENST00000433258,ENSP00000410335,ENSP00000272438,LXELIEEYTVATSRI,transmembrane region,Helical,False,5.0,1.2683633577103297,FQFFAEEYYPFSEVL,,,True,6.0,6.2680681176053845,FAEEYYPFSEVLAYX,transmembrane region,Helical,False,6.0,1.6780229717615769,NP_012051.3,VLPTTSEQHMAKKND,0.2916666666666667,0.1333333333333333,,,,,,False,4.048748996216801,,NP_653183,,NP_012051.3,VYYQNLKSFPFISLT,0.3666666666666667,0.1333333333333333,,,,,,False,0.348052804878542,,NP_653183,,NP_012051.3,IPRRRASFAEVASFF,0.5416666666666666,0.2,0.5215840535840351,0.0,0.8899436646248745,0.0,0.1100563353751255,False,5.91198003874609,5.5,NP_653183,
ENSG00000134057,CCNB1,ENST00000506572,ENSP00000423387,ENSP00000256442,CCNB1,ENST00000506572,ENSP00000423387,ENSP00000256442,EEDLCQAFSDVILAV,,,True,5.5,1.751052498551862,YPPEIGDFAFVTDNT,,,True,6.5,2.728399854370172,LDYDMVHFPPSQIAA,,,True,6.5,4.340562315151831,NP_010126.1,SAHPRVALSDVTNIV,0.5833333333333334,0.3333333333333333,,,,,,False,5.316663221826572,,NP_114172,,NP_010126.1,NCPTIKDFVYMSENC,0.5047619047619047,0.3333333333333333,,,,,,False,3.9136994157863,,NP_114172,,NP_010126.1,KYSSRRYLHSSQIVA,0.2976190476190476,0.2666666666666666,,,,,,False,6.746703040253369,,NP_114172,
ENSG00000161970,RPL26,ENST00000648839,ENSP00000498177,ENSP00000498177,RPL26,ENST00000648839,ENSP00000498177,ENSP00000498177,GGMKFNPFVTSDRSK,,,True,6.0,-0.2817544897085983,GKEKGKYKEETIEKM,,,True,8.0,-0.4849711919641976,YRKKYVIYIERVQRE,,,True,8.0,-1.3504536174857895,NP_011548.2,KFAVQVDKVTKEKVN,0.2722222222222222,0.1333333333333333,,,,,,False,6.436091708394549,,NP_000978,,NP_011548.2,VQVDKVTKEKVNGAS,0.2444444444444444,0.1333333333333333,,,,,,False,-0.2425596040279785,,NP_000978,,NP_011548.2,KLVITKLHLDKDRKA,0.3638888888888889,0.0,,,,,,False,1.071806525086661,,NP_000978,
ENSG00000142347,MYO1F,ENST00000644032,ENSP00000494550,ENSP00000494550,MYO1F,ENST00000644032,ENSP00000494550,ENSP00000494550,GTDDRSDFGETLSAM,,,True,3.0,-1.1287194304004078,GKRERVDFADSVTKY,,,True,3.5,-0.1433246513563164,QEDAADSFLESVFKT,,,True,3.5,1.0097123131807368,NP_013827.1,IIKSANDLVETLSKA,0.5416666666666666,0.3333333333333333,,,,,,False,1.51216877188759,,NP_036467,XP_047294808,NP_013827.1,MFEAAYDFPGSGSPS,0.4900793650793651,0.2,,,,,,False,3.5829635035142995,,NP_036467,XP_047294808,NP_012793.2,IGTTTNTFLSTIFPD,0.5666666666666668,0.2,0.4956145444250373,0.0,0.3003094306858483,0.0,0.6996905693141515,False,2.6246353377888374,5.0,NP_036467,XP_047294808
ENSG00000167701,GPT,ENST00000528431,ENSP00000433586,ENSP00000378408,GPT,ENST00000528431,ENSP00000433586,ENSP00000378408,AKLTEQVFNEAPGIS,,,True,4.5,0.0638767229418013,GQQELASFHSTSKGY,,,True,5.0,3.399759033888251,PADPNNVFLSTGASD,,,True,5.5,1.60811854288263,NP_010396.1,ANLLYETFKELEGIE,0.4583333333333333,0.4,0.4840770722226363,0.0,0.5722637474856916,0.0,0.4277362525143083,False,-1.4143662506010062,6.0,NP_005300,,NP_010396.1,NIFNDVKFHSMKKVL,0.6333333333333333,0.2666666666666666,0.2868738277531352,0.0,0.3105624228665376,0.0,0.6894375771334623,False,5.463482327654697,7.5,NP_005300,,NP_010396.1,PATPEDIYLTTGASS,0.7297619047619048,0.5333333333333333,0.4293742575555251,0.0,0.3016195417803192,0.0,0.6983804582196809,False,0.951798603172118,5.5,NP_005300,
ENSG00000214160,ALG3,ENST00000446569,ENSP00000397326,ENSP00000380793,ALG3,ENST00000446569,ENSP00000397326,ENSP00000380793,IELSWNTYPSTSCSS,,,True,5.5,1.1692529698638343,LXPPFVFFFMCCASY,transmembrane region,Helical,False,5.5,1.3560822968165045,XPPFVFFFMCCASYR,transmembrane region,Helical,False,6.0,6.664735917130643,NP_009471.1,VMPLLILFESMLCKI,0.3083333333333333,0.1333333333333333,0.3841743055391542,0.0,0.6162857202958993,0.0,0.3837142797041006,False,5.006747544722014,7.0,NP_005778,,NP_009471.1,KDGVRYVIFDCRANL,0.375,0.2,,,,,,False,5.0407614431758585,,NP_005778,,NP_009471.1,HLPPWCVVLACLSKR,0.3333333333333333,0.2666666666666666,,,,,,False,0.2890809574437719,,NP_005778,
ENSG00000198074,AKR1B10,ENST00000359579,ENSP00000352584,ENSP00000352584,AKR1B10,ENST00000359579,ENSP00000352584,ENSP00000352584,AIGGKATFLDAWEAM,,,True,3.0,0.1606478474988861,ENIQVFDFKLSDEEM,,,True,5.0,2.048307133614011,LIHWPQGFKSGDDLF,,,True,5.0,5.005605559620162,NP_011972.1,RFNDPWTWLDGKFPT,0.4318181818181818,0.2,,,,,,False,4.251751312671427,,NP_064695,XP_011514718,NP_011972.1,QSFIEMDLQLAKTTP,0.375,0.1333333333333333,,,,,,False,-1.0160876485560135,,NP_064695,XP_011514718,NP_011972.1,EEKYPPGFYTGADDE,0.6523809523809524,0.3333333333333333,0.6182463275320191,0.0,0.534034262658098,0.0,0.465965737341902,False,3.718068711119904,4.0,NP_064695,XP_011514718
ENSG00000143797,MBOAT2,ENST00000471753,ENSP00000419573,ENSP00000302177,MBOAT2,ENST00000471753,ENSP00000419573,ENSP00000302177,SYKDYITFIEGRSYH,transmembrane region,Helical,False,4.5,-3.011103343050545,NSLGQNSFSTTNNVC,,,True,5.0,7.800144059545236,EYNIDEHFQATASWP,transmembrane region,Helical,False,5.5,2.9032106705572245,NP_014818.1,YAFFYSTLLTGPSFD,0.5499999999999999,0.2666666666666666,,,,,,False,1.5409359212543845,,NP_620154,,NP_014818.1,FERFKQEFSNAASGS,0.375,0.1333333333333333,,,,,,False,3.330218418605224,,NP_620154,,NP_014818.1,LSKAFERFKQEFSNA,0.3,0.2,,,,,,False,0.7894079140520103,,NP_620154,
ENSG00000133028,SCO1,ENST00000577427,ENSP00000463387,ENSP00000255390,SCO1,ENST00000577427,ENSP00000463387,ENSP00000255390,LIGPDGEFLDYFGQN,topological domain,Mitochondrial intermembrane,False,5.5,-4.792978528959594,WLLIYFGFTHCPDVC,topological domain,Mitochondrial intermembrane,False,5.5,4.973981754605347,FLPRGLEFWGPAEGT,,,True,6.0,9.132051012067892,NP_009593.1,LMDPEGQFVDALGRN,0.525,0.4666666666666667,0.6917614840771119,0.0,0.1589514744248508,0.0,0.8410485255751492,True,1.2092934610787174,4.0,NP_004580,,NP_009593.1,FSIIYFGFSNCPDIC,0.736111111111111,0.6,,,,,,False,0.8910203614288652,,NP_004580,,NP_009593.1,RGYGKPSLGGPFHLE,0.2777777777777778,0.1333333333333333,,,,,,False,5.155714521339046,,NP_004580,
ENSG00000185100,ADSS1,ENST00000710323,ENSP00000518203,ENSP00000331260,ADSS1,ENST00000710323,ENSP00000518203,ENSP00000331260,RAHLVFDFHQAVDGL,,,True,4.0,3.4730238834569835,VIHLPGLFEEAEKNE,,,True,5.0,-0.6342127547678011,ICDLLSDFDEFSSRF,,,True,5.0,3.341986796973944,NP_014179.1,RAHLVFDFHQVTDKL,0.8333333333333334,0.8,,,,,,False,4.341288045053014,,NP_689541,XP_006720089,NP_014179.1,ITKYEDLPENAKKYL,0.5714285714285715,0.2666666666666666,,,,,,False,-0.2299991303794111,,NP_689541,XP_006720089,NP_014179.1,VDGVKYDFHMLPSGL,0.4125,0.2,,,,,,False,3.777376907760224,,NP_689541,XP_006720089
ENSG00000077549,CAPZB,ENST00000433834,ENSP00000401010,ENSP00000401010,CAPZB,ENST00000433834,ENSP00000401010,ENSP00000401010,FDQYRDLYFEGGVSS,,,True,5.0,-1.3401692733296604,ARVGTADYGSPSDQS,,,True,5.5,2.3262169492111555,STLNEIYFGKTKDIV,,,True,5.5,0.0087208907159886,NP_012230.3,FDVYRDLYYEGGISS,0.8630952380952381,0.8,0.6863782940297243,0.0,0.3394503909619464,0.0,0.6605496090380536,False,2.026338799789315,5.0,NP_001269091,,NP_012230.3,REYLCCDYNRDIDSF,0.4388888888888889,0.2,,,,,,False,0.7397375191029548,,NP_001269091,,NP_012230.3,NLLETVYFEKTRDIF,0.7666666666666666,0.4666666666666667,,,,,,False,0.7275030101430181,,NP_001269091,
ENSG00000171497,PPID,ENST00000307720,ENSP00000303754,ENSP00000303754,PPID,ENST00000307720,ENSP00000303754,ENSP00000303754,GTGGESIYGEKFEDE,,,True,5.5,0.0963460892111451,NTNGSQFFITTVPTP,,,True,5.5,1.639080241758394,NPSNPRVFFDVDIGG,,,True,5.5,4.194577470475973,NP_013317.1,GTGGESIYDEKFEDE,0.8055555555555555,0.9333333333333332,,,,,,False,0.2415711643122073,,NP_005029,,NP_013317.1,NTNGSQAFITCVPTP,0.5648148148148148,0.8666666666666667,0.2970458763983606,0.0,0.3304722430047488,0.0,0.6695277569952511,False,0.158039800378936,5.0,NP_005029,,NP_013317.1,LDGKHVVFGEVIQGK,0.3833333333333333,0.2666666666666666,0.7056742646821581,0.0,0.1607097997821393,0.0,0.8392902002178607,True,-0.3205960013090336,6.5,NP_005029,
ENSG00000100206,DMC1,ENST00000216024,ENSP00000216024,ENSP00000216024,DMC1,ENST00000216024,ENSP00000216024,ENSP00000216024,NKLIEPGFLTAFEYS,,,True,4.0,0.3359699977946697,ITEAFGEFRTGKTQL,,,True,4.5,-0.1533106524825952,QDEEESLFQDIDLLQ,,,True,5.0,1.023250859428669,NP_011106.1,GKIIQVGFIPATVQL,0.4761904761904762,0.3333333333333333,,,,,,False,-0.7438864496234106,,NP_008999,XP_011528137,NP_011106.1,ITEVFGEFRCGKTQM,0.8148148148148149,0.8,,,,,,False,1.938195057182193,,NP_008999,XP_011528137,NP_011106.1,QKLNQHLFKLNRLAE,0.2833333333333334,0.2666666666666666,,,,,,False,0.6407685237708692,,NP_008999,XP_011528137
ENSG00000175063,UBE2C,ENST00000356455,ENSP00000348838,ENSP00000348838,UBE2C,ENST00000356455,ENSP00000348838,ENSP00000348838,GDKGISAFPESDNLF,,,True,5.0,4.949758987296817,RYKLSLEFPSGYPYN,,,True,5.0,1.5545328005664538,TVYEDLRYKLSLEFP,,,True,7.0,-0.6002797538134229,NP_014984.3,TTESISAFPVDDNDL,0.5833333333333334,0.4666666666666667,,,,,,False,7.00329254261645,,NP_008950,,NP_014984.3,KFKVSLKFPQNYPFH,0.5333333333333333,0.4666666666666667,,,,,,False,3.282354926574458,,NP_008950,,NP_014984.3,TPYSGLKFKVSLKFP,0.5583333333333333,0.5333333333333333,,,,,,False,-0.3293732464192694,,NP_008950,
ENSG00000147955,SIGMAR1,ENST00000378892,ENSP00000368170,ENSP00000277010,SIGMAR1,ENST00000378892,ENSP00000368170,ENSP00000277010,LSEYVLLFGTALGSR,topological domain,Cytoplasmic,True,5.0,0.9184471277452924,TQDFLTLFYTLRSYA,topological domain,Cytoplasmic,True,5.0,3.41363514892737,DEELQWVFVNAGGWM,topological domain,Cytoplasmic,True,5.5,1.7173410479720477,NP_013929.1,VSEYLILFGTAVGTE,1.0,0.6,0.7126815726415215,0.0,0.4993048482001012,0.0,0.5006951517998988,False,3.6029666507270095,5.0,NP_005857,,NP_013929.1,GYIMNVLFTTWLPTN,0.3792207792207793,0.2,0.384342792785157,0.0,0.1407852233823602,0.0,0.8592147766176398,True,-3.560818784144402,7.0,NP_005857,,NP_013929.1,YVKEEWVFNNAGGAM,0.75,0.5333333333333333,,,,,,False,1.5201379473097345,,NP_005857,
ENSG00000186908,ZDHHC17,ENST00000426126,ENSP00000403397,ENSP00000403397,ZDHHC17,ENST00000426126,ENSP00000403397,ENSP00000403397,CVRNIIDFFEFRCCG,topological domain,Cytoplasmic,True,4.5,-0.3622123669136943,GSLDLSIFCSTCLIR,topological domain,Cytoplasmic,True,5.0,4.905650455319858,VQFLSKSFFDHSMHS,topological domain,Cytoplasmic,True,5.0,3.26648696169713,NP_010550.1,LIQDGADFFQKTDTG,0.3833333333333333,0.2666666666666666,,,,,,False,-1.6147343274523158,,NP_056151,,NP_010550.1,SPLLSGVFFGTLLWV,0.5694444444444445,0.2666666666666666,,,,,,False,0.3599496300088022,,NP_056151,,NP_010550.1,LNNAVVARFDHYCPW,0.4231481481481481,0.2,,,,,,False,2.6971022378927216,,NP_056151,
ENSG00000123213,NLN,ENST00000380985,ENSP00000370372,ENSP00000370372,NLN,ENST00000380985,ENSP00000370372,ENSP00000370372,LGALPDDFIDSLEKT,,,True,3.0,-0.556032926084675,EVFSMDMFYSCFKKE,,,True,4.0,4.6781377802626976,GTNVETDFVEVPSQM,,,True,4.5,1.938006333272749,NP_009874.1,PGSVPWDFVEAPSQM,0.5666666666666667,0.2666666666666666,0.6120103964675572,0.0,0.444647132509807,0.0,0.555352867490193,False,1.7595231618584997,3.0,NP_065777,XP_047273400,NP_009874.1,EKIPESLINSLIKTK,0.3194444444444445,0.2,,,,,,False,3.0307447266566374,,NP_065777,XP_047273400,NP_009874.1,PGSVPWDFVEAPSQM,0.8333333333333334,0.6,0.6120103964675572,0.0,0.444647132509807,0.0,0.555352867490193,False,1.7595231618584997,3.0,NP_065777,XP_047273400
ENSG00000100003,SEC14L2,ENST00000617837,ENSP00000482467,ENSP00000478755,SEC14L2,ENST00000415072,ENSP00000399596,ENSP00000478755,LCMFEENYPETLKRL,,,True,5.5,-1.2413344225243514,PDQVPVEYGGTMTDP,,,True,6.0,1.459310279308489,QVEYEILFPGCVLRW,,,True,6.0,-0.4347913889362317,NP_013796.1,AKFYPQYYHKTDKDG,0.4440476190476191,0.2,,,,,,False,0.6120512570882206,,NP_036561,,NP_013796.1,AENLPVKFGGKSEVD,0.3833333333333333,0.2666666666666666,,,,,,False,4.543177476754019,,NP_036561,,NP_013796.1,VQLAKEMFENCEKWR,0.3,0.1333333333333333,,,,,,False,0.1857106136260306,,NP_036561,
ENSG00000137760,ALKBH8,ENST00000428149,ENSP00000415885,ENSP00000415885,ALKBH8,ENST00000428149,ENSP00000415885,ENSP00000415885,RKETPPSFPESDKEA,,,True,5.0,0.2851049766976021,PWPHIVEFLKALPSG,,,True,5.5,2.174878668786289,LPDICESFLEKWLRK,,,True,5.5,-0.6949973692532913,NP_013698.1,VLPKSKSKPKTKSTP,0.3,0.1333333333333333,,,,,,False,0.3944692011212613,,NP_620130,XP_047283826,NP_013698.1,PWPIVTQFLKTRPMG,0.7333333333333334,0.5333333333333333,,,,,,False,3.1230749014890407,,NP_620130,XP_047283826,NP_013698.1,AVVHHWSTRERRVEV,0.3083333333333333,0.1333333333333333,,,,,,False,0.975296398483638,,NP_620130,XP_047283826
ENSG00000142494,SLC47A1,ENST00000436810,ENSP00000407155,ENSP00000270570,SLC47A1,ENST00000436810,ENSP00000407155,ENSP00000270570,SFLXVGSFLSGILGM,topological domain,Extracellular,False,5.5,6.118862650584857,LLXDHVGYIFTTDRD,topological domain,Extracellular,False,6.5,-0.236820403257688,AXLISQTYGSQNLKH,topological domain,Cytoplasmic,True,7.0,1.2764637115514157,NP_010625.1,QVGLSFSFIAGFINC,0.7083333333333334,0.2,,,,,,False,4.972163046780334,,NP_060712,,NP_010625.1,LILGAPAYIFFENLK,0.4722222222222221,0.2666666666666666,,,,,,False,6.619642035633345,,NP_060712,,NP_010625.1,DTLCPQAYGSGRFYS,0.4444444444444444,0.3333333333333333,0.6745270029153991,0.0,0.4625477777922999,0.0,0.5374522222077001,False,1.5013597988909726,6.5,NP_060712,
ENSG00000133657,ATP13A3,ENST00000645538,ENSP00000494471,ENSP00000416508,ATP13A3,ENST00000645538,ENSP00000494471,ENSP00000416508,GIVRQFPFSSALQRM,topological domain,Cytoplasmic,True,5.0,6.337214602746784,VAKINWHYADSLTQC,topological domain,Cytoplasmic,True,5.0,1.451977599879026,KPTDFKLYRDAYLFL,topological domain;transmembrane region,Cytoplasmic;Helical,False,5.0,0.2114961464326544,NP_014934.1,TESEPLVLSSAEQSR,0.5833333333333334,0.2666666666666666,,,,,,False,0.894090227187773,,NP_078800,,NP_014934.1,KPTGFKFYRDSFKYI,0.4055555555555555,0.2,0.5269773439115635,0.0,0.2582870209776378,0.0,0.7417129790223621,False,-0.1197567164317653,6.0,NP_078800,,NP_014934.1,ILTAISVGREAGLIQ,0.525,0.2666666666666666,,,,,,False,2.991104451040347,,NP_078800,
ENSG00000143324,XPR1,ENST00000367590,ENSP00000356562,ENSP00000356562,XPR1,ENST00000367590,ENSP00000356562,ENSP00000356562,AHVEVAPFYTCKKIN,topological domain,Cytoplasmic,True,4.5,1.29978345532634,HKVGFADFWLADQLN,transmembrane region;topological domain,Helical;Extracellular,False,5.0,0.5930953189698693,LKLAFSEFYLSLILL,topological domain,Cytoplasmic,True,5.0,4.008351639057968,NP_012217.3,SEQRRTPFIVCATLN,0.425,0.2666666666666666,,,,,,False,5.419309530389427,,NP_004727,,NP_012217.3,NWLLRDDLYLAGKKN,0.580952380952381,0.2666666666666666,,,,,,False,0.8228087649651924,,NP_004727,,NP_012217.3,QLSKCNEFYLWLLKE,0.7045454545454546,0.3333333333333333,,,,,,False,-2.189080598499304,,NP_004727,
ENSG00000126067,PSMB2,ENST00000373237,ENSP00000362334,ENSP00000362334,PSMB2,ENST00000373237,ENSP00000362334,ENSP00000362334,EAGDTVQFAEYIQKN,,,True,6.0,-4.85614201956512,PALYYMDYLAALAKA,,,True,6.0,0.1097749581207808,HDLDNISFPKQGSGG,,,True,7.0,-1.5942863266087446,NP_010928.1,EAGDTVQFAEYIQAN,1.0,0.9333333333333332,0.3665348640476611,0.0,0.1974192658563861,0.0,0.8025807341436137,True,-4.85614201956512,6.0,NP_002785,,NP_010928.1,PELYQIDYLGTKVEL,0.5,0.4,,,,,,False,-0.0835286936553352,,NP_002785,,NP_010928.1,SPQAVSSFVRQELAK,0.3999999999999999,0.2,,,,,,False,0.8131586880226173,,NP_002785,
ENSG00000123992,DNPEP,ENST00000520694,ENSP00000429468,ENSP00000273075,DNPEP,ENST00000520694,ENSP00000429468,ENSP00000273075,SCQHPTAFEEAIPKS,,,True,4.5,-1.288846432631427,NRLLQAGFSELKETE,,,True,5.5,-1.3578864996222302,TLTLFKGFFELFPSL,,,True,5.5,-0.2055273538500212,NP_011981.1,KHLVSNGFKELSERD,0.2916666666666667,0.1333333333333333,0.4719967639616103,0.0,0.5159047262971715,0.0,0.4840952737028284,False,1.5292808706980543,5.5,NP_036232,,NP_011981.1,KHLVSNGFKELSERD,0.8333333333333334,0.4,0.4719967639616103,0.0,0.5159047262971715,0.0,0.4840952737028284,False,1.5292808706980543,5.5,NP_036232,,NP_011981.1,KHLVSNGFKELSERD,0.5333333333333333,0.2666666666666666,0.4719967639616103,0.0,0.5159047262971715,0.0,0.4840952737028284,False,1.5292808706980543,5.5,NP_036232,
ENSG00000159377,PSMB4,ENST00000290541,ENSP00000290541,ENSP00000290541,PSMB4,ENST00000290541,ENSP00000290541,ENSP00000290541,RCMRVLYYRDARSYN,,,True,4.5,3.3009353683397813,IPSTPDSFMDPASAL,,,True,5.0,7.623655572293798,NTMVIGGYADGESFL,,,True,5.5,3.621532025977807,NP_116708.1,NAMRVLYYRDARSSR,1.0,0.7333333333333333,0.6868812813790427,0.0,0.3573432897224632,0.0,0.6426567102775368,False,3.519818054958287,4.5,NP_002787,,NP_116708.1,VMYQRRSKMNPLWNA,0.3823232323232323,0.2,,,,,,False,3.831993392244917,,NP_002787,,NP_116708.1,NAMRVLYYRDARSSR,0.3952380952380952,0.3333333333333333,0.6868812813790427,0.0,0.3573432897224632,0.0,0.6426567102775368,False,3.519818054958287,4.5,NP_002787,
ENSG00000166851,PLK1,ENST00000300093,ENSP00000300093,ENSP00000300093,PLK1,ENST00000300093,ENSP00000300093,ENSP00000300093,NELLNDEFFTSGYIP,,,True,3.0,0.8849056177324884,ELLNDEFFTSGYIPA,,,True,5.0,5.3694216008394005,RLSLLEEYGCCKELA,,,True,5.0,3.3181166382830423,NP_013714.1,DLKLGNIFFDSNYNL,0.5138888888888888,0.3333333333333333,0.5746804880584652,0.0,0.2682602773838652,0.0,0.7317397226161347,False,1.912053577763812,4.0,NP_005021,,NP_013714.1,TEPEVRFFTTQICGA,0.4481481481481482,0.2666666666666666,0.2187646592845609,0.0,0.1751152032356552,0.0,0.8248847967643448,True,1.3450147503718943,7.0,NP_005021,,NP_013714.1,EEQSLVNFKDCMEKS,0.2666666666666666,0.2,0.4143583308834655,0.0,0.369432404543232,0.0,0.6305675954567679,False,1.5375217868456414,3.0,NP_005021,
ENSG00000124532,MRS2,ENST00000274747,ENSP00000274747,ENSP00000367637,MRS2,ENST00000274747,ENSP00000274747,ENSP00000367637,LETDIKIFKESILEI,topological domain,Mitochondrial matrix,False,5.0,-1.619464085654934,ELLLENYYRLADDLS,topological domain,Mitochondrial matrix,False,5.5,0.9860242892349524,LNLEQWLFRELPSQL,topological domain,Mitochondrial matrix,False,6.0,-0.6075274670088933,NP_014979.1,KSKDLTLFYQKTLLI,0.4357142857142857,0.2666666666666666,,,,,,False,2.736158017841676,,NP_065713,XP_005249299,NP_014979.1,EMLIETYYTQCDEYV,0.3,0.4,,,,,,False,-0.483327950952833,,NP_065713,XP_005249299,NP_014979.1,FYQKTLLIRDLLDEL,0.5555555555555556,0.2666666666666666,,,,,,False,-0.9621657834499566,,NP_065713,XP_005249299
ENSG00000057468,MSH4,ENST00000263187,ENSP00000263187,ENSP00000263187,MSH4,ENST00000263187,ENSP00000263187,ENSP00000263187,SDYVRPEFTDTLAIK,,,True,4.0,2.769555604843588,KVKNSYSFTSADLIK,,,True,4.5,2.969031175761047,SLPLRTSFSSARGFF,,,True,4.5,3.026859469715862,NP_116652.1,LRIKRQEFTDDVATL,0.8055555555555557,0.4,,,,,,False,0.0908159457820618,,NP_002431,,NP_116652.1,MTGSMASRTATSLSR,0.4416666666666666,0.2,,,,,,False,2.613661238218302,,NP_002431,,NP_116652.1,KINLDHNYDSARGFY,0.5992063492063492,0.4,0.6740132060884102,0.0,0.3227219840013477,0.0,0.6772780159986522,False,2.0538877386410217,5.5,NP_002431,
ENSG00000131153,GINS2,ENST00000253462,ENSP00000253462,ENSP00000253462,GINS2,ENST00000253462,ENSP00000253462,ENSP00000253462,EINTSGTFLTQALNH,,,True,6.0,6.10636510682202,NFSLDKIYLIGGDLG,,,True,7.0,-0.6368048609804154,LRVSADSFVRQQEAH,,,True,7.0,2.610732499144332,NP_012463.1,EINELRPFITEIMDK,0.5261904761904762,0.3333333333333333,,,,,,False,6.85756024345082,,NP_057179,,NP_012463.1,TGNHTRWQLITTDDK,0.3545454545454545,0.2,,,,,,False,1.5289267030043123,,NP_057179,,NP_012463.1,FSPEEIQFIVENEPI,0.3999999999999999,0.1333333333333333,,,,,,False,0.9757314656174004,,NP_057179,
ENSG00000103356,EARS2,ENST00000449606,ENSP00000395196,ENSP00000395196,EARS2,ENST00000563499,ENSP00000458604,ENSP00000395196,QSQRLELYAQATEAL,,,True,6.0,4.43231982276742,KSDGFPTYHLACVVD,,,True,6.0,3.342775803276113,SKRQGDVFLEHFAAD,,,True,6.5,-0.3051522836740312,NP_014609.1,KERLNDLRHSAMELK,0.3916666666666666,0.2,,,,,,False,1.2806072494615246,,NP_001077083,XP_011544040,NP_014609.1,KSDKLPTYHLANVVD,1.0,0.8,,,,,,False,6.688385003218016,,NP_001077083,XP_011544040,NP_014609.1,CSKERLNDLRHSAME,0.3333333333333333,0.2,,,,,,False,-0.3445353630965905,,NP_001077083,XP_011544040
ENSG00000136877,FPGS,ENST00000393706,ENSP00000377309,ENSP00000362344,FPGS,ENST00000393706,ENSP00000377309,ENSP00000362344,PQEPSMEYQDAVRML,,,True,4.5,-0.7614578239385942,GKGSTCAFTECILRS,,,True,4.5,-0.9744099652372852,SYGLKTGFFSSPHLV,,,True,5.0,3.771291602994452,NP_014884.1,LRMVGKTYRDAVTAL,0.4666666666666666,0.3333333333333333,0.7222248330828014,0.0,0.5247773108248569,0.0,0.475222689175143,False,2.969580347475129,4.0,NP_004948,XP_005251921,NP_014884.1,GKGSTAAFTSSILGQ,0.625,0.6666666666666666,0.3649279035627082,0.0,0.3674511961121835,0.0,0.6325488038878164,False,0.8680062475773063,5.5,NP_004948,XP_005251921,NP_014884.1,EQLPRIGLYTSPHLK,0.6047619047619047,0.3333333333333333,,,,,,False,2.040103412052736,,NP_004948,XP_005251921
ENSG00000080819,CPOX,ENST00000647941,ENSP00000497326,ENSP00000497326,CPOX,ENST00000647941,ENSP00000497326,ENSP00000497326,TIHFNYRYFEVEEAD,,,True,6.0,3.250493924574996,KKWCDDYFFIAHRGE,,,True,6.0,1.779545759989147,RGIGGIFFDDLDSPS,,,True,6.0,1.0120069619795296,NP_010329.1,TTHLNYRYFETWNQD,0.6666666666666666,0.6,0.4272173789086415,0.0,0.3739408024442714,0.0,0.6260591975557286,False,5.410195448115348,5.5,NP_000088,XP_005247182,NP_010329.1,KKWCDEYFYITHRKE,0.7380952380952381,0.7333333333333333,,,,,,False,0.9338530413998222,,NP_000088,XP_005247182,NP_010329.1,RGIGGIFFDDYDERD,0.6428571428571429,0.7333333333333333,0.1636086273094522,0.0,0.246498442136924,0.0,0.7535015578630759,False,-2.280515542588275,5.5,NP_000088,XP_005247182
ENSG00000172531,PPP1CA,ENST00000312989,ENSP00000326031,ENSP00000365936,PPP1CA,ENST00000312989,ENSP00000326031,ENSP00000365936,NIKLWKTFTDCFNCL,,,True,4.0,2.183292334016338,APNYCGEFDNAGAMM,,,True,5.5,1.345596321325376,INRIYGFYDECKRRY,,,True,5.5,-0.6706650394754182,NP_011059.3,NIKLWKTFTDCFNCL,1.0,1.0,0.3718974935896372,0.0,0.6211592108235623,0.0,0.3788407891764377,False,2.183292334016338,4.0,NP_002699,,NP_011059.3,APNYCGEFDNAGAMM,1.0,1.0,,,,,,False,1.345596321325376,,NP_002699,,NP_011059.3,INRIYGFYDECKRRY,1.0,1.0,0.242841630062861,0.0,0.8281662542715492,0.0,0.1718337457284508,False,-0.6706650394754182,5.5,NP_002699,
ENSG00000043514,TRIT1,ENST00000316891,ENSP00000321810,ENSP00000321810,TRIT1,ENST00000316891,ENSP00000321810,ENSP00000321810,ATPIKMPYNEAENKR,,,True,5.0,2.3574319430408246,VARSLQVFEETGISH,,,True,5.0,5.044012541171831,QSIGFKEFHEYLITE,,,True,5.0,-2.3490874135322337,NP_014917.3,YYKTGKKPSETFNEQ,0.2702380952380952,0.1333333333333333,,,,,,False,5.01293900603322,,NP_060116,,NP_014917.3,GKKPSETFNEQKITL,0.4666666666666666,0.2,0.2498628741122171,0.0,0.6136462287244286,0.0,0.3863537712755713,False,0.977937605475824,6.0,NP_060116,,NP_014917.3,GKKPSETFNEQKITL,0.4611111111111111,0.2666666666666666,0.2498628741122171,0.0,0.6136462287244286,0.0,0.3863537712755713,False,0.977937605475824,6.0,NP_060116,
ENSG00000137124,ALDH1B1,ENST00000377698,ENSP00000366927,ENSP00000366927,ALDH1B1,ENST00000377698,ENSP00000366927,ENSP00000366927,QLFINNEWQDAVSKK,,,True,5.0,1.991936624640858,TFVEESIYNEFLERT,,,True,5.0,0.0101425952871596,TLDNGKPFQESYALD,,,True,5.0,-1.1975885569629194,NP_015019.1,DPFDESTFQGAQTSQ,0.3333333333333333,0.2,,,,,,False,-0.3039254470449984,,NP_000683,XP_011516104,NP_015019.1,VYVEESIYDKFIEEF,0.7277777777777779,0.5333333333333333,,,,,,False,1.5653466305236678,,NP_000683,XP_011516104,NP_015019.1,SIKVGDPFDESTFQG,0.611111111111111,0.3333333333333333,0.5714254410860029,0.0,0.4860763559464577,0.0,0.5139236440535423,False,0.2060101144385954,5.0,NP_000683,XP_011516104
ENSG00000129625,REEP5,ENST00000511865,ENSP00000421305,ENSP00000368959,REEP5,ENST00000511865,ENSP00000421305,ENSP00000368959,YKRIIRPFFLKHESQ,topological domain,Cytoplasmic,True,6.5,2.718441189137541,LKDKAKETADAITKE,topological domain,Cytoplasmic,True,7.0,3.773127466329629,IGFGYPAYISIKAIE,transmembrane region,Helical,False,7.5,0.9428337276213572,NP_015353.1,LYLIPFYWFLKTVFL,0.3603896103896104,0.2666666666666666,,,,,,False,4.731397949429547,,NP_005660,,NP_015353.1,IYIALPQTGGARMIY,0.3388888888888888,0.1333333333333333,,,,,,False,6.661161462965353,,NP_005660,,NP_015353.1,AGFVLPAYLSLVALK,0.8333333333333334,0.4666666666666667,0.3587648453897892,0.0,0.8104302987925476,0.0,0.1895697012074524,False,6.982401614513016,7.5,NP_005660,
ENSG00000237333,MSH5,ENST00000448169,ENSP00000400820,ENSP00000409866,MSH5,ENST00000424681,ENSP00000403777,ENSP00000409866,FMALVGSFVPAEEAE,,,True,5.0,0.8567094313664618,LSEEKLHYRSARTKE,,,True,5.0,1.87096602137496,LIGKVVDFEGSLAEN,,,True,6.0,0.0013961501368418,NP_010127.1,YLAQIGCFVPAERAR,0.6481481481481481,0.5333333333333333,,,,,,False,3.056182078529926,,NP_751897,,NP_010127.1,AFGFINQLRSGKSTL,0.3333333333333333,0.1333333333333333,,,,,,False,3.5919414957251283,,NP_751897,,NP_010127.1,EIVMCIDFSGGKLGC,0.4583333333333333,0.2666666666666666,,,,,,False,1.021402585703276,,NP_751897,
ENSG00000066926,FECH,ENST00000262093,ENSP00000262093,ENSP00000262093,FECH,ENST00000262093,ENSP00000262093,ENSP00000262093,VCRETKSFFTSQQLG,,,True,4.0,0.1553489527786387,SLNGNPLFSKALADL,,,True,6.5,1.3004820549388143,HHLLIQCFADHILKE,,,True,6.5,3.042321028509764,NP_014819.3,MADLVKSHLQSNQLY,0.4458333333333333,0.3333333333333333,,,,,,False,0.258397181670227,,NP_000131,,NP_014819.3,RDKVVLLFSAHSLPM,0.375,0.2,,,,,,False,3.5785250907411,,NP_000131,,NP_014819.3,YDFLYQLFADNDLIP,0.6527777777777778,0.4,0.2469456242154788,0.0,0.5199769377252543,0.0,0.4800230622747456,False,-0.261423278938806,6.5,NP_000131,
ENSG00000164091,WDR82,ENST00000296490,ENSP00000296490,ENSP00000296490,WDR82,ENST00000296490,ENSP00000296490,ENSP00000296490,FNPKFMTFASACSNM,,,True,4.0,1.022391113281504,MSPVDDTFISGSLDK,,,True,5.0,3.260115495600039,SDDDSIVLYDCQEGK,,,True,5.0,-1.09048721790934,NP_012907.3,MNPVNDTFLSSSYDE,0.4523809523809524,0.3333333333333333,0.3502582376384565,0.0,0.4929417847590633,0.0,0.5070582152409366,False,4.108973645891526,5.0,NP_079498,XP_011532438,NP_012907.3,MNPVNDTFLSSSYDE,0.5595238095238095,0.6,0.3502582376384565,0.0,0.4929417847590633,0.0,0.5070582152409366,False,4.108973645891526,5.0,NP_079498,XP_011532438,NP_012907.3,SSIGKHLIFDAFTGQ,0.3416666666666666,0.2,,,,,,False,0.9989470173325844,,NP_079498,XP_011532438
ENSG00000136631,VPS45,ENST00000698598,ENSP00000513825,ENSP00000495563,VPS45,ENST00000698598,ENSP00000513825,ENSP00000495563,FVIGGATYEEALTVY,,,True,4.0,2.252601293881757,QNPKVTEFDAARLVM,,,True,5.5,5.108632855511394,ANNMYLNFAEIGSNI,,,True,6.0,-1.0619159998542036,NP_011420.3,FVIGGVTYEEARLVH,0.7916666666666666,0.7333333333333333,0.57494689080851,0.0,0.3915341494180223,0.0,0.6084658505819777,False,2.152531427155058,4.5,NP_009190,,NP_011420.3,FVIGGVTYEEARLVH,0.4047619047619048,0.2666666666666666,0.57494689080851,0.0,0.3915341494180223,0.0,0.6084658505819777,False,2.152531427155058,4.5,NP_009190,,NP_011420.3,RDTMYLNFGELGDKV,0.5833333333333334,0.4666666666666667,0.4177616132256229,0.0,0.4555823888645336,0.0,0.5444176111354664,False,-1.161048349149835,5.5,NP_009190,
ENSG00000165637,VDAC2,ENST00000298468,ENSP00000298468,ENSP00000443092,VDAC2,ENST00000298468,ENSP00000298468,ENSP00000443092,LAGYQMTFDSAKSKL,transmembrane region,Beta stranded,False,4.0,1.0149342830160688,KSCSGVEFSTSGSSN,transmembrane region,Beta stranded,False,4.0,-0.7501330505489434,CQGLKLTFDTTFSPN,transmembrane region,Beta stranded,False,4.5,-0.2720562270685778,NP_014343.1,ELITSLTPGVAKSAV,0.2936507936507936,0.2666666666666666,,,,,,False,1.240051442303524,,NP_003366,,NP_014343.1,GIVGGAEFGYDISAG,0.4523809523809524,0.2666666666666666,,,,,,False,-0.6659766863975254,,NP_003366,,NP_014343.1,GVAKSAVLNTTFTQP,0.3944444444444445,0.2,,,,,,False,-0.716911173967149,,NP_003366,
ENSG00000148606,POLR3A,ENST00000372371,ENSP00000361446,ENSP00000361446,POLR3A,ENST00000372371,ENSP00000361446,ENSP00000361446,VSNFLQSFETAIEHN,,,True,3.5,4.178860344182143,KGFVANSFYSGLTPT,,,True,4.0,6.849741348274446,GYKKCDEYIEALNTG,,,True,4.0,3.5420330085126004,NP_014759.1,GLLPYAIMETANEIL,0.5833333333333334,0.2666666666666666,,,,,,False,1.288084173706244,,NP_008986,,NP_014759.1,KGFVRNSFFSGLSPP,0.7916666666666666,0.7333333333333333,0.3860290552927197,0.0,0.44638003075919,0.0,0.55361996924081,False,3.813227134110526,4.0,NP_008986,,NP_014759.1,EDLNKAEYVDQYDAE,0.5083333333333333,0.1333333333333333,0.3384937636384765,0.0,0.6257451871834351,0.0,0.3742548128165649,False,0.5750098114439477,5.0,NP_008986,
ENSG00000152465,NMT2,ENST00000378165,ENSP00000367407,ENSP00000367407,NMT2,ENST00000378165,ENSP00000367407,ENSP00000367407,AAKHRYQFWDTQPVP,,,True,4.5,6.94610914738415,KLTDFLSFYTLPSTV,,,True,5.0,-0.9393490125855404,SNKKLVGFISAIPAN,,,True,5.0,3.8353006417261937,NP_013296.1,KAMKDHKFWRTQPVK,0.6333333333333334,0.4666666666666667,,,,,,False,4.532186494147063,,NP_004799,XP_047281975,NP_013296.1,KITDFFSFYSLPFTI,0.6527777777777778,0.6666666666666666,0.3332330575960831,0.0,0.2567008840569429,0.0,0.7432991159430571,False,1.9966390334783173,5.5,NP_004799,XP_047281975,NP_013296.1,ETQKLVAFISAIPVT,0.8333333333333334,0.6,0.5570236693023044,0.0,0.3861643898420666,0.0,0.6138356101579334,False,6.73073496628167,5.0,NP_004799,XP_047281975
ENSG00000172315,TP53RK,ENST00000372114,ENSP00000361186,ENSP00000361186,TP53RK,ENST00000372114,ENSP00000361186,ENSP00000361186,LIDFGLSFISALPED,,,True,4.5,0.8654489955935829,LYVLEKAFLSTHPNT,,,True,5.5,1.6740682586403564,TETVFEAFLKSYSTS,,,True,5.5,1.4961030495071443,NP_011778.1,PGLCVPQLIACDPYN,0.375,0.1333333333333333,,,,,,False,1.4672504207339456,,NP_291028,,NP_011778.1,LYVLERAILSTHSKH,0.625,0.6666666666666666,,,,,,False,0.8635464690887487,,NP_291028,,NP_011778.1,LYVLERAILSTHSKH,0.5333333333333333,0.2,,,,,,False,0.8635464690887487,,NP_291028,
ENSG00000140006,WDR89,ENST00000394942,ENSP00000378399,ENSP00000480112,WDR89,ENST00000394942,ENSP00000378399,ENSP00000480112,DDDALLVFWDARMNS,,,True,3.0,6.176593930095462,TKDSLGAYSETHSDD,,,True,5.0,2.315828926127226,DYLIGGLYHEKTDTL,,,True,5.5,-1.090552650699719,NP_014363.1,PLDIPENFWDYSKKM,0.3357142857142857,0.2666666666666666,0.5130250577288417,0.0,0.2555905499003824,0.0,0.7444094500996176,False,-2.9597438355199563,6.0,NP_542397,,NP_014363.1,KRIFTLSHMETFAIH,0.425,0.1333333333333333,,,,,,False,-1.1212083437734497,,NP_542397,,NP_014363.1,TDGYTNIYDLKQDEE,0.4305555555555555,0.2,,,,,,False,0.1614181900999441,,NP_542397,
ENSG00000160200,CBS,ENST00000398158,ENSP00000381225,ENSP00000381231,CBS,ENST00000398158,ENSP00000381225,ENSP00000381231,ELLAKCEFFNAGGSV,,,True,4.5,1.5366247472938033,ASNPLAHYDTTADEI,,,True,5.0,8.78390600518398,TAIDLLNFVAAQERD,,,True,5.5,1.919505948241536,NP_011671.3,QIYAKLELYNPGGSI,0.5476190476190477,0.4666666666666667,,,,,,False,1.9238501341287169,,NP_000062,XP_047296613,NP_011671.3,VKYCEDHPELTEDDV,0.4535714285714285,0.2,,,,,,False,2.2525204850544345,,NP_000062,XP_047296613,NP_011671.3,GADPFGSILAQPENL,0.3833333333333333,0.2,,,,,,False,-0.2902946083164814,,NP_000062,XP_047296613
ENSG00000128309,MPST,ENST00000401419,ENSP00000384812,ENSP00000411719,MPST,ENST00000401419,ENSP00000384812,ENSP00000411719,RHIPGAAFFDIDQCS,,,True,5.5,0.0450724385838396,DPAFIKTYEDIKENL,,,True,5.5,2.23729060115477,VNIPFTDFLSQEGLE,,,True,6.0,1.410813304367088,NP_014894.3,PRIPNSIFFDIDAIS,0.5833333333333334,0.5333333333333333,0.4516564524651049,0.0,0.1663586885408971,0.0,0.833641311459103,True,2.139336674201106,5.5,NP_066949,,NP_014894.3,LDPETKTYPEAGEAI,0.5011904761904762,0.2666666666666666,0.5853898911414549,0.0,0.4690472903154669,0.0,0.5309527096845331,False,-0.9851780768838426,3.5,NP_066949,,NP_014894.3,KLDNKVDFLTKPRIP,0.5000000000000001,0.2,,,,,,False,0.840320545306657,,NP_066949,
ENSG00000105819,PMPCB,ENST00000428154,ENSP00000390035,ENSP00000249269,PMPCB,ENST00000428154,ENSP00000390035,ENSP00000249269,LCHSFQSFNTSYTDT,,,True,4.5,0.1409475582142481,FQSFNTSYTDTGLWG,,,True,5.0,0.7257196193962495,LDLAKFHFGDSLCTH,,,True,5.0,2.249851879016581,NP_013264.1,LANSYMSFSTSYADS,0.7083333333333334,0.5333333333333333,0.313636950672626,0.0,0.5767461005404103,0.0,0.4232538994595896,False,1.1375045316377026,5.0,NP_004270,,NP_013264.1,YMSFSTSYADSGLWG,0.7083333333333334,0.6666666666666666,0.4507073821945441,0.0,0.647420658945293,0.0,0.352579341054707,False,-0.0500895502781764,5.0,NP_004270,,NP_013264.1,YMSFSTSYADSGLWG,0.3214285714285714,0.1333333333333333,0.4507073821945441,0.0,0.647420658945293,0.0,0.352579341054707,False,-0.0500895502781764,5.0,NP_004270,
ENSG00000155906,RMND1,ENST00000644054,ENSP00000496328,ENSP00000412708,RMND1,ENST00000644054,ENSP00000496328,ENSP00000412708,DLMHCTAFATADEYH,,,True,4.0,2.177681979168576,RINLSSDFLITPDFY,,,True,5.0,2.2442857399007248,WEASLDKFIESIQSI,,,True,5.0,1.9010155072065595,NP_010568.3,IIIYLIAFELCFEIY,0.425,0.2,,,,,,False,2.7919531960516006,,NP_060379,XP_047274915,NP_010568.3,KLNLYSELIETPDLY,0.3833333333333333,0.4666666666666667,,,,,,False,1.3184666343393667,,NP_060379,XP_047274915,NP_010568.3,KLNLYSELIETPDLY,0.4000000000000001,0.1333333333333333,,,,,,False,1.3184666343393667,,NP_060379,XP_047274915
ENSG00000101868,POLA1,ENST00000379068,ENSP00000368358,ENSP00000368349,POLA1,ENST00000379068,ENSP00000368358,ENSP00000368349,MEFEDGDFDEPMEVE,,,True,3.5,3.786316419546997,QESGAMEFEDGDFDE,,,True,4.5,2.698448620078397,SLSDSGSFVSSRARR,,,True,4.5,0.1962180464942844,NP_014297.3,PIYLPDDLDYPKEQL,0.6190476190476191,0.2666666666666666,,,,,,False,1.6560167882122534,,NP_058633,XP_047298139,NP_014297.3,FDDILGEFESGEVEK,0.625,0.2666666666666666,0.5565957022949951,0.0,0.4704518067533347,0.0,0.5295481932466652,False,4.568457503221399,4.5,NP_058633,XP_047298139,NP_014297.3,SRDTIPSDLSSDTFY,0.4583333333333333,0.2666666666666666,,,,,,False,3.4718046602751165,,NP_058633,XP_047298139
ENSG00000146143,PRIM2,ENST00000672107,ENSP00000500708,ENSP00000484105,PRIM2,ENST00000672107,ENSP00000500708,ENSP00000484105,ESIYKIPFADALDLF,,,True,3.5,0.3788557833937194,LRKLKFSYRENLEDE,,,True,5.5,0.5804501101833083,NPPSQGDYHGCPFRH,,,True,5.5,-0.9107164914725824,NP_012879.1,GDYHGCPFRDWSHER,0.4003787878787879,0.2,0.4072574422648413,0.0,0.153245030036002,0.0,0.846754969963998,True,0.1479786383855055,7.0,NP_000938,XP_047274945,NP_012879.1,NKEYRYSFRHNYGLE,0.5277777777777778,0.2666666666666666,,,,,,False,2.8794621876509554,,NP_000938,XP_047274945,NP_012879.1,PRPGRGDYHGCPFRD,1.0,0.6666666666666666,,,,,,False,-1.0917945179951354,,NP_000938,XP_047274945
ENSG00000116001,TIA1,ENST00000433529,ENSP00000401371,ENSP00000401371,TIA1,ENST00000433529,ENSP00000401371,ENSP00000401371,DPYCFVEFHEHRHAA,,,True,5.5,2.5078360009879863,AGNDPYCFVEFHEHR,,,True,5.5,0.9563359942330452,KGYGFVSFFNKWDAE,,,True,6.0,0.0445463673812924,NP_014382.1,VNYAFVEYHQSHDAN,0.401984126984127,0.4,,,,,,False,-0.9530919492616792,,NP_071505,XP_005264585,NP_014382.1,NKNVNYAFVEYHQSH,0.638095238095238,0.4,0.3318120200306578,0.0,0.69382967617363,0.0,0.30617032382637,False,0.8394576058109801,6.5,NP_071505,XP_005264585,NP_014382.1,RGYGFVSFTSQDDAQ,0.5083333333333334,0.6,0.1366827929689376,0.0,0.2740427370401335,0.0,0.7259572629598664,False,0.5519585460954352,5.5,NP_071505,XP_005264585
ENSG00000126267,COX6B1,ENST00000649813,ENSP00000497926,ENSP00000497926,COX6B1,ENST00000649813,ENSP00000497926,ENSP00000497926,CWQNYLDFHRCQKAM,,,True,5.5,-1.3225318614561596,METKIKNYKTAPFDS,,,True,5.5,1.4804497816432796,CEWYQRVYQSLCPTS,,,True,7.5,0.8005669755482543,NP_013139.1,CWQSYVDYHKCVNMK,0.6380952380952382,0.4666666666666667,,,,,,False,2.8573789360506265,,NP_001854,,NP_013139.1,DYHKCVNMKGEDFAP,0.3777777777777777,0.2666666666666666,,,,,,False,0.6593466526836125,,NP_001854,,NP_013139.1,CKVFWKTYNALCPLD,0.5416666666666666,0.3333333333333333,,,,,,False,0.2183217692271339,,NP_001854,
ENSG00000166562,SEC11C,ENST00000509791,ENSP00000482872,ENSP00000468633,SEC11C,ENST00000509791,ENSP00000482872,ENSP00000468633,EVDDRGLYKEGQNWL,topological domain,Lumenal,False,5.5,1.7705743412924455,SGSMEPAFHRGDLLF,topological domain,Lumenal,False,6.5,0.0,KDNGDIKFLTKGDNN,topological domain,Lumenal,False,6.5,1.6129177427267412,NP_012288.1,HADKQFLLTKGDNNA,0.4583333333333333,0.2666666666666666,,,,,,False,6.528971058406096,,NP_150596,XP_011524562,NP_012288.1,SGSMEPAFQRGDILF,0.75,0.8666666666666667,,,,,,False,1.838247748472594,,NP_150596,XP_011524562,NP_012288.1,NHADKQFLLTKGDNN,0.5833333333333334,0.4666666666666667,,,,,,False,1.2102659841933154,,NP_150596,XP_011524562
ENSG00000198841,KTI12,ENST00000371614,ENSP00000360676,ENSP00000360676,KTI12,ENST00000371614,ENSP00000360676,ENSP00000360676,GAEDPAVYGDSAREK,,,True,5.5,2.2886268253910105,AKHGSGAFYSPELLE,,,True,6.0,3.851190286121556,LLEALTLRFEAPDSR,,,True,6.5,3.554724182451272,NP_012812.1,LSKNKIVIVDSLNYI,0.3333333333333333,0.2,,,,,,False,3.0106179350159343,,NP_612426,,NP_012812.1,ATVLKPASQSNFIQV,0.2444444444444444,0.2,,,,,,False,1.8566929193240296,,NP_612426,,NP_012812.1,SQDERKLRSEIISAV,0.375,0.2,,,,,,False,-1.4036623868820624,,NP_612426,
ENSG00000168530,MYL1,ENST00000352451,ENSP00000307280,ENSP00000307280,MYL1,ENST00000352451,ENSP00000307280,ENSP00000307280,SKEQQDEFKEAFLLF,,,True,3.5,-0.3051522836740312,DQATYEDFVEGLRVF,,,True,4.5,3.448224315478159,NNKDQATYEDFVEGL,,,True,5.5,-0.7893559988003918,NP_011409.1,QITGLIEVNEKELDA,0.425,0.2,,,,,,False,1.589360766866612,,NP_524144,,NP_011409.1,TKAKTEDFVKAFQVF,0.5666666666666668,0.4666666666666667,,,,,,False,3.8456822728309294,,NP_524144,,NP_011409.1,DSNGEIDYKKFIEDV,0.4722222222222222,0.2,,,,,,False,0.4995037178917529,,NP_524144,
ENSG00000291835,MYG1,ENST00000708949,ENSP00000517432,ENSP00000517432,MYG1,ENST00000708949,ENSP00000517432,ENSP00000517432,YDHHQRSFTETMSSL,,,True,4.0,-1.5267515985595277,LLRLLPEYRDAEIVR,,,True,4.0,10.640772971324107,DQDTEAGFKRAMDLV,,,True,4.5,0.9928021934521978,NP_011083.3,FDHHQRGFFETFNEK,0.4722222222222222,0.5333333333333333,0.3734515008991905,0.0,0.8219743641894347,0.0,0.1780256358105653,False,2.95189522388296,4.0,NP_067653,,NP_011083.3,MLRLLPEFKDAKLVR,0.7333333333333334,0.6666666666666666,0.803331186803825,0.0,0.4159057742069362,0.0,0.5840942257930638,False,7.77161114956291,3.5,NP_067653,,NP_011083.3,DESFDRCFARASEFI,0.4694444444444445,0.2666666666666666,,,,,,False,-0.1173965493856852,,NP_067653,
ENSG00000139637,MYG1,ENST00000267103,ENSP00000267103,ENSP00000267103,MYG1,ENST00000267103,ENSP00000267103,ENSP00000267103,YDHHQRSFTETMSSL,,,True,4.0,-1.5267515985595277,LLRLLPEYRDAEIVR,,,True,4.0,10.640772971324107,DQDTEAGFKRAMDLV,,,True,4.5,0.9928021934521978,NP_011083.3,FDHHQRGFFETFNEK,0.4722222222222222,0.5333333333333333,0.3734515008991905,0.0,0.8219743641894347,0.0,0.1780256358105653,False,2.95189522388296,4.0,NP_067653,,NP_011083.3,MLRLLPEFKDAKLVR,0.7333333333333334,0.6666666666666666,0.803331186803825,0.0,0.4159057742069362,0.0,0.5840942257930638,False,7.77161114956291,3.5,NP_067653,,NP_011083.3,DESFDRCFARASEFI,0.4694444444444445,0.2666666666666666,,,,,,False,-0.1173965493856852,,NP_067653,
ENSG00000116761,CTH,ENST00000411986,ENSP00000413407,ENSP00000359976,CTH,ENST00000411986,ENSP00000413407,ENSP00000359976,EFGLKISFVDCSKIK,,,True,4.5,-0.1758798193426447,NGMAVAQFLESNPWV,,,True,5.0,-0.1094348419877402,LAESLGGFESLAELP,,,True,6.0,8.119890277047068,NP_009390.1,SANKIAEFLAADKEN,0.2916666666666667,0.1333333333333333,,,,,,False,2.40252853053135,,NP_001893,,NP_009390.1,GSATTATILQSLPQG,0.5333333333333333,0.2666666666666666,,,,,,False,-0.3007689104011063,,NP_001893,,NP_009390.1,LAESLGGIESLLEVP,0.8333333333333334,0.8,,,,,,False,7.874966498297804,,NP_001893,
ENSG00000111144,LTA4H,ENST00000228740,ENSP00000228740,ENSP00000228740,LTA4H,ENST00000228740,ENSP00000228740,ENSP00000228740,VEKSAYEFSETESML,,,True,3.5,3.2353097018715693,LQNSVKTFGETHPFT,,,True,4.5,0.3548373961739521,EIVIEISFETSPKSS,,,True,5.0,-0.5075895735003474,NP_014353.1,IDVIAHELAHSWSGN,0.4166666666666667,0.2,,,,,,False,2.295563698022532,,NP_000886,XP_011536651,NP_014353.1,TFQFLDTLYEFYPEK,0.373015873015873,0.2,,,,,,False,1.914444474400859,,NP_000886,XP_011536651,NP_014353.1,NFTLNIQFRTTDKCT,0.5333333333333333,0.2666666666666666,0.4912258543592339,0.0,0.3808469109146605,0.0,0.6191530890853394,False,0.3945658382052064,6.0,NP_000886,XP_011536651
ENSG00000117133,RPF1,ENST00000370654,ENSP00000359688,ENSP00000359688,RPF1,ENST00000370654,ENSP00000359688,ENSP00000359688,PNDEEVAYDEATDEF,,,True,3.0,-1.1668990812308102,YDEATDEFASYFNKQ,,,True,5.0,1.660264957443801,TIDNQRVYDETTVDP,,,True,5.5,-0.9807566099578472,NP_011956.1,TIENTRVYDETINKE,0.5277777777777778,0.2,0.6171666670669165,0.0,0.6044097008552267,0.0,0.3955902991447733,False,2.909013700542559,5.5,NP_079341,,NP_011956.1,AKKSAYEFANILIEI,0.3611111111111111,0.2,,,,,,False,8.099658330245628,,NP_079341,,NP_011956.1,TIENTRVYDETINKE,0.75,0.6,0.6171666670669165,0.0,0.6044097008552267,0.0,0.3955902991447733,False,2.909013700542559,5.5,NP_079341,
ENSG00000291938,TBL3,ENST00000709263,ENSP00000517587,ENSP00000517587,TBL3,ENST00000709263,ENSP00000517587,ENSP00000517587,DPTRLLLFSSATDAA,,,True,4.0,6.907376514256665,VKSPGLYFLTAGDQG,,,True,4.0,-0.0670819189762256,DQEDITAFDLSPDNE,,,True,5.0,0.4021221498254218,NP_013323.1,DEPSLNLLSGGRDDI,0.5,0.3333333333333333,,,,,,False,3.0559314097849635,,NP_006444,,NP_013323.1,SKGYPEFLLTASNDL,0.611111111111111,0.2666666666666666,,,,,,False,5.615599083359623,,NP_006444,,NP_013323.1,DEQEITALKLTPDGQ,0.5,0.4666666666666667,,,,,,False,0.6695134336286171,,NP_006444,
ENSG00000183751,TBL3,ENST00000568546,ENSP00000454836,ENSP00000454836,TBL3,ENST00000568546,ENSP00000454836,ENSP00000454836,DPTRLLLFSSATDAA,,,True,4.0,6.907376514256665,VKSPGLYFLTAGDQG,,,True,4.0,-0.0670819189762256,DQEDITAFDLSPDNE,,,True,5.0,0.4021221498254218,NP_013323.1,DEPSLNLLSGGRDDI,0.5,0.3333333333333333,,,,,,False,3.0559314097849635,,NP_006444,,NP_013323.1,SKGYPEFLLTASNDL,0.611111111111111,0.2666666666666666,,,,,,False,5.615599083359623,,NP_006444,,NP_013323.1,DEQEITALKLTPDGQ,0.5,0.4666666666666667,,,,,,False,0.6695134336286171,,NP_006444,
ENSG00000145020,AMT,ENST00000636199,ENSP00000490871,ENSP00000273588,AMT,ENST00000636199,ENSP00000490871,ENSP00000273588,GWSLPVQYRDSHTDS,,,True,5.0,1.0647806571393643,RRTPLYDFHLAHGGK,,,True,5.0,5.308282207539683,DDLRKLPFMTSAVME,,,True,5.5,6.394573502582128,NP_010302.1,MCLYGHELDESITPV,0.3694444444444444,0.1333333333333333,,,,,,False,-1.170977703333044,,NP_000472,,NP_010302.1,KKTALHDLHVSLGGT,0.5833333333333334,0.4,,,,,,False,3.4651467442237243,,NP_000472,,NP_010302.1,AKDVLEPLLSKTAPG,0.2916666666666667,0.0666666666666666,,,,,,False,7.380174566393409,,NP_000472,
ENSG00000091140,DLD,ENST00000417551,ENSP00000390667,ENSP00000205402,DLD,ENST00000417551,ENSP00000390667,ENSP00000205402,HPTLSEAFREANLAA,,,True,4.0,-1.0709570017115442,EAALALEYGASCEDI,,,True,5.5,1.9051942728511213,SAVPLRTYADQPIDA,,,True,6.5,5.325314541498075,NP_116635.1,HPTLSEAFKEANMAA,0.8000000000000002,0.8666666666666667,0.8231859168025564,0.0,0.4217266480450092,0.0,0.5782733519549909,False,1.4214756481363726,4.0,NP_000099,,NP_116635.1,EAGLALEYGASAEDV,1.0,0.8,,,,,,False,5.708227250777309,,NP_000099,,NP_116635.1,VDGLEGTVKEDHILD,0.325,0.1333333333333333,,,,,,False,1.7255323325121208,,NP_000099,
ENSG00000135297,MTO1,ENST00000415954,ENSP00000402038,ENSP00000402038,MTO1,ENST00000415954,ENSP00000402038,ENSP00000402038,SVLKSIEFLSSKWKK,,,True,4.5,1.486012181977152,QINGTTGYEEAAAQT,,,True,5.0,2.66163556617966,LVDGSTVYAESVILT,,,True,5.0,1.0811921234311512,NP_011278.2,VIITTGTFLSAEIHI,0.3833333333333333,0.2,0.5862205274384766,0.0,0.2351013974355384,0.0,0.7648986025644615,True,5.421418351731065,4.5,NP_001116698,,NP_011278.2,QINGTTGYEEAAAQG,1.0,0.9333333333333332,0.6347504164091488,0.0,0.5856803154796768,0.0,0.4143196845203232,False,2.66163556617966,5.0,NP_001116698,,NP_011278.2,LDDGTQVGADQVIIT,0.4722222222222221,0.5333333333333333,,,,,,False,2.2339537345563474,,NP_001116698,
ENSG00000133835,HSD17B4,ENST00000509514,ENSP00000426272,ENSP00000424940,HSD17B4,ENST00000682445,ENSP00000508061,ENSP00000424940,KLDPQKAFFSGRLKA,,,True,5.0,2.484172651715724,IILSDEDFMEVVLGK,,,True,5.0,-0.7273512272936764,NWKKICDFENASKPQ,,,True,6.0,2.441446527906831,NP_012934.1,SIFELAAGFFGQLRW,0.5277777777777778,0.2666666666666666,,,,,,False,3.5762980385961582,,NP_000405,,NP_012934.1,TEREFASVVDVHLTG,0.3888888888888888,0.1333333333333333,,,,,,False,0.8980820030032702,,NP_000405,,NP_012934.1,PHGKVPDFEAEISTN,0.3833333333333333,0.2666666666666666,,,,,,False,0.8706315135881548,,NP_000405,
ENSG00000136875,PRPF4,ENST00000374199,ENSP00000363315,ENSP00000363313,PRPF4,ENST00000374199,ENSP00000363315,ENSP00000363313,EEYQQTWYHEGPNSL,,,True,5.0,3.875146497199412,VVKKPHIYYGSLEEK,,,True,5.5,-0.2920585972972229,LGEPITLFGEGPAER,,,True,5.5,0.6511788218101738,NP_015504.1,KIGAIDWHPDSNNQM,0.3829365079365079,0.1333333333333333,,,,,,False,5.313202906557976,,NP_001231855,,NP_015504.1,DGLIKNFQYSNEEGG,0.3277777777777778,0.1333333333333333,,,,,,False,1.7563787301133176,,NP_001231855,,NP_015504.1,STHQELLLQEGHDKG,0.3777777777777777,0.2,,,,,,False,-2.3375372452572014,,NP_001231855,
ENSG00000107341,UBE2R2,ENST00000263228,ENSP00000263228,ENSP00000263228,UBE2R2,ENST00000263228,ENSP00000263228,ENSP00000263228,DEDEEEEDADCYDDD,,,True,5.0,-0.1400447105988209,DNSSDLLYDDLYDDD,,,True,5.0,0.0315577366828501,IDDEDEEEEDADCYD,,,True,6.0,-0.9587515366467316,NP_010339.1,DERIEFEDDDDDDDD,0.5277777777777778,0.6,,,,,,False,2.152207462523533,,NP_060281,XP_005251553,NP_010339.1,ENGSVILQDDDYDDG,0.5222222222222223,0.5333333333333333,,,,,,False,2.006553856256548,,NP_060281,XP_005251553,NP_010339.1,SGDPMTDEPDAETWS,0.4984126984126984,0.2666666666666666,,,,,,False,3.650834054148522,,NP_060281,XP_005251553
ENSG00000115539,PDCL3,ENST00000264254,ENSP00000264254,ENSP00000264254,PDCL3,ENST00000264254,ENSP00000264254,ENSP00000264254,LEDHEDEFNEEDERA,,,True,5.0,-1.5296340748056487,ATKLKNKFGEVLEIS,,,True,6.0,0.4904628244621594,NLPTIFVYLEGDIKA,,,True,6.0,7.377069928468909,NP_014924.3,FHINKPEYNKEVTLA,0.5714285714285715,0.2666666666666666,,,,,,False,0.0826935156595863,,NP_076970,,NP_014924.3,KLQERSKFGEVFHIN,0.8333333333333334,0.4,0.6077094767739077,0.0,0.2701495187635022,0.0,0.7298504812364979,False,4.839108488716294,7.5,NP_076970,,NP_014924.3,NCPTLIVYYRGEVIK,0.6011904761904762,0.4,,,,,,False,4.755045556338123,,NP_076970,
ENSG00000171793,CTPS1,ENST00000696107,ENSP00000512401,ENSP00000497602,CTPS1,ENST00000696107,ENSP00000512401,ENSP00000497602,GDIESMPFIEAFRQF,,,True,4.5,-1.9638152976827417,NHKLEIKYIDSADLE,,,True,5.0,4.414831531139254,NSVMRKLYGDADYLE,,,True,5.0,1.1163474292233264,NP_012637.4,GDIESAPFVEALRQF,0.9583333333333334,0.8,0.4468460024319299,0.0,0.2309757685126265,0.0,0.7690242314873735,True,-1.7220770895376265,4.5,NP_001896,XP_024309322,NP_012637.4,QEVDKNKFHDSWNKL,0.548611111111111,0.2,0.322328998446458,0.0,0.3173375621915476,0.0,0.6826624378084524,False,2.875387201570013,5.0,NP_001896,XP_024309322,NP_012637.4,WSNIRKLYGEVNEVH,0.5,0.4,0.6351250675627662,0.0,0.6718908985731838,0.0,0.3281091014268161,False,3.8514565856334544,6.0,NP_001896,XP_024309322
ENSG00000119318,RAD23B,ENST00000358015,ENSP00000350708,ENSP00000350708,RAD23B,ENST00000358015,ENSP00000350708,ENSP00000350708,DSSRSNLFEDATSAL,,,True,4.0,2.5781629017811483,ERLKALGFPEGLVIQ,,,True,5.5,1.1573103159066584,EGLVIQAYFACEKNE,,,True,6.5,4.331025263907685,NP_010877.3,QPAEDDLFAQAAQGG,0.4583333333333333,0.2,,,,,,False,3.2354972886743423,,NP_002865,,NP_010877.3,ATDAAQGGPPGSIGL,0.5178571428571429,0.2666666666666666,,,,,,False,5.35525352808812,,NP_002865,,NP_010877.3,RDLVIQVYFACDKNE,0.8333333333333334,0.7333333333333333,,,,,,False,4.760821936837871,,NP_002865,
ENSG00000140307,GTF2A2,ENST00000396060,ENSP00000379372,ENSP00000379372,GTF2A2,ENST00000396060,ENSP00000379372,ENSP00000379372,FVLNDVEFREVTELI,,,True,4.5,-0.7968750040068016,ALQVLLQFDKAINAA,,,True,6.5,10.033783302651443,FRGSLNTYRFCDNVW,,,True,6.5,10.218145964453685,NP_012865.1,QVTVEDSHRDASQNG,0.2680555555555555,0.1333333333333333,,,,,,False,3.5164211931679707,,NP_004483,,NP_012865.1,AMRVLETFDKVVAET,0.3833333333333333,0.4,,,,,,False,6.289704306788025,,NP_004483,,NP_012865.1,VKGNLDTYGFCDDVW,0.638888888888889,0.6,,,,,,False,6.8513342480138455,,NP_004483,
ENSG00000143627,PKLR,ENST00000342741,ENSP00000339933,ENSP00000339933,PKLR,ENST00000342741,ENSP00000339933,ENSP00000339933,RGVFPLLYREPPEAI,,,True,6.0,0.7280075605438435,PAAMADTFLEHLCLL,,,True,6.0,2.311996145134988,NHEGVKRFDEILEVS,,,True,6.5,4.730699434396284,NP_014992.3,TARIAHLYRGVFPFL,0.3373015873015872,0.2,,,,,,False,4.945618632243644,,NP_000289,XP_016856982,NP_014992.3,AAAATAAILEQDGKA,0.25,0.2666666666666666,,,,,,False,-1.4021666235039678,,NP_000289,XP_016856982,NP_014992.3,NQQGLDNFDEILEVT,0.8333333333333334,0.6,0.4938097910284983,0.0,0.4921778751290081,0.0,0.5078221248709919,False,4.570294007371447,5.5,NP_000289,XP_016856982
ENSG00000262785,PKLR,ENST00000571194,ENSP00000461487,ENSP00000459921,PKLR,ENST00000571194,ENSP00000461487,ENSP00000459921,RGVFPLLYREPPEAI,,,True,6.0,0.7280075605438435,PAAMADTFLEHLCLL,,,True,6.0,2.311996145134988,NHEGVKRFDEILEVS,,,True,6.5,4.730699434396284,NP_014992.3,TARIAHLYRGVFPFL,0.3373015873015872,0.2,,,,,,False,4.945618632243644,,NP_000289,,NP_014992.3,AAAATAAILEQDGKA,0.25,0.2666666666666666,,,,,,False,-1.4021666235039678,,NP_000289,,NP_014992.3,NQQGLDNFDEILEVT,0.8333333333333334,0.6,0.4938097910284983,0.0,0.4921778751290081,0.0,0.5078221248709919,False,4.570294007371447,5.5,NP_000289,
ENSG00000164163,ABCE1,ENST00000507193,ENSP00000422068,ENSP00000296577,ABCE1,ENST00000507193,ENSP00000422068,ENSP00000296577,LAIVAGEFTDSEIMV,,,True,4.0,7.710343876054978,LIDEPSAYLDSEQRL,,,True,5.0,1.0158962253369903,DWQEILTYFRGSELQ,,,True,5.0,1.189784930233584,NP_010376.3,LNVEEGEFSDSEILV,0.875,0.6,0.4599814313441429,0.0,0.1186808214229028,0.0,0.8813191785770971,True,2.2169695861349457,3.5,NP_001035809,,NP_010376.3,LIDEPSAYLDSEQRI,1.0,0.9333333333333332,0.6526285498395147,0.0,0.4072469215793507,0.0,0.5927530784206493,False,1.0158962253369903,5.0,NP_001035809,,NP_010376.3,EWQEIIKYFRGSELQ,0.7999999999999999,0.8,,,,,,False,2.4630169362010554,,NP_001035809,
ENSG00000105220,GPI,ENST00000647446,ENSP00000495129,ENSP00000348877,GPI,ENST00000647446,ENSP00000495129,ENSP00000348877,DPQNMFEFWDWVGGR,,,True,5.0,0.3093722389319611,AHWMDQHFRTTPLEK,,,True,5.5,1.3830478146155647,FIIASKTFTTQETIT,,,True,6.0,-0.1675108941851501,NP_009755.1,DTKNMFGFESWVGGR,0.3444444444444445,0.6666666666666666,0.4855947540230788,0.0,0.8145483260423895,0.0,0.1854516739576104,False,2.013043988915437,7.0,NP_000166,,NP_009755.1,AEAVDNHFTQTPLED,0.6,0.5333333333333333,,,,,,False,1.913586625393282,,NP_000166,,NP_009755.1,FLIASKTFTTAETIT,0.7916666666666666,0.8666666666666667,0.5665969161484652,0.0,0.3322054532359524,0.0,0.6677945467640476,False,1.1107177006845703,4.0,NP_000166,
ENSG00000130811,EIF3G,ENST00000253108,ENSP00000253108,ENSP00000253108,EIF3G,ENST00000253108,ENSP00000253108,ENSP00000253108,SDDVSMTFITSKEDL,,,True,3.0,2.017975699949269,GGMPTGDFDSKPSWA,,,True,5.5,0.5311711559689722,HWTTRCPYKDTLGPM,,,True,5.5,2.749614273053142,NP_010717.1,GKSRGLAFVTFSSEE,0.4027777777777777,0.1333333333333333,0.53995796237278,0.0,0.5945365061033688,0.0,0.4054634938966311,False,2.9832966901344853,6.5,NP_003746,,NP_010717.1,PEEIIENADGSRSII,0.2777777777777777,0.1333333333333333,,,,,,False,-0.1599690881675865,,NP_003746,,NP_010717.1,HMTMNCPFKTILSEL,0.3416666666666666,0.4,0.5725829716845781,0.0,0.0907590420224968,0.0,0.9092409579775032,True,0.5424326129145489,6.5,NP_003746,
ENSG00000090238,YPEL3,ENST00000398841,ENSP00000381821,ENSP00000381821,YPEL3,ENST00000398841,ENSP00000381821,ENSP00000381821,AFESSQKYKEGKYII,,,True,6.0,0.6216065224468099,GWKYEQAFESSQKYK,,,True,6.0,0.6539641321876484,DDLISKSFQGSQGRA,,,True,6.5,-1.5843313304206106,NP_009504.1,SSNDDQQYKEGKFIL,0.7833333333333333,0.4666666666666667,0.8358915504314794,0.0,0.2332470695354437,0.0,0.7667529304645563,True,-1.218569140256477,5.0,NP_113665,,NP_009504.1,IENPLSSPSSSYKSI,0.4464285714285714,0.2,,,,,,False,6.379061204044218,,NP_113665,,NP_009504.1,FQIISRDYRGRTGTA,0.4047619047619048,0.3333333333333333,,,,,,False,0.1767189732815298,,NP_113665,
ENSG00000108424,KPNB1,ENST00000535458,ENSP00000438253,ENSP00000290158,KPNB1,ENST00000535458,ENSP00000438253,ENSP00000290158,DQEEPATYCLSSSFE,,,True,5.5,-1.154374731916758,MASLLRMFQSTAGSG,,,True,5.5,8.67449203226917,VALQGIEFWSNVCDE,,,True,5.5,1.115258701654398,NP_013451.1,PYMEQALYALTIATM,0.3666666666666667,0.2666666666666666,,,,,,False,-0.1036122192945227,,NP_002256,,NP_013451.1,AGACLQLFAQNCGNH,0.375,0.2,,,,,,False,3.5561842471521605,,NP_002256,,NP_013451.1,VASMTVEFWSTICEE,0.8333333333333334,0.5333333333333333,0.3751769461145974,0.0,0.1651407875467492,0.0,0.8348592124532508,True,1.4395840474634545,4.0,NP_002256,
ENSG00000112578,BYSL,ENST00000230340,ENSP00000230340,ENSP00000230340,BYSL,ENST00000230340,ENSP00000230340,ENSP00000230340,LKIAEMEYSGANSIF,,,True,5.5,0.1607663811646149,GSDDEDEEWPTLEKA,,,True,7.0,-0.8651903599854011,GGGGMPKFKAARGVG,,,True,7.0,6.8870626889663535,NP_009806.3,VSVPALHSSAALSYL,0.4166666666666667,0.2,,,,,,False,2.6513505292357697,,NP_004044,XP_047275237,NP_009806.3,IYVTNPEEWSPHVVY,0.3511904761904762,0.2,,,,,,False,8.306988977352805,,NP_004044,XP_047275237,NP_009806.3,HDPLLKDLDAAQGTL,0.4444444444444445,0.2,,,,,,False,3.4801104897986663,,NP_004044,XP_047275237
ENSG00000164031,DNAJB14,ENST00000442697,ENSP00000404381,ENSP00000404381,DNAJB14,ENST00000442697,ENSP00000404381,ENSP00000404381,QNNGRFNFHRGCEAD,topological domain,Cytoplasmic,True,6.0,2.426054102544825,SINKCKNYYEVLGVT,topological domain,Cytoplasmic,True,6.0,4.7079873605274045,PEDLFNIFFGGGFPS,topological domain,Cytoplasmic,True,6.0,0.1606291672095532,NP_013884.1,GGFRVYTNNRGGSPF,0.2777777777777777,0.1333333333333333,,,,,,False,4.639360322423193,,NP_001026893,XP_047272141,NP_013884.1,LSKDKHEFYEILKVD,0.475,0.2666666666666666,0.6197978820848525,0.0,0.2079187934706517,0.0,0.7920812065293482,True,1.9919157530818907,5.0,NP_001026893,XP_047272141,NP_013884.1,GGGFEDMFFNSRFGG,0.5333333333333333,0.2,,,,,,False,0.6922738241066171,,NP_001026893,XP_047272141
ENSG00000281221,PSMC4,ENST00000629691,ENSP00000487367,ENSP00000487367,PSMC4,ENST00000629691,ENSP00000487367,ENSP00000487367,IPLVIGQFLEAVDQN,,,True,3.5,3.2412451887774525,KLQQELEFLEVQEEY,,,True,4.5,-0.8071430580515637,QKNLKKEFLHAQEEV,,,True,4.5,1.2319446554953548,NP_010682.3,VPLVIGQFLEPIDQN,0.8095238095238096,0.8,0.4625172094785376,0.0,0.6164195440605001,0.0,0.3835804559394998,False,5.365489629164497,5.5,NP_006494,,NP_010682.3,VPLVIGQFLEPIDQN,0.5746031746031747,0.2,0.4625172094785376,0.0,0.6164195440605001,0.0,0.3835804559394998,False,5.365489629164497,5.5,NP_006494,,NP_010682.3,QRHLKRELKRAQEEV,0.4333333333333333,0.6,,,,,,False,0.0460174114294468,,NP_006494,
ENSG00000013275,PSMC4,ENST00000157812,ENSP00000157812,ENSP00000157812,PSMC4,ENST00000157812,ENSP00000157812,ENSP00000157812,IPLVIGQFLEAVDQN,,,True,3.5,3.2412451887774525,KLQQELEFLEVQEEY,,,True,4.5,-0.8071430580515637,QKNLKKEFLHAQEEV,,,True,4.5,1.2319446554953548,NP_010682.3,VPLVIGQFLEPIDQN,0.8095238095238096,0.8,0.4625172094785376,0.0,0.6164195440605001,0.0,0.3835804559394998,False,5.365489629164497,5.5,NP_006494,,NP_010682.3,VPLVIGQFLEPIDQN,0.5746031746031747,0.2,0.4625172094785376,0.0,0.6164195440605001,0.0,0.3835804559394998,False,5.365489629164497,5.5,NP_006494,,NP_010682.3,QRHLKRELKRAQEEV,0.4333333333333333,0.6,,,,,,False,0.0460174114294468,,NP_006494,
ENSG00000131203,IDO1,ENST00000522495,ENSP00000430505,ENSP00000430950,IDO1,ENST00000522495,ENSP00000430505,ENSP00000430950,ELPPILVYADCVLAN,,,True,5.0,1.6504246702947678,NMDVLFSFRDGDCSK,,,True,5.0,8.201234501505432,MPPAHRNFLCSLESN,,,True,6.0,-0.7845574538425036,NP_012612.3,CISMLKIFRDNHIQI,0.3416666666666666,0.0666666666666666,0.5363619477711427,0.0,0.6464849976986203,0.0,0.3535150023013796,False,5.025244497326302,6.5,NP_002155,,NP_012612.3,CISMLKIFRDNHIQI,0.375,0.2666666666666666,0.5363619477711427,0.0,0.6464849976986203,0.0,0.3535150023013796,False,5.025244497326302,6.5,NP_002155,,NP_012612.3,MPREHREFLYHLESV,0.431547619047619,0.6,,,,,,False,0.068464628692476,,NP_002155,
ENSG00000138363,ATIC,ENST00000426233,ENSP00000401936,ENSP00000236959,ATIC,ENST00000236959,ENSP00000236959,ENSP00000236959,AFTHTAQYDEAISDY,,,True,4.5,-0.5163190742469346,SSDAFFPFRDNVDRA,,,True,5.0,1.990516334415175,LIKWKALFEEVPELL,,,True,5.5,3.45995890717898,NP_013839.1,AFEHTADYDAAISDF,0.625,0.7333333333333333,,,,,,False,-0.3914908199419166,,NP_004035,XP_047300445,NP_013839.1,SSDAFFPFPDNVYRA,0.5476190476190477,0.8666666666666667,0.2934228624579765,0.0,0.5885956235531491,0.0,0.4114043764468509,False,2.762115931714356,6.0,NP_004035,XP_047300445,NP_013839.1,LSEYQSKFEEIPKPF,0.5916666666666667,0.3333333333333333,0.4572737183391903,0.0,0.3496888051461201,0.0,0.6503111948538799,False,0.8333401564483767,7.0,NP_004035,XP_047300445
ENSG00000205060,SLC35B4,ENST00000416907,ENSP00000405445,ENSP00000367770,SLC35B4,ENST00000378509,ENSP00000367770,ENSP00000367770,GFQAXGIFQETLYKR,,,True,5.0,-2.07005967443482,AMPLHMIFRSGSLIA,transmembrane region,Helical,False,6.0,1.3184140868368688,FYNXAVLFNKSELYE,transmembrane region,Helical,False,7.0,5.797655217992989,NP_010912.1,GAIIASLFKDADFRY,0.4222222222222222,0.1333333333333333,0.8283835416433319,0.0,0.4047120451200587,0.0,0.5952879548799414,False,5.023465010481178,4.5,NP_116215,XP_011514947,NP_010912.1,KHWKENIFYSHFLSL,0.5773809523809524,0.2666666666666666,0.1310716088338239,0.0,0.0871627998534877,0.0,0.9128372001465122,True,2.3692171041808963,6.0,NP_116215,XP_011514947,NP_010912.1,LSLPLFLFSRKQLIH,0.6083333333333333,0.2,,,,,,False,5.266817515136612,,NP_116215,XP_011514947
ENSG00000119383,PTPA,ENST00000358994,ENSP00000351885,ENSP00000377036,PTPA,ENST00000358994,ENSP00000351885,ENSP00000377036,ENHKDYMFLECILFI,,,True,4.5,0.7345043228413242,GNSTRIDYGTGHEAA,,,True,4.5,1.834931409015808,GKKLTFEYRVSEAIE,,,True,6.5,1.961813929473441,NP_015173.1,NNELVEMFAHRYLYF,0.3583333333333333,0.2666666666666666,,,,,,False,1.794547172310726,,NP_821067,,NP_015173.1,GNKRRIDYGSGHELN,0.875,0.6666666666666666,0.495850844708639,0.0,0.703185384161289,0.0,0.296814615838711,False,4.077350293374948,4.5,NP_821067,,NP_015173.1,MRILETKYWLEPAGS,0.3628787878787878,0.2,,,,,,False,1.076900896242878,,NP_821067,
ENSG00000115484,CCT4,ENST00000394440,ENSP00000377958,ENSP00000377958,CCT4,ENST00000394440,ENSP00000377958,ENSP00000377958,ESYCVRAFADAMEVI,,,True,3.5,5.267396615358539,PTIISESFQKALEKG,,,True,4.5,-1.178386841213726,LALRLTEYSRTLSGM,,,True,6.0,6.432419257964019,NP_010138.1,QAFIWQEFASALEVI,0.6333333333333333,0.4,0.5249760202524243,0.0,0.2711793215169705,0.0,0.7288206784830294,False,4.9837547176720784,3.0,NP_006421,,NP_010138.1,PTIIADSFQSAAKRS,0.7000000000000001,0.5333333333333333,0.4560388211123165,0.0,0.6177123103772417,0.0,0.3822876896227583,False,7.393235286674479,5.0,NP_006421,,NP_010138.1,GGAPEIEISRRLSKE,0.5916666666666667,0.3333333333333333,,,,,,False,-0.2171425759391584,,NP_006421,
ENSG00000119414,PPP6C,ENST00000456642,ENSP00000416287,ENSP00000362648,PPP6C,ENST00000456642,ENSP00000416287,ENSP00000362648,CGDIHGQFYDLCELF,,,True,4.5,1.2392670854808077,ITQVYGFYDECQTKY,,,True,4.5,0.8804829536857174,FYDLCELFRTGGQVP,,,True,5.5,4.612242829485742,NP_010236.1,CGDIHGQFHDLLELF,0.875,0.8666666666666667,0.411867830934528,0.0,0.2768284010200365,0.0,0.7231715989799635,False,1.2392670854808077,5.0,NP_002712,XP_047279523,NP_010236.1,ITQVYGFYEECLNKY,0.7333333333333334,0.8,0.2171313313747955,0.0,0.6516259547888286,0.0,0.3483740452111714,False,4.728640408379585,5.0,NP_002712,XP_047279523,NP_010236.1,FHDLLELFRTAGGFP,0.611111111111111,0.6666666666666666,0.7748740343869264,0.0,0.581614371304269,0.0,0.4183856286957311,False,4.014221854242294,4.5,NP_002712,XP_047279523
ENSG00000174444,RPL4,ENST00000307961,ENSP00000311430,ENSP00000311430,RPL4,ENST00000307961,ENSP00000311430,ENSP00000311430,ARPLISVYSEKGESS,,,True,6.0,2.177172780296656,VEDKVEGYKKTKEAV,,,True,6.0,0.0135570917856883,MCRGGRMFAPTKTWR,,,True,6.5,0.8710332024821824,NP_009587.1,VFAAEKLGSKKAEKT,0.4916666666666667,0.2,,,,,,False,3.906660967724974,,NP_000959,,NP_009587.1,VSTDLESIQKTKEAV,0.4916666666666667,0.5333333333333333,,,,,,False,0.9068796945517992,,NP_000959,,NP_009587.1,MCRGGRMFAPTKTWR,1.0,1.0,,,,,,False,0.8710332024821824,,NP_000959,
ENSG00000143815,LBR,ENST00000651341,ENSP00000499114,ENSP00000339883,LBR,ENST00000651341,ENSP00000499114,ENSP00000339883,SGNAVYDFFIGRELN,,,True,4.5,3.684453433027394,SQLYTVKYKDGTELE,topological domain,Nuclear,False,5.5,0.9555809858415196,RWPGSSLYYEVEILS,topological domain,Nuclear,False,6.0,4.709078326689444,NP_014119.1,SGNIIYDWFIGRELN,0.8484848484848485,0.8,,,,,,False,6.6270407278089145,,NP_919424,XP_047276332,NP_014119.1,EHKCRLKYGENWEEY,0.5111111111111112,0.2,0.3301057065934215,0.0,0.8656090423611579,0.0,0.1343909576388421,False,-0.1691698265219284,6.5,NP_919424,XP_047276332,NP_014119.1,LTYYYSLYFATLLLH,0.4583333333333333,0.2666666666666666,,,,,,False,1.8871420638593333,,NP_919424,XP_047276332
ENSG00000139826,ABHD13,ENST00000375898,ENSP00000365063,ENSP00000365063,ABHD13,ENST00000375898,ENSP00000365063,ENSP00000365063,DTWQCQGYFTALEQF,,,True,3.5,1.004614742309517,EASEEGLYLDSEAVL,,,True,4.5,3.2037441554700683,QCRMPSLFISGLSDQ,,,True,5.5,2.426311154558653,NP_014079.1,PNAGNIGYFILIIDI,0.2916666666666667,0.2,,,,,,False,2.6145873344041,,NP_116248,XP_011519430,NP_014079.1,SPSEKGLKLDADCVI,0.475,0.4666666666666667,,,,,,False,3.848017838030356,,NP_116248,XP_011519430,NP_014079.1,SSETPFLFLSGLKDE,0.75,0.4666666666666667,0.6946348949186252,0.0,0.3090877268689994,0.0,0.6909122731310006,False,4.646129437827338,6.0,NP_116248,XP_011519430
ENSG00000132664,POLR3F,ENST00000697645,ENSP00000513370,ENSP00000366828,POLR3F,ENST00000697647,ENSP00000513371,ENSP00000366828,PCGLCPVFDDCHEGG,,,True,3.5,0.6643581334180505,MIQRNSSFASSHEVW,,,True,4.0,7.233366675293103,DQDFESEFVEVLNQQ,,,True,4.5,4.3889686100274,NP_014400.1,SLCEVLVYDDKLEKV,0.6380952380952382,0.2666666666666666,,,,,,False,1.614463764528842,,NP_006457,XP_047295792,NP_014400.1,YAPNVKNYSTTQEIL,0.3742063492063492,0.0666666666666666,0.3385435700703018,0.0,0.3815106853746773,0.0,0.6184893146253226,False,1.679017209973923,5.0,NP_006457,XP_047295792,NP_014400.1,TTQEILEFITAAQVA,0.425,0.1333333333333333,0.6040993905752664,0.0,0.2391073945366599,0.0,0.7608926054633401,True,7.878420883816853,3.5,NP_006457,XP_047295792
ENSG00000149923,PPP4C,ENST00000279387,ENSP00000279387,ENSP00000279387,PPP4C,ENST00000279387,ENSP00000279387,ENSP00000279387,CGDIHGQFYDLKELF,,,True,4.5,1.2392670854808077,MEGYKWHFNETVLTV,,,True,5.0,1.0104892699806054,GDFVDRGFYSVETFL,,,True,5.5,3.971096951293129,NP_010360.1,CGDIHGQLHDLLTLF,0.5083333333333333,0.7333333333333333,,,,,,False,1.2392670854808077,,NP_002711,,NP_010360.1,SLRDGKHIPEETVFR,0.294047619047619,0.1333333333333333,,,,,,False,-0.4516170276916435,,NP_002711,,NP_010360.1,GDFVDRGFYSLESFL,0.75,0.8666666666666667,0.3803120112331689,0.0,0.4877066075965786,0.0,0.5122933924034214,False,2.669729113948641,5.5,NP_002711,
ENSG00000080189,SLC35C2,ENST00000543605,ENSP00000439974,ENSP00000318960,SLC35C2,ENST00000543605,ENSP00000439974,ENSP00000318960,GDNEEEEYFVAQGQQ,,,True,3.5,-0.0138279935013853,TLSIAGIFKEVCTLL,,,True,6.0,3.5815518468242185,XSEKIFRFQDTGLLL,,,True,6.0,4.171719345318016,NP_013674.1,LAFVFGWYFCSIALS,0.311026936026936,0.1333333333333333,,,,,,False,3.249719101294681,,NP_001268387,,NP_013674.1,TVSIVGIVKELLTVI,0.6666666666666666,0.5333333333333333,,,,,,False,3.3146239645851283,,NP_001268387,,NP_013674.1,CYYNYFRYKQDLLQK,0.4103174603174603,0.2,,,,,,False,2.408199356766644,,NP_001268387,
ENSG00000143155,TIPRL,ENST00000367833,ENSP00000356807,ENSP00000356807,TIPRL,ENST00000367833,ENSP00000356807,ENSP00000356807,RMNDTRLYHEADKTY,,,True,5.0,-1.2737236961699498,KVACAEEWQESRTEG,,,True,5.5,2.7712684062601385,MHVPPSLFTEPNEIS,,,True,5.5,2.779221805339908,NP_015365.1,RVYDTRIYVEFDENV,0.2694444444444444,0.4666666666666667,0.3355783441871531,0.0,0.3801977034371395,0.0,0.6198022965628605,False,-1.5029328288151804,6.0,NP_690866,,NP_015365.1,DTRIYVEFDENVVIR,0.3888888888888889,0.1333333333333333,0.2565734817115844,0.0,0.6969196686960181,0.0,0.303080331303982,False,-1.6857379841661455,5.5,NP_690866,,NP_015365.1,RVYDTRIYVEFDENV,0.376984126984127,0.1333333333333333,0.3355783441871531,0.0,0.3801977034371395,0.0,0.6198022965628605,False,-1.5029328288151804,6.0,NP_690866,
ENSG00000134419,RPS15A,ENST00000322989,ENSP00000318646,ENSP00000318646,RPS15A,ENST00000322989,ENSP00000318646,ENSP00000318646,KHGYIGEFEIIDDHR,,,True,6.5,2.021649492749865,CSKVIVRFLTVMMKH,,,True,8.0,9.175871433240314,TSAGIMDHEEARRKH,,,True,8.0,0.1179058995636514,NP_012345.1,KHGYIGEFEYIDDHR,0.8095238095238096,0.9333333333333332,,,,,,False,2.021649492749865,,NP_001025180,,NP_012345.1,SSKVIIKFLQVMQKH,0.5333333333333333,0.6666666666666666,,,,,,False,5.922400318599815,,NP_001025180,,NP_012345.1,TSAGIMDHEEARRKH,1.0,1.0,,,,,,False,0.1179058995636514,,NP_001025180,
ENSG00000285437,POLR2J3,ENST00000511313,ENSP00000422109,ENSP00000483328,POLR2J3,ENST00000511313,ENSP00000422109,ENSP00000483328,DYSPQEAFTNAITDL,,,True,5.5,-0.4871274537507963,LSLLEERFRTCLLPL,,,True,5.5,0.9307865217862122,GMNAPPAFESFLLFE,,,True,7.0,1.995126335764072,NP_014638.1,GYDPKDALKNACNSI,0.4666666666666666,0.3333333333333333,,,,,,False,4.172309216861306,,NP_001091084,,NP_014638.1,FARFKLRIQTTEGYD,0.2222222222222222,0.1333333333333333,,,,,,False,0.2608625010955382,,NP_001091084,,NP_014638.1,YKVEHPFFARFKLRI,0.3694444444444444,0.2666666666666666,,,,,,False,1.464170777885121,,NP_001091084,
ENSG00000147604,RPL7,ENST00000396467,ENSP00000379731,ENSP00000339795,RPL7,ENST00000396467,ENSP00000379731,ENSP00000339795,MKKKTTHFVEGGDAG,,,True,4.5,0.8963464929789728,IYTVGKRFKEANNFL,,,True,5.5,6.601683168867891,MARKAGNFYVPAEPK,,,True,6.5,9.167896725468704,NP_011439.1,VPRKFKHFIQGGSFG,0.6916666666666668,0.4,,,,,,False,0.3026747369613635,,NP_000962,,NP_011439.1,IITVGPHFKQANNFL,0.7333333333333334,0.7333333333333333,,,,,,False,7.405580014706244,,NP_000962,,NP_011439.1,DAKAAGSYYVEAQHK,0.4797619047619048,0.4666666666666667,,,,,,False,7.061541704692591,,NP_000962,
ENSG00000162368,CMPK1,ENST00000371873,ENSP00000360939,ENSP00000360939,CMPK1,ENST00000371873,ENSP00000360939,ENSP00000360939,ADVSFVLFFDCNNEI,,,True,3.5,3.9918390141382254,SKSVDEVFDEVVQIF,,,True,6.0,2.041111108935722,RKNPDSQYGELIEKY,,,True,6.0,2.1800239004249296,NP_012901.3,VESKFILFFDCPEDI,0.8333333333333334,0.4666666666666667,0.495162763647239,0.0,0.4511956871738769,0.0,0.5488043128261231,False,-0.3786422856439398,2.5,NP_057392,,NP_012901.3,DRSVEDVYKDVQDAI,0.4269841269841269,0.2666666666666666,0.9979255988930033,0.0,0.257584675411115,0.0,0.7424153245888849,False,3.877101424607022,5.5,NP_057392,,NP_012901.3,QGRAGSQYGELIKNC,0.8666666666666667,0.4666666666666667,0.4621915844655633,0.0,0.4144896449014081,0.0,0.5855103550985918,False,1.6543542763954342,7.5,NP_057392,
ENSG00000142507,PSMB6,ENST00000614486,ENSP00000485006,ENSP00000270586,PSMB6,ENST00000614486,ENSP00000485006,ENSP00000270586,YGYVDATYREGMTKE,,,True,5.0,0.9721388058422902,GSSYIYGYVDATYRE,,,True,5.0,4.26046175788786,VHTAASLFKEMCYRY,,,True,6.5,5.24922509132438,NP_012533.1,TSIMAVTFKDGVILG,0.4972222222222222,0.1333333333333333,0.6603331103350789,0.0,0.4321628833327531,0.0,0.5678371166672469,False,5.863909349946962,5.0,NP_002789,,NP_012533.1,GSTFIYGYCDKNFRE,0.5314814814814814,0.6,,,,,,False,3.360384372625534,,NP_002789,,NP_012533.1,TETAASVFKELCYEN,0.7916666666666666,0.6,0.6740381998279243,0.0,0.3833200316533006,0.0,0.6166799683466994,False,4.150555107340974,6.0,NP_002789,
ENSG00000102900,NUP93,ENST00000308159,ENSP00000310668,ENSP00000310668,NUP93,ENST00000563486,ENSP00000456196,ENSP00000310668,QKQLLEDYGESHFTV,,,True,4.5,0.356602659824746,VAENKGLFEEAAKLY,,,True,5.0,2.960430425088512,TFAGMIPYRTSGDTN,,,True,5.0,2.49091455633138,NP_116657.1,FQNIIISYGPSRFSN,0.6428571428571429,0.2666666666666666,,,,,,False,1.4133753802264128,,NP_055484,XP_005256320,NP_116657.1,YLLRAGLIKEALQVL,0.5666666666666668,0.2666666666666666,,,,,,False,9.012579431982012,,NP_055484,XP_005256320,NP_116657.1,FLTYFKAYASSKDHG,0.4583333333333333,0.2,0.295371201900716,0.0,0.5561370678217464,0.0,0.4438629321782535,False,1.185856280793714,5.0,NP_055484,XP_005256320
ENSG00000175634,RPS6KB2,ENST00000556575,ENSP00000450621,ENSP00000308413,RPS6KB2,ENST00000312629,ENSP00000308413,ENSP00000308413,GHIKLTDFGLCKESI,,,True,4.5,3.6446110674532814,FLEDTACFYLAEITL,,,True,5.0,3.195214227961426,EGAVTHTFCGTIEYM,,,True,5.5,2.721499392594532,NP_012075.1,GNIALCDFGLSKADL,0.5833333333333334,0.5333333333333333,,,,,,False,2.4200237445561408,,NP_003943,XP_047283352,NP_012075.1,FSEDRAKFYIAELVL,0.5666666666666667,0.6,,,,,,False,3.3656204442889512,,NP_003943,XP_047283352,NP_012075.1,LKDRTNTFCGTTEYL,1.0,0.5333333333333333,,,,,,False,2.9627963493786043,,NP_003943,XP_047283352
ENSG00000108179,PPIF,ENST00000472580,ENSP00000473548,ENSP00000225174,PPIF,ENST00000225174,ENSP00000225174,ENSP00000225174,PNTNGSQFFICTIKT,,,True,5.5,5.044737966714662,VVKKIESFGSKSGRT,,,True,6.5,2.473443543517837,ICTIKTDWLDGKHVV,,,True,7.0,9.91766140807536,NP_010439.1,PNTNGSQFFITTVPC,0.7583333333333333,0.7333333333333333,,,,,,False,2.8707558798649653,,NP_005720,,NP_010439.1,IVKKVESLGSPSGAT,0.6428571428571429,0.6666666666666666,,,,,,False,3.8797736804916254,,NP_005720,,NP_010439.1,ITTVPCPWLDGKHVV,0.8095238095238096,0.6666666666666666,,,,,,False,11.930147269089632,,NP_005720,
ENSG00000106615,RHEB,ENST00000262187,ENSP00000262187,ENSP00000262187,RHEB,ENST00000262187,ENSP00000262187,ENSP00000262187,IQFVEGQFVDSYDPT,,,True,4.0,3.64028617029052,AESWNAAFLESSAKE,,,True,5.0,1.7964710543839184,EGQFVDSYDPTIENT,,,True,5.5,0.4515180790203008,NP_009956.2,VRFVESRFVESYYPT,0.5285714285714286,0.6,0.3366939941412401,0.0,0.4275419311294541,0.0,0.5724580688705458,False,4.90083811430168,6.0,NP_005605,XP_047276641,NP_009956.2,DKRNQAAFIECSAEL,0.7314814814814815,0.4,0.3887635063639677,0.0,1.229086098611834,0.0,-0.2290860986118338,False,-1.1422931162145706,4.5,NP_005605,XP_047276641,NP_009956.2,ESRFVESYYPTIENE,0.7619047619047619,0.6666666666666666,,,,,,False,0.939909428365053,,NP_005605,XP_047276641
ENSG00000155463,OXA1L,ENST00000285848,ENSP00000285848,ENSP00000483491,OXA1L,ENST00000285848,ENSP00000285848,ENSP00000483491,LAGDHIEYYKASSEM,,,True,4.5,-1.1227760646605631,KLPPREGFLESFKKG,,,True,5.5,-1.77005212725661,LSTSAISFAEVQVQA,,,True,6.0,1.9904264989861329,NP_011081.1,TSRLVTSRFAASSRL,0.3083333333333333,0.2,,,,,,False,1.4461529311887542,,NP_005006,,NP_011081.1,SPTENMGIFQSLKHN,0.5666666666666667,0.2,,,,,,False,-0.9907933041269444,,NP_005006,,NP_011081.1,ANYPVDGFANQGVAW,0.4333333333333333,0.2,,,,,,False,0.0548214421912678,,NP_005006,
ENSG00000148335,NTMT1,ENST00000372486,ENSP00000361564,ENSP00000361561,NTMT1,ENST00000459968,ENSP00000474445,ENSP00000361561,EGKRVRNYFCCGLQD,,,True,6.0,2.653628669940531,VIEDEKQFYSKAKTY,,,True,6.0,5.1129406537814885,IEDEKQFYSKAKTYW,,,True,6.0,0.487935256933043,NP_009820.1,MDVLGSNNFLRKLKS,0.3027777777777778,0.2,,,,,,False,2.010406057286141,,NP_054783,XP_047279214,NP_009820.1,DVLGSNNFLRKLKSR,0.425,0.2,,,,,,False,-0.140398968855635,,NP_054783,XP_047279214,NP_009820.1,VLGSNNFLRKLKSRM,0.2583333333333333,0.2,,,,,,False,1.497232732319688,,NP_054783,XP_047279214
ENSG00000037757,MRI1,ENST00000040663,ENSP00000040663,ENSP00000040663,MRI1,ENST00000040663,ENSP00000040663,ENSP00000040663,AKHHGIPFYVAAPSS,,,True,5.5,4.709686067251592,GALATAGYGTALGVI,,,True,5.5,3.8083982860949126,KHHGIPFYVAAPSSS,,,True,6.5,2.004185593749526,NP_015443.1,CKQFGIKFFVVAPKT,0.5499999999999999,0.4666666666666667,,,,,,False,5.551301047249214,,NP_001026897,XP_011526658,NP_015443.1,GSLATSGYGTALGVI,1.0,0.8666666666666667,0.7023047726907364,0.0,0.4880966230171432,0.0,0.5119033769828568,False,5.092586950592494,5.5,NP_001026897,XP_011526658,NP_015443.1,KQFGIKFFVVAPKTT,0.5833333333333334,0.4666666666666667,,,,,,False,1.8999271066112555,,NP_001026897,XP_011526658
ENSG00000117399,CDC20,ENST00000310955,ENSP00000308450,ENSP00000308450,CDC20,ENST00000310955,ENSP00000308450,ENSP00000308450,QMEQPGEYISSVAWI,,,True,5.0,0.2947488645867115,AQMEVASFLLSKENQ,,,True,5.5,0.3928115261204297,SILWSPHYKELISGH,,,True,6.5,3.258723696651663,NP_011399.1,DVRIKQHIVSTWAEH,0.45,0.1333333333333333,,,,,,False,2.079221136693413,,NP_001246,,NP_011399.1,ATTGDVSLLTDFENT,0.4666666666666666,0.3333333333333333,,,,,,False,-0.1073613947014413,,NP_001246,,NP_011399.1,PGFQDDFYLNLLSWS,0.3888888888888889,0.2,,,,,,False,0.0576811495278888,,NP_001246,
ENSG00000101464,PIGU,ENST00000217446,ENSP00000217446,ENSP00000217446,PIGU,ENST00000217446,ENSP00000217446,ENSP00000217446,YYLTHGLYLTAKDGT,,,True,4.5,1.7919551489215624,SPYSGAVFHETPLII,transmembrane region,Helical,False,4.5,-1.4824302392369657,VTVRAALFRSSLAEF,,,True,5.5,6.337418900913479,NP_013564.1,PIISALLFLHAIVLA,0.4166666666666667,0.2,,,,,,False,2.7048974098739382,,NP_536724,XP_016883153,NP_013564.1,VYNHGVVHHPPILIF,0.431547619047619,0.3333333333333333,,,,,,False,2.608789157831466,,NP_536724,XP_016883153,NP_013564.1,LIFFLSLFNSDRLIS,0.4583333333333333,0.2,,,,,,False,5.635041878155773,,NP_536724,XP_016883153
ENSG00000079332,SAR1A,ENST00000373241,ENSP00000362338,ENSP00000362339,SAR1A,ENST00000452767,ENSP00000398165,ENSP00000362339,SVLKRQGYGEGFRWL,,,True,6.5,-1.542290960595514,LTIAGMTFTTFDLGG,,,True,6.5,0.1316484516663899,ILGNKIDRTDAISEE,,,True,7.0,0.5976182569138344,NP_015106.1,SVVMRNGYLEAFQWL,0.3666666666666667,0.6,0.5940139290877876,0.0,0.5904412697092473,0.0,0.4095587302907527,False,-1.4272591200427591,5.0,NP_001136120,,NP_015106.1,LAIGNIKFTTFDLGG,0.7999999999999999,0.6666666666666666,0.3824448172107283,0.0,0.2116875929222077,0.0,0.7883124070777923,True,1.2048783294542518,7.5,NP_001136120,,NP_015106.1,ILGNKIDAPNAVSEA,0.4623015873015872,0.6666666666666666,,,,,,False,0.5410576805100296,,NP_001136120,
ENSG00000115661,STK16,ENST00000409638,ENSP00000386928,ENSP00000386928,STK16,ENST00000409638,ENSP00000386928,ENSP00000386928,CVLYAMMFGEGPYDM,,,True,5.5,3.2139226460459103,LGEGGFSYVDLVEGL,,,True,5.5,2.043259970469008,EGPYDMVFQKGDSVA,,,True,6.5,1.4859678494259168,NP_015088.1,RYRIQRLLGEGGMSF,0.5499999999999999,0.2,,,,,,False,1.8138270808038333,,NP_001008910,,NP_015088.1,LGEGGMSFVYLVQLS,0.5785714285714286,0.6,,,,,,False,-0.3785358315350688,,NP_001008910,,NP_015088.1,LSKNSLIIDNGIATP,0.3333333333333333,0.0666666666666666,,,,,,False,-0.3406365358017111,,NP_001008910,
ENSG00000136371,MTHFS,ENST00000560261,ENSP00000454318,ENSP00000258874,MTHFS,ENST00000258874,ENSP00000258874,ENSP00000258874,RLGRGKGYYDAYLKR,,,True,4.0,4.502949421293467,MKVDEVLYEDSSTAG,,,True,5.0,-1.1189770697156185,KSKRISIFLSMQDEI,,,True,6.0,7.611926092096549,NP_011110.1,RMGHGAGYYDDFFQR,0.611111111111111,0.5333333333333333,,,,,,False,-0.5666184909495724,,NP_006432,,NP_011110.1,GEIIKNLFQDGQEVF,0.4499999999999999,0.1333333333333333,0.5435243894705206,0.0,0.3402044454871181,0.0,0.6597955545128819,False,2.7796933734411406,4.5,NP_006432,,NP_011110.1,NSRRVACYMSMDKGE,0.4195767195767195,0.2666666666666666,0.3980533881980578,0.0,0.3248387917347721,0.0,0.6751612082652279,False,6.408555500775001,8.0,NP_006432,
ENSG00000126749,EMG1,ENST00000599672,ENSP00000470560,ENSP00000470560,EMG1,ENST00000599672,ENSP00000470560,ENSP00000470560,HGKVSVEYTEKMVSI,,,True,6.0,1.4012935007427,CAKLTTAFEEVWGVI,,,True,6.5,4.211826541891404,PSSDPIVFVVGAFAH,,,True,7.0,2.840383195259041,NP_013287.1,KDNFADEYVDEKVGL,0.5888888888888889,0.2,,,,,,False,4.110992668763704,,NP_006322,,NP_013287.1,TVRIPRTFKRFSGLM,0.3388888888888888,0.1333333333333333,,,,,,False,0.0,,NP_006322,,NP_013287.1,DDESICVFVGAMARG,0.3333333333333333,0.2,,,,,,False,1.9438918292457104,,NP_006322,
ENSG00000147416,ATP6V1B2,ENST00000523478,ENSP00000430154,ENSP00000276390,ATP6V1B2,ENST00000276390,ENSP00000276390,ENSP00000276390,ILTDMSSYAEALREV,,,True,4.5,2.830571434178473,ARFFKSDFEENGSMD,,,True,5.0,-0.5168262653765845,PVVLAEDFLDIMGQP,,,True,5.5,2.171612606169582,NP_009685.3,ILTDMSSYADALREV,0.888888888888889,0.9333333333333332,0.5674640526178616,0.0,0.3442147549759161,0.0,0.6557852450240839,False,4.1946667739643,4.5,NP_001684,,NP_009685.3,ARFFKQDFEENGSLE,1.0,0.8,0.0586936726878093,0.0,0.6908979427031231,0.0,0.3091020572968769,False,-2.044018699227116,5.0,NP_001684,,NP_009685.3,PKVFAEDYLDINGSP,0.9047619047619048,0.6666666666666666,0.3899545063659311,0.0,0.592232319183271,0.0,0.4077676808167289,False,3.6392801340262704,6.0,NP_001684,
ENSG00000070770,CSNK2A2,ENST00000565188,ENSP00000454874,ENSP00000262506,CSNK2A2,ENST00000565188,ENSP00000454874,ENSP00000262506,DWGLAEFYHPAQEYN,,,True,5.0,3.875648587099944,MIFRREPFFHGQDNY,,,True,5.5,3.369721679713914,NSLRSREYWDYEAHV,,,True,5.5,-0.7322490223975877,NP_012229.1,DWGLAEFYHVNMEYN,0.5277777777777778,0.8,,,,,,False,3.338920264553677,,NP_001887,XP_047289582,NP_012229.1,MIFKREPFFHGTSNT,0.8333333333333334,0.7333333333333333,,,,,,False,0.1988941155219605,,NP_001887,XP_047289582,NP_012229.1,NKQRTEEYWDYENTV,0.7777777777777778,0.6,0.5016195972913595,0.0,0.3964347602773966,0.0,0.6035652397226033,False,2.4593206924271005,5.5,NP_001887,XP_047289582
ENSG00000284103,DUS4L,ENST00000639377,ENSP00000492533,ENSP00000491438,DUS4L,ENST00000639377,ENSP00000492533,ENSP00000491438,KKDPIEMFHSGQLVK,,,True,5.5,7.764163208678365,NPAMFAGYEETPLKC,,,True,5.5,-1.835502658347332,IKARDSEFTTNQGDC,,,True,6.0,3.98318993914576,NP_013509.1,GIGCALIYNSDLLCS,0.4464285714285714,0.1333333333333333,,,,,,False,2.9693878227192565,,NP_853559,,NP_013509.1,ISDLSTNNEDTPLIV,0.5,0.2666666666666666,,,,,,False,0.5325565826250106,,NP_853559,,NP_013509.1,EHARISDLSTNNEDT,0.3638888888888889,0.4,,,,,,False,6.317435438266342,,NP_853559,
ENSG00000105865,DUS4L,ENST00000422290,ENSP00000402887,ENSP00000265720,DUS4L,ENST00000422290,ENSP00000402887,ENSP00000265720,KKDPIEMFHSGQLVK,,,True,5.5,7.764163208678365,NPAMFAGYEETPLKC,,,True,5.5,-1.835502658347332,IKARDSEFTTNQGDC,,,True,6.0,3.98318993914576,NP_013509.1,GIGCALIYNSDLLCS,0.4464285714285714,0.1333333333333333,,,,,,False,2.9693878227192565,,NP_853559,,NP_013509.1,ISDLSTNNEDTPLIV,0.5,0.2666666666666666,,,,,,False,0.5325565826250106,,NP_853559,,NP_013509.1,EHARISDLSTNNEDT,0.3638888888888889,0.4,,,,,,False,6.317435438266342,,NP_853559,
ENSG00000163468,CCT3,ENST00000295688,ENSP00000295688,ENSP00000295688,CCT3,ENST00000295688,ENSP00000295688,ENSP00000295688,LAVKLQTYKTAVETA,,,True,4.0,3.8372495293639712,IKKIGDEYFTFITDC,,,True,5.0,1.6272093726153505,LLDSSLEYKKGESQT,,,True,6.0,-0.7600535521713462,NP_012520.1,EVIKQQSVKTAIESA,0.6666666666666666,0.4666666666666667,,,,,,False,0.5324345846624053,,NP_005989,,NP_012520.1,VEMIGDEYFSFLDNC,0.6805555555555555,0.5333333333333333,0.4700247009448816,0.0,0.4150819177192774,0.0,0.5849180822807226,False,2.0179749932734787,4.0,NP_005989,,NP_012520.1,LLDCPLEYKKGESQT,1.0,0.8666666666666667,,,,,,False,-0.0712226810226409,,NP_005989,
ENSG00000108344,PSMD3,ENST00000264639,ENSP00000264639,ENSP00000264639,PSMD3,ENST00000264639,ENSP00000264639,ENSP00000264639,DSPEDAEFIVAKAIR,,,True,4.5,-0.7539398035511187,LYKAVQGFFTSNNAT,,,True,4.5,4.376010889686049,IKAIQLEYSEARRTM,,,True,4.5,-0.771553555898491,NP_010938.1,DYSTANEYIIAAIRK,0.6547619047619048,0.2666666666666666,,,,,,False,10.7187505163722,,NP_002800,,NP_010938.1,HNSKSLGFLQQSNKL,0.4666666666666666,0.2,,,,,,False,2.8061366728931523,,NP_002800,,NP_010938.1,INAIQLDYSTANEYI,0.5222222222222221,0.5333333333333333,0.4838586063154327,0.0,0.4609966421058724,0.0,0.5390033578941276,False,-0.2095912041174777,3.5,NP_002800,
ENSG00000277104,TADA2A,ENST00000633468,ENSP00000488016,ENSP00000481283,TADA2A,ENST00000633468,ENSP00000488016,ENSP00000481283,TADTAIPFHSTDDPP,,,True,3.5,6.057814008779118,EIKRLQEYRTAGITN,,,True,4.5,9.287204074761982,RTAGITNFCSARTYD,,,True,4.5,3.226672291370089,NP_010736.3,LEPPRKPMASVPSCH,0.25,0.1333333333333333,,,,,,False,-0.1395527728872188,,NP_001479,,NP_010736.3,RIQQLQEWRSNGLTT,0.433080808080808,0.4666666666666667,,,,,,False,5.65018002038336,,NP_001479,,NP_010736.3,SNKFHCDVCSADCTN,0.4675925925925925,0.2,,,,,,False,1.5430323871817548,,NP_001479,
ENSG00000276234,TADA2A,ENST00000615182,ENSP00000481091,ENSP00000477709,TADA2A,ENST00000615182,ENSP00000481091,ENSP00000477709,TADTAIPFHSTDDPP,,,True,3.5,6.057814008779118,EIKRLQEYRTAGITN,,,True,4.5,9.287204074761982,RTAGITNFCSARTYD,,,True,4.5,3.226672291370089,NP_010736.3,LEPPRKPMASVPSCH,0.25,0.1333333333333333,,,,,,False,-0.1395527728872188,,NP_001479,XP_047292566,NP_010736.3,RIQQLQEWRSNGLTT,0.433080808080808,0.4666666666666667,,,,,,False,5.65018002038336,,NP_001479,XP_047292566,NP_010736.3,SNKFHCDVCSADCTN,0.4675925925925925,0.2,,,,,,False,1.5430323871817548,,NP_001479,XP_047292566
ENSG00000227686,VARS1,ENST00000428505,ENSP00000415863,ENSP00000392396,VARS1,ENST00000428505,ENSP00000415863,ENSP00000392396,LVQQWVSYADTELIP,,,True,5.0,-0.9637761102778604,RALIAARYGEAGEGP,,,True,5.0,3.486115353341348,WNNVTRWFVTCVRQP,,,True,5.5,3.212786296500906,NP_011608.1,EFGVLTSFAYPVIGS,0.4047619047619048,0.1333333333333333,,,,,,False,11.067985582240444,,NP_006286,,NP_011608.1,NSKYLIQEGSAIEKK,0.4666666666666666,0.2,,,,,,False,5.419260655599917,,NP_006286,,NP_011608.1,QEDNEMTIPTCSRSG,0.3857142857142857,0.2,,,,,,False,-0.355200150440584,,NP_006286,
ENSG00000143921,ABCG8,ENST00000644611,ENSP00000495423,ENSP00000272286,ABCG8,ENST00000644611,ENSP00000495423,ENSP00000272286,AAQHMVQYFTAIGYP,topological domain,Cytoplasmic,True,4.5,3.2806108960646503,YSERAMLYYELEDGL,topological domain,Cytoplasmic,True,5.0,4.493668544703201,RRQISNDFRDLPTLL,topological domain,Cytoplasmic,True,5.0,-0.6690981013143408,NP_014567.2,SPDEMIAYFTELGYN,0.5916666666666667,0.4,,,,,,False,3.2821435811750934,,NP_071882,,NP_014567.2,LTHNGSIRYVLEDTG,0.4333333333333333,0.2666666666666666,,,,,,False,1.545891993168794,,NP_071882,,NP_014567.2,RRNFKLNFSDYVTLI,0.4623015873015872,0.4,0.3300389910013296,0.0,0.5131742155597683,0.0,0.4868257844402317,False,-2.8197330204643896,6.0,NP_071882,
ENSG00000135537,AFG1L,ENST00000368977,ENSP00000357973,ENSP00000357973,AFG1L,ENST00000368977,ENSP00000357973,ENSP00000357973,GTVADCTFEELCERP,,,True,5.0,-1.4954060298131129,FITLIDNFYDLKVRI,,,True,5.5,2.126142141493412,LPAAGKLYYLTSEAD,,,True,5.5,0.0,NP_010862.1,PRVAQFTFKQLCGEP,0.5444444444444444,0.4666666666666667,,,,,,False,2.0329137212967328,,NP_660358,XP_047274513,NP_010862.1,SHTVHKTFYDYPLTI,0.5178571428571429,0.3333333333333333,0.4635831591226479,0.0,0.3938377753814054,0.0,0.6061622246185946,False,-0.8531657196483299,5.0,NP_660358,XP_047274513,NP_010862.1,KTMLMDLFYTTIPNH,0.5261904761904762,0.2,0.4611188666323815,0.0,0.5694369546413659,0.0,0.4305630453586341,False,3.765496280660445,4.5,NP_660358,XP_047274513
ENSG00000277594,DDX52,ENST00000615769,ENSP00000480030,ENSP00000480030,DDX52,ENST00000615769,ENSP00000480030,ENSP00000480030,NLVINYDFPTSSVEY,,,True,4.5,2.30999447429988,IGKRKYDFDSSEVLQ,,,True,4.5,5.128693899925731,VDESDKLFEDGKTGF,,,True,4.5,-0.2544289389450296,NP_011344.1,NLVINYDVPGSSQAY,0.3361111111111112,0.7333333333333333,,,,,,False,1.8460245183299504,,NP_008941,,NP_011344.1,DENHKEDNNESQIVK,0.4027777777777777,0.2,,,,,,False,4.037179735812045,,NP_008941,,NP_011344.1,KRLLNNLIENGFTEP,0.6944444444444443,0.2666666666666666,,,,,,False,0.0,,NP_008941,
ENSG00000278053,DDX52,ENST00000617633,ENSP00000479504,ENSP00000479504,DDX52,ENST00000617633,ENSP00000479504,ENSP00000479504,NLVINYDFPTSSVEY,,,True,4.5,2.30999447429988,IGKRKYDFDSSEVLQ,,,True,4.5,5.128693899925731,VDESDKLFEDGKTGF,,,True,4.5,-0.2544289389450296,NP_011344.1,NLVINYDVPGSSQAY,0.3361111111111112,0.7333333333333333,,,,,,False,1.8460245183299504,,NP_008941,XP_011522535,NP_011344.1,DENHKEDNNESQIVK,0.4027777777777777,0.2,,,,,,False,4.037179735812045,,NP_008941,XP_011522535,NP_011344.1,KRLLNNLIENGFTEP,0.6944444444444443,0.2666666666666666,,,,,,False,0.0,,NP_008941,XP_011522535
ENSG00000104738,MCM4,ENST00000649838,ENSP00000497648,ENSP00000262105,MCM4,ENST00000649838,ENSP00000497648,ENSP00000262105,IPEMQEAFFQCQVCA,,,True,5.0,-1.7950857077156903,IAITKDMFEEALRAL,,,True,5.0,1.6707289167467525,AHHLVALYYQSEEQA,,,True,5.5,-0.3028606955644631,NP_015344.1,IPDMKVAFFKCNVCD,0.8666666666666667,0.6,,,,,,False,-1.5549760247737765,,NP_005905,,NP_015344.1,NVVELEDVQEAVRLI,0.4416666666666666,0.2,,,,,,False,0.8320272712584845,,NP_005905,,NP_015344.1,QLSSPALFYSSSSSQ,0.5833333333333334,0.2666666666666666,0.58466473839761,0.0,0.2412313154377216,0.0,0.7587686845622784,True,0.8961657157154862,4.0,NP_005905,
ENSG00000099810,MTAP,ENST00000644715,ENSP00000494373,ENSP00000494373,MTAP,ENST00000644715,ENSP00000494373,ENSP00000494373,TTMRPQSFYDGSHSC,,,True,4.5,6.07146943387685,LEGRTEKYVDTPFGK,,,True,6.0,2.887626963727108,DIVIIDQFIDRTTMR,,,True,6.5,2.970894794878644,NP_013117.1,TNSELPSIFEGTVDL,0.3583333333333333,0.2,,,,,,False,2.3817833637392445,,NP_002442,,NP_013117.1,GQPFSQKFAEYIYQF,0.3404761904761904,0.0666666666666666,0.3129526545618054,0.0,0.466019134347384,0.0,0.5339808656526159,False,-3.9833638979817336,7.0,NP_002442,,NP_013117.1,DFVLPQQIIDRTKGI,0.6333333333333333,0.4666666666666667,,,,,,False,1.1072538625184698,,NP_002442,
ENSG00000130713,EXOSC2,ENST00000495699,ENSP00000418463,ENSP00000361433,EXOSC2,ENST00000495699,ENSP00000418463,ENSP00000361433,SAEVQAVFSDGAVSL,,,True,5.5,7.029258300880294,VKRQKTHFHDLPCGA,,,True,6.0,1.95068265761883,VTQRMMLYDTSILYC,,,True,6.0,3.587199397906854,NP_011936.1,NAEVQSLFQDGSASL,0.5416666666666666,0.6,0.5672400007017034,0.0,0.539831349863904,0.0,0.460168650136096,False,3.7773271060824807,5.5,NP_055100,XP_005272233,NP_011936.1,NDEEDIYMHDVNSAS,0.3809523809523809,0.1333333333333333,,,,,,False,0.2930646569130565,,NP_055100,XP_005272233,NP_011936.1,VNGYIWLRKTSQMDL,0.4666666666666666,0.2666666666666666,,,,,,False,5.773448790342666,,NP_055100,XP_005272233
ENSG00000183048,SLC25A10,ENST00000545862,ENSP00000446242,ENSP00000328403,SLC25A10,ENST00000350690,ENSP00000345580,ENSP00000328403,KGEYQGVFHCAVETA,,,True,5.0,0.0,GSQGPLPFHEKVLLG,transmembrane region,Helical; Name=3,False,6.0,-2.6380872385938243,AHALDGLYRVAREEG,,,True,6.0,-0.0395750949974244,NP_013452.1,LGPFTMLIFFAIEQL,0.2916666666666667,0.2,,,,,,False,-0.5490112020411259,,NP_001257817,,NP_013452.1,VRLQAAPMPKPTLFR,0.2952380952380952,0.1333333333333333,,,,,,False,5.315947838769611,,NP_001257817,,NP_013452.1,PMPKPTLFRMLESIL,0.4083333333333334,0.1333333333333333,,,,,,False,0.3762392186929299,,NP_001257817,
ENSG00000151806,GUF1,ENST00000281543,ENSP00000281543,ENSP00000281543,GUF1,ENST00000281543,ENSP00000281543,ENSP00000281543,LNEIVVDFYDSLKSL,,,True,3.5,0.2280218224999982,SGYASFDYEDAGYQT,,,True,4.0,2.442885979618565,QAQTVANFFLAFEAQ,,,True,4.5,1.7732106170333517,NP_013392.1,LSHLVDDFFGKLKSV,0.5555555555555556,0.4666666666666667,,,,,,False,1.4873872590371358,,NP_068746,XP_024309946,NP_013392.1,RGFASLDYEDAGYRI,1.0,0.6666666666666666,0.4069570012616546,0.0,0.3843738946320785,0.0,0.6156261053679215,False,1.1134462261681224,4.0,NP_068746,XP_024309946,NP_013392.1,QAQTVANFYLAFSLG,0.7380952380952381,0.7333333333333333,,,,,,False,0.9801573112760936,,NP_068746,XP_024309946
ENSG00000105968,H2AZ2,ENST00000381124,ENSP00000370516,ENSP00000308405,H2AZ2,ENST00000381124,ENSP00000370516,ENSP00000308405,YSAAILEYLTAEVLE,,,True,4.5,1.6715090217605937,VGATAAVYSAAILEY,,,True,7.0,4.429228720552942,SQRAGLQFPVGRIHR,,,True,7.5,3.315533492926748,NP_014631.1,YLTAVLEYLTAEVLE,1.0,0.8,0.6314491346092391,0.0,0.5669640029825915,0.0,0.4330359970174085,False,1.7811675952170565,4.5,NP_036544,,NP_014631.1,VGSKAAIYLTAVLEY,0.5416666666666666,0.6,0.7285531905780885,0.0,0.0457839881645224,0.0,0.9542160118354776,True,3.458126834639049,5.5,NP_036544,,NP_014631.1,SARAGLQFPVGRIKR,1.0,0.8666666666666667,,,,,,False,3.558537262279697,,NP_036544,
ENSG00000053372,MRTO4,ENST00000330263,ENSP00000364320,ENSP00000364320,MRTO4,ENST00000330263,ENSP00000364320,ENSP00000364320,VVTLLSDYEVCKEGD,,,True,5.0,4.120739915345356,DPGPLEQFPHSMEPQ,,,True,5.5,2.97283277683232,SASESTEESDSEDDD,,,True,6.0,0.4001544281680818,NP_012916.1,KITIDSPYLVCTEGE,0.5178571428571429,0.4666666666666667,,,,,,False,0.5234167678278133,,NP_057267,XP_006710738,NP_012916.1,PAEEDVPMIHSLEPT,0.3511904761904762,0.2666666666666666,,,,,,False,-1.401691149246482,,NP_057267,XP_006710738,NP_012916.1,SPYLVCTEGEKLDVR,0.3666666666666667,0.2,,,,,,False,3.4608526467685583,,NP_057267,XP_006710738
ENSG00000181029,TRAPPC5,ENST00000596148,ENSP00000470262,ENSP00000470262,TRAPPC5,ENST00000596148,ENSP00000470262,ENSP00000470262,GTTLMIKFEEAVIAR,,,True,5.0,5.258888334786064,QHCQSRVFSVAELQS,,,True,6.5,-0.2471805129350962,LSAFALLFSELVQHC,,,True,6.5,1.614010724815811,NP_010760.3,SESLLFKRQEASLSA,0.5499999999999999,0.2666666666666666,,,,,,False,3.85488520222348,,NP_777554,,NP_010760.3,TYIPSRIYSESLLFK,0.5047619047619049,0.2666666666666666,0.5438729128144429,0.0,0.3055234950580235,0.0,0.6944765049419765,False,-1.7474332154244996,5.5,NP_777554,,NP_010760.3,LSAMAFLFQEMISQL,0.5666666666666667,0.4666666666666667,0.3368366070781643,0.0,0.5824955764846991,0.0,0.4175044235153009,False,2.308277317132226,6.0,NP_777554,
ENSG00000167815,PRDX2,ENST00000334482,ENSP00000334063,ENSP00000301522,PRDX2,ENST00000301522,ENSP00000301522,ENSP00000301522,NVDDSKEYFSKHNGG,,,True,5.5,4.501360817070846,IGKPAPDFKATAVVD,,,True,6.0,10.358757714905634,ALRLVQAFQYTDEHG,,,True,6.0,0.8235257107986054,NP_013684.1,EALRLVEAFQWTDKN,0.2323232323232323,0.1333333333333333,,,,,,False,2.6452570448033805,,NP_005800,,NP_013684.1,VQKQAPTFKKTAVVD,0.6,0.6666666666666666,,,,,,False,10.358757714905634,,NP_005800,,NP_013684.1,ALRLVEAFQWTDKNG,0.7303030303030303,0.7333333333333333,,,,,,False,0.8836000230531688,,NP_005800,
ENSG00000152234,ATP5F1A,ENST00000398752,ENSP00000381736,ENSP00000381736,ATP5F1A,ENST00000398752,ENSP00000381736,ENSP00000381736,SITDGQIFLETELFY,,,True,4.5,-1.9569757864176105,QAEEMVEFSSGLKGM,,,True,5.0,4.265685542200729,TIINQKRFNDGSDEK,,,True,5.5,1.0875944211897912,NP_009453.2,SITDGQIFLEAELFY,0.8333333333333334,0.9333333333333332,0.7236248848867289,0.0,0.2004851653214928,0.0,0.799514834678507,True,-1.9569757864176105,4.0,NP_004037,,NP_009453.2,QAEELVEFSSGVKGM,1.0,0.8666666666666667,0.682569269270567,0.0,0.2973764839666966,0.0,0.7026235160333034,False,4.651672043644625,5.0,NP_004037,,NP_009453.2,TILNQKRWNNGSDES,0.7095959595959597,0.7333333333333333,,,,,,False,3.056614143082882,,NP_004037,
ENSG00000180773,SLC36A4,ENST00000326402,ENSP00000317382,ENSP00000317382,SLC36A4,ENST00000326402,ENSP00000317382,ENSP00000317382,VKQVHEGFLESKVFI,,,True,5.0,-0.3433998952412498,FKKSTLGYSDTVSFA,,,True,5.0,-0.0500855220412146,DDQEGISFVQTLMHL,,,True,5.5,1.858649667127497,NP_014298.1,KIKWLKNFIRSIIVI,0.5416666666666666,0.2,,,,,,False,12.44745992420562,,NP_689526,XP_047282308,NP_014298.1,HQLNDSASSDFTSHE,0.3611111111111111,0.2,,,,,,False,1.0049816520532515,,NP_689526,XP_047282308,NP_014298.1,GYLAYGSNVQTVILL,0.625,0.3333333333333333,,,,,,False,2.680736784993873,,NP_689526,XP_047282308
ENSG00000171453,POLR1C,ENST00000646188,ENSP00000496001,ENSP00000496044,POLR1C,ENST00000372344,ENSP00000361419,ENSP00000496044,FPGNYSGYDDAWDQD,,,True,4.0,0.7139216801204146,LGNQADLFPEGTIRP,,,True,5.5,5.364317369349124,LARVRDHYIFSVEST,,,True,6.5,2.84991306476766,NP_015435.1,FPPGVIGIDEGSDEA,0.525,0.3333333333333333,,,,,,False,-0.6362188637362244,,NP_976035,,NP_015435.1,ARRFQKCFPPGVIGI,0.6243386243386243,0.2666666666666666,,,,,,False,3.394383058450982,,NP_976035,,NP_015435.1,LGRVRNHFIFNVESA,0.7777777777777777,0.6666666666666666,,,,,,False,2.7433841471132574,,NP_976035,
ENSG00000131469,RPL27,ENST00000589037,ENSP00000467587,ENSP00000253788,RPL27,ENST00000589037,ENSP00000467587,ENSP00000253788,DGTSDRPYSHALVAG,,,True,6.5,-0.4316025386129971,TVVNKDVFRDPALKR,,,True,6.5,6.555456377822066,KVKFEERYKTGKNKW,,,True,7.5,5.1988337424676505,NP_010759.1,EGSKSHPFGHALVAG,0.75,0.5333333333333333,,,,,,False,0.5410361789009349,,NP_000979,,NP_010759.1,SVVSTETFEQPSQRE,0.2666666666666666,0.2666666666666666,,,,,,False,1.8183202600966872,,NP_000979,,NP_010759.1,KKAFEERHQAGKNQW,0.5750000000000001,0.6,,,,,,False,3.710139983103044,,NP_000979,
ENSG00000115685,PPP1R7,ENST00000439916,ENSP00000409719,ENSP00000234038,PPP1R7,ENST00000415769,ENSP00000413360,ENSP00000234038,NDNLLESWSDLDELK,,,True,6.5,6.116184451990893,HLTELQEFWMNDNLL,,,True,7.0,7.495848505389176,NQIKKIENLEALTEL,,,True,7.0,-0.9618535909218818,NP_012728.1,FNKIDQSFESLGENL,0.5277777777777778,0.2,0.5863504392629924,0.0,0.4915824590224462,0.0,0.5084175409775538,False,1.058989617709638,5.5,NP_002703,,NP_012728.1,GLSNLEEIWLGKNSI,0.5833333333333334,0.3333333333333333,,,,,,False,7.610159439813335,,NP_002703,,NP_012728.1,NKLKKIENLEELTNL,0.7999999999999999,0.7333333333333333,,,,,,False,0.0390354012277225,,NP_002703,
ENSG00000115541,HSPE1,ENST00000409729,ENSP00000387101,ENSP00000233893,HSPE1,ENST00000409729,ENSP00000387101,ENSP00000233893,DDKDYFLFRDGDILG,,,True,5.0,4.253872957295278,VVLDDKDYFLFRDGD,,,True,6.0,-1.318405840113778,DKVLLPEYGGTKVVL,,,True,6.5,7.226133081880877,NP_014663.1,NDDEVILFRDAEILA,0.8333333333333334,0.4666666666666667,0.9415858042885006,0.0,0.2363688839088149,0.0,0.7636311160911852,True,4.22882768952595,3.5,NP_002148,,NP_014663.1,KLGNDDEVILFRDAE,0.525,0.3333333333333333,,,,,,False,0.2355625619978335,,NP_002148,,NP_014663.1,DQVLIPQFGGSTIKL,0.65,0.4666666666666667,,,,,,False,4.341909141448537,,NP_002148,
ENSG00000167186,COQ7,ENST00000321998,ENSP00000322316,ENSP00000322316,COQ7,ENST00000321998,ENSP00000322316,ENSP00000322316,MEEDPEKYEELLQLI,,,True,6.0,-1.8552397394493765,GRRTSVRFRSSGMTL,,,True,6.5,5.631896519393216,EKDHLKKFNELMVTF,,,True,7.0,3.04015308605062,NP_014768.2,STIQQFRDDELEHLD,0.3722222222222222,0.2,,,,,,False,5.126729810345992,,NP_057222,XP_047289451,NP_014768.2,NLQLKRRVRPSLLTP,0.5178571428571429,0.2666666666666666,,,,,,False,0.3025279386340866,,NP_057222,XP_047289451,NP_014768.2,EIHHHNTFNNLQLKR,0.5083333333333333,0.3333333333333333,,,,,,False,-0.2969182861213895,,NP_057222,XP_047289451
ENSG00000132196,HSD17B7,ENST00000470195,ENSP00000476930,ENSP00000254521,HSD17B7,ENST00000470195,ENSP00000476930,ENSP00000254521,SRKVIHMFSTAEGLL,topological domain,Extracellular,False,5.0,6.279352922382733,SNFSLEDFQHSKGKE,topological domain,Extracellular,False,5.5,1.0988668802923869,SLNPLIKYLSATTGF,topological domain,Cytoplasmic,True,5.5,6.75144410302269,NP_013201.1,SFSEYLNFFTYFGML,0.3412698412698413,0.3333333333333333,0.4054948199281988,0.0,0.3076116590616999,0.0,0.6923883409383,False,-3.280497326812377,5.5,NP_057455,,NP_013201.1,VINQIKDFYNKSGRV,0.503968253968254,0.2,,,,,,False,2.2570169869828964,,NP_057455,,NP_013201.1,SIMSDPKYLSLNDIE,0.5972222222222222,0.3333333333333333,0.53491300786838,0.0,0.2910895637346067,0.0,0.7089104362653932,False,1.549374130629499,6.5,NP_057455,
ENSG00000285292,ABCF2-H2BK1,ENST00000222388,ENSP00000222388,ENSP00000222388,ABCF2-H2BK1,ENST00000222388,ENSP00000222388,ENSP00000222388,IMVQNVSFKYTKDGP,,,True,5.5,-0.1000698667266995,IPEHIDIYHLTREMP,,,True,5.5,1.7626900474222755,LEYMMKCYPEIKEKE,,,True,6.0,2.123658077675719,NP_010953.1,LAFDDISFHYESNPS,0.473611111111111,0.2,,,,,,False,2.566751719741286,,NP_005683,,NP_010953.1,WRGQLGRYGLTGEGQ,0.5111111111111111,0.2666666666666666,,,,,,False,4.195948801950535,,NP_005683,,NP_010953.1,DKVFSFRFPQVERLP,0.3416666666666666,0.0666666666666666,,,,,,False,4.682136215879587,,NP_005683,
ENSG00000100075,SLC25A1,ENST00000451283,ENSP00000401480,ENSP00000215882,SLC25A1,ENST00000451283,ENSP00000401480,ENSP00000215882,VRFGMFEFLSNHMRD,,,True,6.0,7.972675512497208,CITFPTEYVKTQLQL,,,True,6.5,-0.0687415585974362,KKEGLKAFYKGTVPR,transmembrane region,Helical; Name=6,False,6.5,3.538413286486735,NP_009850.1,DVDPLHSFLAGSLAG,0.4583333333333333,0.1333333333333333,,,,,,False,3.712587368023183,,NP_001243463,,NP_009850.1,CITYPFEFAKTRLQL,0.75,0.6666666666666666,,,,,,False,1.239642085730714,,NP_001243463,,NP_009850.1,KEEGLKTFWKGATPR,0.5303030303030303,0.6666666666666666,,,,,,False,6.522113582400623,,NP_001243463,
ENSG00000113272,THG1L,ENST00000231198,ENSP00000231198,ENSP00000231198,THG1L,ENST00000231198,ENSP00000231198,ENSP00000231198,MTHVASQFASSYVFY,,,True,5.5,9.268472247620585,LEDIVIAYGQSDEYS,,,True,6.0,-0.5701459180439257,SNQTLKDYLSWRQAD,,,True,6.5,1.013537667781855,NP_011538.3,KFGYVRQFETHDVIL,0.4791666666666667,0.2,0.198669625588681,0.0,0.33093485420952,0.0,0.6690651457904799,False,2.3159992668278195,7.0,NP_060342,XP_016865092,NP_011538.3,KNDIILAFGESDEYS,0.8166666666666668,0.6,0.5621437469300442,0.0,0.8294561907355448,0.0,0.1705438092644552,False,-1.255935723760834,4.0,NP_060342,XP_016865092,NP_011538.3,NLQTIKDYLSWRYVD,0.8095238095238094,0.6666666666666666,0.2857080602705345,0.0,0.3406288702193271,0.0,0.6593711297806729,False,4.785324747717332,6.5,NP_060342,XP_016865092
ENSG00000100596,SPTLC2,ENST00000216484,ENSP00000216484,ENSP00000216484,SPTLC2,ENST00000216484,ENSP00000216484,ENSP00000216484,GGLYKRPFNEAFEET,,,True,3.5,-1.3991095562274134,RPFDETTYEETEDGG,,,True,4.0,-1.1960271770066888,KRPFNEAFEETPMLV,transmembrane region,Helical,False,5.0,0.8625296426858298,NP_010347.1,ANYTRVPLCEPEELP,0.4206349206349206,0.2,,,,,,False,2.358199319503883,,NP_004854,,NP_010347.1,EEVIRRTPEDCKDDK,0.4656084656084656,0.2,,,,,,False,-0.4426814873586802,,NP_004854,,NP_010347.1,IAVVVVAYPATPLIE,0.4226190476190476,0.2,,,,,,False,3.19283689418691,,NP_004854,
ENSG00000159063,ALG8,ENST00000680063,ENSP00000504928,ENSP00000299626,ALG8,ENST00000679697,ENSP00000505696,ENSP00000299626,SLPISQWYYEATSEW,,,True,3.5,0.2303392496438025,LNVHNLNYSSSRTLL,,,True,5.5,0.1684653196261634,KRHMEGAFLFAVLXY,transmembrane region,Helical,False,6.5,0.0221582184516656,NP_014710.1,KLPISEWYYEHTSQW,0.7916666666666666,0.7333333333333333,0.2426179078394133,0.0,0.7750347922705786,0.0,0.2249652077294214,False,-0.8513169514643137,5.5,NP_076984,XP_005274304,NP_014710.1,AFRKTTKISSSVERR,0.425,0.2,,,,,,False,1.998145117270205,,NP_076984,XP_005274304,NP_014710.1,IHFQYNGFLFAILIG,0.8333333333333334,0.3333333333333333,,,,,,False,0.0822472753739868,,NP_076984,XP_005274304
ENSG00000274474,YWHAE,ENST00000627231,ENSP00000487356,ENSP00000487356,YWHAE,ENST00000627231,ENSP00000487356,ENSP00000487356,DTLSEESYKDSTLIM,,,True,3.5,-0.8854035737392291,YHRYLAEFATGNDRK,,,True,4.0,3.925953235200853,CRLAKAAFDDAIAEL,,,True,4.5,0.3315214946599722,NP_011104.3,DTLSEESYKDSTLIM,1.0,1.0,0.6671501687616732,0.0,0.4267224528257387,0.0,0.5732775471742613,False,-0.8854035737392291,3.5,NP_006752,,NP_011104.3,YHRYLAEFSSGDARE,0.5,0.6666666666666666,0.4462201719077145,0.0,0.5453799205293649,0.0,0.4546200794706351,False,4.965873633161436,5.0,NP_006752,,NP_011104.3,CHLAKQAFDDAIAEL,1.0,0.8666666666666667,0.4440213762255116,0.0,0.4623215956891305,0.0,0.5376784043108694,False,0.7668411891443253,4.5,NP_006752,
ENSG00000279247,AK6,ENST00000612207,ENSP00000484679,ENSP00000484679,AK6,ENST00000612207,ENSP00000484679,ENSP00000484679,CEIFQVLYEEATASY,,,True,5.0,-1.3359091120107196,EGGVIVDYHGCDFFP,,,True,5.5,3.61886888138301,LYDGYDEEYDCPILD,,,True,6.0,2.0201326997879128,NP_010115.1,RCDNSNLYSRLHARG,0.4583333333333333,0.2,,,,,,False,0.5946121186370515,,NP_057367,,NP_010115.1,PDGVTNEYQGPRSDD,0.2452380952380952,0.2666666666666666,,,,,,False,3.497417762776744,,NP_057367,,NP_010115.1,VKQDAVESYEPHIVV,0.4952380952380952,0.2,,,,,,False,8.744881966064176,,NP_057367,
ENSG00000108953,YWHAE,ENST00000264335,ENSP00000264335,ENSP00000264335,YWHAE,ENST00000264335,ENSP00000264335,ENSP00000264335,DTLSEESYKDSTLIM,,,True,3.5,-0.8854035737392291,YHRYLAEFATGNDRK,,,True,4.0,3.925953235200853,CRLAKAAFDDAIAEL,,,True,4.5,0.3315214946599722,NP_011104.3,DTLSEESYKDSTLIM,1.0,1.0,0.6671501687616732,0.0,0.4267224528257387,0.0,0.5732775471742613,False,-0.8854035737392291,3.5,NP_006752,,NP_011104.3,YHRYLAEFSSGDARE,0.5,0.6666666666666666,0.4462201719077145,0.0,0.5453799205293649,0.0,0.4546200794706351,False,4.965873633161436,5.0,NP_006752,,NP_011104.3,CHLAKQAFDDAIAEL,1.0,0.8666666666666667,0.4440213762255116,0.0,0.4623215956891305,0.0,0.5376784043108694,False,0.7668411891443253,4.5,NP_006752,
ENSG00000283391,EEF1B2,ENST00000638006,ENSP00000490022,ENSP00000489993,EEF1B2,ENST00000638006,ENSP00000490022,ENSP00000489993,DYLADKSYIEGYVPS,,,True,5.5,-1.1338427477497048,QITAFEDYVQSMDVA,,,True,5.5,2.4448657400952847,GGGGGMGFGDLKSPA,,,True,6.0,-0.982697251811148,NP_009398.1,ASLADKSYIEGTAVS,0.8333333333333334,0.6666666666666666,0.6310347979821258,0.0,0.7238382939763301,0.0,0.2761617060236698,False,1.6778379057042232,5.5,NP_066944,,NP_009398.1,SIEEDEDHVQSTDIA,0.875,0.5333333333333333,,,,,,False,-1.7361934845281757,,NP_066944,,NP_009398.1,YPEFSRWFNHIASKA,0.365530303030303,0.2,,,,,,False,3.9090923118916048,,NP_066944,
ENSG00000114942,EEF1B2,ENST00000435123,ENSP00000399917,ENSP00000236957,EEF1B2,ENST00000435123,ENSP00000399917,ENSP00000236957,DYLADKSYIEGYVPS,,,True,5.5,-1.1338427477497048,QITAFEDYVQSMDVA,,,True,5.5,2.4448657400952847,GGGGGMGFGDLKSPA,,,True,6.0,-0.982697251811148,NP_009398.1,ASLADKSYIEGTAVS,0.8333333333333334,0.6666666666666666,0.6310347979821258,0.0,0.7238382939763301,0.0,0.2761617060236698,False,1.6778379057042232,5.5,NP_066944,,NP_009398.1,SIEEDEDHVQSTDIA,0.875,0.5333333333333333,,,,,,False,-1.7361934845281757,,NP_066944,,NP_009398.1,YPEFSRWFNHIASKA,0.365530303030303,0.2,,,,,,False,3.9090923118916048,,NP_066944,
ENSG00000145592,RPL37,ENST00000274242,ENSP00000274242,ENSP00000274242,RPL37,ENST00000274242,ENSP00000274242,ENSP00000274242,YRRFRHGFREGTTPK,,,True,5.0,-0.7043855633063647,RRCGSKAYHLQKSTC,,,True,8.0,-0.8786327146921546,PAKRKRKYNWSAKAK,,,True,8.5,6.3484227752814055,NP_013286.1,SRRFKNGFQTGSASK,0.5,0.4666666666666667,0.4774809702867412,0.0,0.6921653324269385,0.0,0.3078346675730615,False,-0.6588451259930733,6.0,NP_000988,,NP_013286.1,NRCGRRSFHVQKKTC,0.5,0.5333333333333333,,,,,,False,-0.7292259703270517,,NP_000988,,NP_013286.1,PAAKTRSYNWGAKAK,0.6666666666666666,0.6666666666666666,,,,,,False,3.629468016901586,,NP_000988,
ENSG00000100554,ATP6V1D,ENST00000554087,ENSP00000451167,ENSP00000216442,ATP6V1D,ENST00000554087,ENSP00000451167,ENSP00000216442,AKFTAGDFSTTVIQN,,,True,4.5,7.451647943447528,TLPVFEHYHEGTDSY,,,True,4.5,2.797546747865016,LASLQTSFVTLDEAI,,,True,5.5,1.3278915829969384,NP_010863.1,IDPEINDFRLTGLGR,0.5083333333333333,0.2,,,,,,False,1.8680452040575544,,NP_057078,,NP_010863.1,FSLAEVSYATGENIG,0.2027777777777778,0.1333333333333333,0.633360741850637,0.0,0.4148844290519944,0.0,0.5851155709480056,False,4.168325741365408,6.0,NP_057078,,NP_010863.1,LASLQTAFIILDEVI,0.625,0.7333333333333333,,,,,,False,4.313521429290986,,NP_057078,
ENSG00000069329,VPS35,ENST00000299138,ENSP00000299138,ENSP00000299138,VPS35,ENST00000299138,ENSP00000299138,ENSP00000299138,HFHPLFEYFDYESRK,,,True,4.5,1.8271786237329783,SMLSPKSYYELYMAI,,,True,5.5,2.2709811180145665,ILNRYIYFYEKENDA,,,True,5.5,7.043572699684604,NP_012381.1,DMDVFGTFWDYLTVL,0.4318181818181818,0.1333333333333333,0.3632220105176746,0.0,0.4486085815253926,0.0,0.5513914184746074,False,2.6615013735814874,4.5,NP_060676,XP_005256102,NP_012381.1,PNLSPKKYYELYVII,0.7083333333333334,0.6666666666666666,0.5302506181091295,0.0,0.315380850572677,0.0,0.684619149427323,False,0.4200946388944582,6.5,NP_060676,XP_005256102,NP_012381.1,DTNVDEVFFNRHDEE,0.3027777777777777,0.1333333333333333,,,,,,False,2.578658917288203,,NP_060676,XP_005256102
ENSG00000085231,AK6,ENST00000380822,ENSP00000370201,ENSP00000370201,AK6,ENST00000380822,ENSP00000370201,ENSP00000370201,CEIFQVLYEEATASY,,,True,5.0,-1.3359091120107196,EGGVIVDYHGCDFFP,,,True,5.5,3.61886888138301,LYDGYDEEYDCPILD,,,True,6.0,2.0201326997879128,NP_010115.1,RCDNSNLYSRLHARG,0.4583333333333333,0.2,,,,,,False,0.5946121186370515,,NP_057367,,NP_010115.1,PDGVTNEYQGPRSDD,0.2452380952380952,0.2666666666666666,,,,,,False,3.497417762776744,,NP_057367,,NP_010115.1,VKQDAVESYEPHIVV,0.4952380952380952,0.2,,,,,,False,8.744881966064176,,NP_057367,
ENSG00000119718,EIF2B2,ENST00000266126,ENSP00000266126,ENSP00000266126,EIF2B2,ENST00000266126,ENSP00000266126,ENSP00000266126,APEEVLPFTEGDILE,,,True,5.0,1.9730266622156505,LSERIESFVETLKRG,,,True,5.0,2.868294190447681,GLNEDFSFHYAQLQS,,,True,5.0,2.0360229596727986,NP_013394.1,EKAHPTAFSCGNVIR,0.3842592592592592,0.1333333333333333,,,,,,False,1.3779903502213895,,NP_055054,,NP_013394.1,VNVTIDTFVAKLKRR,0.4583333333333333,0.4,,,,,,False,3.052740653846989,,NP_055054,,NP_013394.1,VGGFNPSFIYRIAWD,0.3,0.2,,,,,,False,-0.1384830213150373,,NP_055054,
ENSG00000105726,ATP13A1,ENST00000455627,ENSP00000411891,ENSP00000349877,ATP13A1,ENST00000357324,ENSP00000349877,ENSP00000349877,SRNRYKLFLECTLIL,topological domain,Cytoplasmic,True,4.5,1.6771680797577015,SLVNXPPFMESLPEN,topological domain,Cytoplasmic,True,5.0,-0.6876405631395661,AYVLRTGFNTSQGKL,topological domain,Extracellular,False,5.5,-0.4621268033403279,NP_010883.3,GRIQSKLILDCILII,0.7222222222222223,0.4666666666666667,,,,,,False,-0.2810750530710908,,NP_065143,,NP_010883.3,EHFFKFFFMDDKPSD,0.4444444444444445,0.2,,,,,,False,4.1369432611722345,,NP_065143,,NP_010883.3,AIVTKTGFETSQGSL,0.8333333333333334,0.6666666666666666,0.2729980496367327,0.0,0.4873585566189136,0.0,0.5126414433810864,False,1.4255447319693633,5.5,NP_065143,
ENSG00000116649,SRM,ENST00000465788,ENSP00000467669,ENSP00000366156,SRM,ENST00000376957,ENSP00000366156,ENSP00000366156,AAIREGWFRETCSLW,,,True,4.5,2.541945442935768,MGPAESLFKESYYQL,,,True,5.0,0.4485863959636224,TERDEFSYQEMIANL,,,True,6.0,-0.3439554822423427,NP_015394.1,PTIVDGWFREISDTM,0.625,0.4,0.4408495609456521,0.0,0.6619671466729931,0.0,0.338032853327007,False,1.9164509246754813,5.5,NP_003123,,NP_015394.1,KYQDVLIFKSTTYGN,0.6166666666666667,0.2,0.6089662494238018,0.0,0.3996393623237081,0.0,0.6003606376762919,False,0.6521106957382462,5.5,NP_003123,,NP_015394.1,TERDEFAYQEMIAHL,0.875,0.8666666666666667,0.4065576201713461,0.0,0.6792911285978757,0.0,0.3207088714021243,False,-0.7213735960454946,6.5,NP_003123,
ENSG00000157020,SEC13,ENST00000397109,ENSP00000380298,ENSP00000373312,SEC13,ENST00000397109,ENSP00000380298,ENSP00000373312,IHDAQMDYYGTRLAT,,,True,5.5,0.3020908832521847,GDNKVTLWKESVDGQ,,,True,6.0,2.490394393048973,CSQDGRVFIWTCDDA,,,True,6.0,-2.1992395833224188,NP_013309.1,IHDAVLDYYGKRLAT,0.7999999999999999,0.8,,,,,,False,0.9249444568617629,,NP_001129498,XP_047304646,NP_013309.1,GDNKVTLWKENLEGK,0.7611111111111112,0.7333333333333333,,,,,,False,2.8066881530376864,,NP_001129498,XP_047304646,NP_013309.1,VSQDRTCIIWTQDNE,0.6481481481481481,0.4666666666666667,,,,,,False,-0.4530019690098404,,NP_001129498,XP_047304646
ENSG00000129932,DOHH,ENST00000672935,ENSP00000500806,ENSP00000398882,DOHH,ENST00000672935,ENSP00000500806,ENSP00000398882,ETGRAFQYADGLEQL,,,True,5.0,8.128175992911277,EHETGRAFQYADGLE,,,True,6.5,0.8908422265126168,TRQEPMVRHEAGEAL,,,True,7.0,-2.2574181752746325,NP_012604.1,LKTVAEEFATKPEEA,0.3833333333333333,0.2,,,,,,False,5.857007469242428,,NP_112594,,NP_012604.1,FNLKTVAEEFATKPE,0.3166666666666666,0.2,,,,,,False,-0.0932219270686368,,NP_112594,,NP_012604.1,QNQEPMVRHEAAEAL,1.0,0.8,,,,,,False,1.5352186262510783,,NP_112594,
ENSG00000117009,KMO,ENST00000366557,ENSP00000355515,ENSP00000355517,KMO,ENST00000366557,ENSP00000355515,ENSP00000355517,GQGMNAGFEDCLVFD,,,True,4.5,-0.5202858654257113,VDFFQKYFPDAIPLI,,,True,4.5,0.3789172629019831,GFEDCLVFDELMDKF,,,True,5.0,-1.7712603339068107,NP_009454.1,GQGMNCGFEDVRILM,0.75,0.6,0.4841111941615754,0.0,0.3212871029860299,0.0,0.6787128970139701,False,3.727937663701354,6.5,NP_003670,,NP_009454.1,REFLIENFPDIINIM,0.3472222222222222,0.3333333333333333,0.4097975047786985,0.0,0.2829409372346555,0.0,0.7170590627653444,False,5.53650007378827,6.5,NP_003670,,NP_009454.1,SVLNNSLLDELEKST,0.5083333333333333,0.2,,,,,,False,0.5174082267806647,,NP_003670,
ENSG00000114353,GNAI2,ENST00000422163,ENSP00000406871,ENSP00000312999,GNAI2,ENST00000422163,ENSP00000406871,ENSP00000312999,SICNNKWFTDTSIIL,,,True,5.0,3.797655709179223,EYTGANKYDEAASYI,,,True,5.0,5.486981395257031,TKEIYTHFTCATDTK,,,True,5.5,1.835669494620342,NP_011868.1,TLLNSKWFKDTPFIL,0.6333333333333333,0.5333333333333333,0.5252186943492614,0.0,0.7706022567465989,0.0,0.2293977432534011,False,1.6535500962517686,5.0,NP_002061,XP_047303935,NP_011868.1,LNDYVLKYSERYETR,0.4666666666666666,0.2,,,,,,False,1.013347391070654,,NP_002061,XP_047303935,NP_011868.1,NKPIYVKRTCATDTQ,0.5333333333333333,0.6,,,,,,False,1.1243059016414254,,NP_002061,XP_047303935
ENSG00000012660,ELOVL5,ENST00000542638,ENSP00000440728,ENSP00000306640,ELOVL5,ENST00000542638,ENSP00000440728,ENSP00000306640,FDASLSTYFKALLGP,,,True,5.0,5.158949422243527,GGGGGMEHFDASLST,,,True,6.5,0.3355053210434753,GGGGMEHFDASLSTY,,,True,6.5,1.7389186511982442,NP_009963.1,LPTLERPFFNISLWE,0.3511904761904762,0.1333333333333333,,,,,,False,0.4401758838331003,,NP_068586,,NP_009963.1,FNISLWEHFDDVVTR,0.6527777777777778,0.2666666666666666,,,,,,False,5.6894333208704175,,NP_068586,,NP_009963.1,NISLWEHFDDVVTRV,0.3944444444444444,0.2666666666666666,0.5882803309077556,0.0,0.1573665237530595,0.0,0.8426334762469405,True,1.7060785384027637,6.0,NP_068586,
ENSG00000089157,RPLP0,ENST00000552292,ENSP00000446777,ENSP00000376299,RPLP0,ENST00000547475,ENSP00000450222,ENSP00000376299,LGPEKTSFFQALGIT,,,True,5.0,1.04509648146321,SVETDYTFPLAEKVK,,,True,5.5,6.112802293018524,EETLHSRFLEGVRNV,,,True,6.0,1.7399047087066255,NP_013444.1,MEPGKTSFFQALGVP,1.0,0.6666666666666666,,,,,,False,4.192010481073477,,NP_444505,,NP_013444.1,LNISPFTFGLTVVQV,0.3611111111111111,0.2,,,,,,False,1.15356948118445,,NP_444505,,NP_013444.1,YFAKLREYLEEYKSL,0.4047619047619048,0.1333333333333333,,,,,,False,2.807417867276751,,NP_444505,
ENSG00000177879,AP3S1,ENST00000316788,ENSP00000325369,ENSP00000325369,AP3S1,ENST00000316788,ENSP00000325369,ENSP00000325369,ILDLIQVFVETLDKC,,,True,4.0,1.275486980422489,RDENVCNFLEGGLLI,,,True,5.5,0.4361523398163434,RHYATLYFVFCVDSS,,,True,5.5,-0.1351756767429974,NP_012510.3,ILDLIQTFVESLDRC,0.7083333333333334,0.8,0.5559524523459249,0.0,0.7864028757138306,0.0,0.2135971242861694,False,0.4224648978875094,3.5,NP_001275,XP_047272652,NP_012510.3,DLIFNWQTLESVLEE,0.4333333333333333,0.2,,,,,,False,1.7928990160697034,,NP_001275,XP_047272652,NP_012510.3,KNYATLYFTFIVDDQ,0.625,0.6,,,,,,False,-0.5778834255462189,,NP_001275,XP_047272652
ENSG00000168872,DDX19A,ENST00000302243,ENSP00000306117,ENSP00000306117,DDX19A,ENST00000302243,ENSP00000306117,ENSP00000306117,MLLFSATFEDSVWKF,,,True,4.5,1.1602550734743295,RAAVIERFREGKEKV,,,True,5.5,4.5864447308084575,PLYSVKSFEELRLKP,,,True,6.0,0.5875463014113247,NP_014689.1,LVLFSATFADAVRQY,0.3999999999999999,0.5333333333333333,0.5432654972908131,0.0,0.3193110294979064,0.0,0.6806889705020935,False,-0.6351105918953387,4.5,NP_060802,,NP_014689.1,RDRLIDDFREGRSKV,0.6111111111111112,0.5333333333333333,0.7135009115252317,0.0,0.8058908950593395,0.0,0.1941091049406605,False,0.8128510457919933,4.0,NP_060802,,NP_014689.1,PLYSAKSFDELGLAP,0.888888888888889,0.7333333333333333,0.2984635771937398,0.0,0.390602707905169,0.0,0.6093972920948311,False,2.7583592001681287,6.0,NP_060802,
ENSG00000169139,UBE2V2,ENST00000521346,ENSP00000428818,ENSP00000428209,UBE2V2,ENST00000521346,ENSP00000428818,ENSP00000428209,KVECGPKYPEAPPSV,,,True,5.5,0.0748628436972589,GVKVPRNFRLLEELE,,,True,7.5,2.713927077999953,EAPPSVRFVTKINMN,,,True,8.0,5.617718200982166,NP_011428.1,SIDCGPNYPDSPPKV,0.5972222222222222,0.5333333333333333,0.5911679432370059,0.0,0.2901197463782859,0.0,0.709880253621714,False,-0.1964535062911511,5.5,NP_003341,,NP_011428.1,MSKVPRNFRLLEELE,1.0,0.8666666666666667,,,,,,False,2.713927077999953,,NP_003341,,NP_011428.1,DSPPKVTFISKINLP,0.6333333333333333,0.4666666666666667,,,,,,False,5.000012356285062,,NP_003341,
ENSG00000105640,RPL18A,ENST00000222247,ENSP00000222247,ENSP00000222247,RPL18A,ENST00000222247,ENSP00000222247,ENSP00000222247,RRPAVKQFHDSKIKF,,,True,4.5,4.271903586697428,THNMYREYRDLTTAG,,,True,5.5,1.434038960495885,RSGTHNMYREYRDLT,,,True,6.0,-2.035571597464036,NP_013969.3,SINQINEAHPTKVKN,0.2845238095238095,0.2,,,,,,False,2.2570169869828964,,NP_000971,,NP_013969.3,THNMYKEIRDVSRVA,0.4666666666666666,0.5333333333333333,,,,,,False,5.848992700010608,,NP_000971,,NP_013969.3,RSGTHNMYKEIRDVS,0.6916666666666668,0.7333333333333333,0.60037830972475,0.0,0.3461143799260641,0.0,0.6538856200739358,False,5.089712369663913,6.0,NP_000971,
ENSG00000100519,PSMC6,ENST00000445930,ENSP00000401802,ENSP00000401802,PSMC6,ENST00000445930,ENSP00000401802,ENSP00000401802,DFVVQEDFMKAVRKV,,,True,5.5,2.622045742709109,ARLIREMFNYARDHQ,,,True,5.5,0.3287094483112107,DAIGGRRFSEGTSAD,,,True,6.0,-0.2413403069095788,NP_014902.3,DHINPDDLMKAVRKV,0.8333333333333334,0.6,,,,,,False,0.9876328601392668,,NP_002797,XP_047287562,NP_014902.3,ARIIREMFAYAKEHE,0.65,0.6666666666666666,,,,,,False,0.6302463381360066,,NP_002797,XP_047287562,NP_014902.3,DAIGGRRFSEGTSAD,1.0,1.0,0.6420801201471149,0.0,0.266836717275247,0.0,0.733163282724753,False,-0.2413403069095788,6.0,NP_002797,XP_047287562
ENSG00000139726,DENR,ENST00000455982,ENSP00000413661,ENSP00000280557,DENR,ENST00000455982,ENSP00000413661,ENSP00000280557,VCSLPTEYCEYMPDV,,,True,6.0,-3.9987253192158736,ADISESSGADCKGDP,,,True,7.0,1.2657691549117245,IDVIQEKWPEVDDDS,,,True,7.5,2.601832478883142,NP_012548.1,ICSYPPEYCEFSGKL,0.6944444444444445,0.4666666666666667,0.5908181511705454,0.0,0.3858754946930476,0.0,0.6141245053069524,False,-0.9239906209757632,6.0,NP_003668,,NP_012548.1,KFIVAISGLEVFDID,0.2888888888888888,0.2,,,,,,False,5.425246404733132,,NP_003668,,NP_012548.1,KFIVAISGLEVFDID,0.3194444444444445,0.2,,,,,,False,5.425246404733132,,NP_003668,
ENSG00000109917,ZPR1,ENST00000227322,ENSP00000227322,ENSP00000227322,ZPR1,ENST00000227322,ENSP00000227322,ENSP00000227322,DDPSGNSFVENPHAP,,,True,6.0,1.1016488741181152,VEIPELEFELGMAVL,,,True,6.0,2.9834566630362294,QTERLQEFSQKMDQI,,,True,6.5,5.18549948506514,NP_011727.3,EDPLAGSYIQNVYAP,0.6440476190476191,0.4,,,,,,False,3.3757191970324425,,NP_003895,,NP_011727.3,CGYKSNEVKTGGAIP,0.4583333333333333,0.2,,,,,,False,0.4639699559699296,,NP_003895,,NP_011727.3,LYKKIDDFIQKVKSY,0.4388888888888888,0.2,,,,,,False,1.6847106926748852,,NP_003895,
ENSG00000157911,PEX10,ENST00000650293,ENSP00000497980,ENSP00000288774,PEX10,ENST00000650293,ENSP00000497980,ENSP00000288774,RAAQKDEYYRGGLRS,transmembrane region,Helical; Name=TM1,False,6.0,0.763610726524751,YQTLGEEYVSIIQVD,topological domain,Peroxisomal matrix,False,6.5,4.518861539321681,GLTTLAGYQTLGEEY,topological domain,Peroxisomal matrix,False,6.5,4.524268749798637,NP_010551.1,QAHQKDEQIQGLLIM,0.4583333333333333,0.4666666666666667,,,,,,False,0.3303570677575254,,NP_722540,,NP_010551.1,GRTLGEEYVDLTYTN,0.5595238095238095,0.4666666666666667,0.6016687127015973,0.0,0.1921059347612909,0.0,0.8078940652387091,True,0.8498064744471452,6.0,NP_722540,,NP_010551.1,QKYKVLGYILLAQNV,0.3999999999999999,0.2,,,,,,False,4.791595115627322,,NP_722540,
ENSG00000167085,PHB1,ENST00000511832,ENSP00000425035,ENSP00000426433,PHB1,ENST00000511832,ENSP00000425035,ENSP00000426433,HLTFGKEFTEAVEAK,,,True,2.5,-0.2950040499880768,EAAEDIAYQLSRSRN,,,True,6.0,-2.436597741690357,ASQLPRIFTSIGEDY,,,True,6.0,0.0783514989006166,NP_011648.3,HMTFGPEFTKAVEQK,0.8666666666666667,0.7333333333333333,,,,,,False,-0.7898668773649037,,NP_001268425,,NP_011648.3,EASKDIAQTLANSSN,0.475,0.5333333333333333,,,,,,False,-0.8417410626109033,,NP_001268425,,NP_011648.3,LDYDERVLPSIGNEV,0.4345238095238095,0.2666666666666666,,,,,,False,4.264675180488851,,NP_001268425,
ENSG00000111615,KRR1,ENST00000229214,ENSP00000229214,ENSP00000229214,KRR1,ENST00000229214,ENSP00000229214,ENSP00000229214,FATLFPKYREAYLKE,,,True,5.5,0.8398173815289368,ELASGEYFLKANQKK,,,True,6.0,0.5216486965793609,GLLEESSFATLFPKY,,,True,6.0,2.7151230473956547,NP_009872.1,FMTLFPKYRESYLKT,0.875,0.8,0.503235523832538,0.0,0.4532969879777429,0.0,0.546703012022257,False,-0.2562084703589921,6.0,NP_008974,XP_047284089,NP_009872.1,EIESGEYFLSKREKQ,0.5333333333333333,0.5333333333333333,,,,,,False,1.0767985690931117,,NP_008974,XP_047284089,NP_009872.1,PFAEESSFMTLFPKY,0.7999999999999999,0.7333333333333333,0.2664179245471412,0.0,0.4276790333995797,0.0,0.5723209666004203,False,2.3571868488325087,6.0,NP_008974,XP_047284089
ENSG00000274078,TSEN34,ENST00000613310,ENSP00000477766,ENSP00000477766,TSEN34,ENST00000613310,ENSP00000477766,ENSP00000477766,DLWERGFFLSAAGKF,,,True,5.0,7.495954202755755,HELRYSIYRDLWERG,,,True,6.0,4.664658377859418,KRQQEESFQEQSALA,,,True,6.0,-3.8393045278024567,NP_009405.1,ALRDQGYVLSPGGRF,0.505952380952381,0.4,,,,,,False,3.203458193818398,,NP_001070914,,NP_009405.1,IANTSMILRDIRSDS,0.5416666666666666,0.2,,,,,,False,1.9999170822020875,,NP_001070914,,NP_009405.1,NDRLNKSFEYQRKFK,0.4857142857142857,0.2,,,,,,False,-0.3110223436219447,,NP_001070914,
ENSG00000274796,TSEN34,ENST00000611560,ENSP00000480422,ENSP00000482527,TSEN34,ENST00000611560,ENSP00000480422,ENSP00000482527,DLWERGFFLSAAGKF,,,True,5.0,7.495954202755755,HELRYSIYRDLWERG,,,True,6.0,4.664658377859418,KRQQEESFQEQSALA,,,True,6.0,-3.8393045278024567,NP_009405.1,ALRDQGYVLSPGGRF,0.505952380952381,0.4,,,,,,False,3.203458193818398,,NP_001070914,,NP_009405.1,IANTSMILRDIRSDS,0.5416666666666666,0.2,,,,,,False,1.9999170822020875,,NP_001070914,,NP_009405.1,NDRLNKSFEYQRKFK,0.4857142857142857,0.2,,,,,,False,-0.3110223436219447,,NP_001070914,
ENSG00000274129,TSEN34,ENST00000612236,ENSP00000480503,ENSP00000479576,TSEN34,ENST00000612236,ENSP00000480503,ENSP00000479576,DLWERGFFLSAAGKF,,,True,5.0,7.495954202755755,HELRYSIYRDLWERG,,,True,6.0,4.664658377859418,KRQQEESFQEQSALA,,,True,6.0,-3.8393045278024567,NP_009405.1,ALRDQGYVLSPGGRF,0.505952380952381,0.4,,,,,,False,3.203458193818398,,NP_001070914,,NP_009405.1,IANTSMILRDIRSDS,0.5416666666666666,0.2,,,,,,False,1.9999170822020875,,NP_001070914,,NP_009405.1,NDRLNKSFEYQRKFK,0.4857142857142857,0.2,,,,,,False,-0.3110223436219447,,NP_001070914,
ENSG00000146731,CCT6A,ENST00000275603,ENSP00000275603,ENSP00000275603,CCT6A,ENST00000275603,ENSP00000275603,ENSP00000275603,AQLGVQAFADALLII,,,True,4.5,0.8051231491321006,TEVNSGFFYKSAEER,,,True,4.5,3.698461210558553,EVNSGFFYKSAEERE,,,True,4.5,4.858490569138249,NP_010474.3,TKTGIEAFAEALLVI,0.9,0.5333333333333333,0.7548014033190349,0.0,0.5936900448635298,0.0,0.4063099551364702,False,4.034598009992548,4.5,NP_001753,,NP_010474.3,TEVNSGFFYSSADQR,0.7222222222222222,0.8,0.2041188531520354,0.0,0.3372698821575482,0.0,0.6627301178424518,False,4.219379334577998,3.0,NP_001753,,NP_010474.3,EVNSGFFYSSADQRD,0.7333333333333334,0.7333333333333333,0.5139654419521265,0.0,0.2249541816229346,0.0,0.7750458183770653,True,4.962118558937036,5.5,NP_001753,
ENSG00000278622,TSEN34,ENST00000615975,ENSP00000484225,ENSP00000478622,TSEN34,ENST00000615975,ENSP00000484225,ENSP00000478622,DLWERGFFLSAAGKF,,,True,5.0,7.495954202755755,HELRYSIYRDLWERG,,,True,6.0,4.664658377859418,KRQQEESFQEQSALA,,,True,6.0,-3.8393045278024567,NP_009405.1,ALRDQGYVLSPGGRF,0.505952380952381,0.4,,,,,,False,3.203458193818398,,NP_001070914,,NP_009405.1,IANTSMILRDIRSDS,0.5416666666666666,0.2,,,,,,False,1.9999170822020875,,NP_001070914,,NP_009405.1,NDRLNKSFEYQRKFK,0.4857142857142857,0.2,,,,,,False,-0.3110223436219447,,NP_001070914,
ENSG00000273896,TSEN34,ENST00000613712,ENSP00000484865,ENSP00000481639,TSEN34,ENST00000613712,ENSP00000484865,ENSP00000481639,DLWERGFFLSAAGKF,,,True,5.0,7.495954202755755,HELRYSIYRDLWERG,,,True,6.0,4.664658377859418,KRQQEESFQEQSALA,,,True,6.0,-3.8393045278024567,NP_009405.1,ALRDQGYVLSPGGRF,0.505952380952381,0.4,,,,,,False,3.203458193818398,,NP_001070914,,NP_009405.1,IANTSMILRDIRSDS,0.5416666666666666,0.2,,,,,,False,1.9999170822020875,,NP_001070914,,NP_009405.1,NDRLNKSFEYQRKFK,0.4857142857142857,0.2,,,,,,False,-0.3110223436219447,,NP_001070914,
ENSG00000278712,TSEN34,ENST00000613888,ENSP00000481068,ENSP00000483266,TSEN34,ENST00000613888,ENSP00000481068,ENSP00000483266,DLWERGFFLSAAGKF,,,True,5.0,7.495954202755755,HELRYSIYRDLWERG,,,True,6.0,4.664658377859418,KRQQEESFQEQSALA,,,True,6.0,-3.8393045278024567,NP_009405.1,ALRDQGYVLSPGGRF,0.505952380952381,0.4,,,,,,False,3.203458193818398,,NP_001070914,,NP_009405.1,IANTSMILRDIRSDS,0.5416666666666666,0.2,,,,,,False,1.9999170822020875,,NP_001070914,,NP_009405.1,NDRLNKSFEYQRKFK,0.4857142857142857,0.2,,,,,,False,-0.3110223436219447,,NP_001070914,
ENSG00000274672,TSEN34,ENST00000622524,ENSP00000483436,ENSP00000483436,TSEN34,ENST00000622524,ENSP00000483436,ENSP00000483436,DLWERGFFLSAAGKF,,,True,5.0,7.495954202755755,HELRYSIYRDLWERG,,,True,6.0,4.664658377859418,KRQQEESFQEQSALA,,,True,6.0,-3.8393045278024567,NP_009405.1,ALRDQGYVLSPGGRF,0.505952380952381,0.4,,,,,,False,3.203458193818398,,NP_001070914,,NP_009405.1,IANTSMILRDIRSDS,0.5416666666666666,0.2,,,,,,False,1.9999170822020875,,NP_001070914,,NP_009405.1,NDRLNKSFEYQRKFK,0.4857142857142857,0.2,,,,,,False,-0.3110223436219447,,NP_001070914,
ENSG00000170892,TSEN34,ENST00000455798,ENSP00000400743,ENSP00000379671,TSEN34,ENST00000455798,ENSP00000400743,ENSP00000379671,DLWERGFFLSAAGKF,,,True,5.0,7.495954202755755,HELRYSIYRDLWERG,,,True,6.0,4.664658377859418,KRQQEESFQEQSALA,,,True,6.0,-3.8393045278024567,NP_009405.1,ALRDQGYVLSPGGRF,0.505952380952381,0.4,,,,,,False,3.203458193818398,,NP_001070914,XP_047295347,NP_009405.1,IANTSMILRDIRSDS,0.5416666666666666,0.2,,,,,,False,1.9999170822020875,,NP_001070914,XP_047295347,NP_009405.1,NDRLNKSFEYQRKFK,0.4857142857142857,0.2,,,,,,False,-0.3110223436219447,,NP_001070914,XP_047295347
ENSG00000275165,TSEN34,ENST00000617902,ENSP00000484465,ENSP00000484465,TSEN34,ENST00000617902,ENSP00000484465,ENSP00000484465,DLWERGFFLSAAGKF,,,True,5.0,7.495954202755755,HELRYSIYRDLWERG,,,True,6.0,4.664658377859418,KRQQEESFQEQSALA,,,True,6.0,-3.8393045278024567,NP_009405.1,ALRDQGYVLSPGGRF,0.505952380952381,0.4,,,,,,False,3.203458193818398,,NP_001070914,,NP_009405.1,IANTSMILRDIRSDS,0.5416666666666666,0.2,,,,,,False,1.9999170822020875,,NP_001070914,,NP_009405.1,NDRLNKSFEYQRKFK,0.4857142857142857,0.2,,,,,,False,-0.3110223436219447,,NP_001070914,
ENSG00000278605,TSEN34,ENST00000611798,ENSP00000480899,ENSP00000484694,TSEN34,ENST00000611798,ENSP00000480899,ENSP00000484694,DLWERGFFLSAAGKF,,,True,5.0,7.495954202755755,HELRYSIYRDLWERG,,,True,6.0,4.664658377859418,KRQQEESFQEQSALA,,,True,6.0,-3.8393045278024567,NP_009405.1,ALRDQGYVLSPGGRF,0.505952380952381,0.4,,,,,,False,3.203458193818398,,NP_001070914,,NP_009405.1,IANTSMILRDIRSDS,0.5416666666666666,0.2,,,,,,False,1.9999170822020875,,NP_001070914,,NP_009405.1,NDRLNKSFEYQRKFK,0.4857142857142857,0.2,,,,,,False,-0.3110223436219447,,NP_001070914,
ENSG00000148158,SNX30,ENST00000374232,ENSP00000363349,ENSP00000363349,SNX30,ENST00000374232,ENSP00000363349,ENSP00000363349,FNEHFNIFLTAKDLN,,,True,4.0,0.4787788577528212,EFAAIGDYLDTFALK,,,True,4.5,1.841983067740688,VDRFSEEFVETRRKA,,,True,4.5,-1.3324955028345211,NP_012498.1,QSKVFKTFLVSKDWE,0.5083333333333333,0.3333333333333333,,,,,,False,1.6920574066992622,,NP_001013012,XP_047279349,NP_012498.1,DLKDLEHYIDSMRQL,0.4041666666666666,0.1333333333333333,0.5223974553735419,0.0,0.2019686566896986,0.0,0.7980313433103013,True,1.862201002774094,5.5,NP_001013012,XP_047279349,NP_012498.1,DLKDLEHYIDSMRQL,0.4603174603174603,0.1333333333333333,0.5223974553735419,0.0,0.2019686566896986,0.0,0.7980313433103013,True,1.862201002774094,5.5,NP_001013012,XP_047279349
ENSG00000166394,CYB5R2,ENST00000524790,ENSP00000435916,ENSP00000299498,CYB5R2,ENST00000299498,ENSP00000299498,ENSP00000299498,GWKYSSGFVTADMIK,,,True,5.0,4.879154517076156,SSDDDRGFVDLIIKI,,,True,5.5,0.9049621652361024,FKNVHPQYPEGGKMT,,,True,6.5,3.645580813505336,NP_012221.2,DWTGGVGYITKDVIK,0.5380952380952381,0.4,,,,,,False,0.2950547810829478,,NP_057313,XP_011518486,NP_012221.2,VASVRRSTVDLGFRR,0.4333333333333333,0.2666666666666666,,,,,,False,3.05841444943901,,NP_057313,XP_011518486,NP_012221.2,FELLVKSYPTGNVSK,0.3833333333333333,0.2666666666666666,0.5388535709225328,0.0,0.6305795274103776,0.0,0.3694204725896223,False,1.2232558367651112,6.0,NP_057313,XP_011518486
ENSG00000183032,SLC25A21,ENST00000331299,ENSP00000329452,ENSP00000329452,SLC25A21,ENST00000331299,ENSP00000329452,ENSP00000329452,LQANRNTFAEQPSTV,,,True,5.5,-2.521619087447954,CATDPNSYKSLVDSF,,,True,6.0,0.5631092746070624,SLSPALTFAIAGLGS,transmembrane region,Helical; Name=3,False,6.0,3.342785462902869,NP_014865.1,ETTQKISIAAGASAG,0.2777777777777778,0.1333333333333333,,,,,,False,3.4129055622719773,,NP_085134,XP_011535591,NP_014865.1,NDQYQKIFKNLFNTN,0.3888888888888889,0.1333333333333333,,,,,,False,2.993828351061997,,NP_085134,XP_011535591,NP_014865.1,FIYQFISGAVAGISE,0.5,0.2,,,,,,False,2.892236094266986,,NP_085134,XP_011535591
ENSG00000078140,UBE2K,ENST00000503368,ENSP00000421203,ENSP00000261427,UBE2K,ENST00000510934,ENSP00000425301,ENSP00000261427,VDLVDENFTELRGEI,,,True,5.5,0.4319345135421353,VQRIKREFKEVLKSE,,,True,6.0,-0.1488775319021175,APVSSPEYTKKIENL,,,True,7.0,0.1783254207317808,NP_010462.3,TKVYHPNISSVTGAI,0.4166666666666667,0.2,,,,,,False,2.8920131745784747,,NP_005330,XP_047306114,NP_010462.3,QGFEKDKIVEVLRRL,0.35,0.2666666666666666,,,,,,False,0.7221045299860497,,NP_005330,XP_047306114,NP_010462.3,DIEVPMEYPFKPPKM,0.369047619047619,0.2,,,,,,False,2.1522207096334283,,NP_005330,XP_047306114
ENSG00000126522,ASL,ENST00000304874,ENSP00000307188,ENSP00000307188,ASL,ENST00000304874,ENSP00000307188,ENSP00000307188,LVRKGMPFRQAHEAS,,,True,5.5,0.105448854957365,DVICVWDYGHSVEQY,,,True,5.5,1.768056519393685,FVQLSDAYSTGSSLM,,,True,6.0,-0.6831665545050936,NP_011882.1,LVRKGVPFRETHHIS,0.5666666666666667,0.6666666666666666,0.4625012082845168,0.0,0.3636280415658961,0.0,0.6363719584341039,False,2.039793376417884,5.5,NP_000039,,NP_011882.1,DLFETFNFEQSVERR,0.3777777777777777,0.2666666666666666,,,,,,False,2.0253539352424017,,NP_000039,,NP_011882.1,FIQLSDAYSTGSSLM,1.0,0.9333333333333332,0.63262991934298,0.0,0.3516556478898445,0.0,0.6483443521101554,False,-0.5970939499588299,6.0,NP_000039,
ENSG00000239900,ADSL,ENST00000498234,ENSP00000476535,ENSP00000485525,ADSL,ENST00000623632,ENSP00000485288,ENSP00000485525,SNLENIDFKMAAEEE,,,True,4.5,3.9153660879366985,RICLAEAFLTADTIL,,,True,4.5,3.5482665975317373,QTASVQWFERTLDDS,,,True,6.0,1.8023314372849728,NP_013463.1,SSFAATAHKMATDIR,0.4513888888888889,0.2666666666666666,,,,,,False,3.648507019878673,,NP_000017,,NP_013463.1,RISLPSAFLTADILL,0.7916666666666666,0.6666666666666666,0.6968045993296542,0.0,0.3380089651797976,0.0,0.6619910348202024,False,5.094478083266066,5.0,NP_000017,,NP_013463.1,QTASVQWFERTLDDS,1.0,1.0,,,,,,False,1.8023314372849728,,NP_000017,
ENSG00000178896,EXOSC4,ENST00000525936,ENSP00000432661,ENSP00000315476,EXOSC4,ENST00000525936,ENSP00000432661,ENSP00000315476,AGIPMRDFVCACSAG,,,True,5.0,2.281212002446651,VCACSAGFVDGTALA,,,True,5.5,0.7458895464463111,RALVNCQYSSATFST,,,True,5.5,5.803750936169696,NP_011711.3,AGISMFDYISGISVG,0.4880952380952381,0.4666666666666667,0.4637771130373717,0.0,0.392956765751586,0.0,0.607043234248414,False,9.060375670844564,5.0,NP_061910,,NP_011711.3,AGISMFDYISGISVG,0.376984126984127,0.0666666666666666,0.4637771130373717,0.0,0.392956765751586,0.0,0.607043234248414,False,9.060375670844564,5.0,NP_061910,,NP_011711.3,RLKSQMDTSKALLNV,0.2666666666666666,0.2,,,,,,False,1.4819228487428653,,NP_061910,
ENSG00000108671,PSMD11,ENST00000579451,ENSP00000464434,ENSP00000261712,PSMD11,ENST00000649012,ENSP00000497128,ENSP00000261712,WKTAYSYFYEAFEGY,,,True,2.5,1.060488802802628,EARLVSLYFDTKRYQ,,,True,5.0,2.844396558870138,AAAAVVEFQRAQSLL,,,True,5.0,-0.2942169391933181,NP_010186.1,YKTAFSYFFESFESY,0.7916666666666666,0.6666666666666666,0.3786845146071462,0.0,0.2899173520447453,0.0,0.7100826479552548,False,0.6176134180526321,3.0,NP_002806,,NP_010186.1,SHISKIIGLDTQQVE,0.3666666666666667,0.1333333333333333,,,,,,False,4.392211983391817,,NP_002806,,NP_010186.1,LHCEDKDYKTAFSYF,0.4603174603174603,0.1333333333333333,0.7159923118220454,0.0,0.2845999208258358,0.0,0.7154000791741641,False,-0.5655586445525318,4.0,NP_002806,
ENSG00000159346,ADIPOR1,ENST00000340990,ENSP00000341785,ENSP00000341785,ADIPOR1,ENST00000417068,ENSP00000402178,ENSP00000341785,FQXNLQEFRYGLEGG,topological domain,Extracellular,False,5.5,3.879236072622888,TGNIXNMYFMAPLQE,topological domain,Extracellular,False,6.0,0.8003713927784765,RAGVFXGFVKATTVG,topological domain,Extracellular,False,6.0,8.205362326584565,NP_014641.2,RKREWRPYRAGLFVC,0.2142857142857142,0.2,,,,,,False,4.726790423216288,,NP_057083,XP_024303195,NP_014641.2,GHSHQLFHFLVVIAA,0.375,0.0666666666666666,,,,,,False,4.939765281843494,,NP_057083,XP_024303195,NP_014641.2,NDFILHGYVKETSSF,0.5797619047619048,0.2666666666666666,,,,,,False,3.070276851270623,,NP_057083,XP_024303195
ENSG00000165996,HACD1,ENST00000466335,ENSP00000462336,ENSP00000355308,HACD1,ENST00000326961,ENSP00000322923,ENSP00000355308,TEITRYSFYTFSLLD,topological domain,Cytoplasmic,True,5.5,3.501822438629186,NEESVVLFLVAWTVT,transmembrane region,Helical,False,5.5,4.130593023636635,SIQKTLKFFQTFALL,transmembrane region,Helical,False,6.5,-0.1485182085585529,NP_012438.1,TEIVRYLYYFFMLVF,0.4325396825396825,0.5333333333333333,,,,,,False,7.823452154519265,,NP_055056,XP_005252698,NP_012438.1,GFPMLFLHMVAQRKK,0.5125,0.2,,,,,,False,5.517794363091642,,NP_055056,XP_005252698,NP_012438.1,KVGQPAFFYQTKNVA,0.4325396825396825,0.2,,,,,,False,8.39219162851052,,NP_055056,XP_005252698
ENSG00000041357,PSMA4,ENST00000560217,ENSP00000453829,ENSP00000044462,PSMA4,ENST00000560217,ENSP00000453829,ENSP00000044462,VSMLKQDYKEGEMTL,,,True,5.0,1.576697361280759,KLLDEVFFSEKIYKL,,,True,6.5,0.5520427898531941,QFGGKRPFGVSLLYI,,,True,7.0,-1.4662806683395788,NP_011651.3,QTLLQMDYKDDMKVD,0.4944444444444444,0.2666666666666666,,,,,,False,3.658717859761223,,NP_002780,,NP_011651.3,TLLEQDTSTEKLYKL,0.3833333333333333,0.4666666666666667,,,,,,False,0.6299080314422786,,NP_002780,,NP_011651.3,QHGGLRPFGVSFIYA,0.9166666666666666,0.6666666666666666,,,,,,False,4.775769870203573,,NP_002780,
ENSG00000111229,ARPC3,ENST00000228825,ENSP00000228825,ENSP00000228825,ARPC3,ENST00000228825,ENSP00000228825,ENSP00000228825,GGGGMPAYHSSLMDP,,,True,5.5,5.623468031211763,IVDEAIYYFKANVFF,,,True,5.5,3.5837598845775824,YYFKANVFFKNYEIK,,,True,6.5,3.549375971377123,NP_013474.3,TKFRGPAYPSNSDYD,0.3968253968253968,0.2666666666666666,0.2280524709882893,0.0,0.8427034369996365,0.0,0.1572965630003635,False,3.722718171669542,6.5,NP_001265485,,NP_013474.3,NSFFKNFEIKSPADR,0.225,0.0666666666666666,,,,,,False,-0.3869257845648842,,NP_001265485,,NP_013474.3,DLFRANSFFKNFEIK,0.75,0.6666666666666666,,,,,,False,6.404023030189204,,NP_001265485,
ENSG00000099797,TECR,ENST00000215567,ENSP00000215567,ENSP00000215567,TECR,ENST00000215567,ENSP00000215567,ENSP00000215567,IYGHKYDFTSSRHTV,,,True,5.0,5.159892109870024,HRSYLKEFRDYPPLR,,,True,5.5,-0.370276026836846,KTREKLCFLDKVEPH,,,True,5.5,0.5947905554336039,NP_010269.1,TVVDRWHSASSDYNP,0.2767857142857142,0.1333333333333333,,,,,,False,3.3224179512761225,,NP_612510,XP_006723008,NP_010269.1,VDRWHSASSDYNPFL,0.3333333333333333,0.2,,,,,,False,2.351770123886181,,NP_612510,XP_006723008,NP_010269.1,ASSDYNPFLNRVAYF,0.3146825396825397,0.2,,,,,,False,-1.3631814318626148,,NP_612510,XP_006723008
ENSG00000103035,PSMD7,ENST00000219313,ENSP00000219313,ENSP00000219313,PSMD7,ENST00000219313,ENSP00000219313,ENSP00000219313,PDVSLQEFVKAFYLK,,,True,5.5,4.153617182730226,DKDDSVWFLDHDYLE,,,True,6.0,1.6262975609278998,VWFLDHDYLENMYGM,,,True,6.0,-0.1638893321133533,NP_014904.3,DAYVAIEQVKDDGTS,0.261111111111111,0.2,,,,,,False,5.896343878009541,,NP_002802,,NP_014904.3,EKNSDVWFLDHNYIE,1.0,0.6,0.2294655004897249,0.0,0.6142325032135528,0.0,0.3857674967864472,False,2.604685791916645,6.5,NP_002802,,NP_014904.3,VWFLDHNYIENMNEM,0.5555555555555556,0.7333333333333333,0.3141635888179018,0.0,0.5407161192995713,0.0,0.4592838807004287,False,2.6573469474075995,7.0,NP_002802,
ENSG00000103507,BCKDK,ENST00000394951,ENSP00000378405,ENSP00000219794,BCKDK,ENST00000394951,ENSP00000378405,ENSP00000219794,DRVMDYHFTTAEAST,,,True,5.0,2.349758660619276,DLDRVMDYHFTTAEA,,,True,6.0,4.318372868544235,AFQKLTDFPPIKDQA,,,True,6.5,1.989687971567669,NP_012222.1,MKLLVTHYLSLMAQN,0.3630952380952381,0.1333333333333333,0.4327904703427156,0.0,0.5054941798157054,0.0,0.4945058201842945,False,3.4240958065634155,7.5,NP_005872,,NP_012222.1,IHPPSQDITFTCIPP,0.35,0.2,,,,,,False,2.9469374108089457,,NP_005872,,NP_012222.1,QDITFTCIPPILEYI,0.5111111111111112,0.2666666666666666,,,,,,False,2.3770187236977884,,NP_005872,
ENSG00000116874,WARS2,ENST00000369426,ENSP00000358434,ENSP00000235521,WARS2,ENST00000369426,ENSP00000358434,ENSP00000235521,FNKKYGEFFPVPESI,,,True,5.5,0.9409578122872884,GILHLGNYLGAIESW,,,True,6.0,3.284813037279832,QAADILLYKSTHVPV,,,True,6.0,1.6917875353047744,NP_010554.1,NKMYKKNFFPKPVTM,0.35,0.2666666666666666,,,,,,False,0.6436877088071963,,NP_056651,XP_047285061,NP_010554.1,GCFHLGNYLGATRVW,0.8333333333333334,0.6666666666666666,,,,,,False,6.861416831294671,,NP_056651,XP_047285061,NP_010554.1,QAADILLYKSTHVPV,1.0,1.0,0.5493037986886078,0.0,0.4262896141542885,0.0,0.5737103858457115,False,1.6917875353047744,6.0,NP_056651,XP_047285061
ENSG00000241553,ARPC4,ENST00000397261,ENSP00000380431,ENSP00000388169,ARPC4,ENST00000397261,ENSP00000380431,ENSP00000388169,VEGYDISFLITNFHT,,,True,6.0,-0.716874895502348,WTATLRPYLSAVRAT,,,True,6.0,5.841985335312292,AALCLENFSSQVVER,,,True,7.0,4.6197360763421145,NP_012912.1,IPGYSISFLITNKHT,0.7333333333333334,0.7333333333333333,,,,,,False,0.1009134887522791,,NP_001185709,,NP_012912.1,MSQSLRPYLTAVRYS,0.8666666666666667,0.5333333333333333,0.5323984405854559,0.0,0.1911142210573317,0.0,0.8088857789426682,True,2.248906681433928,6.0,NP_001185709,,NP_012912.1,AALTLSNFSSQEVER,1.0,0.8,0.3730364027190243,0.0,0.0763691462179437,0.0,0.9236308537820564,True,7.092007012285929,7.0,NP_001185709,
ENSG00000181045,SLC26A11,ENST00000574967,ENSP00000460535,ENSP00000355384,SLC26A11,ENST00000577155,ENSP00000458521,ENSP00000355384,ADLKGFQYFSTLEEA,topological domain,Extracellular,False,4.0,4.796391305575179,IMSLLVSFYTFHEPA,transmembrane region;topological domain,Helical;Cytoplasmic,False,4.5,3.4941758932843223,LLVSFYTFHEPAYAV,transmembrane region;topological domain;transmembrane region,Helical;Cytoplasmic;Helical,False,5.5,8.447932958531927,NP_009853.3,PNELNKQVKSTVEVL,0.525,0.2666666666666666,,,,,,False,5.83837316001976,,NP_001159819,XP_016879996,NP_013193.1,RGLISRGFGTLNEEY,0.4166666666666667,0.2,0.4141008843459303,0.0,0.5068691114940901,0.0,0.4931308885059099,False,0.3138179970684183,6.0,NP_001159819,XP_016879996,NP_009853.3,GSSNGETYEKPLLKV,0.3964285714285714,0.2,,,,,,False,1.8183202600966872,,NP_001159819,XP_016879996
ENSG00000122545,SEPTIN7,ENST00000399034,ENSP00000381992,ENSP00000344868,SEPTIN7,ENST00000399034,ENSP00000381992,ENSP00000344868,TIVDTPGFGDAVDNS,,,True,3.0,-0.7825499188558658,HKIKIYEFPETDDEE,,,True,3.0,3.157790166820754,CWQPVIDYIDSKFED,,,True,4.5,-0.1506964146888861,NP_013418.2,NVIDTEGFGDFLNND,0.6388888888888888,0.4666666666666667,0.4618177824015002,0.0,0.3288733853689316,0.0,0.6711266146310684,False,2.7152236068079207,6.0,NP_001779,XP_047277051,NP_013418.2,EQVSIKQDPEQEERQ,0.35,0.2,,,,,,False,0.9247732214142272,,NP_001779,XP_047277051,NP_013418.2,QESQDHDGVDSQYTN,0.613095238095238,0.2,,,,,,False,0.0275265346603462,,NP_001779,XP_047277051
ENSG00000136718,IMP4,ENST00000259239,ENSP00000259239,ENSP00000259239,IMP4,ENST00000259239,ENSP00000259239,ENSP00000259239,ALQGSLEFDDAGGEG,,,True,3.5,-0.4850324199560398,TSHVDDEYRWAGVED,,,True,5.0,2.2825580028947727,RLRREYLYRKAREEA,,,True,6.0,5.901754581177041,NP_014324.3,PHLIFDNFTTALGKR,0.4333333333333333,0.2,0.4998782994470062,0.0,0.4124797966584161,0.0,0.587520203341584,False,0.8800158656730777,5.0,NP_219484,,NP_014324.3,LRLGTLENKDADVEW,0.4000000000000001,0.2666666666666666,,,,,,False,-0.3384708589004823,,NP_219484,,NP_014324.3,RERREYLYRKAQELQ,1.0,0.7333333333333333,,,,,,False,4.878319900641478,,NP_219484,
ENSG00000104889,RNASEH2A,ENST00000221486,ENSP00000221486,ENSP00000221486,RNASEH2A,ENST00000221486,ENSP00000221486,ENSP00000221486,GVNVTQVFVDTVGMP,,,True,5.0,3.3657698948789245,LQDLDTDYGSGYPND,,,True,5.0,2.3165404456870355,KEAEDVIWEDSASEN,,,True,6.0,4.064496949113233,NP_014327.1,NVKLSHVYVDTVGPP,0.9047619047619048,0.5333333333333333,0.6156772778157349,0.0,0.3756861701210365,0.0,0.6243138298789636,False,0.7901017894442448,5.5,NP_006388,,NP_014327.1,KRDPDEILGSGYPSD,0.5,0.5333333333333333,,,,,,False,1.0473126390764504,,NP_006388,,NP_014327.1,RMLFSKIYQDNEELT,0.4753968253968253,0.1333333333333333,0.3449625530106791,0.0,0.4660553458609136,0.0,0.5339446541390864,False,-0.850463693624485,6.0,NP_006388,
ENSG00000244005,NFS1,ENST00000374085,ENSP00000363198,ENSP00000363205,NFS1,ENST00000374085,ENSP00000363198,ENSP00000363205,CINLSFAYVEGESLL,,,True,5.5,1.1320815395529211,ADPREIIFTSGATES,,,True,5.5,7.870452762439434,ICSSRKVYFHTDAAQ,,,True,6.5,0.5786564487219463,NP_009912.2,CVNVSFAYVEGESLL,1.0,0.8666666666666667,0.6534154691765441,0.0,0.6387113489374635,0.0,0.3612886510625364,False,3.6014846006413763,5.5,NP_066923,,NP_009912.2,ADPKEIIFTSGATES,1.0,0.9333333333333332,0.6184537472648994,0.0,0.209284540309971,0.0,0.790715459690029,True,5.132728873995937,5.5,NP_066923,,NP_009912.2,ICRKNKIYFHTDAAQ,0.9583333333333334,0.7333333333333333,,,,,,False,0.5409424202102864,,NP_066923,
ENSG00000130810,PPAN,ENST00000253107,ENSP00000253107,ENSP00000253107,PPAN,ENST00000253107,ENSP00000253107,ENSP00000253107,EAPSEDLFPEAKQKR,,,True,3.5,-0.6856193926675347,EDDDIEYFCQAVGEA,,,True,5.0,0.3586603431263956,GKVMFHSFVSKTEEE,,,True,5.5,2.4545695431527266,NP_011933.1,KRTHAQLTPEQEQGI,0.5666666666666667,0.2666666666666666,,,,,,False,1.3524451449456056,,NP_064615,,NP_011933.1,GVTHLFMFTQSEKTG,0.2416666666666667,0.1333333333333333,,,,,,False,5.105182496815871,,NP_064615,,NP_011933.1,GKVLHHEFVQKSSEE,0.5,0.6,,,,,,False,0.724815722567066,,NP_064615,
ENSG00000282739,SLC25A26,ENST00000633701,ENSP00000488659,ENSP00000488659,SLC25A26,ENST00000632740,ENSP00000487788,ENSP00000488659,CGAFAGGFAAAVTTP,transmembrane region,Helical; Name=5,False,6.0,2.5409308993976336,IQGLYRGYKSTVLRE,transmembrane region,Helical; Name=4,False,6.0,0.943577725726838,QIFSNILYEEGIQGL,,,True,6.0,-0.9204325321543516,NP_014395.3,CGSIAGGIAAATTTP,0.8333333333333334,0.7333333333333333,,,,,,False,2.5409308993976336,,NP_775742,,NP_014395.3,RKNLYRGWSTTIMRE,0.4636363636363636,0.4666666666666667,,,,,,False,6.60470072226072,,NP_775742,,NP_014395.3,RPYISKLYSQGSEQL,0.6333333333333333,0.2666666666666666,,,,,,False,-0.365571351515595,,NP_775742,
ENSG00000144741,SLC25A26,ENST00000676754,ENSP00000504323,ENSP00000504323,SLC25A26,ENST00000691582,ENSP00000510010,ENSP00000504323,CGAFAGGFAAAVTTP,transmembrane region,Helical; Name=5,False,6.0,2.5409308993976336,IQGLYRGYKSTVLRE,transmembrane region,Helical; Name=4,False,6.0,0.943577725726838,QIFSNILYEEGIQGL,,,True,6.0,-0.9204325321543516,NP_014395.3,CGSIAGGIAAATTTP,0.8333333333333334,0.7333333333333333,,,,,,False,2.5409308993976336,,NP_775742,,NP_014395.3,RKNLYRGWSTTIMRE,0.4636363636363636,0.4666666666666667,,,,,,False,6.60470072226072,,NP_775742,,NP_014395.3,RPYISKLYSQGSEQL,0.6333333333333333,0.2666666666666666,,,,,,False,-0.365571351515595,,NP_775742,
ENSG00000154174,TOMM70,ENST00000284320,ENSP00000284320,ENSP00000284320,TOMM70,ENST00000284320,ENSP00000284320,ENSP00000284320,VEEAVADFDECIRLR,topological domain,Cytoplasmic,True,3.5,-0.9424234671221982,SPQFIKSYFSSFTDD,topological domain,Cytoplasmic,True,4.0,1.374160196844725,YEQAIQCYTEAISLC,topological domain,Cytoplasmic,True,4.5,-0.6822450892076066,NP_014278.3,ILTDKNDFDKALKQY,0.6,0.2,,,,,,False,-0.9287198082970451,,NP_055635,,NP_014278.3,DSTEYYNYFDKALKL,0.3194444444444445,0.1333333333333333,,,,,,False,6.307999021016309,,NP_055635,,NP_014278.3,FDDCETLFSEAKRKF,0.3833333333333333,0.1333333333333333,0.680212863952037,0.0,0.5444809125226334,0.0,0.4555190874773666,False,0.465020205797862,4.0,NP_055635,
ENSG00000103184,SEC14L5,ENST00000251170,ENSP00000251170,ENSP00000251170,SEC14L5,ENST00000251170,ENSP00000251170,ENSP00000251170,LWQWSETYHSASVLR,,,True,4.5,4.548929790265429,IEVVEDNYPETLGRL,,,True,4.5,1.430990699948388,EVLASEDFRGSMSSL,,,True,5.0,-1.3651338975160805,NP_012832.1,IENLPVKYGGTSVLH,0.2444444444444444,0.2666666666666666,,,,,,False,0.985068277577096,,NP_055507,XP_024306265,NP_012832.1,ADISQNYYPERMGKF,0.5857142857142857,0.2666666666666666,,,,,,False,-0.9851780768838426,,NP_055507,XP_024306265,NP_012832.1,LRARKFDINASVEMF,0.3333333333333333,0.1333333333333333,,,,,,False,3.5467217874641888,,NP_055507,XP_024306265
ENSG00000147471,PLPBP,ENST00000523521,ENSP00000429425,ENSP00000333551,PLPBP,ENST00000328195,ENSP00000333551,ENSP00000333551,SMGMSADFQHAVEVG,,,True,4.5,2.685646538253554,YGHGQRTFGENYVQE,,,True,6.0,-1.98915068430628,SQGPNPDFQLLLSLR,,,True,7.0,-1.305566336671825,NP_009517.1,SMGMSADFREAIRQG,0.5333333333333333,0.6666666666666666,0.4964943317605005,0.0,0.1881414582006551,0.0,0.8118585417993449,True,-1.7371423000214066,4.0,NP_009129,,NP_009517.1,YDHGVREFGENYVQE,0.7999999999999999,0.8,0.3553823476966931,0.0,0.5997521480891015,0.0,0.4002478519108985,False,-0.9974711960272143,5.5,NP_009129,,NP_009517.1,KLKPASDIQILYDHG,0.5833333333333334,0.2666666666666666,,,,,,False,5.208457313711467,,NP_009129,
ENSG00000035115,SH3YL1,ENST00000403712,ENSP00000384276,ENSP00000348471,SH3YL1,ENST00000403712,ENSP00000384276,ENSP00000348471,LYEILDSFTEKYENE,,,True,4.5,3.1085171888644543,AAKILREFTEITSRN,,,True,5.0,1.6326411342635647,IRAYDILFGDTPRPA,,,True,5.5,-0.7543798318403964,NP_011880.1,YDDIPDSFDSTDESS,0.4388888888888889,0.3333333333333333,0.3486640375444175,0.0,0.5761905353723376,0.0,0.4238094646276624,False,1.7098105310531937,3.0,NP_056492,,NP_219497.4,YYDDDDYYNDIPSSF,0.4126984126984127,0.1333333333333333,0.5879958021068377,0.0,0.1416210045344029,0.0,0.8583789954655971,True,-2.3866596174588524,5.0,NP_056492,,NP_011880.1,REANRKFYGDNCTSK,0.3714285714285714,0.2,0.2487064309393875,0.0,0.6224324220856448,0.0,0.3775675779143553,False,0.7730157203758425,6.5,NP_056492,
ENSG00000109189,USP46,ENST00000441222,ENSP00000407818,ENSP00000407818,USP46,ENST00000441222,ENSP00000407818,ENSP00000407818,SESGYILFYQSREGG,,,True,4.5,-1.1518841720911253,FPLELRLFNTSSDAV,,,True,4.5,2.354342129273018,VSSKDEDFLDLSVDV,,,True,5.0,-0.6836171126621935,NP_011024.1,QTTAYVLFYKETQAD,0.6,0.2666666666666666,,,,,,False,-0.1104660431271755,,NP_073743,,NP_009486.3,LKRENVLFNTTMHQD,0.6791666666666667,0.3333333333333333,0.3327488365455152,0.0,0.330427424949977,0.0,0.669572575050023,False,2.816117484918304,6.0,NP_073743,,NP_009486.3,ITSRDEPFLDFPIEV,0.6011904761904762,0.4666666666666667,0.6411736514549984,0.0,0.1731071052515731,0.0,0.8268928947484269,True,4.47105527007525,6.0,NP_073743,
ENSG00000127125,PPCS,ENST00000372560,ENSP00000361641,ENSP00000361642,PPCS,ENST00000372560,ENSP00000361641,ENSP00000361642,FAEALRSYQEAAAAG,,,True,4.5,5.2136753810025045,EENALPGFAEALRSY,,,True,4.5,2.0109468832650723,GTFLAVEFTTLADYL,,,True,5.0,6.567057494489224,NP_012183.2,GTRGASSAEQFLANG,0.3277777777777778,0.2,,,,,,False,4.686892689555396,,NP_078940,,NP_012183.2,TVRFIDNFSAGTRGA,0.3333333333333333,0.1333333333333333,,,,,,False,1.8583570750962328,,NP_078940,,NP_012183.2,EKLLLLPFTTVNQYL,0.5178571428571429,0.4,0.5358435399728336,0.0,0.5668429252473197,0.0,0.4331570747526803,False,4.189925210820239,7.0,NP_078940,
ENSG00000117143,UAP1,ENST00000367925,ENSP00000356902,ENSP00000356903,UAP1,ENST00000367925,ENSP00000356902,ENSP00000356903,FEELNFFFQKAIEGF,,,True,5.0,1.927168936457003,VAQKKIPYVDTQGQL,,,True,5.5,-1.0959811669104729,TMESTKEFFTKHKYF,,,True,5.5,0.414101547309154,NP_010180.1,RAATEAYFQEHNYFG,0.3488095238095239,0.1333333333333333,0.114938120661533,0.0,0.2650447042907757,0.0,0.7349552957092242,False,0.9405295269941036,6.5,NP_003106,,NP_010180.1,KKVEIPWYIMTSGPT,0.4643939393939393,0.2,,,,,,False,3.015629774130119,,NP_003106,,NP_010180.1,AIKHGFELATKAVRK,0.3333333333333333,0.2,,,,,,False,6.28237704044459,,NP_003106,
ENSG00000075303,SLC25A40,ENST00000446236,ENSP00000401473,ENSP00000344831,SLC25A40,ENST00000446236,ENSP00000401473,ENSP00000344831,AVPATVIYFTCYDQL,transmembrane region,Helical; Name=2,False,3.5,0.1364698428666673,IMISTYEFGKAFFQK,,,True,5.5,0.9921294838829304,WYKKPGNFQGTLDAF,,,True,6.0,-0.8541951000070749,NP_011773.3,AIPANMVYFSGYEYI,0.4833333333333333,0.4,0.6398946953421812,0.0,0.3153284613954212,0.0,0.6846715386045787,False,1.939584276860821,4.5,NP_061331,,NP_011773.3,IMISSYEISKKVFGN,0.4666666666666666,0.5333333333333333,,,,,,False,1.9751017137939992,,NP_061331,,NP_011773.3,CKNSSLKFNGTLEAF,0.5666666666666667,0.4,,,,,,False,1.2241432040164506,,NP_061331,
ENSG00000145912,NHP2,ENST00000274606,ENSP00000274606,ENSP00000274606,NHP2,ENST00000274606,ENSP00000274606,ENSP00000274606,MVKPHEEYQEAYDEC,,,True,3.0,-1.5582897854123114,HEEYQEAYDECLEEV,,,True,3.0,-1.920385684482353,ACSGERTYQELLVNQ,,,True,6.5,-1.634368563996791,NP_010073.2,GKNKEEEYKESFNEV,0.6027777777777777,0.3333333333333333,0.7323894689921059,0.0,0.3861159927333149,0.0,0.613884007266685,False,2.8304674398819936,4.5,NP_060308,,NP_010073.2,EEEYKESFNEVVKEV,0.311111111111111,0.4666666666666667,0.5676372995354838,0.0,0.456867175057486,0.0,0.543132824942514,False,-1.1242772536701149,5.5,NP_060308,,NP_010073.2,PYIFIPSKQDLGAAG,0.3638888888888889,0.1333333333333333,,,,,,False,0.9695204068173182,,NP_060308,
ENSG00000282019,GPI,ENST00000634112,ENSP00000488744,ENSP00000487666,GPI,ENST00000634112,ENSP00000488744,ENSP00000487666,FNGEKINYTEGRAVL,,,True,6.0,2.4154304760999654,FIIASKTFTTQETIT,,,True,6.0,-0.1675108941851501,LNPESSLFIIASKTF,,,True,6.5,1.377289791277262,NP_009755.1,FKGEHINSTEDRAVY,0.5555555555555556,0.6666666666666666,,,,,,False,3.0046459850681604,,NP_000166,,NP_009755.1,FLIASKTFTTAETIT,0.7916666666666666,0.8666666666666667,0.5665969161484652,0.0,0.3322054532359524,0.0,0.6677945467640476,False,1.1107177006845703,4.0,NP_000166,,NP_009755.1,VDPETTLFLIASKTF,0.9166666666666666,0.6666666666666666,,,,,,False,0.7627358542447259,,NP_000166,
ENSG00000143774,GUK1,ENST00000366730,ENSP00000355691,ENSP00000401832,GUK1,ENST00000366730,ENSP00000355691,ENSP00000401832,RDIAAGDFIEHAEFS,,,True,4.5,6.097381703788955,EENGKDYYFVTREVM,,,True,5.0,4.305552491458614,NDSLDQAYAELKEAL,,,True,5.5,-1.7221364980253782,NP_010742.1,SMIKNNEFIEWAQFS,0.603030303030303,0.4666666666666667,0.5056062120893077,0.0,0.1564047738719094,0.0,0.8435952261280906,True,-1.0556566872600142,5.5,NP_001152862,,NP_010742.1,EVNGKDYNFVSVDEF,0.5416666666666667,0.5333333333333333,,,,,,False,0.0902830134125569,,NP_001152862,,NP_010742.1,NDDLDKAYKELKDFI,0.6888888888888888,0.6,0.6145927906287154,0.0,0.641929743915308,0.0,0.358070256084692,False,-1.5046626719751088,5.5,NP_001152862,
ENSG00000161960,EIF4A1,ENST00000293831,ENSP00000293831,ENSP00000293831,EIF4A1,ENST00000293831,ENSP00000293831,ENSP00000293831,RDVIMREFRSGSSRV,,,True,4.5,4.196083856981367,LRDIETFYNTSIEEM,,,True,5.0,0.8010023652249725,TLRDIETFYNTSIEE,,,True,5.5,3.773679635965269,NP_012397.1,RDTIMKEFRSGSSRI,1.0,0.8,0.7168136070232115,0.0,0.4416999782940787,0.0,0.5583000217059213,False,4.196083856981367,4.5,NP_001407,,NP_012397.1,MRELEKFYSTQIEEL,0.7083333333333334,0.5333333333333333,0.2756825538901377,0.0,0.3592278903049869,0.0,0.6407721096950131,False,0.97518174205564,6.5,NP_001407,,NP_012397.1,AMRELEKFYSTQIEE,0.6749999999999999,0.5333333333333333,0.2937245632719777,0.0,0.3312722728391609,0.0,0.6687277271608391,False,7.631709761076948,5.0,NP_001407,
ENSG00000135069,PSAT1,ENST00000347159,ENSP00000317606,ENSP00000365773,PSAT1,ENST00000347159,ENSP00000317606,ENSP00000365773,NPDASYVYYCANETV,,,True,5.0,1.8714737239952128,IIDNSQGFYVCPVEP,,,True,5.5,-1.1777163060366855,KAGRCADYVVTGAWS,,,True,6.5,3.670122914742072,NP_014827.3,GKAFSYVYLCENETV,0.5916666666666667,0.6,,,,,,False,2.4949446023416653,,NP_478059,,NP_014827.3,ALDANSDFYNVPVDP,0.3472222222222222,0.4,,,,,,False,2.8490413033899635,,NP_478059,,NP_014827.3,GKIAPAGYLVTGSWS,0.5555555555555556,0.4666666666666667,,,,,,False,-0.1627052165123699,,NP_478059,
ENSG00000103769,RAB11A,ENST00000565075,ENSP00000456638,ENSP00000261890,RAB11A,ENST00000565075,ENSP00000456638,ENSP00000261890,AEKNGLSFIETSALD,,,True,4.5,-1.821577627766381,STNVEAAFQTILTEI,,,True,6.0,2.7315975448523986,PTDEARAFAEKNGLS,,,True,6.5,1.78556124819735,NP_010948.1,AQENQLLFTETSALN,0.5499999999999999,0.6,0.5765045320685698,0.0,0.9594529970247684,0.0,0.0405470029752315,False,-1.686325495856869,5.0,NP_004654,,NP_010948.1,SENVDKAFEELINTI,0.4499999999999999,0.4,0.4029161476764692,0.0,0.6009564747971602,0.0,0.3990435252028398,False,5.092210484482736,6.5,NP_004654,,NP_010948.1,SENVDKAFEELINTI,0.3833333333333333,0.2,0.4029161476764692,0.0,0.6009564747971602,0.0,0.3990435252028398,False,5.092210484482736,6.5,NP_004654,
ENSG00000233149,GTF2H4,ENST00000456968,ENSP00000395497,ENSP00000395497,GTF2H4,ENST00000456968,ENSP00000395497,ENSP00000395497,ALWVKKEFSKAQEES,,,True,4.5,4.093173196981744,TNYRLYAYTESELQI,,,True,5.5,4.803184549745042,EGVLYNQFLSQVDFE,,,True,6.0,1.8573972450523164,NP_015203.1,FMLGALEVGKAYKID,0.4916666666666667,0.2,,,,,,False,3.035266255902469,,NP_001508,,NP_015203.1,TNFKIYSYSNSPLQI,0.5833333333333334,0.5333333333333333,,,,,,False,1.5586892397804557,,NP_001508,,NP_015203.1,LWTLLLQYLKMIETS,0.4714285714285715,0.2,,,,,,False,4.822741481960083,,NP_001508,
ENSG00000234370,GTF2H4,ENST00000434226,ENSP00000403156,ENSP00000403156,GTF2H4,ENST00000434226,ENSP00000403156,ENSP00000403156,ALWVKKEFSKAQEES,,,True,4.5,4.093173196981744,TNYRLYAYTESELQI,,,True,5.5,4.803184549745042,EGVLYNQFLSQVDFE,,,True,6.0,1.8573972450523164,NP_015203.1,FMLGALEVGKAYKID,0.4916666666666667,0.2,,,,,,False,3.035266255902469,,NP_001508,,NP_015203.1,TNFKIYSYSNSPLQI,0.5833333333333334,0.5333333333333333,,,,,,False,1.5586892397804557,,NP_001508,,NP_015203.1,LWTLLLQYLKMIETS,0.4714285714285715,0.2,,,,,,False,4.822741481960083,,NP_001508,
ENSG00000221974,GTF2H4,ENST00000423849,ENSP00000398484,ENSP00000365504,GTF2H4,ENST00000423849,ENSP00000398484,ENSP00000365504,ALWVKKEFSKAQEES,,,True,4.5,4.093173196981744,TNYRLYAYTESELQI,,,True,5.5,4.803184549745042,EGVLYNQFLSQVDFE,,,True,6.0,1.8573972450523164,NP_015203.1,FMLGALEVGKAYKID,0.4916666666666667,0.2,,,,,,False,3.035266255902469,,NP_001508,,NP_015203.1,TNFKIYSYSNSPLQI,0.5833333333333334,0.5333333333333333,,,,,,False,1.5586892397804557,,NP_001508,,NP_015203.1,LWTLLLQYLKMIETS,0.4714285714285715,0.2,,,,,,False,4.822741481960083,,NP_001508,
ENSG00000213780,GTF2H4,ENST00000259895,ENSP00000259895,ENSP00000259895,GTF2H4,ENST00000259895,ENSP00000259895,ENSP00000259895,ALWVKKEFSKAQEES,,,True,4.5,4.093173196981744,TNYRLYAYTESELQI,,,True,5.5,4.803184549745042,EGVLYNQFLSQVDFE,,,True,6.0,1.8573972450523164,NP_015203.1,FMLGALEVGKAYKID,0.4916666666666667,0.2,,,,,,False,3.035266255902469,,NP_001508,,NP_015203.1,TNFKIYSYSNSPLQI,0.5833333333333334,0.5333333333333333,,,,,,False,1.5586892397804557,,NP_001508,,NP_015203.1,LWTLLLQYLKMIETS,0.4714285714285715,0.2,,,,,,False,4.822741481960083,,NP_001508,
ENSG00000236895,GTF2H4,ENST00000413314,ENSP00000396251,ENSP00000396251,GTF2H4,ENST00000413314,ENSP00000396251,ENSP00000396251,ALWVKKEFSKAQEES,,,True,4.5,4.093173196981744,TNYRLYAYTESELQI,,,True,5.5,4.803184549745042,EGVLYNQFLSQVDFE,,,True,6.0,1.8573972450523164,NP_015203.1,FMLGALEVGKAYKID,0.4916666666666667,0.2,,,,,,False,3.035266255902469,,NP_001508,,NP_015203.1,TNFKIYSYSNSPLQI,0.5833333333333334,0.5333333333333333,,,,,,False,1.5586892397804557,,NP_001508,,NP_015203.1,LWTLLLQYLKMIETS,0.4714285714285715,0.2,,,,,,False,4.822741481960083,,NP_001508,
ENSG00000226384,GTF2H4,ENST00000440824,ENSP00000401105,ENSP00000401105,GTF2H4,ENST00000440824,ENSP00000401105,ENSP00000401105,ALWVKKEFSKAQEES,,,True,4.5,4.093173196981744,TNYRLYAYTESELQI,,,True,5.5,4.803184549745042,EGVLYNQFLSQVDFE,,,True,6.0,1.8573972450523164,NP_015203.1,FMLGALEVGKAYKID,0.4916666666666667,0.2,,,,,,False,3.035266255902469,,NP_001508,,NP_015203.1,TNFKIYSYSNSPLQI,0.5833333333333334,0.5333333333333333,,,,,,False,1.5586892397804557,,NP_001508,,NP_015203.1,LWTLLLQYLKMIETS,0.4714285714285715,0.2,,,,,,False,4.822741481960083,,NP_001508,
ENSG00000148218,ALAD,ENST00000409155,ENSP00000386284,ENSP00000386284,ALAD,ENST00000409155,ENSP00000386284,ENSP00000386284,ASCFYGPFRDAAKSS,,,True,5.0,4.354408921025142,VMSYSAKFASCFYGP,,,True,5.5,2.386358195753875,GADIIITYYTPQLLQ,,,True,6.0,4.529881073985946,NP_011475.1,SGNLYGPFRDAACSA,0.7777777777777778,0.6,0.6620807102299129,0.0,0.2860103974264734,0.0,0.7139896025735267,False,4.950443126454494,4.5,NP_000022,XP_011516666,NP_011475.1,VLSYAAKFSGNLYGP,0.4583333333333333,0.6,,,,,,False,5.12213667468222,,NP_000022,XP_011516666,NP_011475.1,GARLIITYLAPEFLD,0.4583333333333333,0.5333333333333333,,,,,,False,4.065911118016016,,NP_000022,XP_011516666
ENSG00000085999,RAD54L,ENST00000459678,ENSP00000479155,ENSP00000361043,RAD54L,ENST00000459678,ENSP00000479155,ENSP00000361043,CVEEEDGFVGALDLF,,,True,4.0,-0.2032271352222904,GKMLVLDYILAVTRS,,,True,5.5,0.974612619408825,DSSQHEAFIRSILSK,,,True,6.0,-1.2110752358369663,NP_011352.1,LPDRPPNGIGAGERP,0.4416666666666666,0.1333333333333333,,,,,,False,2.59924086712846,,NP_003570,,NP_011352.1,TGLVMKDYLEAEAFN,0.4833333333333333,0.2,0.564554318967669,0.0,0.8571091969128558,0.0,0.1428908030871441,False,4.305184504677011,4.0,NP_003570,,NP_011352.1,KTLQCIALMWTLLRQ,0.3545454545454545,0.2,,,,,,False,1.1977264503702745,,NP_003570,
ENSG00000183207,RUVBL2,ENST00000595090,ENSP00000473172,ENSP00000473172,RUVBL2,ENST00000595090,ENSP00000473172,ENSP00000473172,STQYMKEYQDAFLFN,,,True,4.0,1.2255942241729354,ISKLGRSFTRARDYD,,,True,5.0,-0.5974911104827165,EYQDAFLFNELKGET,,,True,6.0,1.456181517661905,NP_015089.1,FINRALEDEFAPIVM,0.3166666666666666,0.1333333333333333,,,,,,False,11.940334883051422,,NP_006657,,NP_015089.1,ITKLGRSFARSRDYD,0.7083333333333334,0.8,,,,,,False,-1.355032719240848,,NP_006657,,NP_015089.1,TQGFLALFTGDTGEI,0.3333333333333333,0.2666666666666666,,,,,,False,2.9311831109697213,,NP_006657,
ENSG00000278229,RPS17,ENST00000617731,ENSP00000483755,ENSP00000483755,RPS17,ENST00000617731,ENSP00000483755,ENSP00000483755,YTRLGNDFHTNKRVC,,,True,6.0,3.473931211342354,EMLKLLDFGSLSNLQ,,,True,6.0,7.834293307609332,QPTVGMNFKTPRGPV,,,True,7.0,5.000065074359046,NP_010735.3,YPKLTLDFQTNKRLC,0.8333333333333334,0.6,0.3336500834172937,0.0,0.5174257008426147,0.0,0.4825742991573852,False,-1.3354313812327867,6.5,NP_001012,,NP_010735.3,NKRLCDEIATIQSKR,0.225,0.0,,,,,,False,1.4499127289112848,,NP_001012,,NP_010735.3,DLVKSLGLKLPLSVI,0.2916666666666667,0.1333333333333333,,,,,,False,5.362849108710945,,NP_001012,
ENSG00000112473,SLC39A7,ENST00000698688,ENSP00000513873,ENSP00000363809,SLC39A7,ENST00000698688,ENSP00000513873,ENSP00000363809,AADLAHNFTDGLAIG,,,True,5.5,3.861602027930436,HRHSHEDFHHGHSHA,,,True,5.5,-0.5319118010629197,HEHSHGGYGESGAPG,,,True,5.5,-2.4068945399404726,NP_012241.1,ISGIAHHITDGIALA,0.6875,0.4,,,,,,False,4.378998085846597,,NP_008910,,NP_012241.1,PLVVSHGVHHNRDHG,0.2638888888888889,0.2,,,,,,False,3.057669945218961,,NP_008910,,NP_012241.1,YSSTQVGIMTSIAVT,0.325,0.2,,,,,,False,4.409924438738488,,NP_008910,
ENSG00000157916,RER1,ENST00000378512,ENSP00000367773,ENSP00000475168,RER1,ENST00000306256,ENSP00000302088,ENSP00000475168,LVAMVCTFFDAFNVX,transmembrane region,Helical,False,3.0,9.178280146358116,RRLPEFKFWHAATKG,,,True,6.0,6.942476961819342,FTRLGQIYQSWLDKS,,,True,6.5,-3.2866297946195338,NP_009925.1,LLLSLFSIFDIPVFW,0.2083333333333333,0.2,,,,,,False,6.346238739520951,,NP_008964,,NP_009925.1,RRLPEFKFWYNSIRA,0.4503968253968253,0.6,,,,,,False,5.313426070742851,,NP_008964,,NP_009925.1,MNTMKLLYQHYLDKV,0.6101190476190476,0.3333333333333333,,,,,,False,-4.942624204336221,,NP_008964,
ENSG00000185024,BRF1,ENST00000379937,ENSP00000369269,ENSP00000448387,BRF1,ENST00000379937,ENSP00000369269,ENSP00000448387,VEGEISSYQDAIEIE,,,True,3.0,2.300851037002004,LRKRLTEFEDTPTSQ,,,True,3.5,6.469020903802077,IIVSEVQFVESSGGG,,,True,5.0,-1.021821223422524,NP_011762.1,KENESGHFQDAIDGY,0.6180555555555556,0.4,0.5809794068206684,0.0,0.2043339085722356,0.0,0.7956660914277643,True,0.5323432163261912,3.5,NP_001510,XP_011534975,NP_011762.1,LQQRLNEFKNTKAAK,0.5611111111111111,0.4,,,,,,False,4.852252398752776,,NP_001510,XP_011534975,NP_011762.1,VLFYLKQFSERRARV,0.3833333333333333,0.2,,,,,,False,3.9366484164045774,,NP_001510,XP_011534975
ENSG00000128524,ATP6V1F,ENST00000492758,ENSP00000417378,ENSP00000417378,ATP6V1F,ENST00000492758,ENSP00000417378,ENSP00000417378,INEIEDTFRSLGSLP,,,True,5.0,1.20181678974415,DEDTVTGFLLGGIGE,,,True,6.0,5.026957776110723,IPSKEHPYDAAKDSI,,,True,6.0,0.754725882694473,NP_011534.1,VDSFTNAFPAILEIP,0.244047619047619,0.1333333333333333,,,,,,False,0.1232639934268077,,NP_001185838,,NP_011534.1,DEDTTTGLLLAGIGQ,0.6666666666666666,0.7333333333333333,,,,,,False,4.158542281258465,,NP_001185838,,NP_011534.1,IPSKDHPYDPEKDSV,0.6095238095238095,0.7333333333333333,,,,,,False,0.1213796808474603,,NP_001185838,
ENSG00000120837,NFYB,ENST00000240055,ENSP00000240055,ENSP00000240055,NFYB,ENST00000240055,ENSP00000240055,ENSP00000240055,CVSEFISFITSEASE,,,True,5.0,-0.3467374091771006,LKLYLQKFREAMKGE,,,True,5.5,3.5923339862769423,VQECVSEFISFITSE,,,True,5.5,4.311070552066138,NP_009532.1,CVSELISFVTSEASD,0.9583333333333334,0.8,0.3436222310344842,0.0,0.4994270165126538,0.0,0.5005729834873461,False,2.8920477917769385,5.0,NP_006157,XP_024304753,NP_009532.1,IYLAKYRQQQALKNQ,0.4000000000000001,0.2,,,,,,False,2.550282581282691,,NP_006157,XP_024304753,NP_009532.1,MQECVSELISFVTSE,0.8333333333333334,0.8,,,,,,False,4.311070552066138,,NP_006157,XP_024304753
ENSG00000206288,SLC39A7,ENST00000383214,ENSP00000372701,ENSP00000372700,SLC39A7,ENST00000383214,ENSP00000372701,ENSP00000372700,AADLAHNFTDGLAIG,,,True,5.5,3.861602027930436,HRHSHEDFHHGHSHA,,,True,5.5,-0.5319118010629197,HEHSHGGYGESGAPG,,,True,5.5,-2.4068945399404726,NP_012241.1,ISGIAHHITDGIALA,0.6875,0.4,,,,,,False,4.378998085846597,,NP_008910,,NP_012241.1,PLVVSHGVHHNRDHG,0.2638888888888889,0.2,,,,,,False,3.057669945218961,,NP_008910,,NP_012241.1,YSSTQVGIMTSIAVT,0.325,0.2,,,,,,False,4.409924438738488,,NP_008910,
ENSG00000227402,SLC39A7,ENST00000456261,ENSP00000414145,ENSP00000414145,SLC39A7,ENST00000456261,ENSP00000414145,ENSP00000414145,AADLAHNFTDGLAIG,,,True,5.5,3.861602027930436,HRHSHEDFHHGHSHA,,,True,5.5,-0.5319118010629197,HEHSHGGYGESGAPG,,,True,5.5,-2.4068945399404726,NP_012241.1,ISGIAHHITDGIALA,0.6875,0.4,,,,,,False,4.378998085846597,,NP_008910,,NP_012241.1,PLVVSHGVHHNRDHG,0.2638888888888889,0.2,,,,,,False,3.057669945218961,,NP_008910,,NP_012241.1,YSSTQVGIMTSIAVT,0.325,0.2,,,,,,False,4.409924438738488,,NP_008910,
ENSG00000229802,SLC39A7,ENST00000416369,ENSP00000403583,ENSP00000391735,SLC39A7,ENST00000416369,ENSP00000403583,ENSP00000391735,AADLAHNFTDGLAIG,,,True,5.5,3.861602027930436,HRHSHEDFHHGHSHA,,,True,5.5,-0.5319118010629197,HEHSHGGYGESGAPG,,,True,5.5,-2.4068945399404726,NP_012241.1,ISGIAHHITDGIALA,0.6875,0.4,,,,,,False,4.378998085846597,,NP_008910,,NP_012241.1,PLVVSHGVHHNRDHG,0.2638888888888889,0.2,,,,,,False,3.057669945218961,,NP_008910,,NP_012241.1,YSSTQVGIMTSIAVT,0.325,0.2,,,,,,False,4.409924438738488,,NP_008910,
ENSG00000226614,SLC39A7,ENST00000423043,ENSP00000389623,ENSP00000416439,SLC39A7,ENST00000423043,ENSP00000389623,ENSP00000416439,AADLAHNFTDGLAIG,,,True,5.5,3.861602027930436,HRHSHEDFHHGHSHA,,,True,5.5,-0.5319118010629197,HEHSHGGYGESGAPG,,,True,5.5,-2.4068945399404726,NP_012241.1,ISGIAHHITDGIALA,0.6875,0.4,,,,,,False,4.378998085846597,,NP_008910,,NP_012241.1,PLVVSHGVHHNRDHG,0.2638888888888889,0.2,,,,,,False,3.057669945218961,,NP_008910,,NP_012241.1,YSSTQVGIMTSIAVT,0.325,0.2,,,,,,False,4.409924438738488,,NP_008910,
ENSG00000224399,SLC39A7,ENST00000431735,ENSP00000410656,ENSP00000410656,SLC39A7,ENST00000431735,ENSP00000410656,ENSP00000410656,AADLAHNFTDGLAIG,,,True,5.5,3.861602027930436,HRHSHEDFHHGHSHA,,,True,5.5,-0.5319118010629197,HEHSHGGYGESGAPG,,,True,5.5,-2.4068945399404726,NP_012241.1,ISGIAHHITDGIALA,0.6875,0.4,,,,,,False,4.378998085846597,,NP_008910,,NP_012241.1,PLVVSHGVHHNRDHG,0.2638888888888889,0.2,,,,,,False,3.057669945218961,,NP_008910,,NP_012241.1,YSSTQVGIMTSIAVT,0.325,0.2,,,,,,False,4.409924438738488,,NP_008910,
ENSG00000081721,DUSP12,ENST00000367943,ENSP00000356920,ENSP00000356920,DUSP12,ENST00000484291,ENSP00000476528,ENSP00000356920,VEDLWRLFVPALDKP,,,True,5.5,-0.2258354280679365,MKTDQLPFEKAYEKL,,,True,5.5,0.0084362575324,RKCRRSLFRSSSILD,,,True,5.5,8.54196513358554,NP_012292.3,RCSCGKWVIPAIHLQ,0.365530303030303,0.1333333333333333,,,,,,False,4.995271744770824,,NP_009171,XP_005244919,NP_012292.3,YSPRLVDFKKKPQRG,0.3722222222222222,0.1333333333333333,,,,,,False,5.393941656831575,,NP_009171,XP_005244919,NP_012292.3,LVSNSGMFKDSESSQ,0.3833333333333333,0.1333333333333333,0.680052023492875,0.0,0.2624406500367565,0.0,0.7375593499632435,False,0.0435195082268445,4.5,NP_009171,XP_005244919
ENSG00000105821,DNAJC2,ENST00000379263,ENSP00000368565,ENSP00000368565,DNAJC2,ENST00000379263,ENSP00000368565,ENSP00000368565,IKEGDNDYFTCITKA,,,True,3.0,0.0619825440310942,KSEAKDNFFEVFTPV,,,True,5.0,0.3338459989626068,NRNASASFQELEDKK,,,True,5.0,-1.3962901470628983,NP_011801.1,NSAKEADYFGDADKA,0.3333333333333333,0.3333333333333333,,,,,,False,4.16298260793499,,NP_055192,XP_047276147,NP_011801.1,GSLDQDGFFKIIQKA,0.4583333333333333,0.2666666666666666,,,,,,False,-0.8583131490869654,,NP_055192,XP_047276147,NP_011801.1,FKIIQKAFETLTDSN,0.5750000000000001,0.2,0.346013448072015,0.0,0.6512218669424871,0.0,0.3487781330575129,False,1.1741730239251524,6.0,NP_055192,XP_047276147
ENSG00000059691,GATB,ENST00000263985,ENSP00000263985,ENSP00000263985,GATB,ENST00000263985,ENSP00000263985,ENSP00000263985,PPNSLVSFFDASLPG,,,True,3.0,4.230423420969492,SLFDRKHYFYADLPA,,,True,6.0,0.9371684352503196,NEVGLLEFFQNVIKE,,,True,6.5,4.874221588858088,NP_009473.2,APNHHTSYYDIALPG,0.6011904761904762,0.4666666666666667,0.4827711599798459,0.0,0.567714427448334,0.0,0.432285572551666,False,5.294192313648635,5.5,NP_004555,,NP_009473.2,SQFDRKHYFYGDQPQ,0.6,0.7333333333333333,,,,,,False,0.1095955583806023,,NP_004555,,NP_009473.2,QVRAFIKKYQNLVRH,0.463095238095238,0.1333333333333333,,,,,,False,0.3652061941568117,,NP_004555,
ENSG00000277157,H4C4,ENST00000614247,ENSP00000479461,ENSP00000479461,H4C4,ENST00000614247,ENSP00000479461,ENSP00000479461,KRISGLIYEETRGVL,,,True,5.5,2.0674177372580225,TRGVLKVFLENVIRD,,,True,6.5,6.751291486214857,VIRDAVTYTEHAKRK,,,True,7.0,4.422687600632454,NP_009563.1,KRISGLIYEEVRAVL,0.6666666666666666,0.8666666666666667,0.7268549331407905,0.0,0.4516085363548719,0.0,0.548391463645128,False,2.935681898854054,7.0,NP_003530,,NP_009563.1,VRAVLKSFLESVIRD,0.625,0.7333333333333333,0.3487879964287881,0.0,0.8330976531686252,0.0,0.1669023468313748,False,6.434997726226145,4.5,NP_003530,,NP_009563.1,VIRDSVTYTEHAKRK,1.0,0.9333333333333332,0.2161170223144132,0.0,0.6221083155511373,0.0,0.3778916844488627,False,1.425072062829931,7.0,NP_003530,
ENSG00000241685,ARPC1A,ENST00000262942,ENSP00000262942,ENSP00000262942,ARPC1A,ENST00000262942,ENSP00000262942,ENSP00000262942,ARLISVCYFESENDW,,,True,4.5,2.871858569991898,DDRGCLTFVSKLDIP,,,True,5.5,1.53307468644491,GAMTIWDFKTLESSI,,,True,5.5,5.181936725913097,NP_009793.1,ARIIAVCYYEHENNW,0.7172619047619048,0.6666666666666666,0.3842206806931306,0.0,0.5023507301874196,0.0,0.4976492698125804,False,6.739964674123749,6.0,NP_006400,,NP_009793.1,ESNGQITQVSSCGLD,0.3722222222222222,0.2666666666666666,,,,,,False,0.8952687361809566,,NP_006400,,NP_009793.1,RKFKELDLKGKVSTD,0.3777777777777777,0.2,,,,,,False,0.1181091496265271,,NP_006400,
ENSG00000004961,HCCS,ENST00000321143,ENSP00000326579,ENSP00000326579,HCCS,ENST00000321143,ENSP00000326579,ENSP00000326579,EVRYVIDYYDGGEVN,,,True,3.0,4.794511073514867,HQERAYEYVECPIRG,,,True,4.0,8.453349209976102,VYPSEQMFWNAMLKK,,,True,6.0,1.0055273683426285,NP_012836.1,INERVWNYIKSWEDK,0.2861111111111111,0.2,,,,,,False,4.53992133587479,,NP_001116080,,NP_012836.1,IYPSEKQFYEAMMKK,0.3261904761904762,0.0666666666666666,0.5637503787188283,0.0,0.2484429223918925,0.0,0.7515570776081075,False,2.5260558079081337,3.5,NP_001116080,,NP_012836.1,IYPSEKQFYEAMMKK,0.4476190476190476,0.6,0.5637503787188283,0.0,0.2484429223918925,0.0,0.7515570776081075,False,2.5260558079081337,3.5,NP_001116080,
ENSG00000172977,KAT5,ENST00000377046,ENSP00000366245,ENSP00000340330,KAT5,ENST00000377046,ENSP00000366245,ENSP00000340330,FLDHKTLYYDTDPFL,,,True,4.5,1.9005021654713408,YRKGTISFFEIDGRK,,,True,5.0,-0.8514927261921471,EKESTEDYNVACILT,,,True,5.0,2.623107998332741,NP_014887.3,FLDHKTLYYDVDPFL,0.8333333333333334,0.9333333333333332,0.7338474141379375,0.0,0.266232704010927,0.0,0.733767295989073,False,2.7687663270673726,6.0,NP_874369,,NP_014887.3,YRDDYVSFFEIDGRK,1.0,0.7333333333333333,0.4182922329406751,0.0,0.3927315537637994,0.0,0.6072684462362006,False,-1.893571575304115,5.0,NP_874369,,NP_014887.3,EKESADGYNVACILT,0.8055555555555557,0.8,,,,,,False,5.75339420560542,,NP_874369,
ENSG00000146828,SLC12A9,ENST00000448342,ENSP00000401583,ENSP00000275730,SLC12A9,ENST00000354161,ENSP00000275730,ENSP00000275730,EAEEEGDFVNSGRGD,topological domain,Cytoplasmic,True,5.0,-0.6514115588423527,NTLVLGFYDDAPPQD,topological domain,Extracellular,False,5.0,5.777609524046641,RFGHFTGFNSSTLKD,topological domain,Extracellular,False,5.5,0.6428306956520682,NP_009794.3,GDPIVFDYVNSKLAD,0.6547619047619048,0.3333333333333333,,,,,,False,2.141597502638728,,NP_064631,XP_047276589,NP_009794.3,GPSWQTFHDNLLPHL,0.5277777777777778,0.2,,,,,,False,5.590613467611275,,NP_064631,XP_047276589,NP_009794.3,AMLIVDGISASVLFL,0.5833333333333334,0.2,,,,,,False,0.0596294980516104,,NP_064631,XP_047276589
ENSG00000104549,SQLE,ENST00000523430,ENSP00000430331,ENSP00000265896,SQLE,ENST00000523430,ENSP00000430331,ENSP00000265896,PDHLKEPFLEATDNS,topological domain,Cytoplasmic,True,3.5,-0.7770443017168263,LKGIPDLYDDAAIFE,topological domain,Cytoplasmic,True,5.0,7.728160905996232,IFEAKKSFYWARKTS,topological domain,Cytoplasmic,True,5.5,0.0228357481200253,NP_011691.1,PKSLRPSFDEAVSQG,0.3472222222222222,0.3333333333333333,0.5121261333708528,0.0,0.509101557657965,0.0,0.4908984423420349,False,-1.6179386633456168,3.5,NP_003120,XP_011515548,NP_011691.1,KDGNDKVLEDSTIHI,0.4416666666666666,0.2,,,,,,False,1.6032593879159542,,NP_003120,XP_011515548,NP_011691.1,PKSLRPSFDEAVSQG,0.3166666666666666,0.2,0.5121261333708528,0.0,0.509101557657965,0.0,0.4908984423420349,False,-1.6179386633456168,3.5,NP_003120,XP_011515548
ENSG00000145388,METTL14,ENST00000388822,ENSP00000373474,ENSP00000373474,METTL14,ENST00000388822,ENSP00000373474,ENSP00000373474,NAETYASYFSAPNSY,,,True,4.0,6.811835507417156,LPYEEEIYKDSSTFL,,,True,4.0,-0.7928900457278167,EPPLEEYYRETGITA,,,True,4.5,1.4547955711601923,NP_009876.1,SRHINNSHLQGPNQE,0.375,0.2,,,,,,False,2.762208339207997,,NP_066012,XP_047271985,NP_009876.1,PTLNHWIQNENLTFD,0.3944444444444445,0.2,,,,,,False,-0.0146294979248388,,NP_066012,XP_047271985,NP_009876.1,HIIPARTGYETPVKV,0.2607142857142857,0.1333333333333333,,,,,,False,1.7862157396360474,,NP_066012,XP_047271985
ENSG00000161395,PGAP3,ENST00000579146,ENSP00000463234,ENSP00000300658,PGAP3,ENST00000579146,ENSP00000463234,ENSP00000300658,DLTEKMDYFCASTXP,topological domain;transmembrane region,Lumenal;Helical,False,4.5,1.1064384846355395,QGDREPVYRDCVLQC,topological domain,Lumenal,False,5.0,1.8289720505194056,FFQXYRTFVPASSPM,topological domain,Cytoplasmic,True,5.5,2.493239977929329,NP_009973.1,IITEKLDYFFAGLTV,0.5694444444444444,0.4666666666666667,,,,,,False,0.1014868714584751,,NP_219487,XP_011523782,NP_009973.1,SSFKRQIFKLCVIPI,0.3583333333333333,0.1333333333333333,,,,,,False,2.2047787970945514,,NP_219487,XP_011523782,NP_009973.1,TIFSIGNFIPHYKGF,0.4166666666666667,0.1333333333333333,,,,,,False,2.2510388863505706,,NP_219487,XP_011523782
ENSG00000007392,LUC7L,ENST00000293872,ENSP00000293872,ENSP00000293872,LUC7L,ENST00000293872,ENSP00000293872,ENSP00000293872,ASKERDLFFELDAMD,,,True,5.5,-0.5344181626334243,DLALRADYEIASKER,,,True,6.5,0.8682980446006736,MASRRSEEKEAGEIG,,,True,6.5,3.4337333907145857,NP_010196.1,AAEQRKLVEQLMGRD,0.2583333333333333,0.3333333333333333,,,,,,False,0.2772591387312064,,NP_958815,XP_011520863,NP_010196.1,YVKMREDYDRLMKNN,0.4138888888888889,0.2666666666666666,,,,,,False,0.1359425374393601,,NP_958815,XP_011520863,NP_010196.1,MSTPAAEQRKLVEQL,0.4583333333333333,0.2,,,,,,False,2.3803349293499982,,NP_958815,XP_011520863
ENSG00000115946,PNO1,ENST00000263657,ENSP00000263657,ENSP00000263657,PNO1,ENST00000263657,ENSP00000263657,ENSP00000263657,LIRLDDLFLESFEIT,,,True,4.0,-2.328918841856213,ALTKAADFVKAFILG,,,True,5.5,6.505925199666113,DDLFLESFEITDVKP,,,True,5.5,2.9655050367884743,NP_014788.1,LLRLDDLYIETFEVK,0.6880952380952382,0.6,0.6310753782820235,0.0,0.5380239469698028,0.0,0.4619760530301972,False,2.685229690864107,4.5,NP_064528,,NP_014788.1,ALQKGADFIKAFTLG,0.7583333333333333,0.7333333333333333,,,,,,False,-0.3266574381771342,,NP_064528,,NP_014788.1,DDLYIETFEVKDVKT,0.625,0.6,,,,,,False,1.421559031012894,,NP_064528,
ENSG00000105193,RPS16,ENST00000339471,ENSP00000367806,ENSP00000251453,RPS16,ENST00000339471,ENSP00000367806,ENSP00000251453,IKDILIQYDRTLLVA,,,True,7.5,8.449415663387152,ISKALVAYYQKYVDE,,,True,8.0,3.758745063426457,SKALVAYYQKYVDEA,,,True,8.0,-3.10620246804092,NP_010200.1,LKKAFTSYDRTLLIA,0.8333333333333334,0.5333333333333333,,,,,,False,1.3159752162291425,,NP_001011,,NP_010200.1,IAKGLVAYHQKYVDE,0.875,0.8,,,,,,False,3.786415436878596,,NP_001011,,NP_010200.1,AKGLVAYHQKYVDEQ,0.875,0.7333333333333333,,,,,,False,-3.10620246804092,,NP_001011,
ENSG00000147454,SLC25A37,ENST00000417331,ENSP00000402782,ENSP00000429200,SLC25A37,ENST00000417331,ENSP00000402782,ENSP00000429200,AGPAHAMYFACYENM,transmembrane region,Helical; Name=2,False,5.0,1.93470591572038,RTEGLGAFYRSYTTQ,transmembrane region,Helical; Name=4,False,5.5,3.0969921312207456,ISWSVYEFFKYFLTK,,,True,6.5,-0.0535460361597222,NP_012402.1,AGPAHAVYFGTYEFC,0.5083333333333333,0.6666666666666666,,,,,,False,1.2023503628766132,,NP_057696,XP_006716415,NP_012402.1,QSEGLAAFYYSYPTT,0.5952380952380952,0.6,,,,,,False,2.7800632753168912,,NP_057696,XP_006716415,NP_012402.1,VYFGTYEFCKKNLID,0.562962962962963,0.3333333333333333,,,,,,False,1.6561403280944027,,NP_057696,XP_006716415
ENSG00000291237,SOD2,ENST00000538183,ENSP00000446252,ENSP00000446252,SOD2,ENST00000538183,ENSP00000446252,ENSP00000446252,LNVTEEKYQEALAKG,,,True,5.0,-0.1588461354796992,GHINHSIFWTNLSPN,,,True,6.0,1.453191426876688,DFGSFDKFKEKLTAA,,,True,6.0,-0.1107361593165092,NP_011872.1,EHAYYLQYQNKKADY,0.5,0.2,,,,,,False,0.1676801170917679,,NP_000627,,NP_011872.1,GFTNHCLFWENLAPE,0.5916666666666667,0.5333333333333333,0.5052201576686038,0.0,0.6614360405620903,0.0,0.3385639594379098,False,-1.3987881505123667,6.0,NP_000627,,NP_011872.1,EHAYYLQYQNKKADY,0.3047619047619047,0.0666666666666666,,,,,,False,0.1676801170917679,,NP_000627,
ENSG00000174748,RPL15,ENST00000611050,ENSP00000483260,ENSP00000416692,RPL15,ENST00000611050,ENSP00000483260,ENSP00000416692,GEDSTYKFFEVILID,,,True,5.0,2.595381224716594,EVILIDPFHKAIRRN,,,True,6.0,1.8349553391217448,ALRVLNSYWVGEDST,,,True,6.0,6.581788975238004,NP_013840.1,NQDSTYKYFEVILVD,0.9047619047619048,0.7333333333333333,0.6407405879725061,0.0,0.3159655985584002,0.0,0.6840344014415998,False,6.349352227559363,6.0,NP_001240312,,NP_013840.1,EVILVDPQHKAIRRD,0.7333333333333334,0.8,,,,,,False,1.11704103570849,,NP_001240312,,NP_013840.1,NLRVLNSYWVNQDST,0.8333333333333334,0.8,,,,,,False,6.0450606526917365,,NP_001240312,
ENSG00000100567,PSMA3,ENST00000216455,ENSP00000216455,ENSP00000216455,PSMA3,ENST00000216455,ENSP00000216455,ENSP00000216455,KLVLSKLYEEGSNKR,,,True,6.0,3.6089011170594736,PSGVSYGYWGCAIGK,,,True,6.5,10.05089203529545,LADRVAMYVHAYTLY,,,True,6.5,5.553236022701307,NP_015007.1,KFVKGDLLQEAIDFA,0.386111111111111,0.2666666666666666,,,,,,False,-1.6872242161881066,,NP_002779,,NP_015007.1,PSGSYWGYKGAATGK,0.3666666666666666,0.6,,,,,,False,5.375247615244874,,NP_002779,,NP_015007.1,FADRLGQYVQAHTLY,0.6666666666666666,0.6,,,,,,False,7.082911214357376,,NP_002779,
ENSG00000147679,UTP23,ENST00000517814,ENSP00000429962,ENSP00000308332,UTP23,ENST00000520733,ENSP00000429384,ENSP00000308332,PSPKTIAFVKAVESG,,,True,5.5,0.1508241143008968,EEGNPHHYFVATQDQ,,,True,5.5,1.4889097979832258,QILLDGTFCQAALRG,,,True,6.0,3.2453632042249625,NP_014646.1,MEPLSTASAKASKIT,0.45,0.2666666666666666,,,,,,False,0.3399978378575498,,NP_115710,,NP_014646.1,SGANKHRYVVASQDI,0.625,0.4666666666666667,,,,,,False,1.7197215456349972,,NP_115710,,NP_014646.1,LPSGLKRTLQADVKV,0.2333333333333333,0.1333333333333333,,,,,,False,4.065960064427953,,NP_115710,
ENSG00000177700,POLR2L,ENST00000534030,ENSP00000432807,ENSP00000324124,POLR2L,ENST00000534030,ENSP00000432807,ENSP00000324124,LGLLQAEYTEGDALD,,,True,5.0,-1.3075347633820211,LLQAEYTEGDALDAL,,,True,7.0,1.8353403573137688,AEYTEGDALDALGLK,,,True,7.0,1.3877766587609623,NP_014853.3,NLLQEDELDEGTALS,0.5972222222222222,0.4,,,,,,False,-0.0594374293442272,,NP_066951,,NP_014853.3,LQEDELDEGTALSRL,0.4388888888888889,0.4666666666666667,,,,,,False,-1.4965459398234646,,NP_066951,,NP_014853.3,DELDEGTALSRLGLK,0.4333333333333333,0.6,,,,,,False,0.0736684925067219,,NP_066951,
ENSG00000144659,SLC25A38,ENST00000645630,ENSP00000493714,ENSP00000497532,SLC25A38,ENST00000648579,ENSP00000497638,ENSP00000497532,VPGVGIYFGTLYSLK,transmembrane region,Helical; Name=2,False,6.5,3.323601962684244,GQAVTLIFKDYGLRG,,,True,6.5,-1.2967466368146177,KDYGLRGFFQGGIPR,transmembrane region,Helical; Name=6,False,6.5,5.7557940218614885,NP_010164.1,SHLIGGFFGGLTSAV,0.6944444444444443,0.3333333333333333,,,,,,False,0.8429159182745656,,NP_060345,,NP_010164.1,FNTFTSIVKNENVLK,0.2944444444444444,0.2,,,,,,False,1.542001335633423,,NP_060345,,NP_010164.1,TKEGLFGFFRGFGAT,0.5888888888888889,0.4,,,,,,False,5.578204218681903,,NP_060345,
ENSG00000006534,ALDH3B1,ENST00000614849,ENSP00000478486,ENSP00000478486,ALDH3B1,ENST00000614849,ENSP00000478486,ENSP00000478486,EHRFDYIFFTGSPRV,,,True,5.0,2.4939081434778823,GRTRPAEFRAAQLQG,,,True,5.5,2.120443279990973,QTCVAPDYVLCSPEM,,,True,6.0,4.975993080088407,NP_013828.1,CGKFDLIFYTGSPRV,0.9047619047619048,0.6666666666666666,0.6569831195960828,0.0,0.3819558392224617,0.0,0.6180441607775383,False,-0.5516256374853339,5.0,NP_001154945,,NP_013828.1,PRKKDLEFRQLQLKK,0.5916666666666667,0.4,,,,,,False,-0.8536855219566253,,NP_001154945,,NP_013828.1,QICVSPDYLLVHKSI,0.4666666666666666,0.4666666666666667,,,,,,False,3.5564612628107803,,NP_001154945,
ENSG00000171174,RBKS,ENST00000302188,ENSP00000306817,ENSP00000306817,RBKS,ENST00000302188,ENSP00000306817,ENSP00000306817,IADLDPQFYTLSDVF,,,True,4.5,4.615350538658421,TTGAGDSFVGALAFY,,,True,5.5,0.2637068906438225,SFVGALAFYLAYYPN,,,True,5.5,4.062081545203346,NP_009965.2,TLSTAIKFSTLASSL,0.45,0.2,0.5777924764802841,0.0,0.2183487505539851,0.0,0.7816512494460148,True,10.071496177366352,7.0,NP_071411,,NP_009965.2,TTGAGDTFLGGLVTQ,0.4083333333333334,0.6,,,,,,False,0.1798189082901663,,NP_071411,,NP_009965.2,IREKIKDDFLGEYRK,0.2777777777777778,0.1333333333333333,,,,,,False,2.8763304379387304,,NP_071411,
ENSG00000256269,HMBS,ENST00000652429,ENSP00000498786,ENSP00000498786,HMBS,ENST00000652429,ENSP00000498786,ENSP00000498786,RKFPHLEFRSIRGNL,,,True,6.0,2.3837324963805746,AMKDGQLYLTGGVWS,,,True,6.5,-0.5810393123056381,PTVLPPGFTIGAICK,,,True,7.5,4.649195440252544,NP_010076.1,RKYPHLKFESVRGNI,0.6583333333333333,0.6666666666666666,0.3564593303413099,0.0,0.4702557317086513,0.0,0.5297442682913486,False,3.893542828704414,7.5,NP_000181,XP_005271590,NP_010076.1,NEETKKLLLKAIVVD,0.425,0.2,,,,,,False,4.724487957840967,,NP_000181,XP_005271590,NP_010076.1,PTLLPEGFELGGITK,0.7166666666666667,0.6,,,,,,False,2.051713809995241,,NP_000181,XP_005271590
ENSG00000166226,CCT2,ENST00000299300,ENSP00000299300,ENSP00000299300,CCT2,ENST00000299300,ENSP00000299300,ENSP00000299300,IIADNAGYDSADLVA,,,True,5.5,3.584363116980997,ETARLTSFIGAIAIG,,,True,6.0,6.380408153245702,YNYPEQLFGAAGVMA,,,True,6.5,-0.1036122192945227,NP_012124.1,ILADNAGFDSSELVS,0.7916666666666666,0.6666666666666666,0.2340057628844652,0.0,0.4078739468185261,0.0,0.5921260531814739,False,3.472841306769471,5.5,NP_006422,,NP_012124.1,ENARLSAFVGAIAVG,0.8333333333333334,0.6666666666666666,,,,,,False,10.923327701109956,,NP_006422,,NP_012124.1,IIEGYRLASAAALDA,0.4583333333333333,0.2666666666666666,,,,,,False,3.7774001763704272,,NP_006422,
ENSG00000134684,YARS1,ENST00000676297,ENSP00000501596,ENSP00000362576,YARS1,ENST00000675785,ENSP00000502019,ENSP00000362576,FEKLQADFKISEECI,,,True,5.0,-2.3429991601724005,PMSKIADFLKAGCEV,,,True,5.5,1.586329798265512,KFIKGTDYQLSKEYT,,,True,5.5,-1.4729916787935442,NP_011701.3,EKLSPPDLKIGVADA,0.4583333333333333,0.2,,,,,,False,0.6234708783464525,,NP_003671,,NP_011701.3,PMTKLADFLKAGCEV,1.0,0.8666666666666667,,,,,,False,3.1302758040410925,,NP_003671,,NP_011701.3,KFVVGSSYQLTPDYT,0.5888888888888889,0.5333333333333333,,,,,,False,2.4378188522242183,,NP_003671,
ENSG00000158604,TMED4,ENST00000289577,ENSP00000289577,ENSP00000404042,TMED4,ENST00000289577,ENSP00000289577,ENSP00000404042,LWWXLKSFFEAKKLV,topological domain,Cytoplasmic,True,3.5,7.5165561572316735,GSEGRFTFTSHTPGD,topological domain,Lumenal,False,6.5,2.9493931465400136,WDKQKEVFLPSTPGL,topological domain,Lumenal,False,7.0,-0.9831593391039768,NP_011513.1,QMKSLRSFFVKQKVL,0.5499999999999999,0.3333333333333333,,,,,,False,7.02651883556811,,NP_872353,,NP_009402.1,QVTAFYYYTSGAERK,0.2682539682539682,0.1333333333333333,0.4021458205383155,0.0,0.2458574657400189,0.0,0.754142534259981,False,6.761667977286757,5.5,NP_872353,,NP_009402.1,SASGDLTFLASDSGE,0.4166666666666667,0.2666666666666666,,,,,,False,-2.270592319153157,,NP_872353,
ENSG00000101911,PRPS2,ENST00000380668,ENSP00000370043,ENSP00000381504,PRPS2,ENST00000380668,ENSP00000370043,ENSP00000381504,HASQIQGFFDIPVDN,,,True,5.5,1.902833715589984,DIPVDNLYAEPAVLQ,,,True,6.5,6.741314616652958,VTAVIPCFPYARQDK,,,True,6.5,4.825478112955249,NP_011852.1,HASQIQGFFDVPVDN,0.9583333333333334,0.9333333333333332,0.6585714990775486,0.0,0.5098554528579513,0.0,0.4901445471420487,False,2.771097877186015,5.5,NP_001034180,,NP_011852.1,DVPVDNLYAEPSVVR,1.0,0.7333333333333333,0.5458580163322976,0.0,0.4312804153190396,0.0,0.5687195846809604,False,6.410318233357431,6.5,NP_001034180,,NP_011852.1,ITAIIPNFPYARQDR,0.75,0.7333333333333333,,,,,,False,1.586329798265512,,NP_001034180,
ENSG00000109572,CLCN3,ENST00000360642,ENSP00000353857,ENSP00000261514,CLCN3,ENST00000360642,ENSP00000353857,ENSP00000261514,GAGVIMDFQTSEDDN,topological domain,Cytoplasmic,True,3.5,2.9900656345325904,IRLNGYPFLDAKEEF,topological domain,Cytoplasmic,True,3.5,2.2073532472946864,SELIKELFTDCGPLE,,,True,4.5,-0.9476983607204076,NP_012574.1,AQTTLVYFNKSNEEL,0.2952380952380952,0.1333333333333333,,,,,,False,3.1000199386117275,,NP_776297,XP_011529888,NP_012574.1,IMVNGFPYLEDEQDE,0.4825396825396825,0.3333333333333333,,,,,,False,1.0046979048103808,,NP_776297,XP_011529888,NP_012574.1,TESMGILFHECVKND,0.4916666666666666,0.2666666666666666,0.5606854990830341,0.0,0.6076245358533964,0.0,0.3923754641466037,False,-1.3627005939673322,4.0,NP_776297,XP_011529888
ENSG00000105373,NOP53,ENST00000246802,ENSP00000246802,ENSP00000246802,NOP53,ENST00000246802,ENSP00000246802,ENSP00000246802,APNEKLFFVDTGSKE,,,True,4.5,0.9769673092323512,AATQESTFQELCEGL,,,True,4.5,-0.2107085280305392,QDTVERPFYDLWASD,,,True,5.5,3.072687634652999,NP_015179.1,LQNDALFHVDVEGDE,0.4791666666666667,0.4,,,,,,False,4.196686046725537,,NP_056525,,NP_015179.1,HEEKVKLQQELKELR,0.525,0.2666666666666666,,,,,,False,-1.1233932035233811,,NP_056525,,NP_015179.1,QGVSKHELKKLMALA,0.1999999999999999,0.2,,,,,,False,0.5882813373489407,,NP_056525,
ENSG00000100522,GNPNAT1,ENST00000216410,ENSP00000216410,ENSP00000216410,GNPNAT1,ENST00000216410,ENSP00000216410,ENSP00000216410,WSQNTATFSPAISPT,,,True,5.5,-1.326955418765189,HMKKSGDYYVTVVED,,,True,5.5,0.184957836524227,GVVSPEQFMKSFEHM,,,True,6.0,0.1906920121923441,NP_116637.1,KFYEKCGFSNAGVEM,0.3055555555555556,0.2,,,,,,False,0.0311931824112272,,NP_932332,XP_005268069,NP_116637.1,LGKLLIDQLVTIGFD,0.3416666666666666,0.3333333333333333,,,,,,False,3.35647052080735,,NP_932332,XP_005268069,NP_116637.1,ILDCDEKNVKFYEKC,0.2694444444444444,0.2,,,,,,False,2.075696450684071,,NP_932332,XP_005268069
ENSG00000094841,UPRT,ENST00000652605,ENSP00000498525,ENSP00000362481,UPRT,ENST00000373383,ENSP00000362481,ENSP00000362481,EGLNQLPYKECMVTT,,,True,5.0,-1.9437348715074667,KTASRGDFMFSADRL,,,True,5.0,3.350290723781513,AKSIIQEFPEITILT,,,True,5.5,3.8120690156972783,NP_011996.2,IEKYHAAFPEVRIVT,0.2678571428571428,0.1333333333333333,0.6454191544855968,0.0,0.5486786760270045,0.0,0.4513213239729955,False,5.832779896192422,6.5,NP_659489,,NP_011996.2,KNTTRPDFIFYSDRI,0.6607142857142857,0.4666666666666667,,,,,,False,-2.501868639301408,,NP_659489,,NP_011996.2,IEKYHAAFPEVRIVT,0.75,0.3333333333333333,0.6454191544855968,0.0,0.5486786760270045,0.0,0.4513213239729955,False,5.832779896192422,6.5,NP_659489,
ENSG00000137955,RABGGTB,ENST00000370826,ENSP00000359862,ENSP00000317473,RABGGTB,ENST00000370826,ENSP00000359862,ENSP00000317473,YGSKKDDYEYCMSEY,,,True,5.5,-0.7557577206262991,NVEKAIEFVLSCMNF,,,True,6.0,5.255255116892268,PGDMVDPFHTLFGIA,,,True,6.0,1.5924306129366514,NP_015502.1,LDTKKHNFEYWLTEH,0.4474747474747475,0.3333333333333333,,,,,,False,-3.0036846731400364,,NP_004573,,NP_015502.1,VKEEVISFVLSCWDD,0.6515151515151515,0.4666666666666667,,,,,,False,1.6512747859365673,,NP_004573,,NP_015502.1,PENEVDVFHTVFGVA,0.625,0.6,0.6633094740513404,0.0,0.3345684110720547,0.0,0.6654315889279454,False,6.327330500390582,5.5,NP_004573,
ENSG00000158825,CDA,ENST00000375071,ENSP00000364212,ENSP00000364212,CDA,ENST00000375071,ENSP00000364212,ENSP00000364212,ASDMQDDFISPCGAC,,,True,5.5,3.4622304721993773,CRQVMREFGTNWPVY,,,True,6.0,7.665756287806163,FGTNWPVYMTKPDGT,,,True,6.5,0.4742738069719564,NP_013346.1,CGDSEDQCVSPCGVC,0.5879629629629629,0.4666666666666667,,,,,,False,8.11246288429488,,NP_001776,,NP_013346.1,TNNDVIFTGANVENA,0.15,0.1333333333333333,,,,,,False,1.2017436115538755,,NP_001776,,NP_013346.1,HFRVGCSILTNNDVI,0.2916666666666667,0.1333333333333333,,,,,,False,6.4721665771040815,,NP_001776,
ENSG00000063761,ADCK1,ENST00000238561,ENSP00000238561,ENSP00000238561,ADCK1,ENST00000238561,ENSP00000238561,ENSP00000238561,FRRTQISFSEAFNLW,,,True,4.0,4.343542093866981,IHDLFQSFDDTPLGT,,,True,4.5,0.3585976508397523,ERVLLMEFVDGGQVN,,,True,4.5,6.780835837058933,NP_013354.1,AAITGRSIDAALNYD,0.4583333333333333,0.2666666666666666,,,,,,False,5.103973711200182,,NP_065154,XP_016876966,NP_013354.1,KEDLGTSIEDMFLEF,0.5333333333333333,0.3333333333333333,,,,,,False,1.1781714337186855,,NP_065154,XP_016876966,NP_013354.1,KRILIMEYVGGKRLD,0.576984126984127,0.4,,,,,,False,1.4117077413730217,,NP_065154,XP_016876966
ENSG00000103018,CYB5B,ENST00000686167,ENSP00000508903,ENSP00000308430,CYB5B,ENST00000686167,ENSP00000508903,ENSP00000308430,EVETSVTYYRLEEVA,,,True,5.5,4.7860245254018565,GVDASESFEDVGHSS,,,True,6.0,3.896085526739026,LEQAGVDASESFEDV,,,True,7.0,-3.169515127171203,NP_014288.3,DIGHSDEALRLLKGL,0.2083333333333333,0.2,,,,,,False,0.2723613111891289,,NP_085056,,NP_014288.3,GQDATESFVDIGHSD,0.7083333333333334,0.6666666666666666,0.406890770532167,0.0,0.3745387770007747,0.0,0.6254612229992252,False,2.9978477407409048,6.0,NP_085056,,NP_014288.3,MDLGGQDATESFVDI,0.6166666666666667,0.4666666666666667,,,,,,False,-2.252626248391004,,NP_085056,
ENSG00000103342,GSPT1,ENST00000434724,ENSP00000398131,ENSP00000408399,GSPT1,ENST00000434724,ENSP00000398131,ENSP00000408399,ISARKGEFETGFEKG,,,True,4.0,3.235949213791684,TVEVGRAYFETEKKH,,,True,5.0,1.7955636040746383,VNWSNERYEECKEKL,,,True,5.0,-0.227835621559337,NP_010457.3,ISARKGEYETGFERG,0.9047619047619048,0.8666666666666667,0.5270948286284375,0.0,0.4194978609245064,0.0,0.5805021390754935,False,3.235949213791684,4.5,NP_001123478,XP_047289991,NP_010457.3,TIEVGKAYFETEKRR,1.0,0.7333333333333333,0.5119741932108598,0.0,0.8138626614309014,0.0,0.1861373385690986,False,1.8816362086209013,5.0,NP_001123478,XP_047289991,NP_010457.3,VNWSKERYDQCVSNV,0.6222222222222222,0.5333333333333333,,,,,,False,0.9007891119908056,,NP_001123478,XP_047289991
ENSG00000107798,LIPA,ENST00000371837,ENSP00000360903,ENSP00000337354,LIPA,ENST00000371837,ENSP00000360903,ENSP00000337354,TQITNLVFHESIPEW,,,True,4.5,-1.0122696923688446,PEWEHLDFIWGLDAP,,,True,5.0,-0.1408942621554659,GPVASVAFCTSPMAK,,,True,5.5,1.7877738999950863,NP_012782.1,RSQKFQMFEESDNML,0.4777777777777778,0.2,0.319661741525699,0.0,0.2422429229857021,0.0,0.7577570770142978,True,2.224618911768969,5.0,NP_001121077,XP_024303791,NP_012782.1,DNYEHLDLIWGKDAD,0.8333333333333334,0.6,,,,,,False,-0.4993843341789541,,NP_001121077,XP_024303791,NP_012782.1,SRFLRRVFSTSAIDE,0.5,0.2,0.2993918754680083,0.0,0.3626222295171742,0.0,0.6373777704828257,False,6.262574619934144,5.5,NP_001121077,XP_024303791
ENSG00000122687,MRM2,ENST00000242257,ENSP00000242257,ENSP00000242257,MRM2,ENST00000242257,ENSP00000242257,ENSP00000242257,DPSSPVGFVLGVDLL,,,True,6.0,-0.4652264906282253,RKESSEVYFLATQYH,,,True,6.0,0.585630590156931,VSFQRQGFHTVGSRC,,,True,6.0,0.5803133920853953,NP_011379.1,QRSSPNSMILGVDIL,0.625,0.5333333333333333,,,,,,False,-0.148879197715513,,NP_037525,,NP_011379.1,RDESKETYYIGLKKK,0.3547619047619048,0.3333333333333333,,,,,,False,0.1467082407598546,,NP_037525,,NP_011379.1,PCEPPHGVNSIQANI,0.3611111111111111,0.0666666666666666,,,,,,False,1.6647203241167177,,NP_037525,
ENSG00000105552,BCAT2,ENST00000545387,ENSP00000440973,ENSP00000322991,BCAT2,ENST00000545387,ENSP00000440973,ENSP00000322991,PLVFGKTFTDHMLMV,,,True,6.0,0.8841334532735219,RRYASSSFKAADLQL,,,True,6.0,1.0579930925361496,GTMNIFVYWTHEDGV,,,True,6.0,4.083213475532174,NP_012078.3,ELVFGQTFTDHMLTI,1.0,0.7333333333333333,0.2424959763779882,0.0,0.51604920077277,0.0,0.4839507992272301,False,0.8841334532735219,6.0,NP_001181,,NP_012078.3,GPYYKTGFKAVRLEA,0.6666666666666666,0.3333333333333333,,,,,,False,1.200338593940072,,NP_001181,,NP_012078.3,VSPIKEIGWNNEDIH,0.4027777777777778,0.2,,,,,,False,-0.8118557925917683,,NP_001181,
ENSG00000067560,RHOA,ENST00000422781,ENSP00000413587,ENSP00000400175,RHOA,ENST00000422781,ENSP00000413587,ENSP00000400175,DRLRPLSYPDTDVIL,,,True,5.0,2.6324758450547567,NRIGAFGYMECSAKT,,,True,5.0,3.18297751024321,IVFSKDQFPEVYVPT,,,True,6.5,1.6860493110715011,NP_015491.1,DRLRPLSYPDSNVVL,0.875,0.8,0.5249687465638814,0.0,0.7866748417751854,0.0,0.2133251582248146,False,5.3375629616967,5.0,NP_001655,,NP_015491.1,DQIGATGYYECSAKT,0.8095238095238096,0.7333333333333333,0.4827036831771697,0.0,0.936253783565681,0.0,0.0637462164343189,False,1.4528202316215104,4.0,NP_001655,,NP_015491.1,IVFSKGQFPEVYVPT,1.0,0.9333333333333332,0.5164305997450029,0.0,0.2321369185949588,0.0,0.7678630814050411,True,1.506230402781335,6.5,NP_001655,
ENSG00000140105,WARS1,ENST00000557722,ENSP00000450500,ENSP00000347495,WARS1,ENST00000557722,ENSP00000450500,ENSP00000347495,ATEAEEDFVDPWTVQ,,,True,4.0,5.602109104346696,QVKGIFGFTDSDCIG,,,True,5.0,2.243980022019417,HFLRRGIFFSHRDMN,,,True,5.0,4.610078210058585,NP_014544.1,CIETLQEFVKAFQER,0.2916666666666666,0.2,,,,,,False,4.514359977136899,,NP_776049,XP_024305475,NP_014544.1,TAKAVFGFNDSDCIG,0.8333333333333334,0.6666666666666666,0.5242962081884681,0.0,0.7862698426184299,0.0,0.21373015738157,False,1.7887426442124503,5.0,NP_776049,XP_024305475,NP_014544.1,HFLRKGLFFSERDFT,0.75,0.6666666666666666,,,,,,False,4.727398475947735,,NP_776049,XP_024305475
ENSG00000241837,ATP5PO,ENST00000431254,ENSP00000393496,ENSP00000290299,ATP5PO,ENST00000431254,ENSP00000393496,ENSP00000290299,LSRQVRCFSTSVVRP,,,True,5.5,1.2666640071410125,LKTVLKSFLSQGQVL,,,True,6.5,10.627253369490123,VYGIEGRYATALYSA,,,True,6.5,2.5098910313199694,NP_010584.1,FKRIEKALSASKLVG,0.375,0.2,,,,,,False,3.450453545703477,,NP_001688,,NP_010584.1,NRVFTRSFASSLRAA,0.4916666666666667,0.2,0.3388996697245588,0.0,0.5143332631534416,0.0,0.4856667368465583,False,0.3285962217494702,5.5,NP_001688,,NP_010584.1,LFGVEGTYATALYQA,0.7999999999999999,0.6666666666666666,0.5551603641851776,0.0,0.3657822183052417,0.0,0.6342177816947582,False,3.0701523911567814,5.0,NP_001688,
ENSG00000105671,DDX49,ENST00000247003,ENSP00000247003,ENSP00000247003,DDX49,ENST00000247003,ENSP00000247003,ENSP00000247003,LATNQPFFWEAQAPV,,,True,4.0,0.0788738178754902,IKLEAAHFDEKKEIN,,,True,5.5,3.314657028913975,RFAALAKFKSSIYRI,,,True,6.0,5.610485138604156,NP_012039.1,ERTNSLHRFRANAAR,0.2402777777777777,0.2666666666666666,,,,,,False,0.7415587248030646,,NP_061943,XP_011526386,NP_012039.1,MAMQKENFGERKRQQ,0.3999999999999999,0.2,,,,,,False,-2.027870973240314,,NP_061943,XP_011526386,NP_012039.1,RTNSLHRFRANAARI,0.286111111111111,0.3333333333333333,,,,,,False,9.161618936119575,,NP_061943,XP_011526386
ENSG00000153140,CETN3,ENST00000283122,ENSP00000283122,ENSP00000283122,CETN3,ENST00000283122,ENSP00000283122,ENSP00000283122,GKITFEDFNEVVTDW,,,True,5.0,1.0002048731737914,EATGKITFEDFNEVV,,,True,5.0,3.9880213214930063,DKDEAIDYHELKVAM,,,True,5.0,2.6428668754597675,NP_014900.3,NNDGFLDYHELKVAM,0.4672619047619048,0.2,0.4363143296050004,0.0,0.5501992386170267,0.0,0.4498007613829733,False,-1.702566198686308,5.5,NP_004356,,NP_014900.3,FDMNNDGFLDYHELK,0.3908730158730158,0.2,0.437564144969291,0.0,0.5182232975232611,0.0,0.4817767024767389,False,-3.501694867318183,5.0,NP_004356,,NP_014900.3,NNDGFLDYHELKVAM,1.0,0.6666666666666666,0.4363143296050004,0.0,0.5501992386170267,0.0,0.4498007613829733,False,-1.702566198686308,5.5,NP_004356,
ENSG00000228049,POLR2J2,ENST00000333432,ENSP00000330898,ENSP00000330898,POLR2J2,ENST00000333432,ENSP00000330898,ENSP00000330898,DYSPQEAFTNAITDL,,,True,5.5,-0.4871274537507963,LSLLEERFRTCLLPL,,,True,5.5,0.9307865217862122,GMNAPPAFESFLLFE,,,True,7.0,1.995126335764072,NP_014638.1,GYDPKDALKNACNSI,0.4666666666666666,0.3333333333333333,,,,,,False,4.172309216861306,,NP_116581,,NP_014638.1,FARFKLRIQTTEGYD,0.2222222222222222,0.1333333333333333,,,,,,False,0.2608625010955382,,NP_116581,,NP_014638.1,YKVEHPFFARFKLRI,0.3694444444444444,0.2666666666666666,,,,,,False,1.464170777885121,,NP_116581,
ENSG00000165195,PIGA,ENST00000542278,ENSP00000442653,ENSP00000369820,PIGA,ENST00000542278,ENSP00000442653,ENSP00000369820,TDHSLFGFADVSSVL,topological domain,Cytoplasmic,True,5.5,9.10085005331108,IHNIVKTFYTWRNVA,topological domain,Cytoplasmic,True,5.5,6.07457305883873,VFTDHSLFGFADVSS,topological domain,Cytoplasmic,True,6.0,0.4470355749729171,NP_015150.2,TDHSLYGFNNLTSIW,0.513888888888889,0.5333333333333333,,,,,,False,3.9558465359366375,,NP_002632,,NP_015150.2,TVFTDHSLYGFNNLT,0.3472222222222222,0.1333333333333333,,,,,,False,5.148831445976186,,NP_002632,,NP_015150.2,VFTDHSLYGFNNLTS,0.5575396825396826,0.6666666666666666,,,,,,False,-0.1581573762658257,,NP_002632,
ENSG00000136810,TXN,ENST00000374517,ENSP00000363641,ENSP00000363641,TXN,ENST00000374517,ENSP00000363641,ENSP00000363641,QIESKTAFQEALDAA,,,True,3.5,-1.2200814516338243,CKMIKPFFHSLSEKY,,,True,5.5,2.8986885113951057,PCKMIKPFFHSLSEK,,,True,5.5,0.9248313731500636,NP_010006.1,RPLKSIRFQSSYTSI,0.3083333333333333,0.1333333333333333,0.2671119714214733,0.0,0.3900788105487132,0.0,0.6099211894512867,False,1.938052601984956,6.0,NP_003320,,NP_010006.1,KLTNLTEFRNLIKQN,0.2944444444444444,0.1333333333333333,,,,,,False,3.980039933276205,,NP_003320,,NP_010006.1,RPLKSIRFQSSYTSI,0.1583333333333333,0.1333333333333333,0.2671119714214733,0.0,0.3900788105487132,0.0,0.6099211894512867,False,1.938052601984956,6.0,NP_003320,
ENSG00000078124,ACER3,ENST00000681411,ENSP00000504918,ENSP00000434480,ACER3,ENST00000679754,ENSP00000505416,ENSP00000434480,VTWYIAEFWNTVSNL,topological domain;transmembrane region,Cytoplasmic;Helical,False,5.0,2.102885531620473,EENYSVTWYIAEFWN,topological domain;transmembrane region,Cytoplasmic;Helical,False,6.5,2.5133559051468417,LDWCEENYSVTWYIA,topological domain,Cytoplasmic,True,6.5,2.1120909790486246,NP_015238.1,SIFLMTAFYSTYSAW,0.5476190476190476,0.2,0.3745528205067814,0.0,0.6246772733674903,0.0,0.3753227266325096,False,5.073338984420423,4.0,NP_060837,XP_011543453,NP_015238.1,EENYVVSPYIAEWSN,0.4615800865800866,0.6666666666666666,,,,,,False,2.155614046987725,,NP_060837,XP_011543453,NP_015238.1,IDWCEENYVVSPYIA,0.625,0.7333333333333333,,,,,,False,0.7514791133864526,,NP_060837,XP_011543453
ENSG00000183520,UTP11,ENST00000373014,ENSP00000362105,ENSP00000362105,UTP11,ENST00000373014,ENSP00000362105,ENSP00000362105,QQNKHVFFFDTKKEV,,,True,4.5,2.022643938102883,QNKHVFFFDTKKEVE,,,True,6.0,7.898937169535097,LEKNPDEFYYKMTRV,,,True,6.0,-0.0160428953756799,NP_012823.2,NEFTPEKFFNTTSEM,0.4277777777777777,0.2666666666666666,,,,,,False,1.55304274634882,,NP_057121,XP_011539857,NP_012823.2,EFTPEKFFNTTSEMV,0.6611111111111111,0.2666666666666666,0.3056011095370367,0.0,0.2910705956271981,0.0,0.7089294043728019,False,1.003132965683802,4.5,NP_057121,XP_011539857,NP_012823.2,YVKRAQDFHRKQSTL,0.4055555555555555,0.2,,,,,,False,5.302235750497563,,NP_057121,XP_011539857
ENSG00000171566,PLRG1,ENST00000499023,ENSP00000424417,ENSP00000424417,PLRG1,ENST00000499023,ENSP00000424417,ENSP00000424417,LDSESGIFACAFDQS,,,True,4.5,-0.7595389058188776,NQGQEVEYFVAGTHP,,,True,4.5,0.2598797632821027,LHPRHYTFASGSPDN,,,True,5.5,6.237555232465745,NP_015174.1,SDRHPYLFSVSEDKT,0.4583333333333333,0.2,,,,,,False,1.245343624685827,,NP_002660,,NP_015174.1,IDPVDNEWFITGSND,0.5303030303030303,0.2,,,,,,False,4.5743305166462775,,NP_002660,,NP_015174.1,INQDDVLFAGGDNGV,0.4027777777777777,0.2,,,,,,False,0.99198546062479,,NP_002660,
ENSG00000113812,ACTR8,ENST00000335754,ENSP00000336842,ENSP00000336842,ACTR8,ENST00000335754,ENSP00000336842,ENSP00000336842,VVGGGLMFHKAQEFL,,,True,5.0,0.5252648467227168,MQRAGFPYRECQLTN,,,True,5.0,0.6264209946293492,KQQGQPLYKDSWLLR,,,True,5.5,-1.8284495026924283,NP_014784.1,SSASFPQFYKKLTKE,0.3142857142857142,0.1333333333333333,,,,,,False,0.983613816005632,,NP_075050,XP_047305195,NP_014784.1,DPAKAPPGKKVPLHL,0.3083333333333333,0.1333333333333333,,,,,,False,3.590007203907468,,NP_075050,XP_047305195,NP_014784.1,PSPIEWIFDDSKLYY,0.638888888888889,0.2,0.4342456631216481,0.0,0.3757823080333667,0.0,0.6242176919666332,False,0.9676740226310404,5.0,NP_075050,XP_047305195
ENSG00000124222,STX16,ENST00000355957,ENSP00000348229,ENSP00000360183,STX16,ENST00000355957,ENSP00000348229,ENSP00000360183,REERSQHFFDTSVPL,topological domain,Cytoplasmic,True,4.0,4.224397491034118,LQELSTSFRHAQSGY,topological domain,Cytoplasmic,True,5.0,0.3762392186929296,EERSQHFFDTSVPLM,topological domain,Cytoplasmic,True,5.5,0.9654331887799936,NP_014624.1,TLQRQQQLHDTSAEA,0.3125,0.3333333333333333,,,,,,False,3.788816557062208,,NP_001001433,,NP_014624.1,RTNLFLSYRRTFPHN,0.380952380952381,0.2,,,,,,False,0.6708079435648868,,NP_001001433,,NP_014624.1,LQRQQQLHDTSAEAY,0.4458333333333333,0.3333333333333333,,,,,,False,3.4555937071676768,,NP_001001433,
ENSG00000165609,NUDT5,ENST00000491614,ENSP00000419628,ENSP00000419628,NUDT5,ENST00000491614,ENSP00000419628,ENSP00000419628,PKPGDGEFVEVISLP,,,True,5.0,-0.9284639282665356,MGGYCIEFPAGLIDD,,,True,6.5,3.54241240075419,VKLEKTTYMDPTGKT,,,True,6.5,4.054539898675127,NP_009669.1,TQLEDNEFIECFSVE,0.7731481481481483,0.3333333333333333,0.3764520182641723,0.0,0.4935909943123164,0.0,0.5064090056876837,False,0.7080059074095004,2.5,NP_054861,,NP_009669.1,VEGVCIEMPAGLIDA,0.8333333333333334,0.6666666666666666,,,,,,False,5.902026262723062,,NP_054861,,NP_009669.1,IGLQKIIYKDPNGKE,0.5916666666666667,0.4666666666666667,0.6649243180997358,0.0,0.4216965467235937,0.0,0.5783034532764062,False,2.523027530117585,7.0,NP_054861,
ENSG00000262473,GART,ENST00000574289,ENSP00000461360,ENSP00000461700,GART,ENST00000574289,ENSP00000461360,ENSP00000461700,LYKNRVEFDSAIDLV,,,True,3.0,1.2724485032953017,HPSLLPSFKGSNAHE,,,True,6.5,2.46221155803034,KLAEHKIFPAALQLV,,,True,6.5,0.8241142177363145,NP_011280.1,IFQAGTKYDSATDSL,0.7714285714285714,0.2666666666666666,0.6161928929787691,0.0,0.3276216322359144,0.0,0.6723783677640857,False,1.8418694007736,5.0,NP_000810,,NP_011280.1,KDIAYRAFQNSESSK,0.45,0.1333333333333333,,,,,,False,-1.9668597970875208,,NP_000810,,NP_011280.1,QTDLAQVFLAAAEHR,0.5666666666666667,0.2,,,,,,False,6.790252339328234,,NP_000810,
ENSG00000285248,IPO4,ENST00000645096,ENSP00000496717,ENSP00000494795,IPO4,ENST00000645096,ENSP00000496717,ENSP00000494795,TLTTMAPYLSTEDVP,,,True,5.0,9.834832970256974,GRLFSFLYQSSPDQV,,,True,5.0,0.4543589329315128,VGSPGLLFYSLRTLT,,,True,5.5,0.9178594123623568,NP_011035.1,VLKALYELLSAADQK,0.425,0.2666666666666666,,,,,,False,10.153273506851656,,NP_078934,,NP_011035.1,RPVVFGLFQSKSKNK,0.5499999999999999,0.2,,,,,,False,3.652194321596851,,NP_078934,,NP_011035.1,DPLMNKLFYMLESNE,0.6749999999999999,0.2666666666666666,,,,,,False,-0.037796142334373,,NP_078934,
ENSG00000196497,IPO4,ENST00000561462,ENSP00000453708,ENSP00000346453,IPO4,ENST00000561462,ENSP00000453708,ENSP00000346453,TLTTMAPYLSTEDVP,,,True,5.0,9.834832970256974,GRLFSFLYQSSPDQV,,,True,5.0,0.4543589329315128,VGSPGLLFYSLRTLT,,,True,5.5,0.9178594123623568,NP_011035.1,VLKALYELLSAADQK,0.425,0.2666666666666666,,,,,,False,10.153273506851656,,NP_078934,,NP_011035.1,RPVVFGLFQSKSKNK,0.5499999999999999,0.2,,,,,,False,3.652194321596851,,NP_078934,,NP_011035.1,DPLMNKLFYMLESNE,0.6749999999999999,0.2666666666666666,,,,,,False,-0.037796142334373,,NP_078934,
ENSG00000105568,PPP2R1A,ENST00000703422,ENSP00000515292,ENSP00000324804,PPP2R1A,ENST00000703422,ENSP00000515292,ENSP00000324804,KRLAGGDWFTSRTSA,,,True,5.0,2.264035123504494,ASHKVKEFCENLSAD,,,True,5.0,-1.1877003553014496,TLVGGPEYVHCLLPP,,,True,6.0,0.0455375340205499,NP_009386.1,EHLATADWFSSKVSA,0.7083333333333334,0.5333333333333333,,,,,,False,3.532035006856122,,NP_055040,,NP_009386.1,FSDLASQFSSNQAYI,0.3999999999999999,0.2,0.2850180373004453,0.0,0.5370437659956611,0.0,0.4629562340043389,False,5.991840743253358,6.5,NP_055040,,NP_009386.1,LSMDESETVRSALAS,0.3916666666666666,0.2,,,,,,False,3.4022204365640816,,NP_055040,
ENSG00000118777,ABCG2,ENST00000505480,ENSP00000426916,ENSP00000237612,ABCG2,ENST00000515655,ENSP00000426917,ENSP00000237612,PAQEALGYFESAGYH,topological domain,Cytoplasmic,True,4.5,3.2961288995164577,AQEALGYFESAGYHC,topological domain,Cytoplasmic,True,5.0,5.356976958542714,XKLFIHEYISGYYRV,topological domain,Cytoplasmic,True,5.5,5.609247641198067,NP_009937.2,LNMKDNAFFKCIGIL,0.4314814814814814,0.1333333333333333,,,,,,False,-0.810124894384477,,NP_004818,XP_016864341,NP_009937.2,KLLHDKYKDSVYYAE,0.4555555555555555,0.2,,,,,,False,4.059343973038961,,NP_004818,XP_016864341,NP_009937.2,AMKRKTGHVSGSIKV,0.4027777777777778,0.2,,,,,,False,7.047185250618616,,NP_004818,XP_016864341
ENSG00000104231,ZFAND1,ENST00000220669,ENSP00000220669,ENSP00000220669,ZFAND1,ENST00000220669,ENSP00000220669,ENSP00000220669,HTSYPCSFKDCAERE,,,True,3.0,3.953298003723874,SIGKAIDFAASLARL,,,True,6.0,2.239386950529795,YLNDEEQFCKNVESY,,,True,6.5,0.5766041346267559,NP_014244.1,SLRVTNEIKDLDTLY,0.2583333333333333,0.1333333333333333,,,,,,False,3.638701811979611,,NP_078975,,NP_014244.1,CSFCNEDFCSNHRLK,0.3694444444444444,0.1333333333333333,0.1451014784800809,0.0,0.4595042494492305,0.0,0.5404957505507695,False,1.131408891891055,6.5,NP_078975,,NP_014244.1,SSNDKFQLCKLKEGK,0.5416666666666666,0.4,,,,,,False,2.590388222576176,,NP_078975,
ENSG00000086598,TMED2,ENST00000438031,ENSP00000405845,ENSP00000262225,TMED2,ENST00000438031,ENSP00000405845,ENSP00000262225,AVKHEQEYMEVRERI,,,True,5.0,0.1258465502974293,DAHAEECFFERVTSG,,,True,5.0,-0.0192279354291634,AAHMDGTYKFCFSNR,,,True,6.0,-0.9605980985339688,NP_011315.3,FIIYGPERHEVLKTV,0.425,0.2,,,,,,False,-0.1472573645102929,,NP_006806,,NP_011315.3,PAYGRRCFFEDLSKG,0.6527777777777778,0.4,,,,,,False,-0.4359977241648887,,NP_006806,,NP_011315.3,SAPYKGHFQYCFLNE,0.2297619047619047,0.3333333333333333,,,,,,False,0.0058860963338321,,NP_006806,
ENSG00000138381,ASNSD1,ENST00000260952,ENSP00000260952,ENSP00000260952,ASNSD1,ENST00000260952,ENSP00000260952,ENSP00000260952,ESEILSLFSEVQGPW,,,True,5.5,4.520918318975792,QGPWSFIYYQASSHY,,,True,5.5,5.539752220909793,MKEVIQQFIDVLSVA,,,True,6.0,9.85933009143695,NP_013613.1,QRHGIVLFSGLGADE,0.4861111111111111,0.2,,,,,,False,1.3863165674879785,,NP_061921,,NP_013613.1,SEPKRAIQFGAKSAK,0.4944444444444444,0.2666666666666666,,,,,,False,-0.2382191391606454,,NP_061921,,NP_013613.1,RQPFTKQSINVDDRY,0.4444444444444445,0.2,,,,,,False,2.019927635790004,,NP_061921,
ENSG00000197535,MYO5A,ENST00000399228,ENSP00000382174,ENSP00000382177,MYO5A,ENST00000399228,ENSP00000382174,ENSP00000382177,IPWTLIDFYDNQPCI,,,True,4.5,3.549377514344541,NRSSALDYHELNEDG,,,True,4.5,1.5103827350170247,DDFETVSFWLSNTCR,,,True,4.5,-2.12432137111181,NP_014971.1,IEWSFIEFNDNQPCI,0.6777777777777777,0.6666666666666666,0.1988824182298809,0.0,0.3924039611422292,0.0,0.6075960388577708,False,-1.509894395433349,5.5,NP_000250,,NP_014971.1,LEDMVKQHDELKEES,0.5138888888888888,0.2,,,,,,False,0.5893382926879327,,NP_000250,,NP_014971.1,DLIPSGVFWLANVRE,0.4583333333333333,0.3333333333333333,,,,,,False,0.8454622964806483,,NP_000250,
ENSG00000168496,FEN1,ENST00000305885,ENSP00000305480,ENSP00000305480,FEN1,ENST00000305885,ENSP00000305480,ENSP00000305480,LSLMGIPYLDAPSEA,,,True,4.5,-0.3588792113647868,CILLGSDYCESIRGI,,,True,5.0,-0.3596187357070671,EDMDCLTFGSPVLMR,,,True,5.5,2.736115239953833,NP_012809.1,LGLMGIPYIIAPTEA,0.4916666666666667,0.7333333333333333,,,,,,False,-0.3199118264065438,,NP_004102,,NP_012809.1,CIMLGCDYCESIRGV,1.0,0.8,0.4695234060015597,0.0,0.3465470221224916,0.0,0.6534529778775084,False,-1.640428927213048,5.0,NP_004102,,NP_012809.1,EDMDTLCYRTPFLLR,0.3529100529100529,0.5333333333333333,0.5306916041146583,0.0,0.3092767888549075,0.0,0.6907232111450924,False,2.1298024504536195,6.5,NP_004102,
ENSG00000091039,OSBPL8,ENST00000393249,ENSP00000376939,ENSP00000261183,OSBPL8,ENST00000393249,ENSP00000376939,ENSP00000261183,SESDGRCWMDALELA,,,True,5.0,2.289152296969096,PRTNSKTFYIAEQVS,,,True,5.0,3.558109199176924,FILEPRSFLDKLSDY,,,True,5.5,-0.0731102408107222,NP_011863.1,TKGFISGTYDAIEGT,0.3261904761904762,0.2,,,,,,False,3.639573960827305,,NP_065892,XP_011536159,NP_011863.1,LPNKQQAFYIAEQTS,0.8333333333333334,0.4666666666666667,,,,,,False,0.5846145841711211,,NP_065892,XP_011536159,NP_011863.1,PILPGQTFTEKFSIP,0.5666666666666667,0.3333333333333333,,,,,,False,-1.6545658345842134,,NP_065892,XP_011536159
ENSG00000133027,PEMT,ENST00000435340,ENSP00000391288,ENSP00000391288,PEMT,ENST00000580147,ENSP00000463112,ENSP00000255389,GGLGNIDFRQADFCV,,,True,5.5,-1.2569317084129334,NILDNPMYWGSTANY,topological domain,Lumenal,False,7.0,-0.4290132641185034,AGTFLGDYFGILKEA,topological domain,Lumenal,False,7.5,3.478805812791663,NP_012607.1,QLIHSVDLQSSKFQL,0.4083333333333334,0.1333333333333333,,,,,,False,-0.4874597856963624,,NP_680477,,NP_012607.1,NVSNNPMYQGSTLSF,0.5583333333333333,0.5333333333333333,,,,,,False,-0.6514927464232446,,NP_680477,,NP_012607.1,TGTYLGDYFGILMDE,0.7999999999999999,0.6666666666666666,,,,,,False,6.141109496263047,,NP_680477,
ENSG00000014919,COX15,ENST00000016171,ENSP00000016171,ENSP00000016171,COX15,ENST00000016171,ENSP00000016171,ENSP00000016171,SWIPEDLFTFSPILR,,,True,6.5,2.084580481708464,EFQRYQQFPEFKILN,,,True,6.5,4.307858749802628,RPLRPGQYSTISEVA,,,True,6.5,8.153577528898147,NP_011068.1,QAGALALLTSSLVFA,0.5416666666666666,0.2,,,,,,False,3.7212803729801656,,NP_510870,XP_006717697,NP_011068.1,EFIKYKESPEFKLLN,0.5666666666666667,0.6,,,,,,False,-1.10844207031065,,NP_510870,XP_006717697,NP_011068.1,SIGASRNISTIRQQI,0.525,0.2,,,,,,False,-0.1220614705027806,,NP_510870,XP_006717697
ENSG00000106588,PSMA2,ENST00000223321,ENSP00000223321,ENSP00000223321,PSMA2,ENST00000223321,ENSP00000223321,ENSP00000223321,TPTEVKDYLAAIAGG,,,True,6.0,0.8684154948522576,NYVNGKTFLEKRYNE,,,True,6.0,0.1990270531569179,GKLVQIEYALAAVAG,,,True,6.0,6.9907004126233465,NP_013618.1,QVDPSGSYFPWKATA,0.264069264069264,0.1333333333333333,,,,,,False,-3.3760727267079345,,NP_002778,,NP_013618.1,GSVAAKTFLEKRWND,0.8636363636363636,0.6,,,,,,False,3.1966425909594407,,NP_002778,,NP_013618.1,GKLGQIDYALTAVKQ,0.7222222222222222,0.6666666666666666,,,,,,False,4.219891351087818,,NP_002778,
ENSG00000235173,HGH1,ENST00000347708,ENSP00000321320,ENSP00000321320,HGH1,ENST00000347708,ENSP00000321320,ENSP00000321320,RLLPLTQYPDSSVRR,,,True,5.5,5.301517845436165,SWEPEPDVRTACEKL,,,True,6.5,1.2425754768901651,DVEQQLQQLDCREQE,,,True,7.0,-0.4340945707471356,NP_011703.3,MYFIEEQEYDGVVPI,0.3619047619047619,0.2,,,,,,False,0.9333429051904512,,NP_057542,,NP_011703.3,VFTEKYDAKVRREGV,0.3666666666666667,0.1333333333333333,,,,,,False,1.90572909337347,,NP_057542,,NP_011703.3,EVFKSLRAMDCLMDC,0.325,0.2666666666666666,,,,,,False,3.508060391966932,,NP_057542,
ENSG00000075239,ACAT1,ENST00000672284,ENSP00000500444,ENSP00000265838,ACAT1,ENST00000672284,ENSP00000500444,ENSP00000265838,PLARIVAFADAAVEP,,,True,4.5,9.006630724958868,AAVEPIDFPIAPVYA,,,True,5.5,-0.417049706974201,HALKQGEYGLASICN,,,True,6.0,1.7226769610907475,NP_015297.1,AQSIKCGNADVVVAG,0.4166666666666667,0.2,,,,,,False,0.9478704043891252,,NP_000010,,NP_015297.1,QKEGKFDNEIVPVTI,0.3833333333333333,0.2666666666666666,,,,,,False,2.959186389389872,,NP_000010,,NP_015297.1,LQQEGGKIGVAAICN,0.5333333333333333,0.4,,,,,,False,4.881998622500988,,NP_000010,
ENSG00000167130,DOLPP1,ENST00000327812,ENSP00000333294,ENSP00000361625,DOLPP1,ENST00000406974,ENSP00000384043,ENSP00000361625,AAWPVSEFFLIRDTS,,,True,5.5,3.5708026233648056,LIPNVLWFEYTVTRA,,,True,6.5,1.5200094857568645,PNVLWFEYTVTRAEA,,,True,6.5,1.8338210282253613,NP_011550.3,NVIPFDDTYILYDSH,0.3936507936507936,0.1333333333333333,,,,,,False,0.9768226630947068,,NP_065171,,NP_011550.3,LAFYLSWFIITRELE,0.3,0.2666666666666666,,,,,,False,5.706301104762726,,NP_065171,,NP_011550.3,GALALLSFCVCFSRV,0.2546296296296296,0.0666666666666666,,,,,,False,2.024656842624472,,NP_065171,
ENSG00000118939,UCHL3,ENST00000377595,ENSP00000366819,ENSP00000366819,UCHL3,ENST00000377595,ENSP00000366819,ENSP00000366819,NNKDKMHFESGSTLK,,,True,5.5,0.9130672619768364,ETSDETLLEDAIEVC,,,True,6.0,3.419644682452682,GLHPNWQFVDVYGMD,,,True,6.5,5.58111490053725,NP_012633.1,IKENVQTFSTGQSEA,0.3416666666666666,0.1333333333333333,0.710168047505126,0.0,0.423497986800082,0.0,0.576502013199918,False,1.6263806432189702,5.0,NP_005993,XP_047286539,NP_012633.1,RVRVASYMENANEED,0.5706349206349207,0.2,,,,,,False,7.38681631679115,,NP_005993,XP_047286539,NP_012633.1,TSSSKNRFDDVTTDQ,0.3833333333333333,0.2,0.763873880460513,0.0,0.1307701488888906,0.0,0.8692298511111093,True,2.3508033125436745,7.0,NP_005993,XP_047286539
ENSG00000115866,DARS1,ENST00000441323,ENSP00000389867,ENSP00000264161,DARS1,ENST00000264161,ENSP00000264161,ENSP00000264161,EPTLRLEYCEALAML,,,True,4.0,-1.4529774334072407,YPLAVRPFYTMPDPR,,,True,5.0,1.506112021553375,QSGICHLFRETLINK,,,True,5.0,3.411532714572099,NP_013083.1,EDPGLKDYCDGFSYG,0.4861111111111111,0.2,0.4729434109748764,0.0,0.3594950319741842,0.0,0.6405049680258158,False,2.462357577882464,4.5,NP_001340,,NP_013083.1,FPLEIRPFYTMPDPA,1.0,0.7333333333333333,0.3985880639619995,0.0,0.3031966981128984,0.0,0.6968033018871016,False,2.242293885882924,5.0,NP_001340,,NP_013083.1,QAGVCELFREYLATK,0.5773809523809524,0.6,0.4226851923110249,0.0,0.4623496194749302,0.0,0.5376503805250697,False,-1.4740888786171258,6.5,NP_001340,
ENSG00000108578,BLMH,ENST00000580709,ENSP00000466527,ENSP00000261714,BLMH,ENST00000261714,ENSP00000261714,ENSP00000261714,GVIPKKCFPESYTTE,,,True,4.5,-0.5149970083002892,NKAERLTFGESLMTH,,,True,4.5,0.8647432053228614,CYFFLSAFVDTAQRK,,,True,5.0,8.686180860890897,NP_014160.2,PKDLYGDLPYSTTAS,0.369047619047619,0.2,,,,,,False,-0.2295512041885271,,NP_000377,,NP_014160.2,QKASRIRYHESLMTH,0.4964285714285714,0.6,0.4040049092970451,0.0,0.4412812515585322,0.0,0.5587187484414677,False,2.6001007469899378,6.0,NP_000377,,NP_014160.2,LTTKLREFAETLRTA,0.4000000000000001,0.2,0.6268714757880008,0.0,0.336226489302187,0.0,0.663773510697813,False,1.906801893177688,4.5,NP_000377,
ENSG00000128923,MINDY2,ENST00000559228,ENSP00000452885,ENSP00000452885,MINDY2,ENST00000559228,ENSP00000452885,ENSP00000452885,SFSNLHSFPSSCEFN,,,True,4.0,4.252187617470223,NVDGDGNFCDSEFHL,,,True,4.5,-1.446048410807627,QDQIDQDYLMALSLQ,,,True,5.0,-1.969329354300952,NP_011433.3,SYYTGNFIPTSLERT,0.4777777777777778,0.2666666666666666,,,,,,False,1.8832451852197736,,NP_001035540,XP_011519991,NP_011433.3,DSYYTGNFIPTSLER,0.3011904761904762,0.2,,,,,,False,-0.1205936017041063,,NP_001035540,XP_011519991,NP_011433.3,GLTHLREILVERSYA,0.3666666666666667,0.1333333333333333,,,,,,False,3.126346587751008,,NP_001035540,XP_011519991
ENSG00000150753,CCT5,ENST00000515390,ENSP00000426923,ENSP00000280326,CCT5,ENST00000515390,ENSP00000426923,ENSP00000280326,EQYAMRAFADALEVI,,,True,3.5,6.454439551954773,GLVQEISFGTTKDKM,,,True,4.0,1.300263723555635,ASMGTLAFDEYGRPF,,,True,7.0,-5.397999144454261,NP_012598.1,DQYAFRGFAQALDTI,0.5555555555555556,0.6,,,,,,False,-0.4387952187939581,,NP_036205,,NP_012598.1,SRIYEQEFGTTKDRM,0.8333333333333334,0.5333333333333333,0.4123263956086034,0.0,0.2996584879727997,0.0,0.7003415120272002,False,0.3603577366754066,3.5,NP_036205,,NP_012598.1,LSNAIVAQDEMGRPF,0.5333333333333333,0.5333333333333333,,,,,,False,1.4601141657807968,,NP_036205,
ENSG00000120438,TCP1,ENST00000321394,ENSP00000317334,ENSP00000317334,TCP1,ENST00000321394,ENSP00000317334,ENSP00000317334,DDMCLKYFVEAGAMA,,,True,4.5,2.8218443935147963,KDDKHGSYEDAVHSG,,,True,5.0,3.457009538860159,NLEGEETFEAAMLGQ,,,True,5.0,0.3063153006785506,NP_010498.1,DDLCLKEFVEAKIMG,0.5583333333333333,0.6666666666666666,0.5836078628362174,0.0,0.4781971757611251,0.0,0.5218028242388748,False,5.532554802910759,3.5,NP_110379,,NP_010498.1,LVAKLRSYHAASQMA,0.4166666666666667,0.2666666666666666,,,,,,False,3.1302758040410925,,NP_110379,,NP_010498.1,NLEGEETFESSYLGL,0.75,0.7333333333333333,0.4765134801191869,0.0,0.5406905725202017,0.0,0.4593094274797983,False,1.47848248909284,4.0,NP_110379,
ENSG00000104723,TUSC3,ENST00000515859,ENSP00000420829,ENSP00000371450,TUSC3,ENST00000515859,ENSP00000420829,ENSP00000371450,LFFSMVDYDEGTDVF,topological domain,Lumenal,False,4.0,5.13549942054331,SAFCNKLFFSMVDYD,topological domain,Lumenal,False,5.0,2.6575244837695213,ILANSWRYSSAFCNK,topological domain,Lumenal,False,6.5,5.681573838025583,NP_014728.1,DTIVASWFDDHPDAK,0.369949494949495,0.1333333333333333,0.2856321107825768,0.0,0.8805554303913485,0.0,0.1194445696086514,False,7.965763132087293,5.0,NP_839952,XP_047278220,NP_014728.1,FKKQSKLMFSIISSR,0.5416666666666666,0.2666666666666666,,,,,,False,1.9336991670527743,,NP_839952,XP_047278220,NP_014728.1,IIQAIKQFSQVNDFS,0.1999999999999999,0.1333333333333333,,,,,,False,2.7260226832361574,,NP_839952,XP_047278220
ENSG00000163682,RPL9,ENST00000645496,ENSP00000494697,ENSP00000346022,RPL9,ENST00000645496,ENSP00000494697,ENSP00000346022,KNKDIRKFLDGIYVS,,,True,6.0,6.085131591399503,RGTLRRDFNHINVEL,,,True,7.5,-0.0643610602376831,MRSVYAHFPINVVIQ,,,True,8.5,2.779147170357562,NP_011368.3,RNKDIRKFLDGIYVS,1.0,0.9333333333333332,0.5246456060583162,0.0,0.4067523626728953,0.0,0.5932476373271047,False,6.391664270902881,6.0,NP_001020092,,NP_011368.3,RGTLTKNLKHIDVTF,0.5277777777777778,0.4666666666666667,,,,,,False,0.3065326795033782,,NP_001020092,,NP_011368.3,MRYVYAHFPINVNIV,0.75,0.8,,,,,,False,6.668917480857967,,NP_001020092,
ENSG00000126261,UBA2,ENST00000590048,ENSP00000467433,ENSP00000246548,UBA2,ENST00000246548,ENSP00000246548,ENSP00000246548,DDPSAMDFVTSAANL,,,True,4.0,6.766965480370292,PKANIVAYHDSIMNP,,,True,5.0,4.540664172841765,VKSYARLFSKSIETL,,,True,6.0,2.8716923234127822,NP_010678.3,DDADTLEFVATAANI,0.6,0.4666666666666667,,,,,,False,2.8678308796145724,,NP_005490,XP_006723025,NP_010678.3,LIESGTAGFDGYMQP,0.3888888888888889,0.2666666666666666,,,,,,False,3.956258153613849,,NP_005490,XP_006723025,NP_010678.3,ASNQRLLFDYDFEDL,0.4523809523809524,0.2666666666666666,,,,,,False,0.2816920768810699,,NP_005490,XP_006723025
ENSG00000105325,FZR1,ENST00000441788,ENSP00000410369,ENSP00000410369,FZR1,ENST00000441788,ENSP00000410369,ENSP00000410369,APELQDDFYLNLVDW,,,True,6.0,-0.3569094142561004,TLRFWNVFSKTRSTK,,,True,6.5,0.4980971909200477,TPEKKGLFTYSLSTK,,,True,6.5,-1.450963081976549,NP_011512.1,APSLADDFYYSLIDW,0.6428571428571429,0.6666666666666666,,,,,,False,5.035122772953672,,NP_057347,XP_047294865,NP_011512.1,SQICNMVWSKNTNEL,0.5429292929292929,0.2,,,,,,False,6.236945029037729,,NP_057347,XP_047294865,NP_011512.1,SVRGASLLTYQQRKG,0.4666666666666666,0.2,,,,,,False,3.562233938876374,,NP_057347,XP_047294865
ENSG00000213533,STIMATE,ENST00000467979,ENSP00000420219,ENSP00000347195,STIMATE,ENST00000355083,ENSP00000347195,ENSP00000347195,ESLRFGEYGDPLQCG,,,True,6.0,3.701626544123324,QQWESLRFGEYGDPL,,,True,6.5,-3.603608427208821,EESESEILISADDEM,,,True,6.5,0.6529224804325618,NP_015163.1,VLLVKRNYEHPRRKM,0.2791666666666667,0.2,,,,,,False,5.530128731011504,,NP_940965,,NP_015163.1,LHFQNIESGNYFPSK,0.2261904761904762,0.1333333333333333,,,,,,False,-3.213120966423443,,NP_940965,,NP_015163.1,VMFVFPILLNCFQYF,0.4444444444444444,0.1333333333333333,,,,,,False,1.616890266543703,,NP_940965,
ENSG00000172269,DPAGT1,ENST00000442480,ENSP00000406591,ENSP00000346142,DPAGT1,ENST00000409993,ENSP00000386597,ENSP00000346142,SETEDGEFTECNNMT,topological domain,Cytoplasmic,True,2.0,1.2162992190592594,GGGGMWAFSELPMPL,topological domain,Lumenal,False,6.5,5.726324775900412,FKTKSLSFLGTFILK,topological domain,Cytoplasmic,True,6.5,2.973658116183863,NP_009802.3,LHLIDLEFDENNEII,0.3888888888888888,0.3333333333333333,0.4112148614061591,0.0,0.7405078328441721,0.0,0.2594921671558279,False,-2.1803747768878843,4.5,NP_001373,XP_005271479,NP_009802.3,VVGILGHFSKTMLLL,0.375,0.2666666666666666,,,,,,False,3.994303621108989,,NP_001373,XP_005271479,NP_009802.3,SAVLIIPFLGVSLAL,0.5595238095238095,0.2,,,,,,False,2.890157093049301,,NP_001373,XP_005271479
ENSG00000176890,TYMS,ENST00000323274,ENSP00000315644,ENSP00000315644,TYMS,ENST00000323274,ENSP00000315644,ENSP00000315644,DANGSRDFLDSLGFS,,,True,4.0,0.1466671709301335,WRHFGAEYRDMESDY,,,True,5.5,0.488915271293121,SELSCQLYQRSGDMG,,,True,6.0,-1.20197766577648,NP_014717.2,DGNGSREYLDKMGFK,0.638095238095238,0.6,,,,,,False,0.756685484112164,,NP_001062,,NP_014717.2,KNKEEEQYLDLCKRI,0.3999999999999999,0.1333333333333333,0.4506922837765897,0.0,0.1656385919856826,0.0,0.8343614080143175,True,0.9219232839322192,7.5,NP_001062,,NP_014717.2,PRLSCLLYQRSCDMG,1.0,0.7333333333333333,,,,,,False,-1.3849065945854817,,NP_001062,
ENSG00000169174,PCSK9,ENST00000673726,ENSP00000501004,ENSP00000303208,PCSK9,ENST00000673726,ENSP00000501004,ENSP00000303208,QEDEDGDYEELVLAL,,,True,4.5,-1.9480462522239848,LGTLGTNFGRCVDLF,,,True,5.5,0.0105509402353608,EHGTTATFHRCAKDP,,,True,5.5,5.018189921557675,NP_014645.1,YRYVIVFNEDISLQQ,0.3333333333333333,0.1333333333333333,,,,,,False,4.465968964664137,,NP_777596,,NP_014645.1,DRAFFSNWGTCVDVF,0.6484848484848484,0.4,,,,,,False,7.151493458135792,,NP_777596,,NP_014645.1,KLTENDAFWRVISSS,0.2613636363636363,0.1333333333333333,,,,,,False,1.511016899699935,,NP_777596,
ENSG00000153574,RPIA,ENST00000283646,ENSP00000283646,ENSP00000283646,RPIA,ENST00000283646,ENSP00000283646,ENSP00000283646,GMQRPGPFSTLYGRV,,,True,7.0,3.0983399204167617,ARQLILQYGLTLSDL,,,True,7.0,0.6386896930215034,INMAERVYFGMQDGS,,,True,7.0,0.8274381158420081,NP_014738.1,PRKLHREIKLLVGVV,0.2583333333333333,0.2,,,,,,False,3.558109199176924,,NP_653164,,NP_014738.1,LLVGVVETGLFIDNA,0.2777777777777778,0.1333333333333333,,,,,,False,1.654391003603094,,NP_653164,,NP_014738.1,IDNASKAYFGNSDGS,0.611111111111111,0.5333333333333333,,,,,,False,0.5310998850604641,,NP_653164,
ENSG00000120992,LYPLA1,ENST00000316963,ENSP00000320043,ENSP00000320043,LYPLA1,ENST00000316963,ENSP00000320043,ENSP00000320043,EMMDVKQFIDKLLPP,,,True,6.5,0.9241902907424604,LGDTGHGWAEAFAGI,,,True,6.5,2.55195361997552,VNPANVTFKTYEGMM,,,True,6.5,-3.361726091073031,NP_013219.1,IEKTVKQEIDKGIKP,0.65,0.4666666666666667,,,,,,False,5.812033357699779,,NP_006321,XP_047277181,NP_013219.1,EQIIIGGFSQGAALA,0.4694444444444445,0.1333333333333333,,,,,,False,5.139918346880119,,NP_006321,XP_047277181,NP_013219.1,CEIQNYEFKVYKGMA,0.6333333333333333,0.4,,,,,,False,-2.0500142599868942,,NP_006321,XP_047277181
ENSG00000106245,BUD31,ENST00000403633,ENSP00000386023,ENSP00000222969,BUD31,ENST00000403633,ENSP00000386023,ENSP00000222969,EYCIKEGYADKNLIA,,,True,7.0,-0.4727001798418124,IQTRDTNFGTNCICR,,,True,7.0,3.977226157309869,KAISRELYEYCIKEG,,,True,7.5,-0.5768129853636487,NP_009990.1,DWLIKEKYADKLLIA,0.7666666666666666,0.6666666666666666,,,,,,False,1.3184133505275293,,NP_003901,XP_016868250,NP_009990.1,IQKNETNNGSTCICR,0.4583333333333333,0.6,,,,,,False,3.242256982126926,,NP_003901,XP_016868250,NP_009990.1,KAISKDLYDWLIKEK,0.5441919191919192,0.6,,,,,,False,0.4872712815696802,,NP_003901,XP_016868250
ENSG00000141959,PFKL,ENST00000349048,ENSP00000269848,ENSP00000269848,PFKL,ENST00000349048,ENSP00000269848,ENSP00000269848,RNEKCHDYYTTEFLY,,,True,4.0,2.0542936611921823,NNVPGTDFSLGSDTA,,,True,5.5,0.7545194718749367,KAMDDKRFDEATQLR,,,True,5.5,-1.351163258986071,NP_013932.1,SYKAAIDFYTKFLSL,0.5499999999999999,0.2,,,,,,False,3.642383232475439,,NP_002617,XP_016883858,NP_013932.1,NNVPGTEYSLGSDTA,0.8047619047619047,0.8666666666666667,,,,,,False,0.7545194718749367,,NP_002617,XP_016883858,NP_013932.1,TAEADGRFDAKPAYP,0.3833333333333333,0.3333333333333333,,,,,,False,0.0299014932624854,,NP_002617,XP_016883858
ENSG00000142230,SAE1,ENST00000594144,ENSP00000471010,ENSP00000270225,SAE1,ENST00000594144,ENSP00000471010,ENSP00000270225,IEKKPESFFTQFDAV,,,True,4.5,-0.2145947205237379,PPHNNFFFFDGMKGN,,,True,5.0,3.603567336807336,CHKNSIKFFTGDVFG,,,True,5.5,2.285431580322385,NP_015506.1,LQEKDEEFFQQFDLV,0.6333333333333333,0.5333333333333333,,,,,,False,-1.1160490746748335,,NP_005491,,NP_015506.1,SPLNNFIVFDGITLD,0.425,0.4666666666666667,,,,,,False,2.645057961647308,,NP_005491,,NP_015506.1,EEDLGSQFFIGSEDV,0.425,0.2,,,,,,False,2.674894076199119,,NP_005491,
ENSG00000117118,SDHB,ENST00000491274,ENSP00000480482,ENSP00000364649,SDHB,ENST00000491274,ENSP00000480482,ENSP00000364649,EVDSTLTFRRSCREG,,,True,6.0,-1.0847810239028242,SQEGKQQYLQSIEER,,,True,6.5,-0.0504862930519006,IKKMMATYKEKKASV,,,True,6.5,2.327782739325475,NP_013059.1,EQDSTLTFRRSCREG,1.0,0.9333333333333332,,,,,,False,-1.0847810239028242,,NP_002991,,NP_013059.1,FPKDGTEVLQSIEDR,0.6916666666666668,0.4,,,,,,False,-1.228872307818102,,NP_002991,,NP_013059.1,IDSRDQATKTRKAML,0.3,0.2666666666666666,,,,,,False,2.6916116359932216,,NP_002991,
ENSG00000143942,CHAC2,ENST00000295304,ENSP00000295304,ENSP00000295304,CHAC2,ENST00000295304,ENSP00000295304,ENSP00000295304,EVKAYLDFREKGGYR,,,True,5.5,-1.7271798078316083,EDIAEQIFNAAGPSG,,,True,5.5,-0.2168791461334378,DFREKGGYRTTTVIF,,,True,6.0,0.3214937382139866,NP_011090.3,EVREYLNVREQNGYT,0.5194444444444445,0.5333333333333333,,,,,,False,-2.2639081303778754,,NP_001008708,,NP_011090.3,FLKNVNLYSESAPIQ,0.3714285714285714,0.0666666666666666,0.4488582232561026,0.0,0.4817137725763298,0.0,0.5182862274236703,False,3.659452747517614,5.5,NP_001008708,,NP_011090.3,NVREQNGYTLHEVEV,0.3833333333333333,0.3333333333333333,,,,,,False,-0.5521651121817375,,NP_001008708,
ENSG00000230961,MSH5,ENST00000422658,ENSP00000391401,ENSP00000396509,MSH5,ENST00000422658,ENSP00000391401,ENSP00000396509,SGYLGIAYYDTSDST,,,True,3.5,0.4364510081781627,GYLGIAYYDTSDSTI,,,True,5.5,0.590453455857735,TATEKILFLSSIIPF,,,True,5.5,3.543930720439905,NP_010127.1,DVIHGIRYIDIRDRM,0.3833333333333333,0.3333333333333333,0.4029549457564051,0.0,0.4028156031148613,0.0,0.5971843968851387,False,1.3984104340692514,7.0,NP_751897,,NP_010127.1,HEQLGEYNDSTASSN,0.5194444444444445,0.2,,,,,,False,3.444081490350162,,NP_751897,,NP_010127.1,RHALYETFLDNYIPN,0.4944444444444444,0.2666666666666666,0.2462192534984448,0.0,0.5498829085586592,0.0,0.4501170914413409,False,3.594102676134312,6.0,NP_751897,
ENSG00000100401,RANGAP1,ENST00000356244,ENSP00000348577,ENSP00000348577,RANGAP1,ENST00000356244,ENSP00000348577,ENSP00000348577,RQVEVINFGDCLVRS,,,True,4.5,0.9025940120005328,EEEGEEEEEEAEEEE,,,True,5.0,-1.8255614501676631,DALMQKAFNSSSFNS,,,True,5.5,0.6767902559499384,NP_013962.1,DSLFELNLNDCLLKT,0.5416666666666666,0.2666666666666666,,,,,,False,-1.0471254750543264,,NP_002874,XP_006724352,NP_013962.1,FEEVDSEDEEGEDEE,0.611111111111111,0.5333333333333333,,,,,,False,2.163285584578035,,NP_002874,XP_006724352,NP_013962.1,LAKALPTWKDSLFEL,0.3484848484848484,0.2,,,,,,False,5.0005837517025045,,NP_002874,XP_006724352
ENSG00000111364,DDX55,ENST00000540763,ENSP00000446255,ENSP00000238146,DDX55,ENST00000238146,ENSP00000238146,ENSP00000238146,KQEKHLVFFSTCACV,,,True,4.5,-0.0345737925167104,QEKHLVFFSTCACVE,,,True,5.0,11.160271876406822,TCACVEYYGKALEVL,,,True,6.0,4.890270614927894,NP_116654.1,KFKKCIVYFPTCVSV,0.5476190476190477,0.4666666666666667,,,,,,False,1.260116250059505,,NP_065987,XP_016875201,NP_116654.1,FKKCIVYFPTCVSVS,0.5059523809523809,0.4,0.1741699990854278,0.0,0.5531576330328124,0.0,0.4468423669671876,False,5.869076398802395,4.5,NP_065987,XP_016875201,NP_116654.1,NMDEYKYKDKKREKE,0.3722222222222222,0.2,,,,,,False,0.0416128558065393,,NP_065987,XP_016875201
ENSG00000253626,EIF5AL1,ENST00000520547,ENSP00000430706,ENSP00000430706,EIF5AL1,ENST00000520547,ENSP00000430706,ENSP00000430706,GMADDLDFETGDAGA,,,True,4.5,-1.5931762466274988,GGMADDLDFETGDAG,,,True,6.5,-1.2020197338586942,ADDLDFETGDAGASA,,,True,6.5,1.7433371917496563,NP_010880.3,MSDEEHTFETADAGS,0.6333333333333333,0.4,0.7566275240577861,0.0,0.3412046701528582,0.0,0.6587953298471417,False,1.0283921003410887,3.5,NP_001093162,,NP_012581.3,YLSLMTMDGETKDDV,0.65,0.2666666666666666,,,,,,False,4.01622674028052,,NP_001093162,,NP_010880.3,DEEHTFETADAGSSA,0.7083333333333334,0.5333333333333333,,,,,,False,1.6423433403664909,,NP_001093162,
ENSG00000101246,ARFRP1,ENST00000612256,ENSP00000484109,ENSP00000483486,ARFRP1,ENST00000612256,ENSP00000484109,ENSP00000483486,IPDIKTAFSDCTSKI,,,True,4.0,0.0745961124336467,QSLWDKYYAECHGVI,,,True,5.0,5.119381219673389,VGKARLMFWDLGGQE,,,True,6.0,0.1409132539034537,NP_015274.1,QESLRSMWSEYYSLC,0.3341991341991342,0.1333333333333333,,,,,,False,0.1503853724088455,,NP_003215,XP_011526785,NP_015274.1,RSMWSEYYSLCHGII,0.5833333333333334,0.5333333333333333,,,,,,False,3.5213051773609365,,NP_003215,XP_011526785,NP_015274.1,DSKQILKFWDVGGQE,0.6749999999999999,0.6,0.6592814054466287,0.0,0.5521892709427796,0.0,0.4478107290572204,False,2.373611478748086,6.5,NP_003215,XP_011526785
ENSG00000074582,BCS1L,ENST00000436603,ENSP00000389402,ENSP00000375959,BCS1L,ENST00000436603,ENSP00000389402,ENSP00000375959,PGCGKSSFITALAGE,topological domain,Mitochondrial matrix,False,4.5,1.67160134198287,IVRDVQEFIDNPKWY,topological domain,Mitochondrial matrix,False,6.0,-0.981559637993986,LALKDNPYFGAGFGL,topological domain;transmembrane region,Mitochondrial intermembrane;Helical,False,6.0,0.0498334513390368,NP_010663.1,PGSGKTSFIQALAGE,0.7999999999999999,0.8,,,,,,False,0.33133043423856,,NP_004319,XP_047301340,NP_010663.1,ETDICKKFVNSVKEL,0.5611111111111111,0.1333333333333333,,,,,,False,0.6249511362454568,,NP_004319,XP_047301340,NP_010663.1,DAMSNNPYFAAGGGL,0.5833333333333334,0.6,,,,,,False,0.7010690727969806,,NP_004319,XP_047301340
ENSG00000291420,ACTG1,ENST00000707466,ENSP00000516869,ENSP00000516871,ACTG1,ENST00000707466,ENSP00000516869,ENSP00000516871,LTERGYSFTTTAERE,,,True,4.0,8.677107853263456,MWISKQEYDESGPSI,,,True,4.5,-1.1969771904133564,IQAVLSLYASGRTTG,,,True,6.0,8.405981829069022,NP_116614.1,LSERGYSFSTTAERE,0.875,0.8666666666666667,0.322402832021698,0.0,0.6476500397618601,0.0,0.3523499602381399,False,8.979828536133613,4.0,NP_001605,,NP_116614.1,MWISKQEYDESGPSI,1.0,1.0,0.5089555365773863,0.0,0.2859147551469246,0.0,0.7140852448530753,False,-1.1969771904133564,4.5,NP_001605,,NP_116614.1,IQAVLSLYSSGRTTG,0.875,0.9333333333333332,0.6747748064781168,0.0,0.5766053226899454,0.0,0.4233946773100546,False,8.613222038162332,6.0,NP_001605,
ENSG00000184009,ACTG1,ENST00000681052,ENSP00000505060,ENSP00000458435,ACTG1,ENST00000681052,ENSP00000505060,ENSP00000458435,LTERGYSFTTTAERE,,,True,4.0,8.677107853263456,MWISKQEYDESGPSI,,,True,4.5,-1.1969771904133564,IQAVLSLYASGRTTG,,,True,6.0,8.405981829069022,NP_116614.1,LSERGYSFSTTAERE,0.875,0.8666666666666667,0.322402832021698,0.0,0.6476500397618601,0.0,0.3523499602381399,False,8.979828536133613,4.0,NP_001605,,NP_116614.1,MWISKQEYDESGPSI,1.0,1.0,0.5089555365773863,0.0,0.2859147551469246,0.0,0.7140852448530753,False,-1.1969771904133564,4.5,NP_001605,,NP_116614.1,IQAVLSLYSSGRTTG,0.875,0.9333333333333332,0.6747748064781168,0.0,0.5766053226899454,0.0,0.4233946773100546,False,8.613222038162332,6.0,NP_001605,
ENSG00000115758,ODC1,ENST00000234111,ENSP00000234111,ENSP00000234111,ODC1,ENST00000234111,ENSP00000234111,ENSP00000234111,SSDDKDAFYVADLGD,,,True,4.5,-0.8309349906071438,GCTDPETFVQAISDA,,,True,5.0,-1.6295592993815828,RPKPDEKYYSSSIWG,,,True,5.5,3.321598352157241,NP_012737.1,DPGEENSFFICDLGE,0.5833333333333334,0.2666666666666666,,,,,,False,-0.1588892729265335,,NP_002530,,NP_012737.1,NPCKVASFIRYAASK,0.3607142857142857,0.0666666666666666,,,,,,False,0.8758038998396233,,NP_002530,,NP_012737.1,YFPALGAYTSSAATQ,0.35,0.2,0.3406868827160377,0.0,0.7916503018018495,0.0,0.2083496981981505,False,7.1778441511981335,6.0,NP_002530,
ENSG00000115233,PSMD14,ENST00000409682,ENSP00000386541,ENSP00000386541,PSMD14,ENST00000409682,ENSP00000386541,ENSP00000386541,VDTAEQVYISSLALL,,,True,5.5,0.428409034413995,MLELAKNYNKAVEEE,,,True,6.0,3.420039305552921,EGLTLQDYSEHCKHN,,,True,6.5,3.4420272952226303,NP_116659.1,DDTKETVYISSIALL,1.0,0.7333333333333333,0.5406862493612316,0.0,0.3701883294072,0.0,0.6298116705928,False,1.0971899361010764,5.0,NP_005796,,NP_116659.1,MVKIAEQYSKRIEEE,0.5083333333333333,0.4666666666666667,,,,,,False,3.778933163316585,,NP_005796,,NP_116659.1,SGLKMYDYEEKEESN,0.5,0.4,,,,,,False,3.5757855849742355,,NP_005796,
ENSG00000088682,COQ9,ENST00000262507,ENSP00000262507,ENSP00000262507,COQ9,ENST00000262507,ENSP00000262507,ENSP00000262507,MQDSSPDFEDTWRFL,,,True,4.0,0.3580952549726902,QGGEEEEDYESEEQL,,,True,5.0,-3.053516530354222,ILTAALEFVPAHGWT,,,True,5.5,3.416424057795302,NP_013302.1,AQDKSHNYKETFTFA,0.3325396825396826,0.3333333333333333,0.676159661066399,0.0,0.4679844324655023,0.0,0.5320155675344976,False,-0.4301583191837442,5.0,NP_064708,,NP_013302.1,RVMRLGEYYNNTEEF,0.4563492063492063,0.2,,,,,,False,5.637804049441701,,NP_064708,,NP_013302.1,LSLALQKFVPEHGFS,0.6666666666666666,0.4,,,,,,False,4.014161369487792,,NP_064708,
ENSG00000110060,PUS3,ENST00000530811,ENSP00000432386,ENSP00000227474,PUS3,ENST00000530811,ENSP00000432386,ENSP00000227474,YDQEAQEFNITHLQQ,,,True,5.5,0.9242511075604376,VIKQTSAFVEGVKMR,,,True,6.0,0.4634297224258223,GGGGGMAYNDTDRNQ,,,True,6.0,-0.1320595542322017,NP_116655.1,YIFNGKNLNIEKMSK,0.3666666666666667,0.2,,,,,,False,2.4002721863325727,,NP_112597,,NP_116655.1,PHSEKFQHIEDNKKR,0.3763888888888889,0.2,,,,,,False,2.227757888281056,,NP_112597,,NP_116655.1,DEEQRDPTNDSREIP,0.2845238095238095,0.1333333333333333,,,,,,False,-0.8861897747413158,,NP_112597,
ENSG00000133731,IMPA1,ENST00000256108,ENSP00000256108,ENSP00000408526,IMPA1,ENST00000256108,ENSP00000256108,ENSP00000408526,FQKMADPWQECMDYA,,,True,5.5,2.584569781009916,ATGGADAYYEMGIHC,,,True,6.0,5.031857875110398,PWQECMDYAVTLARQ,,,True,6.5,0.0869346656442108,NP_011912.1,QTKYITDFWNCVDGH,0.303030303030303,0.2,,,,,,False,1.6900967813949197,,NP_001138350,,NP_010573.3,ASGMLDAYWEGGCWA,0.4284511784511784,0.4666666666666667,0.7457924937726469,0.0,0.6794915131952745,0.0,0.3205084868047256,False,2.2016526420206084,5.5,NP_001138350,,NP_011912.1,GFRNLGSSAMTMAYI,0.45,0.2,,,,,,False,2.628265167335224,,NP_001138350,
ENSG00000167965,MLST8,ENST00000564088,ENSP00000457870,ENSP00000456405,MLST8,ENST00000564088,ENSP00000457870,ENSP00000456405,KAVVCLAFNDSVLGG,,,True,5.0,2.136539661681412,HIDPDASYMAAVNST,,,True,6.0,3.961943637428408,GYDHTVRFWQAHSGI,,,True,6.5,0.6178441138125155,NP_014392.3,LQSLSMASDGSMLAA,0.4166666666666667,0.2,,,,,,False,-0.9446380379606087,,NP_001186102,XP_005255536,NP_014392.3,SMASDGSMLAAANTK,0.7166666666666667,0.3333333333333333,,,,,,False,7.059457086579581,,NP_001186102,XP_005255536,NP_014392.3,GYDHTIRFWEALTGV,0.7666666666666667,0.6666666666666666,0.6443944310490295,0.0,0.3471630699019445,0.0,0.6528369300980555,False,0.1549086959875318,4.5,NP_001186102,XP_005255536
ENSG00000167113,COQ4,ENST00000300452,ENSP00000300452,ENSP00000300452,COQ4,ENST00000300452,ENSP00000300452,ENSP00000300452,LGEIVVKWFEAVQTG,,,True,6.0,3.04452376228502,LAYVIQRYREVHDML,,,True,7.0,5.454100393191467,EGSLGREYLRFLDVN,,,True,7.0,3.558109199176924,NP_010490.1,ERAALRKEIDAKYNS,0.2650793650793651,0.1333333333333333,,,,,,False,5.354912758761843,,NP_057119,,NP_010490.1,HAYIFKRYRQCHDFY,0.7148148148148148,0.4666666666666667,,,,,,False,1.314563958739562,,NP_057119,,NP_010490.1,VSPDTRAPVKFIDDP,0.3285714285714285,0.2,,,,,,False,-1.0749828926776577,,NP_057119,
ENSG00000173486,FKBP2,ENST00000309366,ENSP00000310935,ENSP00000310935,FKBP2,ENST00000309366,ENSP00000310935,ENSP00000310935,KLEDGTEFDSSLPQN,,,True,4.5,0.1429639879613048,SLPQNQPFVFSLGTG,,,True,7.0,0.0248034237569454,GKLEDGTEFDSSLPQ,,,True,7.5,-0.247294506551562,NP_010807.3,LLESGTVFDSSYSRG,0.5416666666666666,0.5333333333333333,0.3937571862762505,0.0,0.2336208364086092,0.0,0.7663791635913908,True,2.2591407274182407,4.5,NP_004461,,NP_010807.3,SYSRGSPIAFELGVG,0.5,0.4,,,,,,False,7.799639556000727,,NP_004461,,NP_010807.3,SLLESGTVFDSSYSR,0.5595238095238095,0.5333333333333333,,,,,,False,1.588669332175608,,NP_004461,
ENSG00000162409,PRKAA2,ENST00000371244,ENSP00000360290,ENSP00000360290,PRKAA2,ENST00000371244,ENSP00000360290,ENSP00000360290,IMNQASEFYLASSPP,,,True,4.0,4.676318880075719,LGSHTMDFFEMCASL,,,True,4.5,-0.3457681370083343,DFFMVMEYVSGGELF,,,True,4.5,2.0197526236661343,NP_010765.3,PLDVMGEIYIALKNL,0.5833333333333334,0.2,,,,,,False,6.493336337646552,,NP_006243,XP_016857182,NP_010765.3,HEIMQDDWFKVDLPE,0.3818181818181818,0.1333333333333333,,,,,,False,3.621801724121647,,NP_006243,XP_016857182,NP_010765.3,ARRFFQQIISAVEYC,0.4833333333333333,0.1333333333333333,,,,,,False,1.7433825221164538,,NP_006243,XP_016857182
ENSG00000071082,RPL31,ENST00000409038,ENSP00000386737,ENSP00000264258,RPL31,ENST00000409320,ENSP00000387163,ENSP00000264258,TYVPVTTFKNLQTVN,,,True,7.5,5.077416176105331,KLYTLVTYVPVTTFK,,,True,8.0,6.137916151085431,LSRKRNEDEDSPNKL,,,True,8.0,2.952668697892544,NP_010208.1,EPVLVASAKGLQTVV,0.4583333333333333,0.4666666666666667,,,,,,False,4.426524694029181,,NP_000984,,NP_010208.1,AKNPLFSYVEPVLVA,0.2523809523809524,0.2,0.4951271196898315,0.0,0.6765519946371428,0.0,0.3234480053628572,False,10.915212932706629,6.5,NP_000984,,NP_010208.1,ISRKRNEEEDAKNPL,0.775,0.6666666666666666,,,,,,False,4.179678949353839,,NP_000984,
ENSG00000280951,SURF4,ENST00000625213,ENSP00000486393,ENSP00000486049,SURF4,ENST00000625213,ENSP00000486393,ENSP00000486049,QWSEQRDYIDTTWNC,,,True,4.5,2.034397303782231,LMGTAEDFADQFLRV,,,True,5.5,3.634989278098186,MFMTLLHFDASFFXK,transmembrane region,Helical,False,7.0,4.028460865058547,NP_011800.3,YNNTKRDFLKYEFYQ,0.2801587301587301,0.1333333333333333,,,,,,False,-2.177169451226595,,NP_149351,,NP_011800.3,SFRILSQWSDQIFYL,0.3901515151515151,0.1333333333333333,,,,,,False,7.289909564581872,,NP_149351,,NP_011800.3,LMFIAFTFSKSWFTV,0.3999999999999999,0.2,,,,,,False,4.281135166363062,,NP_149351,
ENSG00000148248,SURF4,ENST00000613129,ENSP00000481666,ENSP00000361057,SURF4,ENST00000613129,ENSP00000481666,ENSP00000361057,QWSEQRDYIDTTWNC,,,True,4.5,2.034397303782231,LMGTAEDFADQFLRV,,,True,5.5,3.634989278098186,MFMTLLHFDASFFXK,transmembrane region,Helical,False,7.0,4.028460865058547,NP_011800.3,YNNTKRDFLKYEFYQ,0.2801587301587301,0.1333333333333333,,,,,,False,-2.177169451226595,,NP_149351,,NP_011800.3,SFRILSQWSDQIFYL,0.3901515151515151,0.1333333333333333,,,,,,False,7.289909564581872,,NP_149351,,NP_011800.3,LMFIAFTFSKSWFTV,0.3999999999999999,0.2,,,,,,False,4.281135166363062,,NP_149351,
ENSG00000108306,FBXL20,ENST00000264658,ENSP00000264658,ENSP00000264658,FBXL20,ENST00000264658,ENSP00000264658,ENSP00000264658,LLLRIFSFLDVVTLC,,,True,5.5,8.308457715946666,TKSRFEMFSNSDEAV,,,True,6.0,3.3114038621060287,LEDEALKYIGAHCPE,,,True,6.5,3.084477563439835,NP_012623.1,PNVTDSSLLKLLTRL,0.5083333333333333,0.2,,,,,,False,2.2218314249551514,,NP_116264,XP_047292908,NP_012623.1,NSTRPQMPSRTRETA,0.4380952380952381,0.2666666666666666,,,,,,False,3.846879246584912,,NP_116264,XP_047292908,NP_012623.1,IIEEYKKSLYAYCHS,0.4285714285714285,0.2666666666666666,,,,,,False,1.6146093137513713,,NP_116264,XP_047292908
ENSG00000168906,MAT2A,ENST00000306434,ENSP00000303147,ENSP00000303147,MAT2A,ENST00000306434,ENSP00000303147,ENSP00000303147,MNGQLNGFHEAFIEE,,,True,4.0,4.37947172401604,DSSKGFDYKTCNVLV,,,True,4.5,1.9780447743313263,AFIEEGTFLFTSESV,,,True,5.0,0.068464628692476,NP_013281.1,SPDIAQGVHEEKDLE,0.3416666666666666,0.2666666666666666,,,,,,False,1.536101048381506,,NP_005902,,NP_010790.3,DSAKGFDYKTCNVLV,1.0,0.9333333333333332,0.3469143265773377,0.0,0.3411551546973016,0.0,0.6588448453026984,False,1.9780447743313263,4.5,NP_005902,,NP_010790.3,PEGLPLTILLAHKLN,0.3666666666666667,0.1333333333333333,,,,,,False,-0.5860721573989259,,NP_005902,
ENSG00000141101,NOB1,ENST00000268802,ENSP00000268802,ENSP00000268802,NOB1,ENST00000268802,ENSP00000268802,ENSP00000268802,ILRCHGCFKTTSDMS,,,True,4.5,2.6640463530433705,EEEEENGFEDRKDDS,,,True,5.0,-0.2932809533010372,CEPENLEFSSFMFWR,,,True,5.5,0.8256255984952969,NP_014699.1,YQNYAQSFYTTPTVF,0.3773809523809524,0.2,0.390765289547947,0.0,0.5606894604777071,0.0,0.4393105395222929,False,7.230321108194181,3.5,NP_054781,,NP_014699.1,SSDLNEVFEDADDDG,0.5,0.3333333333333333,0.6313988681007477,0.0,0.1944225849527416,0.0,0.8055774150472582,True,-0.0502709108151807,2.5,NP_054781,,NP_014699.1,GGSADNYISPFAITG,0.2619047619047619,0.1333333333333333,,,,,,False,5.984025175273924,,NP_054781,
ENSG00000158623,COPG2,ENST00000425248,ENSP00000402346,ENSP00000402346,COPG2,ENST00000425248,ENSP00000402346,ENSP00000402346,HESPLFDFIESCLRN,,,True,4.0,3.052338384035539,VLQEARIFNETPINP,,,True,5.0,4.006531636649854,FLNIGPLFKSSEPVQ,,,True,5.5,5.432192283436281,NP_014112.1,ALENLCDFIEDCEFN,0.5666666666666667,0.4666666666666667,,,,,,False,3.071167438385419,,NP_036265,,NP_014112.1,YQDCMNTFNESPVNS,0.6333333333333333,0.3333333333333333,0.4475493035010874,0.0,0.613499768255582,0.0,0.386500231744418,False,1.0699368566577894,4.5,NP_036265,,NP_014112.1,VALQIKMIKSSKGLA,0.5111111111111111,0.2,,,,,,False,3.278488998263314,,NP_036265,
ENSG00000117592,PRDX6,ENST00000340385,ENSP00000342026,ENSP00000342026,PRDX6,ENST00000340385,ENSP00000342026,ENSP00000342026,RVATPVDWKDGDSVM,,,True,6.0,7.139779790000222,PVTARVVFVFGPDKK,,,True,6.5,-0.4697762906768482,LFSHPRDFTPVCTTE,,,True,7.0,0.6691714685246601,NP_009489.1,NVAFLYDMVDAEGFK,0.2166666666666666,0.2666666666666666,,,,,,False,5.341290779865137,,NP_004896,,NP_009489.1,LKTVRSVFVIDPKKK,0.4388888888888889,0.5333333333333333,,,,,,False,4.325012932623322,,NP_004896,,NP_009489.1,LFSHPADFTPVCTTE,1.0,0.9333333333333332,,,,,,False,0.6691714685246601,,NP_004896,
ENSG00000008018,PSMB1,ENST00000262193,ENSP00000262193,ENSP00000262193,PSMB1,ENST00000262193,ENSP00000262193,ENSP00000262193,MRLVKDVFISAAERD,,,True,4.0,7.730750044751496,GSYQRDSFKAGGSAS,,,True,6.5,-0.2190293980800323,LAIAGEDFAIVASDT,,,True,7.0,4.0716608335418325,NP_009512.1,IKLVRDSFTSATERH,0.5499999999999999,0.5333333333333333,0.5449295533998761,0.0,0.5177971429264886,0.0,0.4822028570735113,False,4.490578273415428,3.5,NP_002784,,NP_009512.1,GSYEREQCRAGGAAA,0.4046296296296297,0.5333333333333333,,,,,,False,0.8703964174587681,,NP_002784,,NP_009512.1,LGIAGEDFAVLAGDT,0.6666666666666666,0.7333333333333333,,,,,,False,3.3934965783413085,,NP_002784,
ENSG00000171953,ATPAF2,ENST00000474627,ENSP00000417190,ENSP00000417190,ATPAF2,ENST00000474627,ENSP00000417190,ENSP00000417190,LIRAAVKFLDTDTIC,,,True,5.0,4.0392691281903055,WALQGIEFVAAQLKS,,,True,5.5,0.3436308158776645,SQQDTIKYYTMHLTT,,,True,6.5,-0.216967427100692,NP_012355.1,IKNQLLRYLDTDTLL,0.8047619047619047,0.3333333333333333,0.4255083573500038,0.0,0.662947767933291,0.0,0.337052232066709,False,5.366241459846664,6.0,NP_663729,XP_011522367,NP_012355.1,TVLTTKSFICGVLLL,0.4583333333333333,0.2,,,,,,False,1.1895021716365957,,NP_663729,XP_011522367,NP_012355.1,LSSLSIKTHSLPLTS,0.4333333333333333,0.2666666666666666,,,,,,False,1.8349926690144431,,NP_663729,XP_011522367
ENSG00000103502,CDIPT,ENST00000563415,ENSP00000457766,ENSP00000219789,CDIPT,ENST00000563415,ENSP00000457766,ENSP00000219789,GNPVLRIYYTSRPAL,topological domain,Cytoplasmic,True,5.0,5.293240683977357,CPLTASSFYLLSGLL,transmembrane region,Helical,False,7.0,5.852793164604687,PLTASSFYLLSGLLD,transmembrane region,Helical,False,7.5,2.44605534701846,NP_015438.1,ESRLLHLYYTRRDVL,0.5222222222222223,0.4,,,,,,False,7.716777103559105,,NP_006310,,NP_015438.1,VITAALSFFVMKNHP,0.525,0.2,,,,,,False,7.422105836216353,,NP_006310,,NP_015438.1,PQWCVFFQLMLGLDI,0.45,0.3333333333333333,,,,,,False,5.106713501431152,,NP_006310,
ENSG00000185721,DRG1,ENST00000331457,ENSP00000329715,ENSP00000329715,DRG1,ENST00000331457,ENSP00000329715,ENSP00000329715,SEVAAYEFTTLTTVP,,,True,5.5,8.49621392020737,HKNLIKEFKYALVWG,,,True,5.5,2.9793730973073127,SAHHRWNFDDLLEKI,,,True,5.5,2.52197053889364,NP_009364.1,SEAAEYEFTTLVTVP,1.0,0.8,0.4655652911039535,0.0,0.1886716226639801,0.0,0.8113283773360198,True,5.4985983824048486,5.0,NP_004138,,NP_009364.1,HKSLVDDFRNALVYG,0.5666666666666668,0.5333333333333333,,,,,,False,1.6167161129669931,,NP_004138,,NP_009364.1,SSGQDWNLDELLQVM,0.6333333333333333,0.4,,,,,,False,3.7832208392548528,,NP_004138,
ENSG00000116157,GPX7,ENST00000361314,ENSP00000354677,ENSP00000354677,GPX7,ENST00000361314,ENSP00000354677,ENSP00000354677,CAQQEQDFYDFKAVN,,,True,4.5,3.041018944273234,PTWNFWKYLVAPDGK,,,True,6.5,2.923537765896046,NVASECGFTDQHYRA,,,True,6.5,0.3431930867561378,NP_012303.1,LRGIKWNFEKFLVDK,0.2611111111111111,0.1333333333333333,,,,,,False,1.9595424258073104,,NP_056511,XP_047274516,NP_012303.1,IKWNFEKFLVDKKGK,0.4944444444444444,0.5333333333333333,,,,,,False,1.6783659551911734,,NP_056511,XP_047274516,NP_012303.1,NVASKCGFTPQYKEL,0.5761904761904763,0.6,,,,,,False,-0.0911363181513642,,NP_056511,XP_047274516
ENSG00000113558,SKP1,ENST00000353411,ENSP00000231487,ENSP00000231487,SKP1,ENST00000353411,ENSP00000231487,ENSP00000231487,TFNIKNDFTEEEEAQ,,,True,6.5,-0.6886648098326428,PEEIRKTFNIKNDFT,,,True,7.0,-0.4528939366511611,ELILAANYLDIKGLL,,,True,7.0,4.080841684147416,NP_010615.3,TFNIVNDFTPEEEAA,0.8095238095238096,0.8,,,,,,False,1.2539373859520075,,NP_733779,,NP_010615.3,PEEIRRTFNIVNDFT,0.75,0.8666666666666667,,,,,,False,0.41537022494487,,NP_733779,,NP_010615.3,EIILAANYLNIKPLL,0.6468253968253967,0.8,,,,,,False,3.083688142348786,,NP_733779,
ENSG00000182287,AP1S2,ENST00000672987,ENSP00000500695,ENSP00000328789,AP1S2,ENST00000672987,ENSP00000500695,ENSP00000328789,RKPKMCSFLEWRDLK,,,True,5.0,-0.9133931478353324,AYFILDEFLLGGEVQ,,,True,5.5,6.868203911508182,KRYASLYFCCAIEDQ,,,True,5.5,-0.3787907324748478,NP_013271.1,RKPKMCNIIEYNDHK,0.492063492063492,0.6,,,,,,False,-1.0518761691503702,,NP_003907,,NP_013271.1,KRYASLYFIVGMTPD,0.3773809523809524,0.1333333333333333,,,,,,False,-0.5172737537898852,,NP_003907,,NP_013271.1,VETMDTYFGNVCELD,0.3333333333333333,0.2,,,,,,False,0.5863354188647998,,NP_003907,
ENSG00000291533,CCT8,ENST00000707892,ENSP00000517020,ENSP00000517017,CCT8,ENST00000707892,ENSP00000517020,ENSP00000517017,EQYAIKKFAEAFEAI,,,True,4.0,1.1742730917533828,LAKQITSYGETCPGL,,,True,5.0,1.2681707600894387,AQACVSIFPDSGHFN,,,True,5.5,5.607100581679733,NP_012526.1,LQLAIKQFAVAFEVV,0.6166666666666667,0.6,,,,,,False,6.024440594153544,,NP_006576,,NP_012526.1,LISRITKYGERTPGL,0.6333333333333333,0.6,,,,,,False,4.648961066819294,,NP_006576,,NP_012526.1,EGHVKSLSEDKKHKV,0.3,0.2,,,,,,False,7.404362604056048,,NP_006576,
ENSG00000156261,CCT8,ENST00000540844,ENSP00000442730,ENSP00000286788,CCT8,ENST00000540844,ENSP00000442730,ENSP00000286788,EQYAIKKFAEAFEAI,,,True,4.0,1.1742730917533828,LAKQITSYGETCPGL,,,True,5.0,1.2681707600894387,AQACVSIFPDSGHFN,,,True,5.5,5.607100581679733,NP_012526.1,LQLAIKQFAVAFEVV,0.6166666666666667,0.6,,,,,,False,6.024440594153544,,NP_006576,,NP_012526.1,LISRITKYGERTPGL,0.6333333333333333,0.6,,,,,,False,4.648961066819294,,NP_006576,,NP_012526.1,EGHVKSLSEDKKHKV,0.3,0.2,,,,,,False,7.404362604056048,,NP_006576,
ENSG00000169359,SLC33A1,ENST00000646424,ENSP00000494846,ENSP00000352456,SLC33A1,ENST00000646424,ENSP00000494846,ENSP00000352456,GDTGTGDFLKAPQSF,topological domain,Cytoplasmic,True,5.0,-0.3975929427078424,GPQPLNTFYKAMPYX,topological domain;transmembrane region,Cytoplasmic;Helical,False,5.0,1.7161300928979328,RQRRPGNFSHSLDMK,topological domain,Cytoplasmic,True,6.0,2.2948624752106825,NP_009779.3,WWFGLLVFLCATQDI,0.4861111111111111,0.3333333333333333,,,,,,False,3.174573345136729,,NP_001177921,XP_047305153,NP_009779.3,SSDFANKYFRNIPLD,0.2992063492063492,0.1333333333333333,,,,,,False,3.6208344283581018,,NP_001177921,XP_047305153,NP_009779.3,FGYYVVKWSSDKDPM,0.3068181818181818,0.1333333333333333,,,,,,False,5.211561898139154,,NP_001177921,XP_047305153
ENSG00000155097,ATP6V1C1,ENST00000518857,ENSP00000428204,ENSP00000430282,ATP6V1C1,ENST00000518857,ENSP00000428204,ENSP00000430282,VRWLKVNFSEAFIAW,,,True,4.5,2.212323126835923,HVKALRVFVESVLRY,,,True,5.0,1.3237958633175997,YLCNVTLFRKAVDDF,,,True,5.5,2.50533126616336,NP_012843.1,FIPREFNYSEELIDQ,0.7047619047619048,0.2666666666666666,,,,,,False,6.580874104086888,,NP_001686,,NP_012843.1,HIKALRVYVESVLRY,0.9047619047619048,0.8666666666666667,0.5640063326639435,0.0,0.769156017679745,0.0,0.230843982320255,False,1.4098684678638629,5.5,NP_001686,,NP_012843.1,VLFNVHLFKKNVQEF,0.5111111111111111,0.5333333333333333,,,,,,False,1.7236821935468676,,NP_001686,
ENSG00000141391,PRELID3A,ENST00000590956,ENSP00000467026,ENSP00000404700,PRELID3A,ENST00000590956,ENSP00000467026,ENSP00000404700,KGISLGSYLESLMAN,,,True,5.0,3.819695713408615,IWSSEHVFGHPWDTV,,,True,7.0,3.205208474018681,IEWIIEHSESAVSGG,,,True,8.0,3.2807314059674333,NP_013269.1,LSNQLVSKVNETMED,0.3083333333333333,0.2,,,,,,False,6.235730959296576,,NP_001135877,XP_047293229,NP_013269.1,LFQNSYDFNYPWDQV,0.4642857142857142,0.3333333333333333,,,,,,False,1.7990897407133644,,NP_001135877,XP_047293229,NP_013269.1,VTYSPHPDDSANKTL,0.3412698412698412,0.1333333333333333,,,,,,False,1.9714917775809693,,NP_001135877,XP_047293229
ENSG00000144021,CIAO1,ENST00000488633,ENSP00000418287,ENSP00000418287,CIAO1,ENST00000488633,ENSP00000418287,ENSP00000418287,WEVDEEDEYECVSVL,,,True,4.5,-0.0486925607439245,ELLASASYDDTVKLY,,,True,5.5,1.1134193808932005,YREEEDDWVCCATLE,,,True,6.0,5.640822930636263,NP_010553.3,ETDESGEEYECISVL,0.9,0.4666666666666667,,,,,,False,1.4798351305715505,,NP_004795,,NP_010553.3,ALLASSSYDDTVRIW,0.9,0.6666666666666666,0.4591785466352769,0.0,0.510007165639188,0.0,0.489992834360812,False,2.6406118147437314,5.5,NP_004795,,NP_010553.3,WKDYDDDWECVAVLN,0.3916666666666666,0.4,,,,,,False,7.084181276596386,,NP_004795,
ENSG00000033011,ALG1,ENST00000650085,ENSP00000507951,ENSP00000262374,ALG1,ENST00000683433,ENSP00000507463,ENSP00000262374,HEENGLVFEDSEELA,topological domain,Lumenal,False,3.5,-0.987063512676271,YDKPASFFKETPLDL,topological domain,Lumenal,False,5.0,4.109953844676087,HIQVCTPWLEAEDYP,topological domain,Lumenal,False,5.5,3.9790779338678286,NP_009668.3,LLGALKIYENSYVKF,0.4742063492063492,0.1333333333333333,,,,,,False,3.829907065354492,,NP_061982,,NP_009668.3,LKFKGNFYHPLVLIS,0.318452380952381,0.1333333333333333,,,,,,False,1.567782997179644,,NP_061982,,NP_009668.3,RCQIEFVWLSAEDYP,0.5833333333333334,0.5333333333333333,,,,,,False,4.6310752751973085,,NP_061982,
ENSG00000107223,EDF1,ENST00000371649,ENSP00000360712,ENSP00000224073,EDF1,ENST00000371649,ENSP00000360712,ENSP00000224073,KPQVIADYESGRAIP,,,True,5.5,4.42270831500562,GGGMAESDWDTVTVL,,,True,7.5,6.505453826164265,GGMAESDWDTVTVLR,,,True,8.0,5.125712398591297,NP_014942.4,KPTVVNDYEAARAIP,0.7083333333333334,0.6666666666666666,,,,,,False,3.423891160486976,,NP_003783,,NP_014942.4,RTDKKMSQKDLATKI,0.3583333333333333,0.2,,,,,,False,4.26624548505083,,NP_003783,,NP_014942.4,QRLTKVDRETDIVKP,0.3833333333333333,0.2,,,,,,False,1.715744475172644,,NP_003783,
ENSG00000175324,LSM1,ENST00000311351,ENSP00000310596,ENSP00000310596,LSM1,ENST00000523511,ENSP00000428307,ENSP00000310596,DGRTLIGFLRSIDQF,,,True,6.0,2.606657004151062,GGGGGMNYMPGTASL,,,True,8.0,0.0859268805715457,LLGEIDLEKESDTPL,,,True,8.0,0.6322574305797657,NP_012411.1,DGRMLFGVLRTFDQY,0.6583333333333333,0.6,,,,,,False,4.05227450502063,,NP_055277,,NP_012411.1,LYLDQYNFTTTAAIV,0.2833333333333334,0.1333333333333333,0.2985968983820918,0.0,0.4167913481358113,0.0,0.5832086518641887,False,4.894374696544391,5.5,NP_055277,,NP_012411.1,MLGEVDIDKEDQPLE,0.4484126984126984,0.4,,,,,,False,0.7639065505680882,,NP_055277,
ENSG00000111231,GPN3,ENST00000228827,ENSP00000228827,ENSP00000443068,GPN3,ENST00000228827,ENSP00000228827,ENSP00000443068,SSMFDEYFQECQDEG,,,True,2.5,-3.456903435917656,QYGEDLEFKEPKERE,,,True,4.0,-0.0067307406459429,EDESSSMFDEYFQEC,,,True,5.0,-2.136471599200404,NP_013344.1,LKNLDWLDEEIGDFN,0.2333333333333333,0.2,,,,,,False,1.5054458535447102,,NP_001157845,XP_047284891,NP_013344.1,QWAEGQEQKEPNDQI,0.6222222222222222,0.4,,,,,,False,0.8498282814131587,,NP_001157845,XP_047284891,NP_013344.1,FNDEYLIFDCPGQIE,0.3961640211640211,0.2,,,,,,False,1.801875465501628,,NP_001157845,XP_047284891
ENSG00000104687,GSR,ENST00000221130,ENSP00000221130,ENSP00000221130,GSR,ENST00000221130,ENSP00000221130,ENSP00000221130,HDHADYGFPSCEGKF,,,True,4.5,1.975356973731472,GIENVKTYSTSFTPM,,,True,5.0,0.669063962632257,HDKVLRSFDSMISTN,,,True,6.0,7.366621110355338,NP_015234.1,MGATKADFDNCVAIH,0.3055555555555556,0.1333333333333333,,,,,,False,0.8671250955901633,,NP_000628,XP_047277683,NP_015234.1,RSLQIRTMSTNTKHY,0.461111111111111,0.2,,,,,,False,1.912312479733108,,NP_000628,XP_047277683,NP_015234.1,VGIKLNSHDQIIADE,0.3958333333333333,0.2666666666666666,,,,,,False,3.171888659847632,,NP_000628,XP_047277683
ENSG00000167588,GPD1,ENST00000548814,ENSP00000446768,ENSP00000301149,GPD1,ENST00000548814,ENSP00000446768,ENSP00000301149,SEVADEKFCETTIGC,,,True,4.5,1.2671337363751416,GPVSSATFLESCGVA,,,True,4.5,1.5966450463312936,VVAVGAGFCDGLGFG,,,True,5.5,2.5719181227552737,NP_010262.1,TEVAQEHWSETTVAY,0.4109848484848484,0.4666666666666667,,,,,,False,1.4784727541693103,,NP_005267,,NP_014582.1,VVALACGFVEGMGWG,0.4861111111111111,0.2,0.5341007549495909,0.0,0.6942738208686319,0.0,0.305726179131368,False,1.7525096663239663,5.5,NP_005267,,NP_010262.1,VVALGCGFVEGLGWG,0.6916666666666668,0.6666666666666666,0.5055804795055215,0.0,0.5865349631602957,0.0,0.4134650368397042,False,-1.2451058714785566,5.5,NP_005267,
ENSG00000112874,NUDT12,ENST00000230792,ENSP00000230792,ENSP00000230792,NUDT12,ENST00000230792,ENSP00000230792,ENSP00000230792,EVEECENYFSKTLLD,,,True,5.0,2.070044475903366,MFTCLAGFIEPGETI,,,True,5.5,4.343353604840788,VEECENYFSKTLLDR,,,True,6.0,0.5965970572816454,NP_011448.3,FLRCSKEFIKKSLNH,0.4166666666666667,0.1333333333333333,,,,,,False,1.7736064014228314,,NP_113626,XP_005272152,NP_011448.3,LYSTIAGFMEPSETI,0.8666666666666667,0.5333333333333333,0.54068328858082,0.0,0.4693207874344919,0.0,0.5306792125655081,False,3.943069401195221,5.5,NP_113626,XP_005272152,NP_011448.3,IALTNSDYSKCCLAR,0.4695767195767195,0.2666666666666666,,,,,,False,2.665081063407633,,NP_113626,XP_005272152
ENSG00000013573,DDX11,ENST00000350437,ENSP00000309965,ENSP00000443426,DDX11,ENST00000228264,ENSP00000228264,ENSP00000443426,VPGGVVCFFPSYEYL,,,True,5.0,1.0737531374543086,RVEVKATFGPAIAAV,,,True,6.0,2.792651495221831,EEELVLAEYESDEEK,,,True,6.0,-1.6677011941340665,NP_015317.1,KKGGIVAFFPSYQYL,0.7333333333333334,0.6666666666666666,,,,,,False,1.7314656701589966,,NP_085911,XP_047284417,NP_015317.1,IAYKIDTYNQALKEE,0.338095238095238,0.1333333333333333,,,,,,False,1.592583745531077,,NP_085911,XP_047284417,NP_015317.1,EQDFIPRPYESDSEN,0.4428571428571428,0.4,,,,,,False,0.3427796259590971,,NP_085911,XP_047284417
ENSG00000198018,ENTPD7,ENST00000472998,ENSP00000474132,ENSP00000359520,ENTPD7,ENST00000472998,ENSP00000474132,ENSP00000359520,EFYGFSEFFYCTEDV,topological domain,Vesicular,False,3.5,1.1350803454122564,DLPLEFDFLFSQSQA,topological domain,Vesicular,False,5.0,0.8165182386761861,FYGFSEFFYCTEDVL,topological domain,Vesicular,False,5.0,4.214764698636053,NP_010920.3,KFIGTSEYWYTANDV,0.3865800865800866,0.4666666666666667,,,,,,False,9.004662326376314,,NP_065087,,NP_010920.3,PRGSSTDFEFKDTIF,0.4333333333333333,0.2,,,,,,False,0.6508914820761507,,NP_065087,,NP_010920.3,FIGTSEYWYTANDVF,0.3865800865800866,0.4666666666666667,,,,,,False,7.373153324638954,,NP_065087,
ENSG00000169507,SLC38A11,ENST00000303735,ENSP00000306178,ENSP00000386272,SLC38A11,ENST00000424914,ENSP00000401448,ENSP00000386272,GQEMFYCFPDNFSLT,,,True,6.0,1.8409676442306848,CTHGQEMFYCFPDNF,,,True,6.5,0.5098579554799636,FYCFPDNFSLTNTSE,,,True,6.5,0.3701790876977233,NP_010850.1,TNFPFPGTTDNDSDD,0.3166666666666666,0.2666666666666666,,,,,,False,-1.2663438410012846,,NP_001186077,,NP_010850.1,HHNTSFIFFSMRNRS,0.2777777777777778,0.0666666666666666,0.2847281061221375,0.0,0.2415500334003337,0.0,0.7584499665996663,True,10.576190941474284,6.0,NP_001186077,,NP_010850.1,LVFITMGISLTTCNL,0.4814814814814814,0.2,,,,,,False,-0.0052551267405966,,NP_001186077,
ENSG00000134001,EIF2S1,ENST00000555876,ENSP00000452034,ENSP00000256383,EIF2S1,ENST00000555876,ENSP00000452034,ENSP00000256383,GYGAYDAFKHAVSDP,,,True,6.0,-0.2532847674582896,DEQLESLFQRTAWVF,,,True,6.0,7.75220328190796,DGDDDAEEMEAKAED,,,True,6.0,-2.402883661810251,NP_012540.3,SYEGIDAIKDALKSA,0.4722222222222221,0.3333333333333333,,,,,,False,1.863513587564288,,NP_004085,,NP_012540.3,EAFKLSIIDETVWEG,0.4166666666666667,0.2,,,,,,False,4.760235143271476,,NP_004085,,NP_012540.3,DKQKGIEQLESAIEK,0.4833333333333333,0.2666666666666666,,,,,,False,4.290225348712601,,NP_004085,
ENSG00000089234,BRAP,ENST00000419234,ENSP00000403524,ENSP00000403524,BRAP,ENST00000419234,ENSP00000403524,ENSP00000403524,INNMKTKFKETIEKC,,,True,4.5,0.9613169484079218,QLPDQISFFSGNPSV,,,True,4.5,1.6095649457426675,AQADADSFYMTCNGR,,,True,5.0,6.022195488317528,NP_011853.1,YLDSQEKFKDADESV,0.7222222222222223,0.2666666666666666,0.7638640246390197,0.0,0.2206782943753667,0.0,0.7793217056246333,True,1.645764177840056,3.5,NP_006759,XP_016875481,NP_011853.1,QVESAYQIFKSIPKK,0.3333333333333333,0.2,,,,,,False,5.349234448876714,,NP_006759,XP_016875481,NP_011853.1,EQVKDLMFYLDSQEK,0.3555555555555555,0.2,,,,,,False,-0.006609565979232,,NP_006759,XP_016875481
ENSG00000117682,DHDDS,ENST00000374185,ENSP00000363300,ENSP00000353104,DHDDS,ENST00000703200,ENSP00000515229,ENSP00000353104,REERVQGFLQALELK,,,True,5.5,3.3637378400229205,GILEVTVYAFSIENF,,,True,6.5,1.0261633934483203,VLWPEYTFWNLFEAI,,,True,6.5,3.2712878961651954,NP_009556.1,CVPRHVGFIMDGNRR,0.3611111111111111,0.2,,,,,,False,6.0358688917918,,NP_079163,XP_047286805,NP_009556.1,GVDTATVFAFSIENF,0.9166666666666666,0.6666666666666666,,,,,,False,4.397276024803954,,NP_079163,XP_047286805,NP_009556.1,HKSFLNKEYRLEEGD,0.2476190476190476,0.1333333333333333,,,,,,False,4.738702102004815,,NP_079163,XP_047286805
ENSG00000285326,NOP9,ENST00000644840,ENSP00000495668,ENSP00000495668,NOP9,ENST00000644840,ENSP00000495668,ENSP00000495668,LQLLLEAFHCAEPSS,,,True,6.0,2.892816252443212,SPEALGYFRRALSAL,,,True,6.0,2.855623540657872,AEEEEEEEEDGKDGP,,,True,6.0,-0.246132714481027,NP_012524.3,RSFWRLVFNTADEKD,0.2944444444444444,0.1333333333333333,0.4930793709550427,0.0,0.3263082025234172,0.0,0.6736917974765828,False,3.9746151741527935,4.0,NP_777573,,NP_012524.3,DREELEYFKQAESTL,0.7666666666666666,0.4666666666666667,,,,,,False,2.409137367613212,,NP_777573,,NP_012524.3,FVTSIIEEAKGKELK,0.4916666666666666,0.2666666666666666,,,,,,False,1.613318249897795,,NP_777573,
ENSG00000196943,NOP9,ENST00000267425,ENSP00000267425,ENSP00000267425,NOP9,ENST00000267425,ENSP00000267425,ENSP00000267425,LQLLLEAFHCAEPSS,,,True,6.0,2.892816252443212,SPEALGYFRRALSAL,,,True,6.0,2.855623540657872,AEEEEEEEEDGKDGP,,,True,6.0,-0.246132714481027,NP_012524.3,RSFWRLVFNTADEKD,0.2944444444444444,0.1333333333333333,0.4930793709550427,0.0,0.3263082025234172,0.0,0.6736917974765828,False,3.9746151741527935,4.0,NP_777573,XP_047287009,NP_012524.3,DREELEYFKQAESTL,0.7666666666666666,0.4666666666666667,,,,,,False,2.409137367613212,,NP_777573,XP_047287009,NP_012524.3,FVTSIIEEAKGKELK,0.4916666666666666,0.2666666666666666,,,,,,False,1.613318249897795,,NP_777573,XP_047287009
ENSG00000189283,FHIT,ENST00000492590,ENSP00000418582,ENSP00000418582,FHIT,ENST00000492590,ENSP00000418582,ENSP00000418582,PDEVADLFQTTQRVG,,,True,5.0,8.994370978119466,QKHDKEDFPASWRSE,,,True,6.5,-1.47742223389076,LPRKAGDFHRNDSIY,,,True,6.5,2.0277835395078005,NP_010591.1,SQGPNVLKPDSQRKV,0.2234126984126984,0.2,,,,,,False,-0.7088583010447355,,NP_001159715,,NP_010591.1,LQARLEEFVSSDPGL,0.3107142857142857,0.2,0.4366833110900353,0.0,0.3613866002201523,0.0,0.6386133997798477,False,5.975729950094368,4.5,NP_001159715,,NP_010591.1,LGVGGRQARKNNSTS,0.3166666666666666,0.2,,,,,,False,-0.0431001658246657,,NP_001159715,
ENSG00000136271,DDX56,ENST00000421223,ENSP00000392139,ENSP00000258772,DDX56,ENST00000421223,ENSP00000392139,ENSP00000258772,ISQFNQGFYDCVIAT,,,True,3.5,1.060815643482692,VDEADLLFSFGFEEE,,,True,5.5,-0.7852449510962666,IRGKSLLFVNTLERS,,,True,6.0,-0.4087643568769381,NP_013378.1,LVMEQFGIKSCILNS,0.35,0.1333333333333333,,,,,,False,2.817181238280456,,NP_061955,,NP_013378.1,VDEVDLVLTFGYQDD,0.475,0.4666666666666667,,,,,,False,2.1960491577803585,,NP_061955,,NP_013378.1,IKGKTLIFVNNIDRG,0.638888888888889,0.5333333333333333,,,,,,False,-0.325480460210155,,NP_061955,
ENSG00000086065,CHMP5,ENST00000419016,ENSP00000442725,ENSP00000223500,CHMP5,ENST00000419016,ENSP00000442725,ENSP00000223500,TPELDEDDLEAELDA,,,True,6.5,-2.0477124524480192,GGGMNRLFGKAKPKA,,,True,6.5,-0.1036122192945227,ADEDSSYLDEAASAP,,,True,6.5,2.908547246675392,NP_010774.4,DLIEQGDELQEVLAM,0.6,0.2,,,,,,False,0.8454622964806483,,NP_057494,,NP_010774.4,DMPSYLLGANAPPAF,0.4166666666666667,0.2,,,,,,False,-0.8385017010847551,,NP_057494,,NP_010774.4,ANAPPAFIDEEPNLD,0.4944444444444444,0.2,,,,,,False,3.393265045903171,,NP_057494,
ENSG00000069998,HDHD5,ENST00000155674,ENSP00000155674,ENSP00000337358,HDHD5,ENST00000155674,ENSP00000155674,ENSP00000337358,PRFGHGTFLLCLETI,,,True,5.0,-0.752061718447077,PMKLFSEYHEKRMLV,,,True,5.5,3.069634425753033,SHSPMKLFSEYHEKR,,,True,5.5,-1.5508312637465744,NP_012996.1,LNRNKIPYILLTNGG,0.2559523809523809,0.0666666666666666,,,,,,False,3.9781020223984354,,NP_149061,XP_011544429,NP_012996.1,TKPSTSPFHAVFMVG,0.2678571428571428,0.2,,,,,,False,9.308146989007389,,NP_149061,XP_011544429,NP_012996.1,HTPYKSLVNKYSRIL,0.3527777777777778,0.1333333333333333,,,,,,False,-2.395789270940796,,NP_149061,XP_011544429
ENSG00000162600,OMA1,ENST00000421528,ENSP00000391941,ENSP00000360270,OMA1,ENST00000421528,ENSP00000391941,ENSP00000360270,FLPGNFHFYSTFNNK,,,True,4.5,8.987659159591807,VFWQQMEFVDSLHGQ,,,True,4.5,2.8212976938719025,SIRAIRNFHTSPRFQ,,,True,5.5,1.0118040928179235,NP_013013.2,GGVVNMEFLSTHPAS,0.4107142857142857,0.2666666666666666,0.3159909512686616,0.0,0.513171213258635,0.0,0.486828786741365,False,3.718896999239754,4.5,NP_660286,,NP_013013.2,GGVVNMEFLSTHPAS,0.3607142857142857,0.2,0.3159909512686616,0.0,0.513171213258635,0.0,0.486828786741365,False,3.718896999239754,4.5,NP_660286,,NP_013013.2,DCSSMGNYYKSFFSM,0.3357142857142857,0.1333333333333333,,,,,,False,2.1620727177005112,,NP_660286,
ENSG00000159352,PSMD4,ENST00000368884,ENSP00000357879,ENSP00000357879,PSMD4,ENST00000368884,ENSP00000357879,ENSP00000357879,MSLQGAEFGQAESAD,,,True,5.0,-0.5367158950429787,DVMQDPEFLQSVLEN,,,True,5.5,-1.4684788647710614,LGLGASDFEFGVDPS,,,True,5.5,4.309474575752244,NP_012070.3,LSTFTAEFGKILAGL,0.5333333333333333,0.3333333333333333,,,,,,False,-0.1036122192945227,,NP_002801,,NP_012070.3,EIEQNTELLDEFIAA,0.4166666666666667,0.2,,,,,,False,3.703327765493553,,NP_002801,,NP_012070.3,SDANGTFMDFGVDPS,0.4722222222222221,0.4,,,,,,False,1.7600804501426883,,NP_002801,
ENSG00000127526,SLC35E1,ENST00000409648,ENSP00000387152,ENSP00000470652,SLC35E1,ENST00000409648,ENSP00000387152,ENSP00000470652,HLRLLXAFLVSSDLT,,,True,6.0,5.21507149132911,FQYSRQSYPNSYSLN,,,True,6.5,-0.5050637018768194,LPLAFGKYFASVSAH,transmembrane region,Helical,False,6.5,-0.1261785451815898,NP_014952.1,IALTELQFLVSAVLC,0.5083333333333333,0.3333333333333333,,,,,,False,5.125822941226574,,NP_079157,,NP_014952.1,YKFFEHRYYNSMTYY,0.4285714285714286,0.2,,,,,,False,1.0874901790589575,,NP_079157,,NP_014952.1,YKFFEHRYYNSMTYY,0.4492063492063492,0.1333333333333333,,,,,,False,1.0874901790589575,,NP_079157,
ENSG00000115446,UNC50,ENST00000409975,ENSP00000387146,ENSP00000350409,UNC50,ENST00000409975,ENSP00000387146,ENSP00000350409,AFLVXMGFFETIKLL,topological domain,Lumenal,False,4.5,1.3092623737321034,FRFRQMDFEFAAWQM,topological domain,Cytoplasmic,True,5.5,6.580114604900468,SRDYDVEWGYAFDVH,topological domain,Cytoplasmic,True,6.5,4.945753902676955,NP_012955.1,VPMVIRRLFKTPKNL,0.4666666666666666,0.3333333333333333,,,,,,False,5.644783073815308,,NP_054763,,NP_012955.1,KTPKNLDLETASWEM,0.6,0.3333333333333333,,,,,,False,1.0152302331594978,,NP_054763,,NP_012955.1,SQNSVVEWAYCFDVH,0.6666666666666666,0.6,,,,,,False,6.49540186100108,,NP_054763,
ENSG00000102978,POLR2C,ENST00000219252,ENSP00000219252,ENSP00000219252,POLR2C,ENST00000219252,ENSP00000219252,ENSP00000219252,RDNDPNDYVEQDDIL,,,True,5.0,-1.7057420284332674,EEWPKSEYSELDEDE,,,True,5.0,0.933013214351344,SSVLHDEFIAHRLGL,,,True,7.0,0.0413358869751289,NP_012243.3,NEGDPFDYKAQADTF,0.5583333333333333,0.4,,,,,,False,4.05834730473524,,NP_116558,,NP_012243.3,TGAEQDPYSNASQMG,0.3345238095238095,0.1333333333333333,,,,,,False,0.3636731519132509,,NP_116558,,NP_012243.3,TTVLADEFIAHRLGL,1.0,0.8,,,,,,False,3.038951424777652,,NP_116558,
ENSG00000065154,OAT,ENST00000368845,ENSP00000357838,ENSP00000357838,OAT,ENST00000368845,ENSP00000357838,ENSP00000357838,EGRKYFDFLSSYSAV,,,True,4.0,2.771977233962566,YNNVLGEYEEYITKL,,,True,5.5,1.4362978032200209,VLGEYEEYITKLFNY,,,True,6.0,1.2245537450374049,NP_013542.1,EGKLYLDFLSAYSAV,0.875,0.7333333333333333,0.6064339387062608,0.0,0.4613023612025898,0.0,0.5386976387974102,False,1.2132948627259652,3.5,NP_000265,,NP_013542.1,HNDVYAQFAKFVTEF,0.3916666666666666,0.2,,,,,,False,3.6204350988700544,,NP_000265,,NP_013542.1,VYAQFAKFVTEFFGF,0.6083333333333334,0.2,,,,,,False,1.2339939146608825,,NP_000265,
ENSG00000100902,PSMA6,ENST00000628955,ENSP00000485776,ENSP00000261479,PSMA6,ENST00000628955,ENSP00000485776,ENSP00000261479,KKKFDWTFEQTVETA,,,True,5.5,1.9154117329284928,STVLSIDFKPSEIEV,,,True,6.0,1.970021436871495,KQTESTSFLEKKVKK,,,True,6.0,-0.4575505882344998,NP_011504.3,DHINEESWEKVVEFA,0.4234848484848485,0.2666666666666666,,,,,,False,3.354083693524972,,NP_002782,,NP_011504.3,TTNLENHFKKSKIDH,0.6124999999999999,0.4,,,,,,False,3.202702738301215,,NP_002782,,NP_011504.3,IDHINEESWEKVVEF,0.3863636363636364,0.2,,,,,,False,-1.2689440387225337,,NP_002782,
ENSG00000173540,GMPPB,ENST00000480687,ENSP00000418565,ENSP00000309092,GMPPB,ENST00000480687,ENSP00000418565,ENSP00000309092,DIGQPKDFLTGMCLF,,,True,5.0,0.5679319801271239,LSETADPFFVLNSDV,,,True,6.0,4.512491847128966,ARIRSHSWLESCIVG,,,True,6.5,9.834174479910182,NP_010228.1,DVGQPKDFLSGTVLY,0.6666666666666666,0.6666666666666666,0.3980561611424847,0.0,0.3209140519985226,0.0,0.6790859480014775,False,1.3145395644481357,5.0,NP_037466,,NP_010228.1,LKKDNSPFFVLNSDV,1.0,0.6666666666666666,,,,,,False,1.1127262520060608,,NP_037466,,NP_010228.1,STIKNHSLVKSTIVG,0.4916666666666667,0.4666666666666667,,,,,,False,5.950246046006976,,NP_037466,
ENSG00000132341,RAN,ENST00000536606,ENSP00000437950,ENSP00000446215,RAN,ENST00000448750,ENSP00000396127,ENSP00000446215,HRKKNLQYYDISAKS,,,True,6.0,1.0454341895301869,VEVHPLVFHTNRGPI,,,True,6.5,-0.6474109027170315,GGLRDGYYIQAQCAI,,,True,7.0,1.965894665281447,NP_014828.1,HRKKNLQYYDISAKS,1.0,1.0,0.4051819062625146,0.0,0.3898982228430068,0.0,0.6101017771569932,False,1.0454341895301869,6.0,NP_006316,,NP_014828.1,VEVHPLSFYTNFGEI,0.6309523809523809,0.7333333333333333,0.2664885648021685,0.0,0.5893101296886544,0.0,0.4106898703113457,False,-0.6474109027170315,5.5,NP_006316,,NP_014828.1,GGLRDGYYINAQCAI,0.8333333333333334,0.9333333333333332,,,,,,False,1.965894665281447,,NP_006316,
ENSG00000197958,RPL12,ENST00000361436,ENSP00000354739,ENSP00000354739,RPL12,ENST00000361436,ENSP00000354739,ENSP00000354739,KHSGNITFDEIVNIA,,,True,6.0,3.1552605045903497,PNEIKVVYLRCTGGE,,,True,7.0,-0.602542819894709,IDDINSGAVECPASG,,,True,8.0,-0.6832835493258748,NP_010860.1,KHSGNIQLDEIIEIA,0.4666666666666666,0.7333333333333333,,,,,,False,0.2491040100955755,,NP_000967,,NP_010860.1,PNEVKYLYLRAVGGE,0.7083333333333334,0.6666666666666666,,,,,,False,4.461204759008188,,NP_000967,,NP_010860.1,YLRAVGGEVGASAAL,0.4111111111111111,0.2,,,,,,False,1.312942328209518,,NP_000967,
ENSG00000111358,GTF2H3,ENST00000539994,ENSP00000446429,ENSP00000445162,GTF2H3,ENST00000539994,ENSP00000446429,ENSP00000445162,DPGNPPEFNPSGSKD,,,True,5.5,-1.673385447791823,PPPVHVDYRAACFCH,,,True,6.0,1.301474376385384,CTTCETAFKISLPPV,,,True,6.5,0.486700270689876,NP_015381.1,WTTFDEEGNEKGSII,0.3833333333333333,0.2666666666666666,,,,,,False,-2.867697676399499,,NP_001507,,NP_015381.1,PNHGSVDFRTSCYLT,0.5297619047619048,0.3333333333333333,0.3040867687964843,0.0,0.2355077273893709,0.0,0.7644922726106291,True,0.4062052512887569,4.5,NP_001507,,NP_015381.1,MNCIFSATKMKCPID,0.4666666666666666,0.2,,,,,,False,1.5271924338505314,,NP_001507,
ENSG00000155368,DBI,ENST00000393103,ENSP00000376815,ENSP00000376815,DBI,ENST00000409094,ENSP00000386486,ENSP00000348116,GGMSQAEFEKAAEEV,,,True,4.5,3.803032977926188,PSDEEMLFIYGHYKQ,,,True,6.5,0.6583391771172105,MLFIYGHYKQATVGD,,,True,7.0,1.5879727041388274,NP_011551.3,VSQLFEEKAKAVNEL,0.3583333333333333,0.2666666666666666,,,,,,False,2.464486617183713,,NP_001073331,,NP_011551.3,PSTDELLELYALYKQ,0.4833333333333333,0.5333333333333333,,,,,,False,-0.493748991085999,,NP_001073331,,NP_011551.3,LLELYALYKQATVGD,0.7083333333333334,0.6666666666666666,,,,,,False,0.8275728768697173,,NP_001073331,
ENSG00000111540,RAB5B,ENST00000553116,ENSP00000450168,ENSP00000450168,RAB5B,ENST00000553116,ENSP00000450168,ENSP00000450168,ANKRMVEYEEAQAYA,,,True,4.0,3.8751028365919984,VKGQFHEYQESTIGA,,,True,4.5,1.0646766183445764,ADDNSLLFMETSAKT,,,True,4.5,-0.9979443503466424,NP_014732.1,ASLAPMYYRNAQAAL,0.4523809523809524,0.3333333333333333,,,,,,False,0.0252226011330668,,NP_001238965,,NP_014732.1,VSNDFAENKEPTIGA,0.4539682539682539,0.5333333333333333,,,,,,False,3.266118095367911,,NP_001238965,,NP_014732.1,AEEKGLLFFETSAKT,0.8333333333333334,0.6666666666666666,0.5569285052892682,0.0,0.701236419572311,0.0,0.298763580427689,False,-1.323144976442542,4.0,NP_001238965,
ENSG00000085415,SEH1L,ENST00000585730,ENSP00000466959,ENSP00000382779,SEH1L,ENST00000399892,ENSP00000382779,ENSP00000382779,GSSAGRYFFTPLDSP,,,True,5.0,3.016628655058251,QVLASCSFDRTAAVW,,,True,6.5,7.638741098853725,DKSESGDWHCTASWK,,,True,6.5,6.235962591503381,NP_011415.1,SLTNSNMFDNSADVD,0.175,0.1333333333333333,,,,,,False,8.382833195587017,,NP_001013455,XP_005258209,NP_011415.1,RIIASASYDKTVKLW,0.6047619047619047,0.4,,,,,,False,0.4227985185979492,,NP_001013455,XP_005258209,NP_011415.1,LDKDTSNWELSDSWR,0.3611111111111111,0.2,,,,,,False,1.5439943920866022,,NP_001013455,XP_005258209
ENSG00000167985,SDHAF2,ENST00000542794,ENSP00000439983,ENSP00000301761,SDHAF2,ENST00000301761,ENSP00000301761,ENSP00000301761,PSNDWDIYYWATEAK,,,True,4.5,-0.2840344349476826,GMAVSTVFSTSSLML,,,True,5.5,2.920943010944604,SNDWDIYYWATEAKP,,,True,6.5,3.4327839190588927,NP_014570.1,NELDWDIYYWATKNF,0.8666666666666667,0.6,,,,,,False,-0.69851233023973,,NP_060311,,NP_014570.1,YYWATKNFKTSPLPD,0.5833333333333334,0.2666666666666666,0.3831150286295975,0.0,0.301733258072819,0.0,0.6982667419271811,False,-0.1907990001911007,5.5,NP_060311,,NP_014570.1,ELDWDIYYWATKNFK,0.7777777777777778,0.6,,,,,,False,8.263988713184762,,NP_060311,
ENSG00000167526,RPL13,ENST00000311528,ENSP00000307889,ENSP00000376811,RPL13,ENST00000311528,ENSP00000307889,ENSP00000376811,NVQRLKEYRSKLILF,,,True,6.5,9.01806436535118,EEKNFKAFASLRMAR,,,True,7.0,3.648060184089988,ITEEEKNFKAFASLR,,,True,7.5,3.369929302177732,NP_010201.1,NVQRLKEYQSKIIVF,0.8666666666666667,0.8,,,,,,False,11.5452594912395,,NP_150254,,NP_010201.1,QDNGESAFRTLRLAR,0.5833333333333334,0.4,0.6613512626461556,0.0,0.4612829014631348,0.0,0.5387170985368651,False,2.631762807482338,6.5,NP_150254,,NP_010201.1,FDANVQRLKEYQSKI,0.3714285714285714,0.1333333333333333,,,,,,False,-3.1062072208923364,,NP_150254,
ENSG00000110921,MVK,ENST00000636996,ENSP00000490869,ENSP00000228510,MVK,ENST00000539335,ENSP00000440379,ENSP00000228510,LQSLDTSFLEQGDVT,,,True,4.5,1.930484086549144,KQALTSCGFDCLETS,,,True,6.5,2.2897396598432613,GLGSSAAYSVCLAAA,,,True,7.0,0.3944725441222368,NP_013935.1,INTNNFKFLDDFPAI,0.3650793650793651,0.1333333333333333,,,,,,False,3.088564573864952,,NP_001107657,XP_016874803,NP_013935.1,LDAMGECALQGLEIM,0.25,0.2666666666666666,,,,,,False,0.5010124621914703,,NP_001107657,XP_016874803,NP_013935.1,GLGSSASISVSLALA,0.4583333333333333,0.7333333333333333,,,,,,False,0.0781787841335239,,NP_001107657,XP_016874803
ENSG00000076043,REXO2,ENST00000265881,ENSP00000265881,ENSP00000265881,REXO2,ENST00000265881,ENSP00000265881,ENSP00000265881,RRWYPEEYEFAPKKA,,,True,6.5,0.1874420043287397,LQQAEYEFLSFVRQQ,,,True,6.5,1.3652249330246111,WYPEEYEFAPKKAAS,,,True,7.0,1.7861290656169846,NP_013160.1,DGQGDSHYESVIHYG,0.2291666666666666,0.1333333333333333,0.6591023103088018,0.0,0.2099338394119507,0.0,0.7900661605880492,True,5.217198325538525,7.5,NP_056338,,NP_013160.1,LAQVEDELLEYIQRY,0.4380952380952381,0.3333333333333333,,,,,,False,-2.871517201080892,,NP_056338,,NP_013160.1,CIITDGHLAPVKAAD,0.4166666666666667,0.3333333333333333,,,,,,False,2.3057633652215026,,NP_056338,
ENSG00000144040,SFXN5,ENST00000442582,ENSP00000396825,ENSP00000272433,SFXN5,ENST00000442582,ENSP00000396825,ENSP00000272433,FYGRFRHFLDIIDPR,,,True,5.5,3.7720445461040777,ELEEGIDVLDSDGNL,,,True,7.0,0.719955287623576,AVQLLEDYKHGTLRP,,,True,7.0,1.8086043300189216,NP_014914.1,YWGRIRHCAEISDPT,0.487962962962963,0.4666666666666667,,,,,,False,4.492553332927948,,NP_653180,,NP_014914.1,EIRKGISVFDSNGDE,0.6666666666666666,0.4666666666666667,,,,,,False,-0.0390134684942273,,NP_653180,,NP_014914.1,AREIISAYRHGELKE,0.65,0.3333333333333333,,,,,,False,3.2719736444812786,,NP_653180,
ENSG00000143106,PSMA5,ENST00000271308,ENSP00000271308,ENSP00000271308,PSMA5,ENST00000271308,ENSP00000271308,ENSP00000271308,TQNHWFTYNETMTVE,,,True,4.5,4.662046325214808,QSSLQEVYHKSMTLK,,,True,6.0,-1.169342439225812,HMDPSGTFVQCDARA,,,True,6.0,-0.38174411042413,NP_011769.1,KQDGFKIYDNEKTAE,0.2861111111111111,0.2666666666666666,,,,,,False,-0.1771791992276735,,NP_002781,,NP_011769.1,QAELLNEWHSSLTLK,0.4636363636363636,0.4666666666666667,,,,,,False,6.031184450664058,,NP_002781,,NP_011769.1,HAEPSGTFYRYNAKA,0.461904761904762,0.5333333333333333,,,,,,False,-3.2976645744390845,,NP_002781,
ENSG00000163933,RFT1,ENST00000296292,ENSP00000296292,ENSP00000296292,RFT1,ENST00000394738,ENSP00000378223,ENSP00000296292,PLAGLXVFLCCEQGW,transmembrane region,Helical,False,6.5,5.131074018892785,VGVVNXAFRRACLSG,,,True,6.5,4.707678763121483,RNGAFINWKEAKLTW,,,True,6.5,1.5350967105715057,NP_009533.1,RSTTGATFLMMGQLF,0.4333333333333333,0.2,,,,,,False,2.102006358288217,,NP_443091,XP_011532517,NP_009533.1,LFFSRDAIRLSTLRI,0.4583333333333333,0.2,,,,,,False,-0.4804963925013209,,NP_443091,XP_011532517,NP_009533.1,YWDYLKNFKPKKLFS,0.4706349206349207,0.2666666666666666,,,,,,False,3.86429151935184,,NP_443091,XP_011532517
ENSG00000162396,PARS2,ENST00000371279,ENSP00000360327,ENSP00000360327,PARS2,ENST00000371279,ENSP00000360327,ENSP00000360327,YMKDMYTFDSSPEAA,,,True,4.0,3.6820065074992905,GGTVSHEFQLPVDIG,,,True,6.5,4.371679589469552,GIEVGHTFYLGTKYS,,,True,6.5,2.796152375882563,NP_011010.1,LMKDAYSFASNEEDA,0.4861111111111111,0.5333333333333333,0.2326820194553558,0.0,0.3506749919006744,0.0,0.6493250080993256,False,4.480389596518583,5.5,NP_689481,,NP_011010.1,GGEFSKEFHLIHESG,0.4416666666666666,0.4666666666666667,,,,,,False,0.068464628692476,,NP_689481,,NP_011010.1,SIEVGHIFLLGNKYS,0.5833333333333334,0.7333333333333333,,,,,,False,2.7926937167491603,,NP_689481,
ENSG00000104695,PPP2CB,ENST00000221138,ENSP00000221138,ENSP00000221138,PPP2CB,ENST00000221138,ENSP00000221138,ENSP00000221138,CGDVHGQFHDLMELF,,,True,5.0,3.7947427511155256,ITQVYGFYDECLRKY,,,True,5.5,0.8690633324274855,NANVWKYFTDLFDYL,,,True,5.5,3.041256178151247,NP_010147.1,CGDVHGQFHDLLELF,1.0,0.9333333333333332,0.4111410307353181,0.0,0.3071909377868362,0.0,0.6928090622131637,False,3.7947427511155256,5.0,NP_001009552,,NP_010147.1,ITQVYGFYDECLRKY,1.0,1.0,0.218483005548301,0.0,0.6529185506149452,0.0,0.3470814493850548,False,0.8690633324274855,5.5,NP_001009552,,NP_010147.1,SANVWKMFTDLFDYF,0.7999999999999999,0.8,0.4866582554297393,0.0,0.3637167811003712,0.0,0.6362832188996288,False,4.046783546493875,5.5,NP_001009552,
ENSG00000182899,RPL35A,ENST00000448864,ENSP00000393393,ENSP00000495672,RPL35A,ENST00000448864,ENSP00000393393,ENSP00000495672,YARDETEFYLGKRCA,,,True,6.0,-1.4749164729925692,SGMVRAKFRSNLPAK,,,True,7.5,4.308101852762191,TALLKIEGVYARDET,,,True,8.5,0.3596186243396272,NP_014877.3,ATPQEAQFYLGKRIA,0.9,0.5333333333333333,,,,,,False,0.9721941947474004,,NP_000987,,NP_014877.3,SGVVRATFRNNLPAK,0.6611111111111111,0.8,,,,,,False,2.211454124831944,,NP_000987,,NP_014877.3,VSLIKIEGVATPQEA,0.4166666666666667,0.4666666666666667,,,,,,False,-0.2573733139396377,,NP_000987,
ENSG00000115561,CHMP3,ENST00000263856,ENSP00000263856,ENSP00000263856,CHMP3,ENST00000263856,ENSP00000263856,ENSP00000263856,EEMLEDTFESMDDQE,,,True,4.0,0.9723637144769708,IEEMLEDTFESMDDQ,,,True,5.0,1.0269752972480624,ASEDEEEEEEALEAM,,,True,5.0,-2.4593755188765742,NP_012883.1,SEMVDDTMESVGDVG,0.7083333333333334,0.4666666666666667,,,,,,False,7.629110074022185,,NP_057163,,NP_012883.1,ISEMVDDTMESVGDV,0.638888888888889,0.5333333333333333,,,,,,False,-0.5472052906911578,,NP_057163,,NP_012883.1,ELAANEEEQEIPDEK,0.5805555555555556,0.2666666666666666,,,,,,False,-1.8332442035809744,,NP_057163,
ENSG00000011052,NME1-NME2,ENST00000393193,ENSP00000376889,ENSP00000376889,NME1-NME2,ENST00000393193,ENSP00000376889,ENSP00000376889,KPEELVDYKSCAHDW,,,True,5.0,10.602788384797218,EDLLKEHYVDLKDRP,,,True,5.5,0.837674654856904,FRLVGLKFMQASEDL,,,True,6.0,3.3609745361812564,NP_012856.1,KKEELVDWESNQAKW,0.2303030303030303,0.5333333333333333,,,,,,False,6.63827162932005,,NP_001018146,,NP_012856.1,DKLLEQHYAEHVGKP,0.3097222222222222,0.3333333333333333,0.3783583888898162,0.0,0.6681320789742218,0.0,0.3318679210257783,False,0.189705835621321,7.0,NP_001018146,,NP_012856.1,YKLVAIKLVKADDKL,0.4638888888888889,0.3333333333333333,,,,,,False,7.058919150485157,,NP_001018146,
ENSG00000179041,RRS1,ENST00000320270,ENSP00000322396,ENSP00000322396,RRS1,ENST00000320270,ENSP00000322396,ENSP00000322396,QWRRRWGYQRARDDT,,,True,6.0,4.081489166371597,KRKFQPLFGDFAAEK,,,True,6.5,3.9550740281068406,HKELELQFDLGNLLA,,,True,7.5,1.4548646542080033,NP_014937.1,EWVPKWGYKGANKKL,0.4444444444444445,0.3333333333333333,,,,,,False,2.215204493993713,,NP_055984,,NP_014937.1,PIPVVYDLGNLAAFD,0.25,0.2,,,,,,False,9.194719854415862,,NP_055984,,NP_014937.1,EKPIPVVYDLGNLAA,0.6547619047619048,0.4666666666666667,,,,,,False,0.5650138674262924,,NP_055984,
ENSG00000108298,RPL19,ENST00000225430,ENSP00000225430,ENSP00000225430,RPL19,ENST00000678609,ENSP00000502971,ENSP00000225430,LRRLLRRYRESKKID,,,True,7.0,2.4668610985901376,KKKVWLDPNETNEIA,,,True,7.0,1.2865646320763542,KKIDRHMYHSLYLKV,,,True,7.0,3.207855763112199,NP_009641.1,LRRLLAKYRDAGKID,0.6638888888888889,0.6666666666666666,0.7239980500138696,0.0,0.5957199785228723,0.0,0.4042800214771276,False,4.332958447716316,6.0,NP_000972,,NP_009641.1,KRKVWLDPNETSEIA,1.0,0.8666666666666667,,,,,,False,0.6630937537299016,,NP_000972,,NP_009641.1,GKIDKHLYHVLYKES,0.4333333333333333,0.5333333333333333,,,,,,False,0.8942586286741344,,NP_000972,
ENSG00000133818,RRAS2,ENST00000414023,ENSP00000403282,ENSP00000256196,RRAS2,ENST00000414023,ENSP00000403282,ENSP00000256196,ARQLKVTYMEASAKI,,,True,4.5,-1.8239794023788585,QSYFVTDYDPTIEDS,,,True,5.5,1.550523656334471,TIQFIQSYFVTDYDP,,,True,6.0,1.94665574875318,NP_014301.1,AKQMNAPFLETSAKQ,0.4761904761904762,0.4,0.3076188947904756,0.0,0.5548676407784688,0.0,0.4451323592215312,False,-1.4204922318717137,5.0,NP_036382,XP_016872852,NP_014301.1,QSHFVDEYDPTIEDS,0.9,0.8,,,,,,False,1.1016093010001529,,NP_036382,XP_016872852,NP_014744.1,TIQFIQSYFVDEYDP,0.8055555555555557,0.8666666666666667,,,,,,False,1.94665574875318,,NP_036382,XP_016872852
ENSG00000148824,MTG1,ENST00000477902,ENSP00000475596,ENSP00000323047,MTG1,ENST00000477902,ENSP00000475596,ENSP00000323047,LSGRNPLFQETLGLK,,,True,5.0,0.7568191572094778,YPAAARDFLQTFRRG,,,True,6.5,2.9861959165442906,LVDCIIEVHDARIPL,,,True,7.0,5.353857458295868,NP_013815.1,ILEWQNYELETNGGY,0.2928571428571428,0.2,,,,,,False,3.672927817454462,,NP_612393,,NP_013815.1,PTNDIYDVLRRLQVN,0.325,0.1333333333333333,,,,,,False,6.555518037333202,,NP_612393,,NP_013815.1,LKNWHEELGEKFILL,0.3527777777777778,0.2666666666666666,,,,,,False,6.354614412913403,,NP_612393,
ENSG00000148303,RPL7A,ENST00000323345,ENSP00000361076,ENSP00000361076,RPL7A,ENST00000323345,ENSP00000361076,ENSP00000361076,VPPAINQFTQALDRQ,,,True,5.5,2.3708509211997733,DPIELVVFLPALCRK,,,True,6.0,3.048095356925324,FEKRPKNFGIGQDIQ,,,True,6.5,2.456517426399424,NP_013055.1,VPPTIAQFQYTLDRN,0.4428571428571429,0.6,,,,,,False,3.0254661462994075,,NP_000963,,NP_013055.1,DPIELVVFLPALCKK,1.0,0.9333333333333332,,,,,,False,3.048095356925324,,NP_000963,,NP_013055.1,THSTPKNFGIGQAVQ,0.75,0.6,,,,,,False,5.217801867318387,,NP_000963,
ENSG00000280858,RPL7A,ENST00000630979,ENSP00000487443,ENSP00000487443,RPL7A,ENST00000630979,ENSP00000487443,ENSP00000487443,VPPAINQFTQALDRQ,,,True,5.5,2.3708509211997733,DPIELVVFLPALCRK,,,True,6.0,3.048095356925324,FEKRPKNFGIGQDIQ,,,True,6.5,2.456517426399424,NP_013055.1,VPPTIAQFQYTLDRN,0.4428571428571429,0.6,,,,,,False,3.0254661462994075,,NP_000963,,NP_013055.1,DPIELVVFLPALCKK,1.0,0.9333333333333332,,,,,,False,3.048095356925324,,NP_000963,,NP_013055.1,THSTPKNFGIGQAVQ,0.75,0.6,,,,,,False,5.217801867318387,,NP_000963,
ENSG00000130707,ASS1,ENST00000352480,ENSP00000253004,ENSP00000253004,ASS1,ENST00000352480,ENSP00000253004,ENSP00000253004,NIGQKEDFEEARKKA,,,True,4.0,-1.3054578979347176,AELVYTGFWHSPECE,,,True,5.5,0.1180398385854908,PDILEIEFKKGVPVK,,,True,6.0,3.793706302614242,NP_014583.2,NVGQEEDFDAAKEKA,0.5472222222222223,0.6,,,,,,False,-0.264311324483817,,NP_446464,,NP_014583.2,SRLIYNGSYFTPECE,0.3031746031746031,0.4666666666666667,,,,,,False,-2.039443422924552,,NP_446464,,NP_014583.2,PQDLTIDFERGLPVK,0.6555555555555556,0.5333333333333333,,,,,,False,3.6704423091874334,,NP_446464,
ENSG00000169714,CNBP,ENST00000422453,ENSP00000410619,ENSP00000410619,CNBP,ENST00000422453,ENSP00000410619,ENSP00000410619,TSDRGFQFVSSSLPD,,,True,5.5,6.167905863645996,DHADEQKCYSCGEFG,,,True,6.5,1.0819808579594443,GMSSNECFKCGRSGH,,,True,6.5,-0.0553552069837934,NP_014144.1,IGHLAEDCDSERLCY,0.2129629629629629,0.1333333333333333,,,,,,False,2.7397297417197057,,NP_003409,,NP_014144.1,DGISGLKCYTCGQAG,0.7666666666666667,0.4666666666666667,,,,,,False,0.3663379036527893,,NP_003409,,NP_014144.1,RFSKVSCYKCGGPNH,0.7142857142857143,0.4,,,,,,False,3.7632313710643377,,NP_003409,
ENSG00000167468,GPX4,ENST00000706713,ENSP00000516510,ENSP00000346103,GPX4,ENST00000706713,ENSP00000516510,ENSP00000346103,LVDLHARYAECGLRI,,,True,6.0,-0.5977649558637689,SNEEIKEFAAGYNVK,,,True,6.5,9.659136214760384,RCARSMHEFSAKDID,,,True,7.0,5.51247880816471,NP_009803.3,KCGFTPQYKELEELY,0.1916666666666666,0.1333333333333333,0.5753256553306815,0.0,0.4048528106633727,0.0,0.5951471893366274,False,0.0596231950298689,6.0,NP_002076,,NP_009803.3,IKWNFEKFLVDSNGK,0.2972222222222222,0.2,,,,,,False,5.579555886949811,,NP_002076,,NP_009803.3,SNGKVVQRFSSLTKP,0.3416666666666666,0.1333333333333333,,,,,,False,2.555537136442217,,NP_002076,
ENSG00000188706,ZDHHC9,ENST00000357166,ENSP00000349689,ENSP00000360103,ZDHHC9,ENST00000433917,ENSP00000406165,ENSP00000360103,XKSLKIGFLETLKET,topological domain,Lumenal,False,5.5,-0.6846071920277331,AVXLRTSFSDPGVIP,topological domain,Cytoplasmic,True,6.0,3.7409138464156793,ALPDEAAFIEMEIEA,topological domain,Cytoplasmic,True,6.0,1.7138374121976316,NP_013347.1,YIFFLGGRFRTVKGA,0.3999999999999999,0.2,,,,,,False,3.21180599822756,,NP_001008223,,NP_013347.1,ASFIRTATSDPGVLP,0.6416666666666667,0.6,,,,,,False,3.168672551115413,,NP_001008223,,NP_013347.1,LIFLLGAILSSVILL,0.375,0.1333333333333333,,,,,,False,6.370686880285545,,NP_001008223,
ENSG00000137947,GTF2B,ENST00000448623,ENSP00000415741,ENSP00000359531,GTF2B,ENST00000448623,ENSP00000415741,ENSP00000359531,RQSYRLIYPRAPDLF,,,True,6.0,-0.4154495116529307,DRAMMNAFKEITTMA,,,True,6.0,1.653736651897478,KGTGAASFDEFGNSK,,,True,6.0,5.673687866590484,NP_015411.1,MMTRESIDKRAGRRG,0.3166666666666666,0.2,,,,,,False,4.250038041902394,,NP_001505,,NP_015411.1,RAEVARTFKEIQSLI,0.7083333333333334,0.2666666666666666,0.4678365188523942,0.0,0.8678532887045372,0.0,0.1321467112954628,False,4.561081906234462,5.5,NP_001505,,NP_015411.1,RAEVARTFKEIQSLI,0.375,0.2,0.4678365188523942,0.0,0.8678532887045372,0.0,0.1321467112954628,False,4.561081906234462,5.5,NP_001505,
ENSG00000123737,EXOSC9,ENST00000243498,ENSP00000243498,ENSP00000368984,EXOSC9,ENST00000379663,ENSP00000368984,ENSP00000368984,VGQTGLEFLTSDAPI,,,True,4.5,-0.4556049598200792,KEGGKFGFAESIANQ,,,True,5.0,-0.3847567863390337,RISFGTDYGCCIVEL,,,True,6.0,0.4031562242850026,NP_010566.1,KRNKYAAMLTSENAR,0.4027777777777777,0.2,,,,,,False,4.085332768106477,,NP_001029366,,NP_010566.1,FLDCDGGFIDASCIA,0.3888888888888889,0.1333333333333333,0.6948275907872953,0.0,0.4061442828165616,0.0,0.5938557171834383,False,0.6654229361374764,4.0,NP_001029366,,NP_010566.1,CDGGFIDASCIAVMA,0.375,0.2,,,,,,False,3.9269246752614815,,NP_001029366,
ENSG00000107371,EXOSC3,ENST00000679059,ENSP00000503947,ENSP00000323046,EXOSC3,ENST00000679059,ENSP00000503947,ENSP00000323046,SEPASLSYLSFEGAT,,,True,6.5,0.7219976086965105,ASLSYLSFEGATKRN,,,True,6.5,-0.3902103537330796,EELLLPEQEDAEGPG,,,True,7.0,3.190067269850422,NP_014499.2,SSSVSLSYMAFPNAS,0.6083333333333333,0.4666666666666667,,,,,,False,6.058491533746009,,NP_057126,,NP_014499.2,VSLSYMAFPNASKKN,0.5178571428571429,0.5333333333333333,,,,,,False,-0.1446484324904002,,NP_057126,,NP_014499.2,VLAAHTKFEVAIGLN,0.325,0.2,,,,,,False,2.278461942038911,,NP_057126,
ENSG00000204392,LSM2,ENST00000375661,ENSP00000364813,ENSP00000364813,LSM2,ENST00000375661,ENSP00000364813,ENSP00000364813,GGMLFYSFFKSLVGK,,,True,5.5,1.3784012714690352,GGGGGMLFYSFFKSL,,,True,6.5,1.00513294513847,GMLFYSFFKSLVGKD,,,True,7.0,3.768154697520927,NP_009527.1,STVRYVYLNKNMVDT,0.2301587301587301,0.1333333333333333,,,,,,False,1.6957765900512125,,NP_067000,,NP_009527.1,NMVDTNLLQDATRRE,0.1166666666666666,0.0666666666666666,,,,,,False,-1.673238280981993,,NP_067000,,NP_009527.1,TVRYVYLNKNMVDTN,0.15,0.1333333333333333,,,,,,False,3.2073777046806766,,NP_067000,
ENSG00000172850,LSM2,ENST00000383391,ENSP00000372883,ENSP00000372883,LSM2,ENST00000383391,ENSP00000372883,ENSP00000372883,GGMLFYSFFKSLVGK,,,True,5.5,1.3784012714690352,GGGGGMLFYSFFKSL,,,True,6.5,1.00513294513847,GMLFYSFFKSLVGKD,,,True,7.0,3.768154697520927,NP_009527.1,STVRYVYLNKNMVDT,0.2301587301587301,0.1333333333333333,,,,,,False,1.6957765900512125,,NP_067000,,NP_009527.1,NMVDTNLLQDATRRE,0.1166666666666666,0.0666666666666666,,,,,,False,-1.673238280981993,,NP_067000,,NP_009527.1,TVRYVYLNKNMVDTN,0.15,0.1333333333333333,,,,,,False,3.2073777046806766,,NP_067000,
ENSG00000225998,LSM2,ENST00000434125,ENSP00000406280,ENSP00000406280,LSM2,ENST00000434125,ENSP00000406280,ENSP00000406280,GGMLFYSFFKSLVGK,,,True,5.5,1.3784012714690352,GGGGGMLFYSFFKSL,,,True,6.5,1.00513294513847,GMLFYSFFKSLVGKD,,,True,7.0,3.768154697520927,NP_009527.1,STVRYVYLNKNMVDT,0.2301587301587301,0.1333333333333333,,,,,,False,1.6957765900512125,,NP_067000,,NP_009527.1,NMVDTNLLQDATRRE,0.1166666666666666,0.0666666666666666,,,,,,False,-1.673238280981993,,NP_067000,,NP_009527.1,TVRYVYLNKNMVDTN,0.15,0.1333333333333333,,,,,,False,3.2073777046806766,,NP_067000,
ENSG00000224979,LSM2,ENST00000432122,ENSP00000414006,ENSP00000414006,LSM2,ENST00000432122,ENSP00000414006,ENSP00000414006,GGMLFYSFFKSLVGK,,,True,5.5,1.3784012714690352,GGGGGMLFYSFFKSL,,,True,6.5,1.00513294513847,GMLFYSFFKSLVGKD,,,True,7.0,3.768154697520927,NP_009527.1,STVRYVYLNKNMVDT,0.2301587301587301,0.1333333333333333,,,,,,False,1.6957765900512125,,NP_067000,,NP_009527.1,NMVDTNLLQDATRRE,0.1166666666666666,0.0666666666666666,,,,,,False,-1.673238280981993,,NP_067000,,NP_009527.1,TVRYVYLNKNMVDTN,0.15,0.1333333333333333,,,,,,False,3.2073777046806766,,NP_067000,
ENSG00000054116,TRAPPC3,ENST00000616074,ENSP00000482052,ENSP00000480332,TRAPPC3,ENST00000616395,ENSP00000480332,ENSP00000480332,NVGRCHDFRETADVI,,,True,3.0,10.432666433320067,ENNPLVDFVELPDNH,,,True,4.5,2.4798347716496094,WSPAGDEFSLILENN,,,True,6.5,0.6791325728083991,NP_012994.1,CQDYERDFNKVNDHL,0.5333333333333333,0.2,,,,,,False,0.4631150524767125,,NP_001257823,,NP_012994.1,DENPLADFVELPMDA,0.7333333333333334,0.6,0.3652838942354334,0.0,0.4441934622224406,0.0,0.5558065377775593,False,4.675398202731395,5.0,NP_001257823,,NP_012994.1,WSHNKDTFSLILDEN,0.6888888888888888,0.6,,,,,,False,0.3581280468351702,,NP_001257823,
ENSG00000236826,LSM2,ENST00000455705,ENSP00000414634,ENSP00000414634,LSM2,ENST00000455705,ENSP00000414634,ENSP00000414634,GGMLFYSFFKSLVGK,,,True,5.5,1.3784012714690352,GGGGGMLFYSFFKSL,,,True,6.5,1.00513294513847,GMLFYSFFKSLVGKD,,,True,7.0,3.768154697520927,NP_009527.1,STVRYVYLNKNMVDT,0.2301587301587301,0.1333333333333333,,,,,,False,1.6957765900512125,,NP_067000,,NP_009527.1,NMVDTNLLQDATRRE,0.1166666666666666,0.0666666666666666,,,,,,False,-1.673238280981993,,NP_067000,,NP_009527.1,TVRYVYLNKNMVDTN,0.15,0.1333333333333333,,,,,,False,3.2073777046806766,,NP_067000,
ENSG00000231502,LSM2,ENST00000424975,ENSP00000403345,ENSP00000403345,LSM2,ENST00000424975,ENSP00000403345,ENSP00000403345,GGMLFYSFFKSLVGK,,,True,5.5,1.3784012714690352,GGGGGMLFYSFFKSL,,,True,6.5,1.00513294513847,GMLFYSFFKSLVGKD,,,True,7.0,3.768154697520927,NP_009527.1,STVRYVYLNKNMVDT,0.2301587301587301,0.1333333333333333,,,,,,False,1.6957765900512125,,NP_067000,,NP_009527.1,NMVDTNLLQDATRRE,0.1166666666666666,0.0666666666666666,,,,,,False,-1.673238280981993,,NP_067000,,NP_009527.1,TVRYVYLNKNMVDTN,0.15,0.1333333333333333,,,,,,False,3.2073777046806766,,NP_067000,
ENSG00000122435,TRMT13,ENST00000370143,ENSP00000359162,ENSP00000359160,TRMT13,ENST00000370141,ENSP00000359160,ENSP00000359160,RHYVGKEYFRALGLG,,,True,5.0,3.657277669631252,EEHDDGGYRITDDGA,,,True,5.0,-2.0466800620818923,LRCLVETYAASFEER,,,True,6.0,-0.3941429872676012,NP_014516.1,YVTSLVEKYRAHGSI,0.6714285714285714,0.2666666666666666,,,,,,False,3.0986705660068687,,NP_061956,XP_047278729,NP_014516.1,SFEGAEPYTITIKER,0.3857142857142857,0.2,,,,,,False,2.346071901106051,,NP_061956,XP_047278729,NP_014516.1,EHLNLMKKAANSQVH,0.3277777777777778,0.1333333333333333,,,,,,False,7.150132927722455,,NP_061956,XP_047278729
ENSG00000127337,YEATS4,ENST00000247843,ENSP00000247843,ENSP00000247843,YEATS4,ENST00000247843,ENSP00000247843,ENSP00000247843,EIIIKIFFIDPNERP,,,True,5.5,3.4183878913154047,EFYDEMIFQDPTAMM,,,True,5.5,0.3257383102977114,AYKHETEFAELEVKT,,,True,5.5,-0.5611628075290225,NP_014292.3,VYFDEIVFNEPNEEF,0.4416666666666666,0.3333333333333333,0.4290122419694834,0.0,0.2894179799386259,0.0,0.7105820200613739,False,-0.3220228973079813,5.0,NP_006521,,NP_014292.3,VYFDEIVFNEPNEEF,0.4916666666666666,0.2666666666666666,0.4290122419694834,0.0,0.2894179799386259,0.0,0.7105820200613739,False,-0.3220228973079813,5.0,NP_006521,,NP_014292.3,FNEPNEEFFKILMSR,0.4277777777777778,0.1333333333333333,,,,,,False,2.7916417015403683,,NP_006521,
ENSG00000124767,GLO1,ENST00000373365,ENSP00000362463,ENSP00000362463,GLO1,ENST00000373365,ENSP00000362463,ENSP00000362463,PIMKFSLYFLAYEDK,,,True,5.0,2.701753794517661,EDDETQSYHNGNSDP,,,True,5.0,-0.3098396823216485,FSLYFLAYEDKNDIP,,,True,6.0,-0.1048699020833772,NP_013710.1,EEAKFSLYFLSFPKD,0.6845238095238094,0.4666666666666667,,,,,,False,0.8382581776585074,,NP_006699,,NP_013710.1,ENDPNFHYHNGNSEP,0.8125,0.6,,,,,,False,2.360209872817387,,NP_006699,,NP_013710.1,CKEIEVKYGDKIQWS,0.4111111111111111,0.2,,,,,,False,1.4754396448934493,,NP_006699,
ENSG00000095906,NUBP2,ENST00000568287,ENSP00000454982,ENSP00000262302,NUBP2,ENST00000568287,ENSP00000454982,ENSP00000262302,GHDFIQEFPGSPAFA,,,True,6.0,0.908500848044316,CTECTSVFSRGGGEE,,,True,7.0,2.319651294798023,AQLAGVPFLGSVPLD,,,True,7.0,-0.872865695437381,NP_012263.1,DGGIVVTTPQSVATA,0.3333333333333333,0.2666666666666666,,,,,,False,-0.0667870347984905,,NP_036357,XP_011520640,NP_012263.1,CAECTNIFSSGGGKR,0.75,0.6,0.6338947540282266,0.0,0.3713717969038858,0.0,0.6286282030961142,False,2.328654116004243,6.0,NP_036357,XP_011520640,NP_012263.1,SEQFSVPYLGNVPID,0.7658730158730158,0.4666666666666667,,,,,,False,-1.7681810328463283,,NP_036357,XP_011520640
ENSG00000140374,ETFA,ENST00000687975,ENSP00000508690,ENSP00000452762,ETFA,ENST00000687975,ENSP00000508690,ENSP00000452762,FSVRGTSFDAAATSG,,,True,5.5,7.319993393861145,GGGGGGMFRAAAPGQ,,,True,6.5,4.751678362733241,KDPEAPIFQVADYGI,,,True,6.5,3.1750092208369742,NP_015329.1,PPIAEGSMDSVTIEK,0.3333333333333333,0.1333333333333333,,,,,,False,4.917237571635738,,NP_000117,,NP_015329.1,SRSSLSLLAAAQKLS,0.3416666666666666,0.1333333333333333,,,,,,False,4.542436397338869,,NP_000117,,NP_015329.1,NDPDAPIFNVADYGL,0.8333333333333334,0.7333333333333333,,,,,,False,2.5973135043654576,,NP_000117,
ENSG00000142676,RPL11,ENST00000374550,ENSP00000363676,ENSP00000496250,RPL11,ENST00000374550,ENSP00000363676,ENSP00000496250,YELRKNNFSDTGNFG,,,True,5.0,6.939030630686023,IGIYGLDFYVVLGRP,,,True,6.5,0.4894734291211833,LTGQTPVFSKARYTV,,,True,6.5,1.0336789994632023,NP_011599.1,YQLRDRNFSATGNFG,0.75,0.7333333333333333,,,,,,False,6.211637593651423,,NP_000966,,NP_011599.1,IGIFGMDFYVVMNRP,0.8333333333333334,0.7333333333333333,,,,,,False,4.624805660864269,,NP_000966,,NP_011599.1,LSGQTPVQSKARYTV,0.7333333333333334,0.8666666666666667,,,,,,False,1.0336789994632023,,NP_000966,
ENSG00000144713,RPL32,ENST00000429711,ENSP00000416429,ENSP00000416429,RPL32,ENST00000273223,ENSP00000339064,ENSP00000416429,ILMPNIGYGSNKKTK,,,True,8.0,1.2317235495080452,VKKRTKKFIRHQSDR,,,True,8.5,3.5896056528195,KHMLPSGFRKFLVHN,,,True,8.5,1.767891121589753,NP_009460.1,ISQPKIGYGSNKKTK,1.0,0.8,0.3164718184776127,0.0,0.5803925268593694,0.0,0.4196074731406307,False,-0.5773412517152294,8.0,NP_000985,,NP_009460.1,VKKHTKKFKRHHSDR,0.7333333333333334,0.8,,,,,,False,0.9903647856910404,,NP_000985,,NP_009460.1,KFLSPSGHKTFLVAN,0.5125000000000001,0.5333333333333333,,,,,,False,1.638089970710094,,NP_000985,
ENSG00000265808,SEC22B,ENST00000578049,ENSP00000463393,ENSP00000463393,SEC22B,ENST00000578049,ENSP00000463393,ENSP00000463393,LEDLHSEFDEQHGKK,topological domain,Cytoplasmic,True,5.0,-0.2722269068656927,TVSRPYSFIEFDTFI,topological domain,Cytoplasmic,True,5.5,3.4761341275687694,IQKTKKLYIDSRARR,topological domain,Cytoplasmic,True,5.5,0.6263887279550489,NP_013370.1,LNDIAQEFEHSFANE,0.3999999999999999,0.2666666666666666,,,,,,False,2.522011569070695,,NP_004883,,NP_013370.1,PTVRPYQFVNFDNFL,0.4583333333333333,0.4666666666666667,,,,,,False,9.566469721298406,,NP_004883,,NP_013370.1,QKINFDLLISQYAPI,0.4583333333333333,0.2,,,,,,False,2.142871537324108,,NP_004883,
ENSG00000134851,TMEM165,ENST00000608091,ENSP00000476531,ENSP00000370736,TMEM165,ENST00000381334,ENSP00000370736,ENSP00000370736,NLGFIXTFFIAAIMA,topological domain,Cytoplasmic,True,5.0,11.212882748895234,LKKKDEEFQRTKLLN,topological domain,Cytoplasmic,True,6.0,-1.188262164714286,PARVEKIFTPAAPVH,topological domain,Lumenal,False,6.5,9.957070259886004,NP_009746.1,SEIGDKTFLIAALMA,0.75,0.4666666666666667,,,,,,False,2.7584915765125184,,NP_060945,XP_047271918,NP_009746.1,AALMAMRHKRVLVFS,0.2208333333333333,0.0666666666666666,,,,,,False,5.240533920562751,,NP_060945,XP_047271918,NP_009746.1,LIALLPLFTAAAAAA,0.5,0.2666666666666666,,,,,,False,6.820288693442173,,NP_060945,XP_047271918
ENSG00000111875,ASF1A,ENST00000229595,ENSP00000229595,ENSP00000229595,ASF1A,ENST00000229595,ENSP00000229595,ENSP00000229595,GYYVNNEYTETELRE,,,True,4.5,1.247940902252697,GSAESEEYDQVLDSV,,,True,6.0,0.6724174658046902,PFYNPFQFEITFECI,,,True,6.0,1.7041447024144951,NP_012420.1,GYYVNNEYDEEELRE,0.6055555555555555,0.8666666666666667,,,,,,False,1.488646451130607,,NP_054753,,NP_012420.1,GSSRSLDHDQELDSI,0.5305555555555556,0.5333333333333333,,,,,,False,2.4690106404676646,,NP_054753,,NP_012420.1,KFTDPYEFEITFECL,0.9,0.6,,,,,,False,-0.485918379168224,,NP_054753,
ENSG00000164109,MAD2L1,ENST00000333047,ENSP00000332295,ENSP00000296509,MAD2L1,ENST00000333047,ENSP00000332295,ENSP00000296509,SAEIVAEFFSFGINS,,,True,5.0,5.85614756225033,WEESGPQFITNSEEV,,,True,5.5,0.5947781853647055,EEVRLRSFTTTIHKV,,,True,5.5,8.946642798983003,NP_012504.3,STRTVTEFFEYSINS,0.7380952380952381,0.5333333333333333,0.5341981787122158,0.0,0.1735364381316742,0.0,0.8264635618683258,True,1.4613020724610477,4.5,NP_002349,,NP_012504.3,EVVQFKTFSTNDHKV,0.3833333333333333,0.2666666666666666,0.1432236459513181,0.0,0.3358307272128537,0.0,0.6641692727871463,False,3.040497270488149,7.0,NP_002349,,NP_012504.3,EVVQFKTFSTNDHKV,0.5750000000000001,0.4666666666666667,0.1432236459513181,0.0,0.3358307272128537,0.0,0.6641692727871463,False,3.040497270488149,7.0,NP_002349,
ENSG00000105258,POLR2I,ENST00000586439,ENSP00000467134,ENSP00000221859,POLR2I,ENST00000586439,ENSP00000467134,ENSP00000221859,CGHKEAVFFQSHSAR,,,True,5.5,-0.9040179098229678,AEDAMRLYYVCTAPH,,,True,6.0,2.011699176385084,GHKEAVFFQSHSARA,,,True,7.0,4.701364968307202,NP_011445.1,CHSRENVFFQSQQRR,0.8333333333333334,0.5333333333333333,,,,,,False,2.6799711304016727,,NP_006224,,NP_011445.1,KDTSMVLFFVCLSCS,0.7083333333333334,0.2666666666666666,,,,,,False,0.845218226123515,,NP_006224,,NP_011445.1,HSRENVFFQSQQRRK,0.6333333333333333,0.4666666666666667,-0.0249807889745545,0.0,0.2284827641642057,0.0,0.7715172358357942,True,0.905239628740055,7.5,NP_006224,
ENSG00000172115,CYCS,ENST00000305786,ENSP00000307786,ENSP00000307786,CYCS,ENST00000305786,ENSP00000307786,ENSP00000307786,GEDTLMEYLENPKKY,,,True,6.0,2.0985921990532463,GQAPGYSYTAANKNK,,,True,7.0,2.0383795234687616,KTGQAPGYSYTAANK,,,True,7.5,6.928622200220282,NP_012582.1,DENNMSEYLTNPKKY,0.7999999999999999,0.6,0.4375334945827036,0.0,0.4456220095028519,0.0,0.5543779904971481,False,4.21995777980305,6.5,NP_061820,,NP_012582.1,GQAEGYSYTDANIKK,0.4861111111111111,0.7333333333333333,0.4711289996229083,0.0,0.3646360573807098,0.0,0.6353639426192902,False,4.638744709794981,4.5,NP_061820,,NP_012582.1,HSGQAEGYSYTDANI,1.0,0.6666666666666666,,,,,,False,3.004622878527965,,NP_061820,
ENSG00000133119,RFC3,ENST00000380071,ENSP00000369411,ENSP00000369411,RFC3,ENST00000380071,ENSP00000369411,ENSP00000369411,EVAQMAAYYEHRLQL,,,True,6.0,0.860115211468787,EACRVQQYPFTADQE,,,True,6.5,7.860057925762764,MCILRELYGVGVEKL,,,True,7.0,-0.1908295808717349,NP_009644.3,SIIEYSSVFDERLSL,0.3055555555555555,0.2,,,,,,False,2.297332566573248,,NP_002906,XP_016876170,NP_009644.3,NKSSIIEYSSVFDER,0.2749999999999999,0.1333333333333333,0.6912103977459922,0.0,0.302437165064735,0.0,0.697562834935265,False,4.590676082854498,5.5,NP_002906,XP_016876170,NP_009644.3,DLPHLLLYGPNGTGK,0.419047619047619,0.2,,,,,,False,2.956606826206104,,NP_002906,XP_016876170
ENSG00000060762,MPC1,ENST00000621630,ENSP00000479789,ENSP00000354223,MPC1,ENST00000621630,ENSP00000479789,ENSP00000354223,DYVRSKDFRDYLMST,topological domain;transmembrane region,Mitochondrial matrix;Helical,False,5.5,2.1634405004842066,LVRKAADYVRSKDFR,topological domain,Mitochondrial matrix,False,5.5,2.2284814376212,IISGRMTFALCCYSL,transmembrane region,Helical,False,6.0,0.1299408633076448,NP_011435.1,KYALSVSPKNYLLFG,0.2492063492063492,0.2666666666666666,,,,,,False,-3.711834440287214,,NP_057182,,NP_011435.1,ARSFLQKYINKETLK,0.225,0.0666666666666666,,,,,,False,3.791790365819099,,NP_057182,,NP_011435.1,LISGPMTFALVTYSG,0.7916666666666666,0.6666666666666666,,,,,,False,1.5006779780716857,,NP_057182,
ENSG00000099624,ATP5F1D,ENST00000395633,ENSP00000378995,ENSP00000378995,ATP5F1D,ENST00000395633,ENSP00000378995,ENSP00000378995,DGTTSKYFVSSGSIA,,,True,5.0,1.3264253747142432,LVRHARAYAEAAAAP,,,True,5.0,5.588594226123537,EDGTTSKYFVSSGSI,,,True,6.0,3.353831379488313,NP_010280.1,SASRSLNFVAKRSYA,0.4861111111111111,0.3333333333333333,,,,,,False,1.7404612077597073,,NP_001001975,,NP_010280.1,NFVAKRSYAEAAAAS,0.875,0.5333333333333333,0.5166492891505358,0.0,0.7668501894265531,0.0,0.2331498105734468,False,2.625234057699272,4.5,NP_001001975,,NP_010280.1,EGSNSKKFFISGGFA,0.875,0.3333333333333333,,,,,,False,0.4207867373226125,,NP_001001975,
ENSG00000168924,LETM1,ENST00000302787,ENSP00000305653,ENSP00000305653,LETM1,ENST00000302787,ENSP00000305653,ENSP00000305653,CTPIHPVYTSSRGDH,,,True,6.0,0.2445353692308538,PNMLPSTFETQSLKE,topological domain,Mitochondrial matrix,False,6.5,1.4544340672741938,RNCLNVPFGCCTPIH,,,True,6.5,-0.3536514752398122,NP_015450.1,PNLLPSTYESSKKRE,0.3999999999999999,0.2,0.2061448433996134,0.0,0.5290797244670126,0.0,0.4709202755329874,False,1.9594008748945244,6.0,NP_036450,XP_006713947,NP_015450.1,PNLLPSTYESSKKRE,0.3797619047619048,0.5333333333333333,0.2061448433996134,0.0,0.5290797244670126,0.0,0.4709202755329874,False,1.9594008748945244,6.0,NP_036450,XP_006713947,NP_015450.1,KYMNLQPFGTDVMLR,0.3166666666666666,0.2,,,,,,False,6.22174385675395,,NP_036450,XP_006713947
ENSG00000101843,PSMD10,ENST00000217958,ENSP00000217958,ENSP00000217958,PSMD10,ENST00000217958,ENSP00000217958,ENSP00000217958,KMIHILLYYKASTNI,,,True,5.5,1.584957179593816,VSQGASIYIENKEEK,,,True,6.0,1.5066152087150733,ANPDAKDHYEATAMH,,,True,6.5,0.8441641992163051,NP_011748.3,KFNQIPLHRAASVGS,0.2666666666666666,0.3333333333333333,,,,,,False,2.329395794801868,,NP_002805,,NP_011748.3,WFEVSQFLIENGASV,0.4166666666666667,0.2,,,,,,False,1.8028665599047264,,NP_002805,,NP_011748.3,AEYDLVDNKGAKAED,0.4055555555555556,0.3333333333333333,,,,,,False,1.7893348653729793,,NP_002805,
ENSG00000198258,UBL5,ENST00000586895,ENSP00000468656,ENSP00000468656,UBL5,ENST00000586895,ENSP00000468656,ENSP00000468656,LKKWYTIFKDHVSLG,,,True,6.0,5.047250305911315,KIVLKKWYTIFKDHV,,,True,8.0,0.865547399686341,DHVSLGDYEIHDGMN,,,True,8.0,3.5834849181363766,NP_014430.1,LQKGGSVLKDHISLE,0.7916666666666666,0.4666666666666667,,,,,,False,1.1344086316764406,,NP_001041706,,NP_014430.1,KIVLQKGGSVLKDHI,0.1944444444444444,0.5333333333333333,,,,,,False,-0.1633718247653166,,NP_001041706,,NP_014430.1,DHISLEDYEVHDQTN,0.725,0.6666666666666666,,,,,,False,3.27756073784602,,NP_001041706,
ENSG00000275323,RPS9,ENST00000618751,ENSP00000480135,ENSP00000480135,RPS9,ENST00000618751,ENSP00000480135,ENSP00000480135,LGLKIEDFLERRLQT,,,True,6.5,-0.6037684731532543,REVWRVKFTLAKIRK,,,True,7.0,7.31026868880212,YVTPRRPFEKSRLDQ,,,True,7.0,-0.7385404593324243,NP_015244.1,LALKVEDFLERRLQT,1.0,0.8666666666666667,,,,,,False,-1.0786790072135597,,NP_001004,,NP_015244.1,KEIYRISFQLSKIRR,0.5083333333333333,0.4666666666666667,,,,,,False,0.9359523416605364,,NP_001004,,NP_015244.1,YSTPKRPYESSRLDA,0.7380952380952381,0.6666666666666666,0.4736995351524066,0.0,0.3498994871719985,0.0,0.6501005128280015,False,0.5581096855047802,6.0,NP_001004,
ENSG00000277359,RPS9,ENST00000616839,ENSP00000484394,ENSP00000484394,RPS9,ENST00000616839,ENSP00000484394,ENSP00000484394,LGLKIEDFLERRLQT,,,True,6.5,-0.6037684731532543,REVWRVKFTLAKIRK,,,True,7.0,7.31026868880212,YVTPRRPFEKSRLDQ,,,True,7.0,-0.7385404593324243,NP_015244.1,LALKVEDFLERRLQT,1.0,0.8666666666666667,,,,,,False,-1.0786790072135597,,NP_001004,,NP_015244.1,KEIYRISFQLSKIRR,0.5083333333333333,0.4666666666666667,,,,,,False,0.9359523416605364,,NP_001004,,NP_015244.1,YSTPKRPYESSRLDA,0.7380952380952381,0.6666666666666666,0.4736995351524066,0.0,0.3498994871719985,0.0,0.6501005128280015,False,0.5581096855047802,6.0,NP_001004,
ENSG00000274626,RPS9,ENST00000616928,ENSP00000481655,ENSP00000481655,RPS9,ENST00000616928,ENSP00000481655,ENSP00000481655,LGLKIEDFLERRLQT,,,True,6.5,-0.6037684731532543,REVWRVKFTLAKIRK,,,True,7.0,7.31026868880212,YVTPRRPFEKSRLDQ,,,True,7.0,-0.7385404593324243,NP_015244.1,LALKVEDFLERRLQT,1.0,0.8666666666666667,,,,,,False,-1.0786790072135597,,NP_001004,,NP_015244.1,KEIYRISFQLSKIRR,0.5083333333333333,0.4666666666666667,,,,,,False,0.9359523416605364,,NP_001004,,NP_015244.1,YSTPKRPYESSRLDA,0.7380952380952381,0.6666666666666666,0.4736995351524066,0.0,0.3498994871719985,0.0,0.6501005128280015,False,0.5581096855047802,6.0,NP_001004,
ENSG00000117222,RBBP5,ENST00000264515,ENSP00000264515,ENSP00000264515,RBBP5,ENST00000264515,ENSP00000264515,ENSP00000264515,WSAFAPDFKELDENV,,,True,4.5,2.284859142211319,SVDPIAAFCSSDEEL,,,True,4.5,2.0299578605677366,ELDENVEYEERESEF,,,True,5.5,-0.8140427359160882,NP_009403.1,WSALAPDFEEVEENV,0.7416666666666667,0.7333333333333333,0.4399656816284537,0.0,0.4526058977391599,0.0,0.5473941022608401,False,3.1531233038073503,4.5,NP_005048,XP_047282850,NP_009403.1,SPDGRLLLTSSRDWS,0.3138888888888889,0.2666666666666666,,,,,,False,-0.3153333897665469,,NP_005048,XP_047282850,NP_009403.1,EQQQGLEQEEEIAID,0.5083333333333333,0.2666666666666666,,,,,,False,-2.502980096517312,,NP_005048,XP_047282850
ENSG00000067064,IDI1,ENST00000429642,ENSP00000401879,ENSP00000370748,IDI1,ENST00000429642,ENSP00000401879,ENSP00000370748,RSDAKITFPGCFTNT,,,True,5.5,0.2938109501490316,NEIKSYCYVSKEELK,,,True,6.5,3.6259610898195,NLNHLNQFVDHEKIY,,,True,7.0,5.740337104902417,NP_015208.1,RATEKITFPDLWTNT,0.5972222222222222,0.6,0.3788667478893062,0.0,0.3627946973006677,0.0,0.6372053026993323,False,1.329196311523423,5.5,NP_004499,,NP_015208.1,DESGETCFSGHDEEQ,0.3125,0.2,,,,,,False,1.0448863409742302,,NP_004499,,NP_015208.1,FADPSYKFTPWFKII,0.3125541125541125,0.2,,,,,,False,-1.0033958572883632,,NP_004499,
ENSG00000274646,RPS9,ENST00000620940,ENSP00000483179,ENSP00000482475,RPS9,ENST00000620940,ENSP00000483179,ENSP00000482475,LGLKIEDFLERRLQT,,,True,6.5,-0.6037684731532543,REVWRVKFTLAKIRK,,,True,7.0,7.31026868880212,YVTPRRPFEKSRLDQ,,,True,7.0,-0.7385404593324243,NP_015244.1,LALKVEDFLERRLQT,1.0,0.8666666666666667,,,,,,False,-1.0786790072135597,,NP_001004,,NP_015244.1,KEIYRISFQLSKIRR,0.5083333333333333,0.4666666666666667,,,,,,False,0.9359523416605364,,NP_001004,,NP_015244.1,YSTPKRPYESSRLDA,0.7380952380952381,0.6666666666666666,0.4736995351524066,0.0,0.3498994871719985,0.0,0.6501005128280015,False,0.5581096855047802,6.0,NP_001004,
ENSG00000274005,RPS9,ENST00000617291,ENSP00000482274,ENSP00000482274,RPS9,ENST00000617291,ENSP00000482274,ENSP00000482274,LGLKIEDFLERRLQT,,,True,6.5,-0.6037684731532543,REVWRVKFTLAKIRK,,,True,7.0,7.31026868880212,YVTPRRPFEKSRLDQ,,,True,7.0,-0.7385404593324243,NP_015244.1,LALKVEDFLERRLQT,1.0,0.8666666666666667,,,,,,False,-1.0786790072135597,,NP_001004,,NP_015244.1,KEIYRISFQLSKIRR,0.5083333333333333,0.4666666666666667,,,,,,False,0.9359523416605364,,NP_001004,,NP_015244.1,YSTPKRPYESSRLDA,0.7380952380952381,0.6666666666666666,0.4736995351524066,0.0,0.3498994871719985,0.0,0.6501005128280015,False,0.5581096855047802,6.0,NP_001004,
ENSG00000277079,RPS9,ENST00000620720,ENSP00000478449,ENSP00000478449,RPS9,ENST00000620720,ENSP00000478449,ENSP00000478449,LGLKIEDFLERRLQT,,,True,6.5,-0.6037684731532543,REVWRVKFTLAKIRK,,,True,7.0,7.31026868880212,YVTPRRPFEKSRLDQ,,,True,7.0,-0.7385404593324243,NP_015244.1,LALKVEDFLERRLQT,1.0,0.8666666666666667,,,,,,False,-1.0786790072135597,,NP_001004,,NP_015244.1,KEIYRISFQLSKIRR,0.5083333333333333,0.4666666666666667,,,,,,False,0.9359523416605364,,NP_001004,,NP_015244.1,YSTPKRPYESSRLDA,0.7380952380952381,0.6666666666666666,0.4736995351524066,0.0,0.3498994871719985,0.0,0.6501005128280015,False,0.5581096855047802,6.0,NP_001004,
ENSG00000274950,RPS9,ENST00000616536,ENSP00000481822,ENSP00000481194,RPS9,ENST00000616536,ENSP00000481822,ENSP00000481194,LGLKIEDFLERRLQT,,,True,6.5,-0.6037684731532543,REVWRVKFTLAKIRK,,,True,7.0,7.31026868880212,YVTPRRPFEKSRLDQ,,,True,7.0,-0.7385404593324243,NP_015244.1,LALKVEDFLERRLQT,1.0,0.8666666666666667,,,,,,False,-1.0786790072135597,,NP_001004,,NP_015244.1,KEIYRISFQLSKIRR,0.5083333333333333,0.4666666666666667,,,,,,False,0.9359523416605364,,NP_001004,,NP_015244.1,YSTPKRPYESSRLDA,0.7380952380952381,0.6666666666666666,0.4736995351524066,0.0,0.3498994871719985,0.0,0.6501005128280015,False,0.5581096855047802,6.0,NP_001004,
ENSG00000278081,RPS9,ENST00000610953,ENSP00000482023,ENSP00000482023,RPS9,ENST00000610953,ENSP00000482023,ENSP00000482023,LGLKIEDFLERRLQT,,,True,6.5,-0.6037684731532543,REVWRVKFTLAKIRK,,,True,7.0,7.31026868880212,YVTPRRPFEKSRLDQ,,,True,7.0,-0.7385404593324243,NP_015244.1,LALKVEDFLERRLQT,1.0,0.8666666666666667,,,,,,False,-1.0786790072135597,,NP_001004,,NP_015244.1,KEIYRISFQLSKIRR,0.5083333333333333,0.4666666666666667,,,,,,False,0.9359523416605364,,NP_001004,,NP_015244.1,YSTPKRPYESSRLDA,0.7380952380952381,0.6666666666666666,0.4736995351524066,0.0,0.3498994871719985,0.0,0.6501005128280015,False,0.5581096855047802,6.0,NP_001004,
ENSG00000197894,ADH5,ENST00000296412,ENSP00000296412,ENSP00000296412,ADH5,ENST00000296412,ENSP00000296412,ENSP00000296412,VDINKDKFARAKEFG,,,True,6.0,1.147585241649498,KFARAKEFGATECIN,,,True,6.0,5.6317272069514965,HYMGTSTFSEYTVVA,,,True,6.0,0.3244858128227466,NP_010113.1,AECGKCKFCTSGKTN,0.375,0.2,0.1900672694646421,0.0,0.2938679112508475,0.0,0.7061320887491525,False,0.2689682474259122,6.5,NP_000662,,NP_010113.1,KKQYCSQFGATDFVN,0.6777777777777779,0.4,,,,,,False,6.292395695700918,,NP_000662,,NP_010113.1,HFMGCSTFSEYTVVA,1.0,0.8666666666666667,0.2827160915998677,0.0,0.4323710136556288,0.0,0.5676289863443711,False,1.0438546941704625,6.0,NP_000662,
ENSG00000142168,SOD1,ENST00000389995,ENSP00000374645,ENSP00000270142,SOD1,ENST00000389995,ENSP00000374645,ENSP00000270142,HGFHVHEFGDNTAGC,,,True,5.5,1.23310820338203,LTEGLHGFHVHEFGD,,,True,8.0,3.126292133401076,QGIINFEQKESNGPV,,,True,8.0,0.0610533920506268,NP_012638.1,RGFHIHEFGDATNGC,0.5277777777777778,0.7333333333333333,0.6463253736218718,0.0,0.3540586239082121,0.0,0.6459413760917879,False,6.499095982821109,3.5,NP_000445,,NP_012638.1,SPNAERGFHIHEFGD,0.9583333333333334,0.5333333333333333,,,,,,False,0.2315421650607546,,NP_000445,,NP_012638.1,DDLGKGDTEESLKTG,0.3222222222222222,0.1333333333333333,,,,,,False,-2.0128083875886764,,NP_000445,
ENSG00000278270,RPS9,ENST00000614737,ENSP00000482338,ENSP00000482338,RPS9,ENST00000614737,ENSP00000482338,ENSP00000482338,LGLKIEDFLERRLQT,,,True,6.5,-0.6037684731532543,REVWRVKFTLAKIRK,,,True,7.0,7.31026868880212,YVTPRRPFEKSRLDQ,,,True,7.0,-0.7385404593324243,NP_015244.1,LALKVEDFLERRLQT,1.0,0.8666666666666667,,,,,,False,-1.0786790072135597,,NP_001004,,NP_015244.1,KEIYRISFQLSKIRR,0.5083333333333333,0.4666666666666667,,,,,,False,0.9359523416605364,,NP_001004,,NP_015244.1,YSTPKRPYESSRLDA,0.7380952380952381,0.6666666666666666,0.4736995351524066,0.0,0.3498994871719985,0.0,0.6501005128280015,False,0.5581096855047802,6.0,NP_001004,
ENSG00000277161,PIGW,ENST00000619326,ENSP00000480475,ENSP00000482202,PIGW,ENST00000619326,ENSP00000480475,ENSP00000482202,NISLESEYNPAISCF,,,True,5.0,-0.5373705813588494,MEGSKLHYFTNSLYS,transmembrane region,Helical,False,6.5,0.1087955065277926,LYSVXIGYQEHLTEY,,,True,6.5,0.3338316253008428,NP_012444.2,NGGSITEINAVTSIA,0.4166666666666667,0.2666666666666666,,,,,,False,2.26723265706992,,NP_848612,,NP_012444.2,TIYASEPYLLNTLIL,0.4107142857142857,0.2,,,,,,False,-0.6763536444660613,,NP_848612,,NP_012444.2,FFVKNLEYQEHVTEY,0.7666666666666666,0.4666666666666667,0.2292780004526196,0.0,0.5956852123014976,0.0,0.4043147876985024,False,-2.3414279027925726,5.5,NP_848612,
ENSG00000170889,RPS9,ENST00000626547,ENSP00000485771,ENSP00000302896,RPS9,ENST00000626547,ENSP00000485771,ENSP00000302896,LGLKIEDFLERRLQT,,,True,6.5,-0.6037684731532543,REVWRVKFTLAKIRK,,,True,7.0,7.31026868880212,YVTPRRPFEKSRLDQ,,,True,7.0,-0.7385404593324243,NP_015244.1,LALKVEDFLERRLQT,1.0,0.8666666666666667,,,,,,False,-1.0786790072135597,,NP_001004,,NP_015244.1,KEIYRISFQLSKIRR,0.5083333333333333,0.4666666666666667,,,,,,False,0.9359523416605364,,NP_001004,,NP_015244.1,YSTPKRPYESSRLDA,0.7380952380952381,0.6666666666666666,0.4736995351524066,0.0,0.3498994871719985,0.0,0.6501005128280015,False,0.5581096855047802,6.0,NP_001004,
ENSG00000275600,PIGW,ENST00000632789,ENSP00000488539,ENSP00000488033,PIGW,ENST00000632789,ENSP00000488539,ENSP00000488033,NISLESEYNPAISCF,,,True,5.0,-0.5373705813588494,MEGSKLHYFTNSLYS,transmembrane region,Helical,False,6.5,0.1087955065277926,LYSVXIGYQEHLTEY,,,True,6.5,0.3338316253008428,NP_012444.2,NGGSITEINAVTSIA,0.4166666666666667,0.2666666666666666,,,,,,False,2.26723265706992,,NP_848612,,NP_012444.2,TIYASEPYLLNTLIL,0.4107142857142857,0.2,,,,,,False,-0.6763536444660613,,NP_848612,,NP_012444.2,FFVKNLEYQEHVTEY,0.7666666666666666,0.4666666666666667,0.2292780004526196,0.0,0.5956852123014976,0.0,0.4043147876985024,False,-2.3414279027925726,5.5,NP_848612,
ENSG00000197756,RPL37A,ENST00000420712,ENSP00000410080,ENSP00000418082,RPL37A,ENST00000491306,ENSP00000418082,ENSP00000418082,VAGGAWTYNTTSAVT,,,True,5.5,8.56750301371125,IEISQHAKYTCSFCG,,,True,8.0,-1.0165808607588938,EISQHAKYTCSFCGK,,,True,8.0,-0.1660445879670438,NP_015368.1,VAGGAYTVSTAAAAT,0.5,0.6,,,,,,False,9.267390558944776,,NP_000989,,NP_015368.1,LEIQQHARYDCSFCG,0.7055555555555556,0.7333333333333333,,,,,,False,-1.2248975472536474,,NP_000989,,NP_015368.1,EIQQHARYDCSFCGK,0.7055555555555556,0.8,,,,,,False,-0.5900662596263202,,NP_000989,
ENSG00000111845,PAK1IP1,ENST00000379568,ENSP00000368887,ENSP00000368887,PAK1IP1,ENST00000379568,ENSP00000368887,ENSP00000368887,GDEEVIRFFDCDSLV,,,True,3.0,1.9008011557665023,AHKGQVTFLSIHPSG,,,True,6.5,1.485031205386524,GCYEQVLFGFAVHPE,,,True,7.0,2.9903970105793647,NP_012904.3,ISDGNVHFYPCEELF,0.3809523809523809,0.2,,,,,,False,-0.0917317579046662,,NP_060376,XP_011513023,NP_012904.3,KRKELGTLLSHQGSI,0.3819444444444444,0.3333333333333333,,,,,,False,4.495390577570774,,NP_060376,XP_011513023,NP_012904.3,TPHFMPIFHFQAHSL,0.5083333333333333,0.2,,,,,,False,9.107385793253558,,NP_060376,XP_011513023
ENSG00000285226,PAK1IP1,ENST00000644756,ENSP00000496482,ENSP00000496482,PAK1IP1,ENST00000644756,ENSP00000496482,ENSP00000496482,GDEEVIRFFDCDSLV,,,True,3.0,1.9008011557665023,AHKGQVTFLSIHPSG,,,True,6.5,1.485031205386524,GCYEQVLFGFAVHPE,,,True,7.0,2.9903970105793647,NP_012904.3,ISDGNVHFYPCEELF,0.3809523809523809,0.2,,,,,,False,-0.0917317579046662,,NP_060376,,NP_012904.3,KRKELGTLLSHQGSI,0.3819444444444444,0.3333333333333333,,,,,,False,4.495390577570774,,NP_060376,,NP_012904.3,TPHFMPIFHFQAHSL,0.5083333333333333,0.2,,,,,,False,9.107385793253558,,NP_060376,
ENSG00000132646,PCNA,ENST00000379143,ENSP00000368438,ENSP00000368438,PCNA,ENST00000379143,ENSP00000368438,ENSP00000368438,FALRYLNFFTKATPL,,,True,5.5,7.247157050142812,DVPLVVEYKIADMGH,,,True,6.0,3.437119109949641,CAKDGVKFSASGELG,,,True,6.5,-0.8514718752924675,NP_009645.1,LSDSINIMITKETIK,0.375,0.2,,,,,,False,1.9083580737870007,,NP_872590,,NP_009645.1,KKDRIAEYSLKLMDI,0.5499999999999999,0.2,,,,,,False,7.702036617067399,,NP_872590,,NP_009645.1,ITKETIKFVADGDIG,0.4722222222222222,0.4,,,,,,False,0.8823570687014646,,NP_872590,
ENSG00000152904,GGPS1,ENST00000488594,ENSP00000418690,ENSP00000351852,GGPS1,ENST00000488594,ENSP00000418690,ENSP00000351852,ANLHSKEYSENKSFC,,,True,5.5,-1.86078447205084,AVGLMQLFSDYKEDL,,,True,5.5,-0.6220556184451018,INSANYVYFLGLEKV,,,True,6.0,2.231423354004015,NP_015256.1,INNDPVWSSQNESLI,0.4378787878787879,0.2666666666666666,,,,,,False,-0.4823564404938908,,NP_001032354,,NP_015256.1,LINNDPVWSSQNESL,0.3568181818181817,0.2,,,,,,False,3.1940284190208383,,NP_001032354,,NP_015256.1,INTANYMYFRAMQLV,0.3666666666666667,0.5333333333333333,,,,,,False,3.236950722346644,,NP_001032354,
ENSG00000119616,FCF1,ENST00000556814,ENSP00000451345,ENSP00000344393,FCF1,ENST00000341162,ENSP00000344393,ENSP00000344393,QSMMDCLYAKCIPCI,,,True,7.0,-2.3500835126315973,PQHPSCLFFQYNTQL,,,True,7.0,-3.8728681103290015,RVTQHKCYIVATVDR,,,True,7.0,0.8517223072433598,NP_010626.1,RGMMDCLLAKCNPLI,0.7916666666666666,0.6666666666666666,,,,,,False,-0.7207718218398738,,NP_057046,XP_011535117,NP_010626.1,PQVSSALFFQYNQAI,0.7999999999999999,0.6,,,,,,False,-3.3656765503074584,,NP_057046,XP_011535117,NP_010626.1,RVLQHKCYIVATNDA,0.75,0.8,,,,,,False,4.741492617743766,,NP_057046,XP_011535117
ENSG00000117410,ATP6V0B,ENST00000532642,ENSP00000434729,ENSP00000431605,ATP6V0B,ENST00000532642,ENSP00000434729,ENSP00000431605,NLVSIXEPFSATDPK,topological domain,Cytoplasmic,True,6.0,5.995789506410288,FLTETSPFMWSNLXS,topological domain;transmembrane region,Cytoplasmic;Helical,False,6.5,1.9662615019379093,KAIGHRNYHAGYSMF,topological domain,Cytoplasmic,True,7.0,0.3231058238157475,NP_011891.1,KFLLRTSPYMWANLG,0.1870851370851371,0.0666666666666666,,,,,,False,4.6523239595647405,,NP_004038,,NP_011891.1,FLLRTSPYMWANLGI,0.7797619047619048,0.6,,,,,,False,5.5570074729163865,,NP_004038,,NP_011891.1,NMYSKSNLYTGYSLF,0.5059523809523809,0.3333333333333333,,,,,,False,2.320853209562326,,NP_004038,
ENSG00000131100,ATP6V1E1,ENST00000253413,ENSP00000253413,ENSP00000253413,ATP6V1E1,ENST00000253413,ENSP00000253413,ENSP00000253413,QRLKIMEYYEKKEKQ,,,True,4.0,0.3342627403222173,QIKHMMAFIEQEANE,,,True,6.5,1.280501619142013,DDLITDLLNEAKQRL,,,True,7.5,-1.192618858102064,NP_014977.3,KDDIMREYGEKAQRA,0.65,0.2666666666666666,,,,,,False,5.45853198434502,,NP_001687,,NP_014977.3,ELNKMQAFIRKEAEE,0.7000000000000001,0.4666666666666667,,,,,,False,4.017993742322997,,NP_001687,,NP_014977.3,LEERLKLLSEEALPA,0.425,0.2,,,,,,False,8.470356786233069,,NP_001687,
ENSG00000147853,AK3,ENST00000611749,ENSP00000482308,ENSP00000371230,AK3,ENST00000611749,ENSP00000482308,ENSP00000371230,KKGVLETFSGTETNK,,,True,6.0,6.484344271333844,QTKPVLEYYQKKGVL,,,True,7.0,4.037337785153857,GRVYNIEFNPPKTVG,,,True,7.0,5.38953764045516,NP_011097.3,KSGIFGTVSGETSDI,0.4666666666666666,0.3333333333333333,,,,,,False,-0.3294756859496696,,NP_057366,,NP_011097.3,TNEPLKDYYKKSGIF,0.7555555555555555,0.3333333333333333,,,,,,False,3.130275804041093,,NP_057366,,NP_011097.3,GRVYNLQYNPPKVPG,0.638095238095238,0.6666666666666666,,,,,,False,2.323918414798509,,NP_057366,
ENSG00000185236,RAB11B,ENST00000600719,ENSP00000473042,ENSP00000333547,RAB11B,ENST00000600719,ENSP00000473042,ENSP00000333547,AEKNNLSFIETSALD,,,True,4.5,-1.821577627766381,PTDEARAFAEKNNLS,,,True,6.5,5.675331558697756,KTIKAQIWDTAGQER,,,True,7.0,5.724412681813855,NP_011305.1,AMENQMLFTETSALN,0.5499999999999999,0.5333333333333333,0.5934214343159386,0.0,0.9633379688980112,0.0,0.0366620311019887,False,-1.4407635746141896,5.0,NP_004209,,NP_011305.1,AQIWDTAGQERYRAI,0.2833333333333334,0.1333333333333333,,,,,,False,2.707557064744345,,NP_004209,,NP_011305.1,KKIKAQIWDTAGQER,1.0,0.9333333333333332,,,,,,False,6.347883560160308,,NP_004209,
ENSG00000265681,RPL17,ENST00000618619,ENSP00000482577,ENSP00000462023,RPL17,ENST00000618619,ENSP00000482577,ENSP00000462023,AHGRINPYMSSPCHI,,,True,6.0,5.275263987405618,GSNLRVHFKNTRETA,,,True,6.0,1.2791999140917891,WPKKSAEFLLHMLKN,,,True,7.5,0.0182675609162945,NP_012358.1,AHGRINKYESSPSHI,0.3583333333333333,0.8,0.2677952039758405,0.0,0.6028020065314073,0.0,0.3971979934685928,False,5.195907181913858,6.0,NP_001186273,,NP_012358.1,GSYLRVSFKNTRETA,0.7916666666666666,0.8666666666666667,,,,,,False,-0.0658144973484422,,NP_001186273,,NP_012741.1,ELTKAQKYLEQVLDH,0.338095238095238,0.2,0.4064229176121978,0.0,0.5326843313871177,0.0,0.4673156686128824,False,2.980015604908368,7.5,NP_001186273,
ENSG00000197498,RPF2,ENST00000441448,ENSP00000402338,ENSP00000402338,RPF2,ENST00000441448,ENSP00000402338,ENSP00000402338,EDQTSLEFFSKKSDC,,,True,3.5,1.2802072592693294,LIFAGDDFDVTEDYR,,,True,5.0,-0.0908940487683764,KNISHDTFGTTYGRI,,,True,5.0,1.2687157710776376,NP_013007.1,EDMSPLEFFSEKNDC,0.7277777777777779,0.6666666666666666,,,,,,False,5.290843346298373,,NP_115570,,NP_013007.1,KTKKNVELDIMGDKL,0.4916666666666667,0.1333333333333333,,,,,,False,0.4090314749130457,,NP_115570,,NP_013007.1,KRKNNMTFIRTFGYK,0.4666666666666666,0.3333333333333333,,,,,,False,-0.6701102499585513,,NP_115570,
ENSG00000069345,DNAJA2,ENST00000317089,ENSP00000314030,ENSP00000314030,DNAJA2,ENST00000317089,ENSP00000314030,ENSP00000314030,EEVELQEFDSTRGSG,,,True,3.5,4.341141629711466,GGQRREAYNDSSDEE,,,True,4.5,0.4477898616204612,YIKFDVQFPENNWIN,,,True,6.5,-0.3788490312143171,NP_014335.1,IQRFQTECDVCHGTG,0.3611111111111111,0.2666666666666666,,,,,,False,0.1557760153364229,,NP_005871,,NP_014335.1,RASRGGANYDSDEEE,0.4634920634920634,0.4,,,,,,False,2.6898915242400205,,NP_005871,,NP_014335.1,IIKFTIKFPENHFTS,0.7277777777777779,0.4666666666666667,0.2570535776567744,0.0,0.7313095123633157,0.0,0.2686904876366843,False,-0.646767095207099,7.0,NP_005871,
ENSG00000145817,YIPF5,ENST00000274496,ENSP00000274496,ENSP00000274496,YIPF5,ENST00000274496,ENSP00000274496,ENSP00000274496,FENLNTDFYQTSYSI,topological domain,Cytoplasmic,True,5.0,2.056427461854612,ENLNTDFYQTSYSID,topological domain,Cytoplasmic,True,5.0,0.1580516899985466,DLAGPMVFCLAFGAT,transmembrane region,Helical,False,6.5,0.4969000893476697,NP_011688.3,NANNGGGFYQPSAQF,0.3650793650793651,0.3333333333333333,,,,,,False,1.823058353982988,,NP_110426,,NP_011688.3,ANNGGGFYQPSAQFA,0.6428571428571429,0.3333333333333333,,,,,,False,3.505003148327088,,NP_110426,,NP_011688.3,DLAGPLIFFLLFGLF,0.5277777777777778,0.6,,,,,,False,0.6078291389803898,,NP_110426,
ENSG00000100138,SNU13,ENST00000648350,ENSP00000498157,ENSP00000383949,SNU13,ENST00000648350,ENSP00000498157,ENSP00000383949,DKNVPYVFVRSKQAL,,,True,7.0,4.769928564821366,ADVNPKAYPLADAHL,,,True,7.0,0.1232639934268074,LNRGISEFIVMAADA,,,True,7.5,7.03022727865959,NP_010888.1,DKNVPYVFVPSRVAL,0.5357142857142857,0.8,,,,,,False,4.769928564821366,,NP_001003796,,NP_010888.1,SAPNPKAFPLADAAL,0.9166666666666666,0.6666666666666666,,,,,,False,0.2430037693529491,,NP_001003796,,NP_010888.1,LNRGISEFIIMAADC,0.9583333333333334,0.8666666666666667,,,,,,False,7.03022727865959,,NP_001003796,
ENSG00000123836,PFKFB2,ENST00000367080,ENSP00000356047,ENSP00000356047,PFKFB2,ENST00000367080,ENSP00000356047,ENSP00000356047,QNSFKVFFVESVCDD,,,True,5.0,-1.123336332163447,RRDMILNFAEQNSFK,,,True,6.0,-0.5539529358501069,GVCEEMTYAEIEKRY,,,True,6.5,-1.356702722095573,NP_012380.1,KNNIQPMFLESWSND,0.5,0.3333333333333333,0.4125850173955759,0.0,0.6120264350965097,0.0,0.3879735649034904,False,-0.4270077622771842,4.5,NP_006203,XP_024303424,NP_012380.1,IYAYFMNVPQEESPW,0.4011904761904761,0.1333333333333333,,,,,,False,-0.5663324869806243,,NP_006203,XP_024303424,NP_012380.1,GVCDGMTYEEIEKEY,0.7999999999999999,0.7333333333333333,0.4417843666714586,0.0,0.5576901536243707,0.0,0.4423098463756292,False,-2.298099771076618,7.0,NP_006203,XP_024303424
ENSG00000164587,RPS14,ENST00000401695,ENSP00000385958,ENSP00000385425,RPS14,ENST00000401695,ENSP00000385958,ENSP00000385425,VCHIFASFNDTFVHV,,,True,4.5,0.0571138281424095,VAEGENVFGVCHIFA,,,True,6.0,2.2119018477630594,VFGVCHIFASFNDTF,,,True,6.0,5.028845957762872,NP_012344.1,VARIYASFNDTFVHV,1.0,0.8,0.2911701215802945,0.0,0.6120300046361059,0.0,0.3879699953638941,False,0.0935079297088062,4.5,NP_005608,,NP_012344.1,ARDNSQVFGVARIYA,0.8333333333333334,0.4,,,,,,False,2.208699772690095,,NP_005608,,NP_012344.1,VFGVARIYASFNDTF,0.9047619047619048,0.8,0.3521555809249497,0.0,0.5488429728931924,0.0,0.4511570271068076,False,6.742670469846519,6.5,NP_005608,
ENSG00000130204,TOMM40,ENST00000405636,ENSP00000385184,ENSP00000410339,TOMM40,ENST00000405636,ENSP00000385184,ENSP00000410339,CLPNPGTFEECHRKC,,,True,4.5,-0.8290171372454316,GEYRGSDFTAAVTLG,,,True,5.0,3.8699618255568113,AGMHATYYHKASDQL,,,True,5.5,2.8727749990609133,NP_013930.1,ELVNPGTVENLNKEV,0.3166666666666666,0.4,,,,,,False,0.8161532556114853,,NP_006105,,NP_013930.1,SFSEKGEFTGVAVAS,0.3999999999999999,0.1333333333333333,,,,,,False,4.506459815829105,,NP_006105,,NP_013930.1,VSYLTRYVSKKQDWI,0.3833333333333333,0.2,,,,,,False,0.1036279897987863,,NP_006105,
ENSG00000114767,RRP9,ENST00000232888,ENSP00000232888,ENSP00000232888,RRP9,ENST00000232888,ENSP00000232888,ENSP00000232888,TPDDSAIFSAAKDCS,,,True,4.5,-2.257222772498053,GFINSLKFSSSGDFL,,,True,5.0,1.0823245094749534,RRGTHQLYSTSHDRS,,,True,5.0,1.3490937356887474,NP_015463.1,SGARNGIYSAVIDQT,0.7380952380952381,0.2666666666666666,,,,,,False,2.9304253598871526,,NP_004695,XP_047305128,NP_015463.1,LNKYTFEESSNGDKN,0.4611111111111111,0.2666666666666666,,,,,,False,2.896463533386457,,NP_004695,XP_047305128,NP_015463.1,RKNSDQLYASCADFK,0.5648148148148148,0.3333333333333333,0.4284407541994833,0.0,0.5148346058637719,0.0,0.485165394136228,False,5.454476127852288,4.5,NP_004695,XP_047305128
ENSG00000117505,DR1,ENST00000370272,ENSP00000359295,ENSP00000359295,DR1,ENST00000370272,ENSP00000359295,ENSP00000359295,LRQQQELFAKARQQQ,,,True,6.5,-2.2010157141344533,QALESLGFGSYISEV,,,True,6.5,-3.464947489154776,VVNCCTEFIHLISSE,,,True,7.0,2.140583750372675,NP_010685.1,ILDQDLMFTKDAREI,0.3777777777777777,0.2,,,,,,False,4.41348397448707,,NP_001929,,NP_010685.1,FIMILSSMASEMADN,0.1416666666666666,0.0666666666666666,,,,,,False,5.954846328896863,,NP_001929,,NP_010685.1,IINSGIEFIMILSSM,0.6833333333333332,0.4,,,,,,False,0.2798982303568784,,NP_001929,
ENSG00000155959,VBP1,ENST00000535916,ENSP00000438694,ENSP00000286428,VBP1,ENST00000535916,ENSP00000438694,ENSP00000286428,LDFLRDQFTTTEVNM,,,True,5.5,1.963247463802573,DLDFLRDQFTTTEVN,,,True,6.5,8.357766885677396,TNSMETRFLLADNLY,,,True,7.0,5.691679448864227,NP_011592.3,VEFLRENITTMEVNC,0.4666666666666666,0.5333333333333333,,,,,,False,0.6422532479569705,,NP_003363,,NP_011592.3,DVEFLRENITTMEVN,0.5666666666666667,0.6,,,,,,False,7.031761357483839,,NP_003363,,NP_011592.3,IIKDPSDFELCFNKF,0.3444444444444445,0.2,,,,,,False,3.921297758075368,,NP_003363,
ENSG00000137154,RPS6,ENST00000380381,ENSP00000369741,ENSP00000369757,RPS6,ENST00000380381,ENSP00000369741,ENSP00000369757,DERKLRTFYEKRMAT,,,True,5.0,4.494745411888679,ASRIRKLFNLSKEDD,,,True,6.0,-1.2239158222760411,GMKLNISFPATGCQK,,,True,6.5,-0.6633989108072487,NP_009740.3,DEHRIRVFFDKRIGQ,0.5138888888888888,0.4,,,,,,False,7.4945528299857,,NP_001001,,NP_009740.3,ANNIRKFFGLSKEDD,0.6666666666666666,0.7333333333333333,,,,,,False,0.6065477705530671,,NP_001001,,NP_009740.3,GGNDKQGFPMKQGVL,0.1833333333333333,0.2,,,,,,False,2.778897465340368,,NP_001001,
ENSG00000143947,RPS27A,ENST00000402285,ENSP00000383981,ENSP00000383981,RPS27A,ENST00000402285,ENSP00000383981,ENSP00000383981,GGGGMQIFVKTLTGK,,,True,6.5,2.495523623160894,DECGAGVFMASHFDR,,,True,6.5,2.117312134323866,TITLEVEPSDTIENV,,,True,6.5,0.7227021108966778,NP_013268.1,QIFVKTLTGKTITLE,0.4333333333333333,0.2,,,,,,False,3.21268672594039,,NP_001129064,,NP_013268.1,PTCGAGVFLANHKDR,0.5111111111111111,0.6666666666666666,,,,,,False,2.234134198097214,,NP_001129064,,NP_013268.1,TITLEVESSDTIDNV,0.6805555555555555,0.8666666666666667,,,,,,False,0.7227021108966778,,NP_001129064,
ENSG00000141759,TXNL4A,ENST00000586295,ENSP00000466694,ENSP00000466694,TXNL4A,ENST00000355491,ENSP00000347678,ENSP00000269601,DITEVPDFNKMYELY,,,True,6.0,1.763256021835404,FNKMYELYDPCTVMF,,,True,7.0,-0.7827720861137892,VDIIETVYRGARKGR,,,True,7.0,0.9211872666099612,NP_015407.1,DIDEVSDFDEMYELT,0.7277777777777779,0.6666666666666666,0.4755168095756066,0.0,0.213729512099517,0.0,0.7862704879004829,True,2.6287683503011423,3.5,NP_006692,,NP_015407.1,FDEMYELTDPMTVMF,0.5666666666666667,0.7333333333333333,,,,,,False,0.3447087156924908,,NP_006692,,NP_015407.1,IDILETIFRGARKNK,0.875,0.6,,,,,,False,1.29514672127971,,NP_006692,
ENSG00000071462,BUD23,ENST00000265758,ENSP00000265758,ENSP00000265758,BUD23,ENST00000265758,ENSP00000265758,ENSP00000265758,GGPPELFYDETEARK,,,True,5.5,-0.5013078281457672,IPFKPGTFDGCISIS,,,True,5.5,-0.928219142488183,NSAKAKKFYLCLFSG,,,True,6.0,3.3293494270417754,NP_009976.1,LAPPEIFYNDSEAHK,0.625,0.5333333333333333,0.3273987558043964,0.0,0.3511635561408149,0.0,0.648836443859185,False,0.2971310760175287,5.5,NP_001189489,XP_011514080,NP_009976.1,IPFRAGSFDAAISIS,0.5416666666666666,0.6666666666666666,,,,,,False,5.343848606304102,,NP_001189489,XP_011514080,NP_009976.1,ESKKNKKYYLVLSSG,0.4464285714285714,0.6,,,,,,False,1.303622697633095,,NP_001189489,XP_011514080
ENSG00000241343,RPL36A,ENST00000427805,ENSP00000404375,ENSP00000446503,RPL36A,ENST00000427805,ENSP00000404375,ENSP00000446503,AIKRCKHFELGGDKK,,,True,6.5,4.303565201606586,QPHKVTQYKKGKDSL,,,True,7.0,2.583147463677705,TTKKIVLRLECVEPN,,,True,7.5,-0.1589104613181043,NP_014237.2,TLKRCKHFELGGEKK,0.9,0.8,,,,,,False,5.04506547393004,,NP_066357,,NP_014237.2,TQHKVTQYKAGKASL,0.5416666666666666,0.7333333333333333,,,,,,False,2.593543640078181,,NP_066357,,NP_014237.2,TTKKVVLRLECVKCK,0.8666666666666667,0.7333333333333333,,,,,,False,-2.20062722087746,,NP_066357,
ENSG00000104980,TIMM44,ENST00000270538,ENSP00000270538,ENSP00000270538,TIMM44,ENST00000270538,ENSP00000270538,ENSP00000270538,WYQQWKDFKENNVVF,,,True,5.5,0.9154590735044872,CLGSGIQFLSSHNLP,,,True,5.5,6.256918175688491,FFEMKMKYDESDNAF,,,True,6.0,2.689210715616743,NP_012242.1,FGKKVEDFKEKTVVG,0.8333333333333334,0.4,,,,,,False,3.030426004344469,,NP_006342,,NP_012242.1,RRLKRERDLASGKRH,0.325,0.1333333333333333,,,,,,False,0.3214398210857382,,NP_006342,,NP_012242.1,AAATAKKLDESFEPV,0.625,0.2666666666666666,,,,,,False,3.4487507861610576,,NP_006342,
ENSG00000167136,ENDOG,ENST00000372642,ENSP00000361725,ENSP00000361725,ENDOG,ENST00000372642,ENSP00000361725,ENSP00000361725,QKAMDDTFYLSNVAP,,,True,5.5,-0.6934746741458495,QLKSRESYVLCYDPR,,,True,5.5,0.7073450687208496,EDDSVHAYHRATNAD,,,True,5.5,5.445871943150631,NP_012327.1,QQAMDDTFYLSNMCP,0.8666666666666667,0.8,,,,,,False,0.0215556748329803,,NP_004426,XP_011516649,NP_012327.1,EDIAVAAFVLPNEPI,0.4535714285714285,0.2,,,,,,False,3.0859503042640184,,NP_004426,XP_011516649,NP_012327.1,FEVPIDALERSTGLE,0.3333333333333333,0.2,,,,,,False,0.735532381271147,,NP_004426,XP_011516649
ENSG00000184903,IMMP2L,ENST00000405709,ENSP00000384966,ENSP00000329553,IMMP2L,ENST00000452753,ENSP00000407402,ENSP00000329553,IKAFCKGFFVAVPVA,transmembrane region,Helical,False,5.5,4.907826169769527,GDHHGHSFDSNSFGP,,,True,6.5,1.51137903434711,AVPVAVTFLDRVACV,transmembrane region,Helical,False,7.0,4.396291771297848,NP_013749.1,DWVLLWKFGVKNPSN,0.3166666666666667,0.2,,,,,,False,6.458456381127074,,NP_001231535,XP_016868190,NP_013749.1,GDNYFHSIDSNTFGP,0.8333333333333334,0.6666666666666666,,,,,,False,2.073835400066565,,NP_001231535,XP_016868190,NP_013749.1,KLSTGRDCISKRAIL,0.2518518518518518,0.0666666666666666,,,,,,False,3.3137251933435183,,NP_001231535,XP_016868190
ENSG00000170348,TMED10,ENST00000555873,ENSP00000450726,ENSP00000303145,TMED10,ENST00000555873,ENSP00000450726,ENSP00000303145,TTEDYDMFEVCFESK,topological domain,Lumenal,False,4.0,-0.3279266854965634,YDMFEVCFESKGTGR,topological domain,Lumenal,False,6.0,2.003516920592332,EDATKGKFAFTTEDY,topological domain,Lumenal,False,6.5,2.1818899195552186,NP_013701.1,TAPSSTAFDVCFENQ,0.6805555555555555,0.4,,,,,,False,0.776197898492524,,NP_006818,,NP_013701.1,STAFDVCFENQAQYR,0.5277777777777778,0.4,,,,,,False,2.8181628184498817,,NP_006818,,NP_013701.1,DFAGDVRVAFTAPSS,0.5011904761904762,0.2666666666666666,,,,,,False,3.98804299874822,,NP_006818,
ENSG00000186184,POLR1D,ENST00000302979,ENSP00000302478,ENSP00000302478,POLR1D,ENST00000302979,ENSP00000302478,ENSP00000302478,PEVEFCGYTTTHPSE,,,True,5.5,0.0307899111593718,FEASIKDYKDQKASR,,,True,6.0,1.1961251311373455,TSMAEGERKTALEMV,,,True,6.5,0.4639699559699293,NP_014286.1,PDVEFCGYSIPHPSE,0.4761904761904762,0.7333333333333333,,,,,,False,2.312910875539297,,NP_057056,,NP_014286.1,LNIRIQTYGETTAVD,0.2777777777777778,0.2,0.5819730325991955,0.0,0.936208744609966,0.0,0.0637912553900339,False,6.670108596280759,5.0,NP_057056,,NP_014286.1,MTEDIEQKKTATEVT,0.7999999999999999,0.2666666666666666,,,,,,False,5.241089320852073,,NP_057056,
ENSG00000172992,DCAKD,ENST00000614054,ENSP00000478909,ENSP00000478909,DCAKD,ENST00000614054,ENSP00000478909,ENSP00000341504,GGGGGGMFLVGLTGG,,,True,7.0,0.7901939724418182,ILDIPLLFETKKLLK,,,True,7.0,0.9127521003647988,MKHTVVVYCDRDTQL,,,True,7.5,2.2218811665327256,NP_010482.3,SHKEDLQALNGITHP,0.3333333333333333,0.2,,,,,,False,0.4067965761681246,,NP_079095,,NP_010482.3,DKIPNLLLEDGHLNR,0.4166666666666667,0.2666666666666666,,,,,,False,0.8956409487608632,,NP_079095,,NP_010482.3,VGLTGGIACGKSTVS,0.4138888888888889,0.2,,,,,,False,4.882635732995154,,NP_079095,
ENSG00000169230,PRELID1,ENST00000303204,ENSP00000302114,ENSP00000302114,PRELID1,ENST00000303204,ENSP00000302114,ENSP00000302114,VSRAVQEFGLARFKS,,,True,5.5,0.7648032755577349,KTMKGFEYILAKLQG,,,True,6.0,1.1186986791639355,GGGGMVKYFLGQSVL,,,True,7.0,6.7138387765,NP_013294.1,ENVKKSRMGMAFVIQ,0.3583333333333333,0.1333333333333333,,,,,,False,2.6088532402219373,,NP_037369,,NP_013294.1,KSRMGMAFVIQKLEE,0.3833333333333333,0.2666666666666666,,,,,,False,-0.6999307581805254,,NP_037369,,NP_013294.1,KLPTWVKPFLRGITE,0.2785714285714285,0.2666666666666666,,,,,,False,5.92614582559246,,NP_037369,
ENSG00000172172,MRPL13,ENST00000306185,ENSP00000306548,ENSP00000306548,MRPL13,ENST00000306185,ENSP00000306548,ENSP00000306548,GGGGMSSFSRAPQQW,,,True,6.0,3.010056140601629,TQEEIDAFPRLWTPP,,,True,7.0,1.7661487065556782,LDEYTQEEIDAFPRL,,,True,7.0,0.2404342415869457,NP_014793.1,IGHSGLAFARLWHHV,0.375,0.2,,,,,,False,2.549382913947995,,NP_054797,,NP_014793.1,IGHSGLAFARLWHHV,0.5833333333333334,0.3333333333333333,,,,,,False,2.549382913947995,,NP_054797,,NP_014793.1,SENPYKQNITAFAHE,0.325,0.2,,,,,,False,1.6978535311657987,,NP_054797,
ENSG00000114391,RPL24,ENST00000469605,ENSP00000420380,ENSP00000377640,RPL24,ENST00000469605,ENSP00000420380,ENSP00000377640,TDGKVFQFLNAKCES,,,True,6.5,4.00820702558143,RTRRAVKFQRAITGA,,,True,6.5,5.869337161192373,NAKCESAFLSKRNPR,,,True,7.0,7.645447529689797,NP_011664.3,GDSKIFRFQNSKSAS,0.3,0.4666666666666667,,,,,,False,2.734936750069917,,NP_000977,,NP_011664.3,RSRKTVKAQRPITGA,0.5595238095238095,0.6666666666666666,,,,,,False,2.2582421753333968,,NP_000977,,NP_011664.3,FQNSKSASLFKQRKN,0.3611111111111111,0.2666666666666666,,,,,,False,2.152910327057972,,NP_000977,
ENSG00000125691,RPL23,ENST00000479035,ENSP00000420311,ENSP00000420311,RPL23,ENST00000479035,ENSP00000420311,ENSP00000420311,KDGVFLYFEDNAGVI,,,True,6.5,9.380016050618698,GGSSGAKFRISLGLP,,,True,7.5,0.1054269129232989,YRRKDGVFLYFEDNA,,,True,7.5,-0.2559280880438609,NP_011042.3,RDGVFLYFEDNAGVI,1.0,0.9333333333333332,0.0909488868826569,0.0,0.6518015258766361,0.0,0.3481984741233638,False,9.686548730122077,6.5,NP_000969,,NP_011042.3,NGAQGTKFRISLGLP,1.0,0.7333333333333333,,,,,,False,0.7563183949994492,,NP_000969,,NP_011042.3,WRRRDGVFLYFEDNA,1.0,0.8666666666666667,,,,,,False,2.500063361315931,,NP_000969,
ENSG00000142937,RPS8,ENST00000396651,ENSP00000379888,ENSP00000379888,RPS8,ENST00000396651,ENSP00000379888,ENSP00000379888,DSTPYRQWYESHYAL,,,True,6.0,2.1947630838036165,SSLLEEQFQQGKLLA,,,True,6.5,-0.1947730252080938,LRLDVGNFSWGSECC,,,True,6.5,-1.3853486185123929,NP_009481.1,DATPFRQWFEAHYGQ,0.7916666666666666,0.6,,,,,,False,3.650738565700347,,NP_001003,,NP_009481.1,ESSVESQFSAGRLYA,0.625,0.4666666666666667,,,,,,False,4.771511487878322,,NP_001003,,NP_009481.1,LRIETGNFSWASEGI,0.8333333333333334,0.6,,,,,,False,0.1036279897987863,,NP_001003,
ENSG00000111711,GOLT1B,ENST00000229314,ENSP00000229314,ENSP00000229314,GOLT1B,ENST00000539663,ENSP00000440666,ENSP00000229314,NLPGIRSFVDKVGES,topological domain,Cytoplasmic,True,6.0,2.4242489243075047,FFLLFRGFFPVVVGF,transmembrane region,Helical; Name=4,False,7.5,0.8934089334107614,TGFFLXFFLLFRGFF,transmembrane region,Helical; Name=4,False,8.5,6.113736586059082,NP_014020.1,SHPAIAPIVDKLAGV,0.4761904761904762,0.3333333333333333,,,,,,False,2.3275553916472487,,NP_057156,,NP_014020.1,IIGLFGDFFGVIVQF,0.5833333333333334,0.4666666666666667,,,,,,False,0.5385543753333372,,NP_057156,,NP_014020.1,FFLVGAFLILLKWTF,0.3863636363636364,0.2,,,,,,False,4.309623333733583,,NP_057156,
ENSG00000179091,CYC1,ENST00000318911,ENSP00000317159,ENSP00000317159,CYC1,ENST00000318911,ENSP00000317159,ENSP00000317159,IYTDVLEFDDGTPAT,topological domain,Mitochondrial intermembrane,False,4.5,-0.2581183806164426,IAMAPPIYTDVLEFD,topological domain,Mitochondrial intermembrane,False,6.0,1.2782314549751288,ARHGGEDYVFSLLTG,topological domain,Mitochondrial intermembrane,False,6.5,-1.3820950646765708,NP_014708.1,LFDDMVEYEDGTPAT,0.8047619047619049,0.5333333333333333,0.777207411625209,0.0,0.1814018769834486,0.0,0.8185981230165514,True,1.8548634370701047,4.5,NP_001907,,NP_014708.1,IAMARVLFDDMVEYE,0.5055555555555556,0.4,0.5206863670786883,0.0,0.2246094594782192,0.0,0.7753905405217808,True,0.5435454657080823,5.5,NP_001907,,NP_014708.1,ARHGGCDYIFSLLTG,0.9583333333333334,0.8666666666666667,,,,,,False,-0.9382980389546114,,NP_001907,
ENSG00000198727,MT-CYB,ENST00000361789,ENSP00000354554,ENSP00000354554,MT-CYB,ENST00000361789,ENSP00000354554,ENSP00000354554,LYYGSFLYSETWNIG,transmembrane region,Helical,False,5.5,4.702536555384465,MKLINHSFIDLPTPS,,,True,5.5,0.9310751019514346,DKITFHPYYTIKDAL,transmembrane region,Helical,False,5.5,3.077963845074404,NP_009315.1,MHMAKGLYYGSYRSP,0.2718253968253968,0.1333333333333333,,,,,,False,0.4021371148739393,,YP_003024038,,NP_009315.1,PMHSYFIFKDLVTVF,0.4833333333333333,0.2666666666666666,0.4636018884575736,0.0,0.2836315892136981,0.0,0.7163684107863018,False,5.865375749267095,6.0,YP_003024038,,NP_009315.1,PEWYLLPFYAILRSI,0.5166666666666667,0.2,,,,,,False,3.2651358244592057,,YP_003024038,
ENSG00000198938,MT-CO3,ENST00000362079,ENSP00000354982,ENSP00000354982,MT-CO3,ENST00000362079,ENSP00000354982,ENSP00000354982,FTISDGIYGSTFFVA,transmembrane region,Helical; Name=VI,False,5.5,4.132609824655484,TSKHHFGFEAAAWYW,transmembrane region,Helical; Name=VII,False,6.5,6.014526872365625,FVAXQLMFHFTSKHH,topological domain,Mitochondrial matrix,False,7.0,4.587381586421238,NP_009328.1,FTISDGVYGSVFYAG,0.6964285714285715,0.6666666666666666,0.7960710767064408,0.0,0.123467901363458,0.0,0.8765320986365419,True,2.376274455872411,7.0,YP_003024032,,NP_009328.1,ACWPPVGIEAVQPTE,0.4047619047619048,0.2,,,,,,False,1.171814620394117,,YP_003024032,,NP_009328.1,NYWRMRNYHLTAGHH,0.2936507936507936,0.2666666666666666,,,,,,False,9.857287464267149,,YP_003024032,
ENSG00000088386,SLC15A1,ENST00000376503,ENSP00000365686,ENSP00000365686,SLC15A1,ENST00000376503,ENSP00000365686,ENSP00000365686,FNTFYLEFGSAYTYI,topological domain,Extracellular,False,3.5,1.1626554626848475,LSXGGDQFEEGQEKQ,topological domain,Cytoplasmic,True,4.5,0.4118985533846033,GIRFVNTFNELITIT,topological domain,Extracellular,False,5.5,-0.5591030800314475,NP_013019.1,IFLLTNAFGSAIGCA,0.5694444444444444,0.2666666666666666,0.5796081716464628,0.0,0.4576239254304549,0.0,0.5423760745695451,False,-0.1193449093451877,5.0,NP_005064,,NP_013019.1,EEMNAMDYEEEDEFD,0.5047619047619049,0.2,,,,,,False,1.6739444593496045,,NP_005064,,NP_013019.1,PAYVLISFSEIFASI,0.5,0.1333333333333333,0.2387071835207282,0.0,0.8863870174183784,0.0,0.1136129825816215,False,5.104738897219884,6.0,NP_005064,
ENSG00000170385,SLC30A1,ENST00000367001,ENSP00000355968,ENSP00000355968,SLC30A1,ENST00000367001,ENSP00000355968,ENSP00000355968,ATTIQPEFASVGSKS,topological domain,Cytoplasmic,True,5.5,1.6281984113902568,FPDPCKAFVEIINST,topological domain,Extracellular,False,6.5,3.557455686744152,ALVXIERFIEPHEMQ,topological domain,Extracellular,False,6.5,8.090112510789295,NP_013970.1,DSLHSHSHGSVESGN,0.4791666666666667,0.2,,,,,,False,2.210509975372348,,NP_067017,,NP_013970.1,PSSSQEAFDSHGNTE,0.3541666666666667,0.2,0.3695637793976969,0.0,0.2954857627964307,0.0,0.7045142372035693,False,4.922109130853794,6.5,NP_067017,,NP_013970.1,MIEALQRLIEPQEIQ,0.8333333333333334,0.4,,,,,,False,5.244685413636383,,NP_067017,
ENSG00000198804,MT-CO1,ENST00000361624,ENSP00000354499,ENSP00000354499,MT-CO1,ENST00000361624,ENSP00000354499,ENSP00000354499,MPRRYSDYPDAYTTW,topological domain;transmembrane region,Mitochondrial intermembrane;Helical; Name=XII,False,3.5,5.249108717881269,DRNLNTTFFDPAGGG,topological domain,Mitochondrial intermembrane,False,5.0,7.796275803655412,CPPPYHTFEEPVYMK,topological domain,Mitochondrial matrix,False,6.0,2.5102755241119694,NP_009305.1,MPRRIPDYPDAFAGW,0.8333333333333334,0.6666666666666666,0.5943258127354969,0.0,0.7433272896320515,0.0,0.2566727103679485,False,4.579706956184184,4.0,YP_003024028,,NP_009305.1,DRNFNTSFFEVSGGG,0.525,0.6666666666666666,0.6795748850812218,0.0,0.7126917512560491,0.0,0.2873082487439508,False,1.3731672071523855,5.0,YP_003024028,,NP_009305.1,NASLDVAFHDTYYVV,0.3555555555555555,0.1333333333333333,0.6379175210212529,0.0,0.4471859839983105,0.0,0.5528140160016896,False,4.981940305207816,4.5,YP_003024028,
ENSG00000163527,STT3B,ENST00000295770,ENSP00000295770,ENSP00000295770,STT3B,ENST00000295770,ENSP00000295770,ENSP00000295770,TRNILDDFREAYFWL,topological domain,Lumenal,False,3.5,3.67325776466903,KDIRESDYFTPQGEF,topological domain,Lumenal,False,5.5,7.336344342086612,HHLASHGFYEFLNWF,topological domain,Lumenal,False,5.5,3.612955496459129,NP_011493.1,KLALIDDFREAYYWL,0.9047619047619048,0.6,0.7266489678996154,0.0,0.6395072668654561,0.0,0.3604927331345439,False,3.3023210612564613,3.5,NP_849193,XP_016861347,NP_011493.1,EEIKERDFYTAEGEY,0.6130952380952381,0.4,0.5330489326801096,0.0,0.2539756234161688,0.0,0.7460243765838311,False,0.268108152304083,3.0,NP_849193,XP_016861347,NP_011493.1,KYLVNNSFYKFLNWF,0.7000000000000001,0.5333333333333333,,,,,,False,6.445245976135125,,NP_849193,XP_016861347
ENSG00000198712,MT-CO2,ENST00000361739,ENSP00000354876,ENSP00000354876,MT-CO2,ENST00000361739,ENSP00000354876,ENSP00000354876,IMEELITFHDHALMX,transmembrane region,Helical; Name=I,False,5.0,7.301295161452966,SYMLPPLFLEPGDLR,topological domain,Mitochondrial intermembrane,False,5.5,1.0158023700763936,ATRPGVYYGQCSEIC,topological domain,Mitochondrial intermembrane,False,6.0,-0.7404104085674886,NP_009326.1,NQEGILELHDNIMFY,0.3944444444444444,0.2,,,,,,False,3.475876285787661,,YP_003024029,,NP_009326.1,EAVSLPKFLEWLNEQ,0.4005050505050505,0.2666666666666666,0.3352026252591777,0.0,0.2922549006373123,0.0,0.7077450993626876,False,3.228979216360581,7.0,YP_003024029,,NP_009326.1,IQREGVFYGACSELC,0.7083333333333334,0.6,,,,,,False,0.2039017102657022,,YP_003024029,
ENSG00000135776,ABCB10,ENST00000344517,ENSP00000355637,ENSP00000355637,ABCB10,ENST00000344517,ENSP00000355637,ENSP00000355637,VILNEKSFQGALEFK,topological domain,Mitochondrial matrix,False,5.0,-0.6725284496213596,YTNPTVDYSDNLTRL,topological domain,Mitochondrial matrix,False,5.5,0.3070976541721169,EREPKLPFNEGVILN,topological domain,Mitochondrial matrix,False,5.5,0.9328101206937024,NP_015053.2,STFYSEIMQGAGAAS,0.375,0.2,,,,,,False,-1.1818455003471289,,NP_036221,XP_011542437,NP_015053.2,DDQKKDDNDDNDNNH,0.4444444444444445,0.2,,,,,,False,3.3672066240133542,,NP_036221,XP_011542437,NP_015053.2,SLPSASPISKGSARS,0.3666666666666667,0.1333333333333333,,,,,,False,5.536235092145856,,NP_036221,XP_011542437
ENSG00000169021,UQCRFS1,ENST00000304863,ENSP00000306397,ENSP00000306397,UQCRFS1,ENST00000304863,ENSP00000306397,ENSP00000306397,AKNAVTQFVSSMSAS,transmembrane region;topological domain,Helical;Mitochondrial intermembrane,False,5.0,3.691557017603292,TDIKVPDFSEYRRLE,topological domain,Mitochondrial matrix,False,6.0,-3.750180393807292,LNLEVPTYEFTSDDM,topological domain,Mitochondrial intermembrane,False,6.0,0.8684154948522576,NP_010890.3,AKSTVETFISSMTAT,0.625,0.5333333333333333,0.5485266033913625,0.0,0.3724805388332186,0.0,0.6275194611667814,False,2.819092426847174,4.5,NP_005994,,NP_010890.3,CHGSHYDISGRIRKG,0.3777777777777777,0.2,,,,,,False,2.3990017870201203,,NP_005994,,NP_010890.3,LNLEIPAYEFDGDKV,0.638888888888889,0.6,,,,,,False,1.586329798265512,,NP_005994,
ENSG00000162461,SLC25A34,ENST00000294454,ENSP00000294454,ENSP00000294454,SLC25A34,ENST00000294454,ENSP00000294454,ENSP00000294454,SAAQLATFASAKAWV,transmembrane region,Helical; Name=4,False,4.5,4.566317498936724,NGVRFYCYSLACQAG,,,True,7.0,5.396498251292515,YPRPYHGFIASVAAV,transmembrane region,Helical; Name=2,False,7.0,-0.7801553785892241,NP_012802.1,QSVGVNVFSGAASGI,0.4166666666666667,0.1333333333333333,,,,,,False,4.116243214527489,,NP_997231,XP_016856572,NP_012802.1,EQTMKLVYSIESRVL,0.375,0.1333333333333333,,,,,,False,3.305782204620887,,NP_997231,XP_016856572,NP_012802.1,GSFVAGGLAACIAVT,0.4398148148148148,0.2,,,,,,False,8.117787441663006,,NP_997231,XP_016856572
ENSG00000111897,SERINC1,ENST00000339697,ENSP00000342962,ENSP00000342962,SERINC1,ENST00000339697,ENSP00000342962,ENSP00000342962,SLLSIIGYNTTSTVP,topological domain,Lumenal,False,5.5,5.790093412062909,GFWFXGTFTTVWFYV,topological domain;transmembrane region,Lumenal;Helical,False,6.5,1.3069843023835097,SLEDGDDVHRAVDNE,topological domain,Cytoplasmic,True,7.0,0.339800630687468,NP_010390.3,FTFIAIAYTTTRAAA,0.5,0.2666666666666666,0.4023128586448181,0.0,0.9171534780101562,0.0,0.0828465219898438,False,3.3930934716278864,6.0,NP_065806,,NP_010390.3,ILGSLFTFIAIAYTT,0.4880952380952381,0.1333333333333333,,,,,,False,10.585363368483108,,NP_065806,,NP_010390.3,GVKSTNDVRAALQNS,0.4583333333333333,0.2666666666666666,,,,,,False,0.535869526168387,,NP_065806,
ENSG00000116237,ICMT,ENST00000343813,ENSP00000343552,ENSP00000343552,ICMT,ENST00000489498,ENSP00000466222,ENSP00000343552,TGLLMVVFGECLRKA,transmembrane region,Helical,False,5.0,0.8840172024608257,LLNHSLEYTVAALSS,topological domain;transmembrane region,Cytoplasmic;Helical,False,6.0,4.705801642113284,SLFHYSEYLVTAVNN,transmembrane region;topological domain,Helical;Cytoplasmic,False,6.5,6.5352164024495885,NP_010698.1,LGCLLVILGQYTRTI,0.4773809523809524,0.3333333333333333,,,,,,False,-0.8139107426880251,,NP_036537,XP_011539442,NP_010698.1,PDLKIFSYSLATKLC,0.35,0.1333333333333333,,,,,,False,3.834715881529607,,NP_036537,XP_011539442,NP_010698.1,SLFHFLEYYITAKYN,0.5345238095238095,0.6,,,,,,False,3.84199708365148,,NP_036537,XP_011539442
ENSG00000181804,SLC9A9,ENST00000316549,ENSP00000320246,ENSP00000320246,SLC9A9,ENST00000474151,ENSP00000418627,ENSP00000320246,LKNGDFHFTDCLFFG,topological domain;transmembrane region,Lumenal;Helical; Name=5,False,4.5,2.786413273948878,GQLKNGDFHFTDCLF,topological domain;transmembrane region,Lumenal;Helical; Name=5,False,5.5,0.0,SQPKQMMFTTTLLLV,topological domain;transmembrane region,Lumenal;Helical; Name=13,False,5.5,1.1371758200090183,NP_010744.3,AVFPLSQFVNWIYRV,0.2355699855699855,0.0666666666666666,,,,,,False,2.815533258843321,,NP_775924,XP_016861691,NP_010744.3,ALGIQGEYKFTLLAT,0.3964285714285714,0.2,,,,,,False,0.8275728768697173,,NP_775924,XP_016861691,NP_010744.3,NPVTEEMFSSWALFI,0.5530303030303031,0.2,0.4273384125594716,0.0,0.1115265398561363,0.0,0.8884734601438636,True,3.61913492000557,6.5,NP_775924,XP_016861691
ENSG00000285246,NEDD8,ENST00000645521,ENSP00000495901,ENSP00000496420,NEDD8,ENST00000643069,ENSP00000496420,ENSP00000496420,SGKQMNDEKTAADYK,,,True,7.0,6.612893819081967,EIEIDIEPTDKVERI,,,True,7.5,-0.3783799108864336,DEKTAADYKILGGSV,,,True,8.0,4.216092975391717,NP_010423.4,QGKQIDDKLTVTDAH,0.45,0.4,,,,,,False,3.0879866477211624,,NP_006147,,NP_010423.4,LVYHIKELLEEKEGI,0.2666666666666666,0.2,,,,,,False,0.4778877279548619,,NP_006147,,NP_010423.4,DKLTVTDAHLVEGMQ,0.3541666666666667,0.2666666666666666,,,,,,False,4.356916629433456,,NP_006147,
ENSG00000154059,IMPACT,ENST00000284202,ENSP00000284202,ENSP00000284202,IMPACT,ENST00000284202,ENSP00000284202,ENSP00000284202,SSLKALDFDISETRT,,,True,5.5,1.8074155785992343,QVMLPNEYPGTAPPI,,,True,6.5,3.792636801525712,KKKTEEEDVECEDDL,,,True,6.5,-0.0296121262512781,NP_009985.1,PQHEYMTLQISFPTH,0.2761904761904762,0.1333333333333333,,,,,,False,-1.836555336238852,,NP_060909,,NP_009985.1,YMTLQISFPTHYPSE,0.3083333333333333,0.2,0.2171653765393943,0.0,0.3876981059423677,0.0,0.6123018940576324,False,1.373306820784981,6.5,NP_060909,,NP_009985.1,DHEQLVEELEAVEAI,0.5083333333333333,0.1333333333333333,,,,,,False,2.3749729810990265,,NP_060909,
ENSG00000283018,MRPS12,ENST00000634246,ENSP00000488926,ENSP00000489374,MRPS12,ENST00000634246,ENSP00000488926,ENSP00000489374,PALVPRLWATCSMAT,,,True,7.0,7.497665902698225,TGREAVCFIPGEGHT,,,True,7.5,3.4427352988158044,KLTVVRGKYDCGHVQ,,,True,8.0,10.18505341161786,NP_014434.1,FSSTTTMQATLNQIK,0.2916666666666667,0.1333333333333333,,,,,,False,3.3630293409621133,,NP_066930,,NP_014434.1,NGNVVSAYIPGEGHD,0.7380952380952381,0.4666666666666667,,,,,,False,5.39721515719359,,NP_066930,,NP_014434.1,NRISSRSKYGAKKPS,0.2722222222222222,0.2,,,,,,False,-0.0114196212582318,,NP_066930,
ENSG00000213995,NAXD,ENST00000680254,ENSP00000505619,ENSP00000504986,NAXD,ENST00000680254,ENSP00000505619,ENSP00000504986,QEYTGAPYFAAISAL,,,True,5.5,1.1287994209699552,VVGGCQEYTGAPYFA,,,True,6.0,0.974867239869381,LTPNHVEFSRLYDAV,,,True,6.5,0.7320972491841513,NP_012771.1,EDYTGAPYFSANATA,0.75,0.5333333333333333,0.4560718341757041,0.0,0.1780464828610555,0.0,0.8219535171389445,True,3.188075215048745,4.0,NP_001229810,,NP_012771.1,IIGGCEDYTGAPYFS,0.8888888888888888,0.6666666666666666,,,,,,False,0.755015664125288,,NP_001229810,,NP_012771.1,LTPNVVEFKRLCDAI,0.8333333333333334,0.7333333333333333,,,,,,False,0.7683456281255581,,NP_001229810,
ENSG00000156482,RPL30,ENST00000521291,ENSP00000428085,ENSP00000287038,RPL30,ENST00000521291,ENSP00000428085,ENSP00000287038,GTACGKYYRVCTLAI,,,True,7.0,0.3105539609676736,LRKSEIEYYAMLAKT,,,True,7.0,0.579821595843717,LGTACGKYYRVCTLA,,,True,8.0,2.38763062603679,NP_011485.1,GTAVGKLFRVGVVSI,0.3333333333333333,0.5333333333333333,,,,,,False,2.782391706692429,,NP_000980,,NP_011485.1,LRKSELEYYAMLSKT,0.875,0.8666666666666667,,,,,,False,-0.3444059223900979,,NP_000980,,NP_011485.1,LGTAVGKLFRVGVVS,0.5416666666666666,0.5333333333333333,,,,,,False,6.454736068727058,,NP_000980,
ENSG00000122026,RPL21,ENST00000311549,ENSP00000346027,ENSP00000346027,RPL21,ENST00000311549,ENSP00000346027,ENSP00000346027,APPREAHFVRTNGKE,,,True,7.0,3.468150091310517,LATYMRIYKKGDIVD,,,True,8.0,9.252654021389633,HGKTGRVYNVTQHAV,,,True,8.0,4.117421567622241,NP_009750.1,AQPRESRIVSTEGNV,0.4583333333333333,0.4666666666666667,,,,,,False,7.060028612819966,,NP_000973,,NP_015246.1,MSTYLKIYKVGDIVD,0.75,0.6666666666666666,,,,,,False,9.395636753480575,,NP_000973,,NP_009750.1,QGKTGVVYNVTKSSV,0.7916666666666666,0.6666666666666666,,,,,,False,0.4477309936491589,,NP_000973,
ENSG00000101421,CHMP4B,ENST00000217402,ENSP00000217402,ENSP00000217402,CHMP4B,ENST00000217402,ENSP00000217402,ENSP00000217402,MLSKKQEFLEKKIEQ,,,True,5.5,2.464096585333288,QQELAEEISTAISKP,,,True,7.0,2.8157894511319497,TLSTIEFQREALENA,,,True,7.0,3.807703262487435,NP_013125.1,KVEGTMESMEQQLFS,0.4333333333333333,0.1333333333333333,,,,,,False,-1.5138465342221008,,NP_789782,,NP_013125.1,QVELGDEISDAISRP,0.8055555555555557,0.6666666666666666,,,,,,False,0.0956003154151963,,NP_789782,,NP_013125.1,EELDMLAQENANQET,0.3166666666666666,0.1333333333333333,,,,,,False,1.1246274981809354,,NP_789782,
ENSG00000182512,GLRX5,ENST00000331334,ENSP00000328570,ENSP00000328570,GLRX5,ENST00000331334,ENSP00000328570,ENSP00000328570,QVYLNGEFVGGCDIL,,,True,5.5,-0.0403698008025659,PEQPQCGFSNAVVQI,,,True,6.5,-1.99040330518245,GGGGSAEQLDALVKK,,,True,7.5,0.0403198735743653,NP_015266.1,QLYVNKEFIGGCDVI,0.9583333333333334,0.6,,,,,,False,6.792278543965845,,NP_057501,,NP_015266.1,PEFPKCGFSRATIGL,0.7916666666666666,0.5333333333333333,,,,,,False,2.5460417881413444,,NP_057501,,NP_015266.1,ELADLLEEAQALVPE,0.525,0.2666666666666666,,,,,,False,2.430436460865872,,NP_057501,
ENSG00000274853,MRM1,ENST00000611231,ENSP00000478520,ENSP00000478520,MRM1,ENST00000611231,ENSP00000478520,ENSP00000478520,SPLRPRPWREAGEAS,,,True,5.5,4.092632475690648,STDDLTGFLQTKAQQ,,,True,6.0,1.6073535779135493,GAMEVMDVFSTDDLT,,,True,6.5,2.634790227819045,NP_014844.3,PFGGIEKGNRAPEPI,0.2444444444444444,0.1333333333333333,,,,,,False,1.0859325271217544,,NP_079140,,NP_014844.3,VEIAYLGDMDTSSAA,0.3583333333333333,0.1333333333333333,,,,,,False,-0.7391509025122927,,NP_079140,,NP_014844.3,DNPIFEYVYGTNSVY,0.3333333333333333,0.1333333333333333,,,,,,False,2.836970762749042,,NP_079140,
ENSG00000136942,RPL35,ENST00000373570,ENSP00000362671,ENSP00000259469,RPL35,ENST00000373570,ENSP00000362671,ENSP00000259469,QKENLRKFYKGKKYK,,,True,7.5,4.133530050410535,KENLRKFYKGKKYKP,,,True,9.0,2.2973712783811395,GGGGGMAKIKARDLR,,,True,9.5,-0.4870452284480159,NP_010090.1,QREAVRQLYKGKKYQ,0.7000000000000001,0.6,,,,,,False,1.4318150957878362,,NP_009140,,NP_010090.1,REAVRQLYKGKKYQP,0.8333333333333334,0.6,,,,,,False,2.854720899697164,,NP_009140,,NP_010090.1,DLKKELAELKVQKLS,0.4166666666666667,0.2,,,,,,False,1.3235161043436,,NP_009140,
ENSG00000154611,PSMA8,ENST00000415576,ENSP00000409284,ENSP00000311121,PSMA8,ENST00000415576,ENSP00000409284,ENSP00000311121,SAKTVREFLEKNYTE,,,True,5.5,2.2610133965106063,EDPVTVEYITRFIAT,,,True,7.0,5.614867136385682,QSNGRRPFGISALIV,,,True,7.0,3.319765311169076,NP_014604.1,NSKTVREFLEKNYDR,1.0,0.7333333333333333,,,,,,False,2.018009627157657,,NP_653263,,NP_014604.1,EDPVTVEYLTRYVAG,0.875,0.7333333333333333,,,,,,False,3.77117887441682,,NP_653263,,NP_014604.1,QSGGVRPFGVSTLIA,0.9583333333333334,0.6666666666666666,,,,,,False,-0.2337221254542325,,NP_653263,
ENSG00000112306,RPS12,ENST00000230050,ENSP00000230050,ENSP00000230050,RPS12,ENST00000230050,ENSP00000230050,ENSP00000230050,AKDVIEEYFKCKKGG,,,True,5.5,4.27115384816063,SNCDEPMYVKLVEAL,,,True,7.5,-0.0694555243350292,AAGGVMDVNTALQEV,,,True,8.0,0.8216779039228388,NP_015014.3,DAKQLGEWAGLGKID,0.1830808080808081,0.1333333333333333,,,,,,False,5.500810143820485,,NP_001007,,NP_015014.3,SSVTEANIIKLVEGL,0.5277777777777778,0.4666666666666667,,,,,,False,1.1895021716365957,,NP_001007,,NP_015014.3,NKVPLIKVADAKQLG,0.3555555555555555,0.2,,,,,,False,4.818118425671752,,NP_001007,
ENSG00000129559,NEDD8,ENST00000396828,ENSP00000380040,ENSP00000250495,NEDD8,ENST00000250495,ENSP00000250495,ENSP00000250495,SGKQMNDEKTAADYK,,,True,7.0,6.612893819081967,EIEIDIEPTDKVERI,,,True,7.5,-0.3783799108864336,DEKTAADYKILGGSV,,,True,8.0,4.216092975391717,NP_010423.4,QGKQIDDKLTVTDAH,0.45,0.4,,,,,,False,3.0879866477211624,,NP_006147,,NP_010423.4,LVYHIKELLEEKEGI,0.2666666666666666,0.2,,,,,,False,0.4778877279548619,,NP_006147,,NP_010423.4,DKLTVTDAHLVEGMQ,0.3541666666666667,0.2666666666666666,,,,,,False,4.356916629433456,,NP_006147,
ENSG00000223367,RPS18,ENST00000457341,ENSP00000412583,ENSP00000412583,RPS18,ENST00000457341,ENSP00000412583,ENSP00000412583,DGRRKIAFAITAIKG,,,True,7.0,9.312332955470826,AHRGLRHFWGLRVRG,,,True,8.0,4.1106619298937455,FLNRQKDVKDGKYSQ,,,True,8.5,5.422347818232699,NP_010738.1,DGNIKIVYALTTIKG,0.6547619047619048,0.6,,,,,,False,3.3561906732722613,,NP_072045,,NP_010738.1,AHRGIRHFWGLRVRG,1.0,0.9333333333333332,,,,,,False,2.566715924118165,,NP_072045,,NP_010738.1,FLNRQNDITDGKDYH,0.5083333333333333,0.6,,,,,,False,3.826341069393089,,NP_072045,
ENSG00000235650,RPS18,ENST00000454021,ENSP00000416110,ENSP00000416110,RPS18,ENST00000454021,ENSP00000416110,ENSP00000416110,DGRRKIAFAITAIKG,,,True,7.0,9.312332955470826,AHRGLRHFWGLRVRG,,,True,8.0,4.1106619298937455,FLNRQKDVKDGKYSQ,,,True,8.5,5.422347818232699,NP_010738.1,DGNIKIVYALTTIKG,0.6547619047619048,0.6,,,,,,False,3.3561906732722613,,NP_072045,,NP_010738.1,AHRGIRHFWGLRVRG,1.0,0.9333333333333332,,,,,,False,2.566715924118165,,NP_072045,,NP_010738.1,FLNRQNDITDGKDYH,0.5083333333333333,0.6,,,,,,False,3.826341069393089,,NP_072045,
ENSG00000173614,NMNAT1,ENST00000403197,ENSP00000385131,ENSP00000385131,NMNAT1,ENST00000403197,ENSP00000385131,ENSP00000366410,TNMHLRLFELAKDYM,,,True,5.5,2.7318773866297468,VPDLVQEYIEKHNLY,,,True,6.0,3.511260713726976,RPGRKRKWTETQDSS,,,True,6.5,4.864112377096898,NP_013432.1,TYLHLRMFEMALDAI,0.7999999999999999,0.5333333333333333,,,,,,False,4.135803172383721,,NP_073624,XP_011540273,NP_011524.1,LPNSVIRYIQEYNLY,0.6,0.4666666666666667,,,,,,False,7.196207260618994,,NP_073624,XP_011540273,NP_013432.1,WESLQPSYTRTAKVL,0.3476190476190475,0.1333333333333333,,,,,,False,6.973035620023956,,NP_073624,XP_011540273
ENSG00000226225,RPS18,ENST00000434122,ENSP00000403175,ENSP00000403175,RPS18,ENST00000434122,ENSP00000403175,ENSP00000403175,DGRRKIAFAITAIKG,,,True,7.0,9.312332955470826,AHRGLRHFWGLRVRG,,,True,8.0,4.1106619298937455,FLNRQKDVKDGKYSQ,,,True,8.5,5.422347818232699,NP_010738.1,DGNIKIVYALTTIKG,0.6547619047619048,0.6,,,,,,False,3.3561906732722613,,NP_072045,,NP_010738.1,AHRGIRHFWGLRVRG,1.0,0.9333333333333332,,,,,,False,2.566715924118165,,NP_072045,,NP_010738.1,FLNRQNDITDGKDYH,0.5083333333333333,0.6,,,,,,False,3.826341069393089,,NP_072045,
ENSG00000227794,RPS18,ENST00000440980,ENSP00000392349,ENSP00000392349,RPS18,ENST00000440980,ENSP00000392349,ENSP00000392349,DGRRKIAFAITAIKG,,,True,7.0,9.312332955470826,GRRKIAFAITAIKGG,,,True,9.5,2.844709230495364,SLVIPEKFQHILRVL,,,True,9.5,3.995873196667726,NP_010738.1,DGNIKIVYALTTIKG,0.6547619047619048,0.6,,,,,,False,3.3561906732722613,,NP_072045,,NP_010738.1,GNIKIVYALTTIKGV,0.6547619047619048,0.5333333333333333,,,,,,False,1.93881026625051,,NP_072045,,NP_010738.1,VVQEQGSFQHILRLL,0.8333333333333334,0.4666666666666667,,,,,,False,-1.899629575913416,,NP_072045,
ENSG00000176273,SLC35G1,ENST00000371408,ENSP00000360462,ENSP00000360462,SLC35G1,ENST00000483386,ENSP00000473766,ENSP00000400932,XMGKSVDYFLSIWYY,transmembrane region,Helical,False,5.5,-0.0432221660835117,MGKSVDYFLSIWYYX,transmembrane region,Helical,False,7.0,2.8765371402326987,TXSGMEESYSGHLKG,transmembrane region,Helical,False,7.5,4.139835979798235,NP_015059.1,FMSPTLTIFLSFLLL,0.3416666666666666,0.2666666666666666,,,,,,False,-0.8535956240847307,,NP_001128130,,NP_015059.1,FFGVFGMYFSLMYLS,0.4547619047619047,0.1333333333333333,0.3644011150803359,0.0,0.291606193432998,0.0,0.7083938065670019,False,6.165921379404065,6.5,NP_001128130,,NP_015059.1,EALGSLISFSGVVLI,0.5,0.2666666666666666,,,,,,False,1.3020207566898951,,NP_001128130,
ENSG00000096150,RPS18,ENST00000211372,ENSP00000211372,ENSP00000211372,RPS18,ENST00000211372,ENSP00000211372,ENSP00000211372,DGRRKIAFAITAIKG,,,True,7.0,9.312332955470826,AHRGLRHFWGLRVRG,,,True,8.0,4.1106619298937455,FLNRQKDVKDGKYSQ,,,True,8.5,5.422347818232699,NP_010738.1,DGNIKIVYALTTIKG,0.6547619047619048,0.6,,,,,,False,3.3561906732722613,,NP_072045,,NP_010738.1,AHRGIRHFWGLRVRG,1.0,0.9333333333333332,,,,,,False,2.566715924118165,,NP_072045,,NP_010738.1,FLNRQNDITDGKDYH,0.5083333333333333,0.6,,,,,,False,3.826341069393089,,NP_072045,
ENSG00000262814,MRPL12,ENST00000333676,ENSP00000333837,ENSP00000333837,MRPL12,ENST00000333676,ENSP00000333837,ENSP00000333837,LGLRAAAFRLARRQV,,,True,7.0,5.106639196535264,QEAVEEDIPIAKERT,,,True,7.5,2.043293505278039,GAVPAAAAQEAVEED,,,True,7.5,1.2597145759214523,NP_011447.1,LAKRSSSIWMKTRVT,0.1962121212121212,0.2,,,,,,False,8.05460966956567,,NP_002940,,NP_011447.1,TPALISPITITTRFN,0.2761904761904762,0.2,,,,,,False,3.097097778366485,,NP_002940,,NP_011447.1,GEAGSGAEEEAKPEA,0.5095238095238096,0.3333333333333333,,,,,,False,-1.5196372698773066,,NP_002940,
ENSG00000233927,RPS28,ENST00000600659,ENSP00000472469,ENSP00000472469,RPS28,ENST00000600659,ENSP00000472469,ENSP00000472469,CTQVRVEFMDDTSRS,,,True,7.0,1.6624879272932298,VLTLLESEREARRLR,,,True,8.5,2.6905142214168065,GPVREGDVLTLLESE,,,True,9.0,3.270158473105903,NP_013366.1,VTQVRVEFLEDTSRT,0.8166666666666668,0.7333333333333333,,,,,,False,-0.0676318715046445,,NP_001022,XP_047295157,NP_013366.1,ILVLMESEREARRLR,1.0,0.8,,,,,,False,2.3045277199729104,,NP_001022,XP_047295157,NP_013366.1,GPVRENDILVLMESE,0.7916666666666666,0.7333333333333333,,,,,,False,2.8061885171359733,,NP_001022,XP_047295157
ENSG00000132603,NIP7,ENST00000569637,ENSP00000463739,ENSP00000254940,NIP7,ENST00000254940,ENSP00000254940,ENSP00000254940,DPMAIVVFHQADIGE,,,True,6.0,4.214859760545707,HQADIGEYVRHEETL,,,True,7.0,0.6963047421120814,RLHNDRVYYVSEKIM,,,True,7.0,-0.3415241308154629,NP_015113.1,QPTGIVAFRQADIGE,0.6666666666666666,0.6666666666666666,,,,,,False,4.129692180998725,,NP_057185,,NP_015113.1,RQADIGEYLRDEDTL,0.5694444444444445,0.7333333333333333,,,,,,False,0.8478532094933229,,NP_057185,,NP_015113.1,RLQKDRVYYVPDHVA,0.6220238095238095,0.5333333333333333,,,,,,False,8.176993347623936,,NP_057185,
ENSG00000115268,RPS15,ENST00000233609,ENSP00000473953,ENSP00000467466,RPS15,ENST00000233609,ENSP00000473953,ENSP00000467466,IGHYLGEFSITYKPV,,,True,6.5,3.973181517145377,SYEQLMQLYSARQRR,,,True,8.0,5.27731095365176,GVYNGKTFNQVEIKP,,,True,8.0,3.173825461872676,NP_014602.1,LGHYLGEFSITYTPV,0.7999999999999999,0.8666666666666667,,,,,,False,3.984601138403609,,NP_001009,,NP_014602.1,PAGFMKKLRAAKLAA,0.2583333333333333,0.1333333333333333,,,,,,False,3.9457420674084247,,NP_001009,,NP_014602.1,GIYNGKAFNQVEIRP,0.8333333333333334,0.8,,,,,,False,3.2598980664189394,,NP_001009,
ENSG00000168393,DTYMK,ENST00000305784,ENSP00000304802,ENSP00000304802,DTYMK,ENST00000305784,ENSP00000304802,ENSP00000304802,YAFSGVAFTGAKENF,,,True,5.5,0.3212593233580305,ERYENGAFQERALRC,,,True,7.5,1.822128246692168,HRAELLRFPERSTEI,,,True,8.0,2.9790184940674926,NP_012591.1,YVYSGVAYSAAKGTN,0.3908730158730158,0.4666666666666667,,,,,,False,0.0035581230720868,,NP_036277,,NP_012591.1,ERYETVKFQEKVKQT,0.4666666666666666,0.4666666666666667,,,,,,False,-2.068128656943667,,NP_036277,,NP_012591.1,PNCKLLKFPERSTRI,0.9,0.6,,,,,,False,2.443040584348638,,NP_036277,
ENSG00000130332,LSM7,ENST00000587502,ENSP00000485007,ENSP00000252622,LSM7,ENST00000587502,ENSP00000485007,ENSP00000252622,MRDPDDQYKLTEDTR,,,True,6.0,0.5300865224487856,DKTIRVKFQGGREAS,,,True,7.0,0.5030807227786154,SILDLSKYIDKTIRV,,,True,7.0,7.326409814811464,NP_014252.2,VLDDTVEYMSNPDDE,0.2833333333333333,0.2,0.4197189219617837,0.0,0.2699281205620636,0.0,0.7300718794379364,False,0.4344518542441207,5.0,NP_057283,,NP_014252.2,PQQQRKKFEGPKREA,0.5190476190476191,0.2666666666666666,,,,,,False,1.9313304778682985,,NP_057283,,NP_014252.2,AILDLAKYKDSKIRV,0.5666666666666667,0.6666666666666666,0.5269057991019237,0.0,0.3022290212170287,0.0,0.6977709787829712,False,5.084678319740991,6.0,NP_057283,
ENSG00000049541,RFC2,ENST00000352131,ENSP00000275627,ENSP00000055077,RFC2,ENST00000352131,ENSP00000275627,ENSP00000055077,EDIIGNIFRVCKTFQ,,,True,5.5,-0.1446099691318803,FINSENVFKVCDEPH,,,True,5.5,0.1522264270874124,DSDPAPAFSKAPGSA,,,True,6.0,2.8136094069784003,NP_014547.1,LVNADNVFKIVDSPH,0.4833333333333333,0.1333333333333333,,,,,,False,0.3864288681716836,,NP_852136,XP_047276640,NP_014547.1,LVNADNVFKIVDSPH,0.5833333333333334,0.5333333333333333,,,,,,False,0.3864288681716836,,NP_852136,XP_047276640,NP_014547.1,IVILDEADSMTAGAQ,0.3833333333333333,0.2,,,,,,False,2.967390585587605,,NP_852136,XP_047276640
ENSG00000231500,RPS18,ENST00000474973,ENSP00000434837,ENSP00000393241,RPS18,ENST00000439602,ENSP00000393241,ENSP00000393241,DGRRKIAFAITAIKG,,,True,7.0,9.312332955470826,AHRGLRHFWGLRVRG,,,True,8.0,4.1106619298937455,FLNRQKDVKDGKYSQ,,,True,8.5,5.422347818232699,NP_010738.1,DGNIKIVYALTTIKG,0.6547619047619048,0.6,,,,,,False,3.3561906732722613,,NP_072045,,NP_010738.1,AHRGIRHFWGLRVRG,1.0,0.9333333333333332,,,,,,False,2.566715924118165,,NP_072045,,NP_010738.1,FLNRQNDITDGKDYH,0.5083333333333333,0.6,,,,,,False,3.826341069393089,,NP_072045,
ENSG00000174547,MRPL11,ENST00000310999,ENSP00000308897,ENSP00000308897,MRPL11,ENST00000310999,ENSP00000308897,ENSP00000308897,GQPTVSYFLKAAAGI,,,True,6.5,7.526626099580609,LVTLKHVYEIARIKA,,,True,7.0,3.30938792314538,INQFCKEFNERTKDI,,,True,7.0,-1.8213892130722995,NP_014214.1,SPPTGYLLLKALKMD,0.425,0.3333333333333333,,,,,,False,3.188039295688614,,NP_057134,,NP_014214.1,ELSLKHVYEIAKIKK,1.0,0.6666666666666666,,,,,,False,4.136960800015098,,NP_057134,,NP_014214.1,AIDFCKEFNARSANY,0.5833333333333334,0.4666666666666667,,,,,,False,0.7777104905778118,,NP_057134,
ENSG00000141552,ANAPC11,ENST00000571570,ENSP00000458143,ENSP00000460064,ANAPC11,ENST00000571570,ENSP00000458143,ENSP00000460064,CGICRMAFNGCCPDC,,,True,6.5,-0.3520200023707913,WGQCSHCFHMHCILK,,,True,8.0,3.650156341155328,RMAFNGCCPDCKVPG,,,True,8.5,0.709130275487306,NP_010276.3,CGICRASYNGTCPSC,0.5797619047619048,0.6666666666666666,,,,,,False,0.3864017601001199,,NP_057560,,NP_010276.3,IGLCHHNFHDHCIYR,0.5,0.5333333333333333,0.3113964722072888,0.0,0.2739161075661236,0.0,0.7260838924338763,False,3.821218276979658,6.0,NP_057560,,NP_010276.3,RASYNGTCPSCKFPG,0.4388888888888889,0.6,,,,,,False,1.309458271147265,,NP_057560,
ENSG00000166595,CIAO2B,ENST00000568572,ENSP00000462376,ENSP00000387471,CIAO2B,ENST00000422424,ENSP00000387471,ENSP00000387471,EDEQVPDSIDAREIF,,,True,5.5,1.1088497364392036,AGEEDEQVPDSIDAR,,,True,6.5,-0.5530253791915412,ENANPLIYQRSGERP,,,True,6.5,-2.1077341350665995,NP_011990.1,KEEEEPDLIDAQEIY,0.75,0.5333333333333333,,,,,,False,-0.0786915555057076,,NP_057146,,NP_011990.1,VNLEDIDVHDSGNQN,0.4861111111111111,0.3333333333333333,,,,,,False,1.9956563847863409,,NP_057146,,NP_011990.1,FSNEATLERRSLLLK,0.2583333333333333,0.1333333333333333,,,,,,False,3.556818494796344,,NP_057146,
ENSG00000275713,H2BC9,ENST00000619466,ENSP00000479169,ENSP00000479169,H2BC9,ENST00000619466,ENSP00000479169,ENSP00000479169,GKKRKRSRKESYSVY,,,True,8.0,5.28753063286311,AHYNKRSTITSREIQ,,,True,8.0,-0.0579600840174771,KRSRKESYSVYVYKV,,,True,8.5,-0.22589210332166,NP_010510.3,GKKRSKARKETYSSY,0.7416666666666667,0.6666666666666666,,,,,,False,2.616652775535385,,NP_003515,,NP_010510.3,AAYNKKSTISAREIQ,0.75,0.7333333333333333,,,,,,False,1.4354262622533738,,NP_003515,,NP_010510.3,SKARKETYSSYIYKV,0.6166666666666667,0.6,0.2110992207517112,0.0,0.6575347781144105,0.0,0.3424652218855895,False,1.6942289198619966,7.0,NP_003515,
ENSG00000100664,EIF5,ENST00000560338,ENSP00000453633,ENSP00000376477,EIF5,ENST00000216554,ENSP00000216554,ENSP00000376477,DENIEVVYSKAASVP,,,True,5.5,7.338238824542948,LDGFIKKFVLCPECE,,,True,6.0,0.2565184240228211,IPHILKEMYDADLLE,,,True,6.5,3.408087291967934,NP_015366.1,LPSDVELYKKAAELD,0.5416666666666666,0.2666666666666666,,,,,,False,3.320515024212521,,NP_892116,,NP_015366.1,LDGFINKFVLCGSCK,0.8333333333333334,0.7333333333333333,,,,,,False,0.197402917200681,,NP_892116,,NP_015366.1,LPKILVQLYNNDIIS,0.3722222222222222,0.3333333333333333,,,,,,False,6.187801840169722,,NP_892116,
ENSG00000221983,UBA52,ENST00000596304,ENSP00000472264,ENSP00000472264,UBA52,ENST00000596304,ENSP00000472264,ENSP00000388107,GGGGMQIFVKTLTGK,,,True,6.5,2.495523623160894,TITLEVEPSDTIENV,,,True,6.5,0.7227021108966778,DGRTLSDYNIQKEST,,,True,7.0,5.129930047481079,NP_013020.3,QIFVKTLTGKTITLE,0.4333333333333333,0.2,,,,,,False,3.21268672594039,,NP_001029102,XP_005260109,NP_013020.3,TITLEVESSDTIDNV,0.6805555555555555,0.8666666666666667,,,,,,False,0.7227021108966778,,NP_001029102,XP_005260109,NP_013020.3,DGRTLSDYNIQKEST,1.0,1.0,,,,,,False,5.129930047481079,,NP_001029102,XP_005260109
ENSG00000161980,POLR3K,ENST00000293860,ENSP00000293860,ENSP00000293860,POLR3K,ENST00000293860,ENSP00000293860,ENSP00000293860,ADEPMTTFYKCCNAQ,,,True,4.5,6.871486766054295,DEPMTTFYKCCNAQC,,,True,6.0,0.1047708734903998,GGGGMLLFCPGCGNG,,,True,7.5,2.5275832880246907,NP_010330.1,ADEPMTTFYKCVNCG,1.0,0.8,,,,,,False,5.559103931166425,,NP_057394,,NP_010330.1,DEPMTTFYKCVNCGH,0.625,0.7333333333333333,,,,,,False,2.2854953784504577,,NP_057394,,NP_010330.1,SCNNMLLITSGDSGV,0.2583333333333333,0.2666666666666666,,,,,,False,3.799018379645735,,NP_057394,
ENSG00000196911,KPNA5,ENST00000413340,ENSP00000396791,ENSP00000348704,KPNA5,ENST00000697696,ENSP00000513403,ENSP00000348704,YGLDKIEFLQSHENQ,,,True,5.0,-1.3740247576186269,SHENQEIYQKAFDLI,,,True,5.5,-0.7465258058627755,EILQKAEFRTRKEAA,,,True,6.0,0.7427493422596851,NP_014210.1,VVPRLVEFMRENQPE,0.5,0.1333333333333333,,,,,,False,6.133954284769938,,NP_002260,,NP_014210.1,QNENDKIYEKAYKII,0.7000000000000001,0.4666666666666667,,,,,,False,0.0699184674729415,,NP_002260,,NP_014210.1,KLLEVAEYKTKKEAC,0.7047619047619048,0.4666666666666667,,,,,,False,2.1599583276919043,,NP_002260,
ENSG00000166441,RPL27A,ENST00000531978,ENSP00000433259,ENSP00000346015,RPL27A,ENST00000531978,ENSP00000433259,ENSP00000346015,HLKRNQSFCPTVNLD,,,True,6.5,7.640024912337848,PVIVKAKFFSRRAEE,,,True,7.5,5.0463283929520255,HRINFDKYHPGYFGK,,,True,8.0,1.893313454019501,NP_011412.1,HKQQAHFWKPVLNLD,0.1929292929292929,0.3333333333333333,,,,,,False,11.281738685610442,,NP_000981,,NP_011412.1,PVIVKARFVSKLAEE,0.5916666666666667,0.7333333333333333,,,,,,False,5.007425211735761,,NP_000981,,NP_011412.1,HRINMDKYHPGYFGK,1.0,0.9333333333333332,,,,,,False,4.637602756616698,,NP_000981,
ENSG00000139410,SDSL,ENST00000403593,ENSP00000385790,ENSP00000341117,SDSL,ENST00000403593,ENSP00000385790,ENSP00000341117,ETHGAHCFNAAITAG,,,True,6.0,3.647386044660238,VQLTGKVWDEANLRA,,,True,6.5,2.485828969815789,QVAGMPVFLKCENVQ,,,True,6.5,9.429710917426974,NP_001018030.1,ASSGGNAGFAAATAC,0.3333333333333333,0.3333333333333333,,,,,,False,3.94764921203418,,NP_612441,,NP_001018030.1,VIVSGAYWKEADTFL,0.4095238095238095,0.3333333333333333,,,,,,False,1.3161651323596264,,NP_612441,,NP_001018030.1,GKASAQFFLKYECLQ,0.369047619047619,0.4,,,,,,False,0.8397723546659055,,NP_612441,
ENSG00000197728,RPS26,ENST00000356464,ENSP00000348849,ENSP00000496643,RPS26,ENST00000356464,ENSP00000348849,ENSP00000496643,RDISEASVFDAYVLP,,,True,7.0,1.7739386985262282,EAAAVRDISEASVFD,,,True,7.5,0.2204667904490895,DISEASVFDAYVLPK,,,True,7.5,0.9447566713005272,NP_011326.1,EAAAVRDLSEASVYP,0.3583333333333333,0.2,,,,,,False,-0.2917932337180025,,NP_001020,,NP_011326.1,EAAAVRDLSEASVYP,0.9166666666666666,0.8,,,,,,False,-0.2917932337180025,,NP_001020,,NP_011326.1,DLSEASVYPEYALPK,0.5142857142857143,0.6666666666666666,0.6002937778153766,0.0,0.1680329698806552,0.0,0.8319670301193448,True,4.33923499543298,6.0,NP_001020,
ENSG00000163918,RFC4,ENST00000433496,ENSP00000399769,ENSP00000296273,RFC4,ENST00000433496,ENSP00000399769,ENSP00000296273,AEKIDGVFAACQSGS,,,True,6.0,-1.9026522231021044,DLRKAITFLQSATRL,,,True,6.0,6.905421839684889,GGGGMQAFLKGTSIS,,,True,7.0,2.095852230947932,NP_012602.3,KKRKISKLAAEQSLA,0.3,0.2666666666666666,,,,,,False,4.00027479851256,,NP_853551,,NP_012602.3,DLRRGITLLQSASKG,0.7083333333333334,0.6,,,,,,False,6.212426514577408,,NP_853551,,NP_012602.3,DLRRGITLLQSASKG,0.3666666666666667,0.1333333333333333,,,,,,False,6.212426514577408,,NP_853551,
ENSG00000143771,CNIH4,ENST00000366858,ENSP00000355823,ENSP00000355823,CNIH4,ENST00000366858,ENSP00000355823,ENSP00000420443,VFXLECDYINARSCC,,,True,5.5,-1.065345994306547,PSGNMGVFDPTEIHN,,,True,7.0,5.4966125677997,LECDYINARSCCSKL,,,True,8.0,-0.6432684030231854,NP_011461.1,YADLEADYINPIELC,0.6428571428571429,0.4666666666666667,,,,,,False,2.228765188424956,,NP_054903,XP_047274579,NP_011461.1,IYNKVQLLDATEIFR,0.5,0.2666666666666666,,,,,,False,4.319214950981627,,NP_054903,XP_047274579,NP_011461.1,PEAALHGALSLLFLL,0.1527777777777778,0.2666666666666666,,,,,,False,4.442413870473244,,NP_054903,XP_047274579
ENSG00000136463,TACO1,ENST00000258975,ENSP00000258975,ENSP00000258975,TACO1,ENST00000258975,ENSP00000258975,ENSP00000258975,IEAGAEDVKETEDEE,,,True,6.5,1.1720540876348593,APGRTLHFTAAVPAG,,,True,6.5,2.9202402901663884,DEEERNVFKFICDAS,,,True,6.5,-0.1437170146766579,NP_011535.1,LTTALEDIDEVTSLY,0.4305555555555555,0.2,,,,,,False,2.192682895094201,,NP_057444,,NP_011535.1,FFDKKGYVTMVPPKM,0.3059523809523809,0.1333333333333333,,,,,,False,0.3477062298928962,,NP_057444,,NP_011535.1,LANKNNVSKKVIENA,0.3416666666666666,0.2,,,,,,False,2.073300628923253,,NP_057444,
ENSG00000278619,MRM1,ENST00000614766,ENSP00000481559,ENSP00000481559,MRM1,ENST00000614766,ENSP00000481559,ENSP00000481559,SPLRPRPWREAGEAS,,,True,5.5,4.092632475690648,STDDLTGFLQTKAQQ,,,True,6.0,1.6073535779135493,GAMEVMDVFSTDDLT,,,True,6.5,2.634790227819045,NP_014844.3,PFGGIEKGNRAPEPI,0.2444444444444444,0.1333333333333333,,,,,,False,1.0859325271217544,,NP_079140,XP_011523577,NP_014844.3,VEIAYLGDMDTSSAA,0.3583333333333333,0.1333333333333333,,,,,,False,-0.7391509025122927,,NP_079140,XP_011523577,NP_014844.3,DNPIFEYVYGTNSVY,0.3333333333333333,0.1333333333333333,,,,,,False,2.836970762749042,,NP_079140,XP_011523577
ENSG00000083845,RPS5,ENST00000601521,ENSP00000470114,ENSP00000196551,RPS5,ENST00000601521,ENSP00000470114,ENSP00000196551,GGGGMTEWETAAPAV,,,True,6.0,9.67152331403692,NDISLQDYIAVKEKY,,,True,7.0,3.983320937748894,GRYAAKRFRKAQCPI,,,True,7.5,4.307084606455429,NP_012657.1,PVEVQEDFEVVEEFT,0.2166666666666666,0.0666666666666666,,,,,,False,3.231677253696139,,NP_001000,,NP_012657.1,KDASLVDYVQVRQPI,0.6583333333333333,0.4,,,,,,False,3.9917604679351415,,NP_001000,,NP_012657.1,GRYANKRFRKAQCPI,1.0,0.9333333333333332,,,,,,False,1.309469068652906,,NP_001000,
ENSG00000128626,MRPS12,ENST00000308018,ENSP00000308845,ENSP00000384952,MRPS12,ENST00000308018,ENSP00000308845,ENSP00000384952,PALVPRLWATCSMAT,,,True,7.0,7.497665902698225,TGREAVCFIPGEGHT,,,True,7.5,3.4427352988158044,KLTVVRGKYDCGHVQ,,,True,8.0,10.18505341161786,NP_014434.1,FSSTTTMQATLNQIK,0.2916666666666667,0.1333333333333333,,,,,,False,3.3630293409621133,,NP_066930,,NP_014434.1,NGNVVSAYIPGEGHD,0.7380952380952381,0.4666666666666667,,,,,,False,5.39721515719359,,NP_066930,,NP_014434.1,NRISSRSKYGAKKPS,0.2722222222222222,0.2,,,,,,False,-0.0114196212582318,,NP_066930,
ENSG00000087191,PSMC5,ENST00000579708,ENSP00000464405,ENSP00000310572,PSMC5,ENST00000310144,ENSP00000310572,ENSP00000310572,ARMVRELFVMAREHA,,,True,5.5,2.2538332303205286,VHVTQEDFEMAVAKV,,,True,5.5,1.4573807071456295,GSGLRQYYLSKIEEL,,,True,6.5,1.3309055142154618,NP_011467.1,SRMVRELFVMAREHA,1.0,0.9333333333333332,,,,,,False,2.2538332303205286,,NP_002796,,NP_011467.1,IHVTQEDFELAVGKV,0.75,0.8,,,,,,False,1.4573807071456295,,NP_002796,,NP_011467.1,ESGIKPYFEQKIQET,0.3833333333333333,0.4,,,,,,False,0.0342553693782572,,NP_002796,
ENSG00000116251,RPL22,ENST00000234875,ENSP00000346088,ENSP00000346088,RPL22,ENST00000234875,ENSP00000346088,ENSP00000346088,ESYELRYFQINQDEE,,,True,7.5,1.7210848205714564,THPVEDGIMDAANFE,,,True,8.0,11.245884472968434,WLRVVANSKESYELR,,,True,8.0,3.036806571539421,NP_013162.1,NEYRLAFYQVTPEED,0.5130952380952382,0.2666666666666666,,,,,,False,5.369999177802249,,NP_000974,,NP_013162.1,SSPTENGVFDPASYA,0.4761904761904762,0.3333333333333333,,,,,,False,6.686290998478674,,NP_000974,,NP_013162.1,LAFYQVTPEEDEEED,0.3428571428571428,0.1333333333333333,,,,,,False,-0.9655081676844004,,NP_000974,
