ensembl_gene_id,external_gene_name_x,ensembl_transcript_id_best_novel,ensembl_peptide_id_best_novel,4896_Host_Match_ensembl_peptide_id_x,external_gene_name_y,ensembl_transcript_id_best_classical,ensembl_peptide_id_best_classical,4896_Host_Match_ensembl_peptide_id_y,4896_Host_Match_Classical_1st_motif,4896_Host_Match_Classical_1st_motif_topology_type,4896_Host_Match_Classical_1st_motif_topology_description,4896_Host_Match_Classical_1st_motif_topology_accessible,4896_Host_Match_Classical_1st_total_motif_score,4896_Host_Match_Classical_1st_motif_specificity_score,4896_Host_Match_Classical_2nd_motif,4896_Host_Match_Classical_2nd_motif_topology_type,4896_Host_Match_Classical_2nd_motif_topology_description,4896_Host_Match_Classical_2nd_motif_topology_accessible,4896_Host_Match_Classical_2nd_total_motif_score,4896_Host_Match_Classical_2nd_motif_specificity_score,4896_Host_Match_Classical_3rd_motif,4896_Host_Match_Classical_3rd_motif_topology_type,4896_Host_Match_Classical_3rd_motif_topology_description,4896_Host_Match_Classical_3rd_motif_topology_accessible,4896_Host_Match_Classical_3rd_total_motif_score,4896_Host_Match_Classical_3rd_motif_specificity_score,4896_homolog_vs_Classical_1st_motif_id_best,4896_homolog_vs_Classical_1st_motif_best,4896_homolog_vs_Classical_1st_motif_similarity_best,4896_homolog_vs_Classical_1st_motif_identity_best,4896_homolog_vs_Classical_1st_motif_best_binding_model_score,4896_homolog_vs_Classical_1st_motif_best_positive_model_score,4896_homolog_vs_Classical_1st_motif_best_suboptimal_model_score,4896_homolog_vs_Classical_1st_motif_best_forbidden_model_score,4896_homolog_vs_Classical_1st_motif_best_total_model_score,4896_homolog_vs_Classical_1st_motif_best_model_call,4896_homolog_vs_Classical_1st_motif_best_specificity_score,4896_homolog_vs_Classical_1st_motif_classical_score,4896_homolog_vs_Classical_1st_match_refseq,4896_homolog_vs_Classical_1st_match_refseq_predicted,4896_homolog_vs_Classical_2nd_motif_id_best,4896_homolog_vs_Classical_2nd_motif_best,4896_homolog_vs_Classical_2nd_motif_similarity_best,4896_homolog_vs_Classical_2nd_motif_identity_best,4896_homolog_vs_Classical_2nd_motif_best_binding_model_score,4896_homolog_vs_Classical_2nd_motif_best_positive_model_score,4896_homolog_vs_Classical_2nd_motif_best_suboptimal_model_score,4896_homolog_vs_Classical_2nd_motif_best_forbidden_model_score,4896_homolog_vs_Classical_2nd_motif_best_total_model_score,4896_homolog_vs_Classical_2nd_motif_best_model_call,4896_homolog_vs_Classical_2nd_motif_best_specificity_score,4896_homolog_vs_Classical_2nd_motif_classical_score,4896_homolog_vs_Classical_2nd_match_refseq,4896_homolog_vs_Classical_2nd_match_refseq_predicted,4896_homolog_vs_Classical_3rd_motif_id_best,4896_homolog_vs_Classical_3rd_motif_best,4896_homolog_vs_Classical_3rd_motif_similarity_best,4896_homolog_vs_Classical_3rd_motif_identity_best,4896_homolog_vs_Classical_3rd_motif_best_binding_model_score,4896_homolog_vs_Classical_3rd_motif_best_positive_model_score,4896_homolog_vs_Classical_3rd_motif_best_suboptimal_model_score,4896_homolog_vs_Classical_3rd_motif_best_forbidden_model_score,4896_homolog_vs_Classical_3rd_motif_best_total_model_score,4896_homolog_vs_Classical_3rd_motif_best_model_call,4896_homolog_vs_Classical_3rd_motif_best_specificity_score,4896_homolog_vs_Classical_3rd_motif_classical_score,4896_homolog_vs_Classical_3rd_match_refseq,4896_homolog_vs_Classical_3rd_match_refseq_predicted
ENSG00000041802,LSG1,ENST00000265245,ENSP00000265245,ENSP00000265245,LSG1,ENST00000265245,ENSP00000265245,ENSP00000265245,TDEDDSEYEDCPEEE,,,True,1.5,-0.6829622648426483,PEEEEDDWQTCSEED,,,True,3.5,1.2634090684928796,EQSSLDDFLATAELA,,,True,4.0,7.113127690257446,NP_593948.1,NTAELGEVEFIAEKQ,0.3333333333333333,0.2,,,,,,False,6.9333087819672805,,NP_060855,,NP_593948.1,ANERGEDLETYESTS,0.269047619047619,0.2,,,,,,False,-1.2629601919416469,,NP_060855,,NP_593948.1,HETDLDEFLNTAELG,0.6777777777777777,0.5333333333333333,,,,,,False,6.05721445484026,,NP_060855,
ENSG00000110048,OSBP,ENST00000263847,ENSP00000263847,ENSP00000263847,OSBP,ENST00000263847,ENSP00000263847,ENSP00000263847,DEDDENEFFDAPEII,,,True,0.0,-0.98136692177282,THIYRGEYWECKEKQ,,,True,2.5,-1.1755953289943064,RLTEDLEYHELLDRA,,,True,4.5,-0.9864734482594152,NP_595710.1,YLMRHNEFNDAIDLN,0.638888888888889,0.3333333333333333,0.5843914773715523,0.0,0.5150850059241391,0.0,0.4849149940758609,False,3.415800925669072,2.5,NP_002547,,NP_595710.1,YWQFNNEYWKIREEA,0.6583333333333333,0.2666666666666666,,,,,,False,-0.3955931851768134,,NP_002547,,NP_595710.1,RVAEDMEYTELLDQA,0.7666666666666666,0.6666666666666666,0.4003930170413117,0.0,0.4542770711655666,0.0,0.5457229288344334,False,-2.543309117775584,5.0,NP_002547,
ENSG00000132002,DNAJB1,ENST00000676577,ENSP00000503351,ENSP00000254322,DNAJB1,ENST00000254322,ENSP00000254322,ENSP00000254322,EPGAEEKFKEIAEAY,,,True,5.0,3.1886643104182246,GGGMGKDYYQTLGLA,,,True,5.5,0.0,PHAMFAEFFGGRNPF,,,True,5.5,4.6850396349935615,NP_588477.1,NPNGEKKFKEISLAY,0.7083333333333334,0.6,0.5726600014855203,0.0,0.482374579767674,0.0,0.517625420232326,False,0.0608367010527042,7.0,NP_006136,,NP_588477.1,RRKLYDQYGITEGNA,0.2916666666666667,0.2666666666666666,,,,,,False,1.7437712983078055,,NP_006136,,NP_588477.1,MPGGFANMFGGGGAG,0.5,0.3333333333333333,,,,,,False,0.1446162341079919,,NP_006136,
ENSG00000117597,UTP25,ENST00000491415,ENSP00000419005,ENSP00000419005,UTP25,ENST00000491415,ENSP00000419005,ENSP00000419005,SQTSPEEFTDAKHES,,,True,3.5,2.760264043379148,EKKRDFDFLSSIELL,,,True,3.5,5.204390348541895,GVGDDDDFRDQGLTR,,,True,4.5,-1.62116020253827,NP_588547.1,SQNPELEFRDQGYTR,0.4809523809523808,0.3333333333333333,0.51968382099173,0.0,0.5459653123426624,0.0,0.4540346876573375,False,1.0132512206548336,5.5,NP_055203,XP_006711338,NP_588547.1,DKKRDLDYLSSIEIA,0.9047619047619048,0.6666666666666666,0.327237537335449,0.0,0.7485360950805657,0.0,0.2514639049194343,False,2.810575314381246,4.0,NP_055203,XP_006711338,NP_588547.1,SQNPELEFRDQGYTR,0.7095238095238096,0.4666666666666667,0.51968382099173,0.0,0.5459653123426624,0.0,0.4540346876573375,False,1.0132512206548336,5.5,NP_055203,XP_006711338
ENSG00000114302,PRKAR2A,ENST00000265563,ENSP00000265563,ENSP00000265563,PRKAR2A,ENST00000265563,ENSP00000265563,ENSP00000265563,EEQLVKMFGSSVDLG,,,True,4.5,1.0023496088049275,KRKMFESFIESVPLL,,,True,4.5,-2.4058713544510235,QYDNRGSFGELALMY,,,True,6.0,2.614837881298796,NP_594274.1,KPTFNRLLGNAIDLM,0.4861111111111111,0.2,,,,,,False,-0.1036122192945227,,NP_004148,XP_011532245,NP_594274.1,QRMLYESLLEEVPIL,0.5833333333333334,0.4666666666666667,,,,,,False,-1.4247624270014825,,NP_004148,XP_011532245,NP_594274.1,TISPGEYFGELALMY,0.7857142857142857,0.5333333333333333,0.4449280608022345,0.0,0.1859754280259846,0.0,0.8140245719740153,True,2.371127112576921,6.0,NP_004148,XP_011532245
ENSG00000177084,POLE,ENST00000320574,ENSP00000322570,ENSP00000322570,POLE,ENST00000320574,ENSP00000322570,ENSP00000322570,GDFFDWPFVEARAAV,,,True,4.0,0.3570154071204052,MVTYNGDFFDWPFVE,,,True,4.5,0.0740977494183248,TTKLPLKFPDAETDQ,,,True,4.5,0.6768601200933713,NP_596354.1,GDFFDWPFVDARAAF,0.888888888888889,0.8666666666666667,0.5939016835246166,0.0,0.3481001202632705,0.0,0.6518998797367295,False,1.721110746906231,4.0,NP_006222,XP_011533097,NP_596354.1,IVTYNGDFFDWPFVD,1.0,0.8666666666666667,0.3897432005783565,0.0,0.1675928078566382,0.0,0.8324071921433618,True,0.0740977494183248,4.5,NP_006222,XP_011533097,NP_596354.1,TTKLPLKFPDSSFDK,0.6527777777777778,0.7333333333333333,0.7661086802194759,0.0,0.5813735884972664,0.0,0.4186264115027336,False,-0.1761619624416084,5.5,NP_006222,XP_011533097
ENSG00000136930,PSMB7,ENST00000259457,ENSP00000259457,ENSP00000259457,PSMB7,ENST00000441097,ENSP00000393157,ENSP00000259457,EAIAAGIFNDLGSGS,,,True,6.0,2.6545611326294702,TTIAGVVYKDGIVLG,,,True,6.0,0.1555834027484761,PPVGGFSFDNCRRNA,,,True,6.5,1.6884633512011151,NP_594544.1,EAIEAGIFNDLGSGS,1.0,0.9333333333333332,0.4838702347820367,0.0,0.0493657005912713,0.0,0.9506342994087286,True,2.6545611326294702,5.5,NP_002790,,NP_594544.1,TTIVGVIAKDCIVLG,0.4861111111111111,0.7333333333333333,,,,,,False,2.1708720867035245,,NP_002790,,NP_594544.1,IFNDLGSGSNCDLVV,0.3333333333333333,0.2,,,,,,False,5.794889986366089,,NP_002790,
ENSG00000101146,RAE1,ENST00000371242,ENSP00000360286,ENSP00000379181,RAE1,ENST00000371242,ENSP00000360286,ENSP00000379181,GTSGTSMFGSATTDN,,,True,4.0,3.5104243318350314,SWDKTLKFWDTRSSN,,,True,4.5,0.9323751815923924,LFGTTSGFGTSGTSM,,,True,5.0,2.0779054905247007,NP_596784.1,SIAFHPQYGTFSTAG,0.3825396825396825,0.1333333333333333,0.4983218117324327,0.0,0.2402933794669735,0.0,0.7597066205330265,True,1.430044157227302,7.0,NP_001015885,XP_005260640,NP_596784.1,GSDGTFSFWDKDSHQ,0.6333333333333333,0.4,,,,,,False,1.6401299191226424,,NP_001015885,XP_005260640,NP_596784.1,CVRFVEAMGTSPILA,0.4583333333333333,0.2,,,,,,False,2.406549209171976,,NP_001015885,XP_005260640
ENSG00000108039,XPNPEP1,ENST00000369683,ENSP00000358697,ENSP00000421566,XPNPEP1,ENST00000502935,ENSP00000421566,ENSP00000421566,PCDCRRAFVSGFDGS,,,True,5.0,2.174214210296964,FRRQQADFVDLSFPT,,,True,5.5,0.2439472059893799,LIDSGAQYKDGTTDV,,,True,5.5,1.325339690027071,XP_001713044.1,DADARRAFISGFDGS,0.9583333333333334,0.7333333333333333,0.6106409203151126,0.0,0.7034649578765191,0.0,0.296535042123481,False,1.4533156818643047,5.0,NP_065116,XP_011538436,XP_001713044.1,LVGDHDNLVDIVWGA,0.4595959595959596,0.1333333333333333,,,,,,False,0.2905402947521005,,NP_065116,XP_011538436,XP_001713044.1,LCDSGAQYKDGTTDV,1.0,0.9333333333333332,0.8454733158141855,0.0,0.1307590234235728,0.0,0.8692409765764273,True,1.4237185348156949,5.5,NP_065116,XP_011538436
ENSG00000140400,MAN2C1,ENST00000569482,ENSP00000455998,ENSP00000267978,MAN2C1,ENST00000569482,ENSP00000455998,ENSP00000267978,LFDDVPLYWDAWDVM,,,True,3.0,3.637168695228789,LMPHKGSFQDAGVIQ,,,True,4.0,-0.5825540220699362,SFPHHTFFWEGLDGS,,,True,4.0,0.4867615305986914,NP_593979.1,LFEDTPLSWQAWDTE,0.5833333333333334,0.6,,,,,,False,-1.0450092682755674,,NP_006706,,NP_593979.1,IPISELSHMKATISL,0.4041666666666666,0.1333333333333333,,,,,,False,2.76640876462564,,NP_006706,,NP_593979.1,TEENKLVYFESCDGK,0.3908730158730158,0.2,0.768479865329017,0.0,0.6538300229933394,0.0,0.3461699770066606,False,-2.1419116895992643,3.5,NP_006706,
ENSG00000196367,TRRAP,ENST00000446306,ENSP00000403708,ENSP00000347733,TRRAP,ENST00000446306,ENSP00000403708,ENSP00000347733,GPSITVEFSDCKASL,,,True,3.5,-0.2090523013065282,QPSALNCFVEAMSQC,,,True,4.0,1.4563008854166797,KPKQTTEFYEQESIT,,,True,4.0,-1.4273825865292222,NP_595777.1,MEYIQREYSHIIALI,0.5089285714285715,0.2666666666666666,,,,,,False,-0.0922338138670599,,NP_003487,,NP_595777.1,AYATIACFISAYDTP,0.625,0.2,0.5112320055280771,0.0,0.177274152656914,0.0,0.822725847343086,True,5.484693889906396,4.0,NP_003487,,NP_595777.1,SKVPKKQYLEQYSSF,0.5964285714285714,0.2,0.3707680989800063,0.0,0.6015269935946433,0.0,0.3984730064053566,False,0.3600697499295096,6.5,NP_003487,
ENSG00000182400,TRAPPC6B,ENST00000347691,ENSP00000335171,ENSP00000330289,TRAPPC6B,ENST00000347691,ENSP00000335171,ENSP00000330289,MKFICKDFWTTVFKK,,,True,4.0,1.806809715664097,NEMVSGVYKSAEQGE,,,True,5.5,3.656264006806076,QMSAGKQYLEHASKY,,,True,6.5,3.2347048714722377,NP_592831.2,MRFLCRELWPIVFRK,0.3345238095238095,0.4666666666666667,,,,,,False,0.7193688813477153,,NP_001073005,,NP_592831.2,EAEASAVETSANQAQ,0.5666666666666667,0.3333333333333333,,,,,,False,1.3405612211187827,,NP_001073005,,NP_592831.2,SIESDFQMLESIGFQ,0.425,0.2,,,,,,False,0.621651393911732,,NP_001073005,
ENSG00000178814,OPLAH,ENST00000618853,ENSP00000480476,ENSP00000480476,OPLAH,ENST00000618853,ENSP00000480476,ENSP00000480476,LSEDPANYADAPTEG,,,True,4.0,-1.26695638702123,LGNAHMGYYETVAGG,,,True,4.5,-1.0101287164820638,VDKMTQCYFEGGYQE,,,True,5.0,0.212763191026635,NP_592810.1,LSEDPSNYKDASIEA,0.5916666666666667,0.6666666666666666,1.0081837818812636,0.0,0.1508740036003923,0.0,0.8491259963996076,True,3.4485468444461027,4.0,NP_060040,XP_047277649,NP_592810.1,EVKPGFGYYETICGG,0.8333333333333334,0.4666666666666667,0.5240962886402937,0.0,0.5558393108220017,0.0,0.4441606891779983,False,0.5713992318757162,4.5,NP_060040,XP_047277649,NP_592810.1,AHPGPVCYRKGGYLT,0.6,0.3333333333333333,,,,,,False,1.8920915029415133,,NP_060040,XP_047277649
ENSG00000171960,PPIH,ENST00000677900,ENSP00000504595,ENSP00000306614,PPIH,ENST00000677307,ENSP00000504781,ENSP00000306614,STNGCQFFITCSKCD,,,True,5.5,0.4979183444137411,PSTNGCQFFITCSKC,,,True,5.5,1.1568420126105288,SPVNPVVFFDVSIGG,,,True,5.5,4.094507603749273,NP_595437.1,DSNGCQFFITTVPCD,0.6095238095238095,0.6666666666666666,0.2322507839733845,0.0,0.140749880231795,0.0,0.859250119768205,True,1.0639557078291708,5.5,NP_006338,XP_047286822,NP_595437.1,KDSNGCQFFITTVPC,0.75,0.6,,,,,,False,1.7132096817857918,,NP_006338,XP_047286822,NP_595437.1,MSTEPVVFMDIAIDG,0.7916666666666666,0.4666666666666667,0.7384532317807802,0.0,0.0620876429603576,0.0,0.9379123570396424,True,7.035351249082675,6.0,NP_006338,XP_047286822
ENSG00000183773,AIFM3,ENST00000399167,ENSP00000382120,ENSP00000382120,AIFM3,ENST00000399167,ENSP00000382120,ENSP00000382120,LALRPKEFFRAYGIE,,,True,4.5,4.069216413917314,KSLRYAGYGEGFDDV,,,True,5.0,1.1725971797279582,EELKFVAFYTKGDEV,,,True,5.0,0.1680382855773835,XP_001713117.2,GGVKVDEHCRVLGAE,0.4421296296296296,0.2666666666666666,,,,,,False,1.916498564738455,,NP_653305,,XP_001713117.2,PHVCIIGGGKGASVA,0.45,0.2,,,,,,False,9.294167336858846,,NP_653305,,XP_001713117.2,SDYKFACFFTKGEKV,0.65,0.4666666666666667,,,,,,False,1.630856228460558,,NP_653305,
ENSG00000168827,GFM1,ENST00000486715,ENSP00000419038,ENSP00000419038,GFM1,ENST00000486715,ENSP00000419038,ENSP00000419038,VPAVEKGFLDACEKG,,,True,3.5,2.458056515999527,TGKPKVAFRETITAP,,,True,4.5,-1.0158051552938572,VDSNEISFIRAGEGA,,,True,4.5,0.0971140821222811,NP_595472.2,ISAFRTAFLQANPMV,0.4761904761904762,0.2666666666666666,,,,,,False,0.6851468514544076,,NP_079272,,NP_595472.2,TGKPRVAFRETLSKK,0.875,0.6666666666666666,0.5684040393536921,0.0,0.5673248863924193,0.0,0.4326751136075806,False,-1.448908831042313,4.5,NP_079272,,NP_595472.2,SMFSYSSDIRALTKG,0.5499999999999999,0.2666666666666666,,,,,,False,1.3887094125354935,,NP_079272,
ENSG00000196365,LONP1,ENST00000360614,ENSP00000353826,ENSP00000353826,LONP1,ENST00000360614,ENSP00000353826,ENSP00000353826,IGGQWRGFWEASSRG,,,True,3.5,-1.8946181651694725,ENVVHEDFQVTEEVK,,,True,4.5,4.935198023597915,PAENKKDFYDLAAFI,,,True,4.5,4.449806992888316,NP_593035.1,RRPLFPGFYKAIVTK,0.4976190476190476,0.2,,,,,,False,-0.0465397396069882,,NP_004784,,NP_593035.1,LEPMAAEFNITRNYL,0.525,0.1333333333333333,,,,,,False,5.887976518106418,,NP_004784,,NP_593035.1,KEVLDRDHYGLKDVK,0.3958333333333332,0.2,,,,,,False,2.7289011936640644,,NP_004784,
ENSG00000280548,FBL,ENST00000630954,ENSP00000486271,ENSP00000487390,FBL,ENST00000625241,ENSP00000487390,ENSP00000487390,GGRGGGGFHSGGNRG,,,True,5.5,4.618014640326434,IAMVDVIFADVAQPD,,,True,6.5,6.884942896983424,KPGAKVLYLGAASGT,,,True,6.5,3.304114804829289,NP_596229.1,SRGGRGGFNGGRGGF,0.5277777777777778,0.3333333333333333,,,,,,False,-0.9392995547522384,,NP_001427,,NP_596229.1,VGMVDVVFADVAQPD,0.9583333333333334,0.8,0.8002933770721138,0.0,0.1346988001655044,0.0,0.8653011998344956,True,6.645397786763878,6.5,NP_001427,,NP_596229.1,KPGARVLYLGAANGT,0.8611111111111112,0.8666666666666667,,,,,,False,7.626988791078151,,NP_001427,
ENSG00000105202,FBL,ENST00000595545,ENSP00000472419,ENSP00000221801,FBL,ENST00000221801,ENSP00000221801,ENSP00000221801,GGRGGGGFHSGGNRG,,,True,5.5,4.618014640326434,IAMVDVIFADVAQPD,,,True,6.5,6.884942896983424,KPGAKVLYLGAASGT,,,True,6.5,3.304114804829289,NP_596229.1,SRGGRGGFNGGRGGF,0.5277777777777778,0.3333333333333333,,,,,,False,-0.9392995547522384,,NP_001427,XP_011524925,NP_596229.1,VGMVDVVFADVAQPD,0.9583333333333334,0.8,0.8002933770721138,0.0,0.1346988001655044,0.0,0.8653011998344956,True,6.645397786763878,6.5,NP_001427,XP_011524925,NP_596229.1,KPGARVLYLGAANGT,0.8611111111111112,0.8666666666666667,,,,,,False,7.626988791078151,,NP_001427,XP_011524925
ENSG00000291356,IARS1,ENST00000707248,ENSP00000516807,ENSP00000516808,IARS1,ENST00000707248,ENSP00000516807,ENSP00000516808,PFENKREFEDAFPAD,,,True,3.5,0.2899086388534329,KHKPKFTFYDGPPFA,,,True,4.0,2.4980154924639493,FMQSLIGFFETEMAA,,,True,4.0,3.794448384037022,NP_595569.1,PFERIEEFKHGFPAD,0.5125000000000001,0.6,,,,,,False,4.018129506418653,,NP_038203,,NP_595569.1,QGRPTYTFFDGPPFA,0.9166666666666666,0.6,0.5303822085366355,0.0,0.3382036309120382,0.0,0.6617963690879618,False,2.216553884908145,4.0,NP_038203,,NP_595569.1,RCQSLIGFVDEEMKQ,0.4805555555555556,0.5333333333333333,,,,,,False,5.241337037333926,,NP_038203,
ENSG00000196305,IARS1,ENST00000443024,ENSP00000406448,ENSP00000364794,IARS1,ENST00000443024,ENSP00000406448,ENSP00000364794,PFENKREFEDAFPAD,,,True,3.5,0.2899086388534329,KHKPKFTFYDGPPFA,,,True,4.0,2.4980154924639493,FMQSLIGFFETEMAA,,,True,4.0,3.794448384037022,NP_595569.1,PFERIEEFKHGFPAD,0.5125000000000001,0.6,,,,,,False,4.018129506418653,,NP_038203,,NP_595569.1,QGRPTYTFFDGPPFA,0.9166666666666666,0.6,0.5303822085366355,0.0,0.3382036309120382,0.0,0.6617963690879618,False,2.216553884908145,4.0,NP_038203,,NP_595569.1,RCQSLIGFVDEEMKQ,0.4805555555555556,0.5333333333333333,,,,,,False,5.241337037333926,,NP_038203,
ENSG00000142534,RPS11,ENST00000594493,ENSP00000471873,ENSP00000270625,RPS11,ENST00000270625,ENSP00000270625,ENSP00000270625,YKNIGLGFKTPKEAI,,,True,6.0,3.0644367072893326,SVHLSPCFRDVQIGD,,,True,6.5,4.6989101203390895,KEAIEGTYIDKKCPF,,,True,6.5,-0.0786915555057079,NP_594003.1,YKDVGLGFKTPAEAI,1.0,0.8,0.5442276751354479,0.0,0.7518609957531293,0.0,0.2481390042468707,False,8.838330766679118,6.0,NP_001006,,NP_594003.1,KGAGRRWYKDVGLGF,0.5244588744588744,0.2,0.6006131890797064,0.0,0.5886501036246471,0.0,0.4113498963753528,False,1.887151523381845,7.0,NP_001006,,NP_594003.1,AEAIYGEYVDKKCPF,0.7583333333333333,0.7333333333333333,,,,,,False,0.029817841407239,,NP_001006,
ENSG00000134440,NARS1,ENST00000256854,ENSP00000256854,ENSP00000256854,NARS1,ENST00000256854,ENSP00000256854,ENSP00000256854,VKKEDGTFYEFGEDI,,,True,4.0,-1.1183173938112103,RPFKRMNYSDAIVWL,,,True,5.0,0.5668404969234291,GHELSCDFWELIGLA,,,True,5.0,-0.4267401334817468,NP_595125.1,FELPFVNFGEFLEII,0.5833333333333334,0.3333333333333333,0.3969185857177764,0.0,0.1922749249987293,0.0,0.8077250750012707,True,-1.4897183990814238,5.5,NP_004530,XP_005266757,NP_595125.1,AIIDSTNFRDSRVRV,0.5916666666666667,0.2,0.6006221176985178,0.0,0.2608067380266522,0.0,0.7391932619733477,False,-0.7469625823477225,4.5,NP_004530,XP_005266757,NP_595125.1,GSMRISDIQELLAAY,0.4333333333333333,0.2666666666666666,,,,,,False,3.870341389325521,,NP_004530,XP_005266757
ENSG00000166377,ATP9B,ENST00000426216,ENSP00000398076,ENSP00000398076,ATP9B,ENST00000426216,ENSP00000398076,ENSP00000398076,GVTEETEFAEADQDF,topological domain,Cytoplasmic,True,2.5,-0.5611628075290225,ANRKRAAYYSAAGPR,topological domain,Cytoplasmic,True,4.5,5.133938492141649,LKYYEHEFVELACQC,topological domain,Cytoplasmic,True,5.5,3.0767782851133,NP_593720.1,ADYSVKEFSHVSRLL,0.4083333333333334,0.1333333333333333,,,,,,False,1.952152018415651,,NP_940933,XP_016881220,NP_593720.1,KKDLSAEEYSAFSLA,0.3999999999999999,0.2666666666666666,,,,,,False,1.4870173474352013,,NP_940933,XP_016881220,NP_593720.1,IGYLQNEFIDIVSDL,0.5555555555555556,0.2,0.3745345602996111,0.0,0.2188486946371103,0.0,0.7811513053628897,True,-0.3159334275883176,5.0,NP_940933,XP_016881220
ENSG00000100934,SEC23A,ENST00000537403,ENSP00000444193,ENSP00000306881,SEC23A,ENST00000537403,ENSP00000444193,ENSP00000306881,DDPSSFRFSETFSLY,,,True,4.5,1.887167034361822,YMVMGDSFNTSLFKQ,,,True,5.0,-0.6143823273942027,TGHVIDIYACALDQT,,,True,6.0,3.4609796913963766,NP_587900.1,FLLSRLNPSETHNTT,0.4325396825396825,0.2666666666666666,,,,,,False,3.386261304677964,,NP_006355,XP_005267319,NP_587900.1,YLVLSDSFTTSIFKQ,0.8333333333333334,0.6666666666666666,0.2857596224877801,0.0,0.3109378017245062,0.0,0.6890621982754938,False,0.4192469655234621,5.0,NP_006355,XP_005267319,NP_587900.1,NGHAVDILAGCLDQI,0.375,0.5333333333333333,,,,,,False,-0.3491386001978626,,NP_006355,XP_005267319
ENSG00000100412,ACO2,ENST00000676748,ENSP00000503371,ENSP00000216254,ACO2,ENST00000676748,ENSP00000503371,ENSP00000216254,ANPETHAFVTSPEIV,,,True,4.5,-0.2285917755222966,KFNPETDYLTGTDGK,,,True,4.5,1.6994760222172007,TILLNHTFNETQIEW,,,True,4.5,1.8476139788834176,NP_594031.2,ANPATHAFVTSPDIV,0.8888888888888888,0.8666666666666667,0.3321451204530729,0.0,0.4485085893196311,0.0,0.5514914106803688,False,-0.2285917755222966,4.5,NP_001089,,NP_594031.2,EANKLKDQLTGEYKT,0.5619047619047619,0.3333333333333333,,,,,,False,5.351915123199508,,NP_001089,,NP_594031.2,STKLNHTFNKDQIEW,0.6722222222222222,0.6666666666666666,,,,,,False,2.8699834446478043,,NP_001089,
ENSG00000172840,PDP2,ENST00000311765,ENSP00000309548,ENSP00000309548,PDP2,ENST00000311765,ENSP00000309548,ENSP00000309548,TSTEEDDFHLQLSPE,,,True,5.0,-0.7900130900045563,PHYYTPPYLTAEPEV,,,True,5.5,0.9795159042785806,AVSERLFYYVAVSLM,,,True,5.5,0.1666730799881448,NP_593268.2,DGIFRYDFNQVASND,0.3777777777777777,0.2,,,,,,False,6.134080981441997,,NP_065837,,NP_593268.2,IPVKTPPYVTAVPEI,0.875,0.5333333333333333,0.6133141523063379,0.0,0.2324906007213052,0.0,0.7675093992786948,True,0.5142225853921372,5.5,NP_065837,,NP_593268.2,VFKRNNFKYVAIAAS,0.6416666666666667,0.2666666666666666,,,,,,False,3.6820360072766887,,NP_065837,
ENSG00000107036,RIC1,ENST00000414202,ENSP00000416696,ENSP00000416696,RIC1,ENST00000414202,ENSP00000416696,ENSP00000416696,QAEEEEPFQDGTYDC,,,True,4.0,0.3201512847026373,RQHATLLFNTALEQG,,,True,4.0,-0.767011008486953,IYPLAVLFEDALVLG,,,True,4.5,3.1531989405509986,NP_594607.2,NKMEYAHIQIGVYPF,0.3333333333333333,0.2666666666666666,,,,,,False,1.4414590543566097,,NP_065880,XP_011516269,NP_594607.2,LDPEKRLLKTALELL,0.6666666666666666,0.3333333333333333,,,,,,False,0.6214893187749939,,NP_065880,XP_011516269,NP_594607.2,SKKTWFLYKDANMEQ,0.6380952380952382,0.2,0.7441765858724204,0.0,0.3753648380105074,0.0,0.6246351619894925,False,6.890907124283146,5.0,NP_065880,XP_011516269
ENSG00000142892,PIGK,ENST00000359130,ENSP00000352041,ENSP00000359848,PIGK,ENST00000359130,ENSP00000352041,ENSP00000359848,GGNGFLKFQDSEEIT,topological domain,Lumenal,False,4.5,-0.6793434350946667,XDQAEQFFRSGHTNN,topological domain,Lumenal,False,5.0,1.9026160504500709,KNVLITDFFGSVRKV,topological domain,Lumenal,False,5.5,1.732729206557253,NP_588198.1,GGDGFIKFQDAEELS,0.875,0.6666666666666666,0.5523582224862257,0.0,0.3898472958207283,0.0,0.6101527041792717,False,0.0801879057545504,4.0,NP_005473,,NP_588198.1,TANVLGIYRSVKRLG,0.2464285714285714,0.1333333333333333,0.8251657060157422,0.0,0.503152642068738,0.0,0.496847357931262,False,8.821857261606716,8.0,NP_005473,,NP_588198.1,DDILITDFFGNVRDI,0.8611111111111112,0.6,,,,,,False,2.190176379583704,,NP_005473,
ENSG00000095059,DHPS,ENST00000210060,ENSP00000210060,ENSP00000210060,DHPS,ENST00000594424,ENSP00000471886,ENSP00000210060,DAQPVKVYADASLVF,,,True,5.0,3.8237116394419,YRALLEAFGTTGFQA,,,True,5.5,2.408977339608384,YINTAQEFDGSDSGA,,,True,5.5,3.751775016994644,NP_595146.1,DAKKVKVYGEVSLLF,0.5666666666666667,0.6,0.69726582885579,0.0,0.3074267187720686,0.0,0.6925732812279314,False,0.7855185558069961,7.0,NP_001921,,NP_595146.1,VEELVESYGKIGFQA,0.3714285714285714,0.4666666666666667,,,,,,False,-0.5127147292162275,,NP_001921,,NP_595146.1,YINSANEFDGSDAGA,0.875,0.8,,,,,,False,2.8568934997914663,,NP_001921,
ENSG00000132361,CLUH,ENST00000435359,ENSP00000388872,ENSP00000498679,CLUH,ENST00000435359,ENSP00000388872,ENSP00000498679,LHYIMGDYAEALSNQ,,,True,3.5,1.911869145531073,VYESKAEFRSALQHE,,,True,4.0,1.489356926580697,IFKVHSDFTAAATRG,,,True,5.0,7.686608384340065,NP_595319.2,LEVVLDPYTERESKY,0.4428571428571429,0.2666666666666666,,,,,,False,4.009296388993952,,NP_056044,,NP_595319.2,LMVLNKDSRSALHAV,0.4722222222222221,0.2666666666666666,,,,,,False,4.46472920446814,,NP_056044,,NP_595319.2,AEHWLSEFTALAVNQ,0.525,0.3333333333333333,,,,,,False,12.418920062230807,,NP_056044,
ENSG00000078142,PIK3C3,ENST00000262039,ENSP00000262039,ENSP00000262039,PIK3C3,ENST00000262039,ENSP00000262039,ENSP00000262039,QETCSDLYVTCQVFA,,,True,4.5,0.6735214151498679,IPETATLFKSALMPA,,,True,4.5,8.924026419880661,MLKFSGLYQETCSDL,,,True,5.0,-1.5864355301127582,NP_594699.1,SNEELLLYLLQLVQA,0.3999999999999999,0.2666666666666666,,,,,,False,1.4390247282022184,,NP_002638,XP_047293505,NP_594699.1,IPDACTVFKSTMQPL,0.5416666666666666,0.4666666666666667,0.5388475867411588,0.0,0.391976663604077,0.0,0.6080233363959229,False,2.6669105082610702,5.5,NP_002638,XP_047293505,NP_594699.1,KSVEGRLIRETLSAQ,0.6583333333333333,0.2666666666666666,,,,,,False,-1.3830943336938708,,NP_002638,XP_047293505
ENSG00000149743,TRPT1,ENST00000394547,ENSP00000378051,ENSP00000378050,TRPT1,ENST00000394547,ENSP00000378051,ENSP00000378050,GFLLPKYFKEALQLR,,,True,4.5,-1.10844207031065,LADGIPFFRSANGVI,,,True,5.0,7.571523046930206,SHCEIAVFIDGPLAL,,,True,5.5,1.7648315719836876,NP_594515.2,LKAKLYIFEENEQME,0.4361111111111111,0.2,0.2774128475598893,0.0,0.4972504940156211,0.0,0.5027495059843788,False,3.97659135439244,6.5,NP_001153861,,NP_594515.2,MQDGVEFYRSENGVI,0.7047619047619048,0.6,,,,,,False,6.304680793873645,,NP_001153861,,NP_594515.2,IREDGYIEVDSILKL,0.4833333333333333,0.2,,,,,,False,0.1956633591243484,,NP_001153861,
ENSG00000067704,IARS2,ENST00000366922,ENSP00000355889,ENSP00000355889,IARS2,ENST00000366922,ENSP00000355889,ENSP00000355889,QDILDIWFDSGTSWS,,,True,5.0,1.441326168918309,GQDILDIWFDSGTSW,,,True,5.0,5.362354490207596,PDQRADLYLEGKDQL,,,True,5.0,3.1385009431027697,NP_587938.1,TETLDVWFDSGTSWT,1.0,0.6666666666666666,0.6008781828939275,0.0,0.516693484522266,0.0,0.483306515477734,False,0.9201935714889208,4.5,NP_060530,,NP_587938.1,GTETLDVWFDSGTSW,0.9583333333333334,0.7333333333333333,,,,,,False,6.6937983422926335,,NP_060530,,NP_587938.1,NKPLIDLCLEGSDQH,0.7962962962962963,0.4666666666666667,,,,,,False,0.505445493773721,,NP_060530,
ENSG00000118520,ARG1,ENST00000672233,ENSP00000499826,ENSP00000349446,ARG1,ENST00000672233,ENSP00000499826,ENSP00000349446,PVVGGLTYREGLYIT,,,True,5.5,-0.6140637766566563,VDGLDPSFTPATGTP,,,True,5.5,-0.7091749014915762,VAITLACFGLAREGN,,,True,5.5,5.281325196106171,NP_595133.1,RVPGGLTFREAMYIC,0.75,0.6,0.5549674932367871,0.0,0.4646327394311056,0.0,0.5353672605688944,False,-0.3075310971532781,4.0,NP_001231367,,NP_595133.1,VDACDPIVAPATGTR,0.375,0.6,,,,,,False,0.0716777843005745,,NP_001231367,,NP_595133.1,TMHDVDKYGIARVVE,0.3047619047619047,0.2,,,,,,False,4.279877916293966,,NP_001231367,
ENSG00000166986,MARS1,ENST00000537638,ENSP00000446168,ENSP00000262027,MARS1,ENST00000537638,ENSP00000446168,ENSP00000262027,YLCGTDEYGTATETK,,,True,3.5,1.1524161259344798,GVCPFCGYEEARGDQ,,,True,5.0,-1.2151322470764665,EDKVFYVWFDATIGY,,,True,5.5,10.101199683304946,NP_595586.1,YICGTDEYGTATETK,1.0,0.9333333333333332,0.7999910124895108,0.0,0.0900182424044863,0.0,0.9099817575955136,True,0.4109158536110261,3.5,NP_004981,XP_047284807,NP_595586.1,GTCPKCGYDDARGDQ,0.7777777777777778,0.7333333333333333,0.5959015075466084,0.0,0.4515451152260051,0.0,0.5484548847739948,False,0.2248313178941559,5.0,NP_004981,XP_047284807,NP_595586.1,KGKVLYVWFDATIGY,1.0,0.8,,,,,,False,13.108211493919232,,NP_004981,XP_047284807
ENSG00000128585,MKLN1,ENST00000421797,ENSP00000398094,ENSP00000323527,MKLN1,ENST00000421797,ENSP00000398094,ENSP00000323527,KHFRQHNYTEAFESL,,,True,4.0,2.4983955926094645,KLVLKGDFDACEELI,,,True,4.5,0.3667127795082471,FDTLVNFFPDSMTPP,,,True,4.5,1.356890354968747,NP_594297.2,HELVSENLAKAVEYL,0.4916666666666667,0.2666666666666666,,,,,,False,1.7366368814968742,,NP_037387,XP_047276357,NP_594297.2,ARTDFWEFDISKKVW,0.35,0.1333333333333333,,,,,,False,3.6155581393437366,,NP_037387,XP_047276357,NP_594297.2,MGHCMEYFPDENKLY,0.5380952380952381,0.2,,,,,,False,3.3935878601241547,,NP_037387,XP_047276357
ENSG00000001084,GCLC,ENST00000650454,ENSP00000497574,ENSP00000497574,GCLC,ENST00000650454,ENSP00000497574,ENSP00000497574,DKNTPSPFIETFTED,,,True,4.5,2.914453671129279,ASKPDHIYMDAMGFG,,,True,5.0,0.6631566186337142,LIPILNSYLENMEVD,,,True,5.5,5.129287214907363,NP_593031.1,FWFRCNPFPDASTDD,0.4841269841269841,0.2666666666666666,0.5749796913527399,0.0,0.3901259258215048,0.0,0.6098740741784953,False,4.431393962561982,4.0,NP_001489,,NP_593031.1,AALDNHIYMDSMGFG,0.875,0.6666666666666666,0.4880108493400793,0.0,0.2491706544925993,0.0,0.7508293455074007,False,-0.3585247609768708,5.5,NP_001489,,NP_593031.1,LITIVRSYLYSCNPD,0.494047619047619,0.4666666666666667,,,,,,False,3.9912363273639473,,NP_001489,
ENSG00000241878,PISD,ENST00000397500,ENSP00000380637,ENSP00000266095,PISD,ENST00000397500,ENSP00000380637,ENSP00000266095,APGDYHCFHSPTDWT,topological domain,Mitochondrial intermembrane,False,5.5,3.623980110374859,KTGQKIRFGEALGSL,topological domain,Mitochondrial intermembrane,False,5.5,0.1540164747637421,MCTEDLPFPPAASCD,topological domain,Mitochondrial intermembrane,False,5.5,1.310087236127187,NP_595799.2,APGDYHRFHSPTDWV,0.7333333333333334,0.8666666666666667,0.1952618799833006,0.0,0.179194410644115,0.0,0.820805589355885,True,4.091325117607511,6.5,NP_055153,,NP_595799.2,KLGPVGTFDEAVYTS,0.3674603174603175,0.3333333333333333,0.3406390022985683,0.0,0.2927210108174862,0.0,0.7072789891825139,False,1.5592101668822802,4.0,NP_055153,,NP_595799.2,KLGPVGTFDEAVYTS,0.1912698412698412,0.1333333333333333,0.3406390022985683,0.0,0.2927210108174862,0.0,0.7072789891825139,False,1.5592101668822802,4.0,NP_055153,
ENSG00000099219,ERMP1,ENST00000689742,ENSP00000508825,ENSP00000340427,ERMP1,ENST00000689030,ENSP00000508877,ENSP00000340427,EKFPDWTFPSAWVCT,topological domain,Lumenal,False,4.5,1.899679042877828,VGGKELVFQTGPENP,topological domain,Lumenal,False,5.0,-0.7838534925514518,FLGGFTSYYDNITNV,topological domain,Lumenal,False,5.0,1.377741584693413,NP_588058.1,SLLTFIPLPSAYLFT,0.5178571428571429,0.2666666666666666,,,,,,False,4.487168311361175,,NP_079172,XP_047279854,NP_588058.1,TVLADDVFRTGLILS,0.5750000000000001,0.2666666666666666,0.7886819368415479,0.0,0.1525850908609822,0.0,0.8474149091390177,True,2.8796044841742816,5.5,NP_079172,XP_047279854,NP_588058.1,ILAKQDTYYDSLHPR,0.5333333333333333,0.2666666666666666,0.5288294566036488,0.0,0.4076818559917812,0.0,0.5923181440082188,False,3.419650619365779,4.5,NP_079172,XP_047279854
ENSG00000004455,AK2,ENST00000373449,ENSP00000362548,ENSP00000499935,AK2,ENST00000373449,ENSP00000362548,ENSP00000499935,LKIRLQAYHTQTTPL,,,True,6.5,6.418712204254705,APRLAENFCVCHLAT,,,True,6.5,2.1549630349658995,FASILAAFSKATCKD,,,True,6.5,3.4951751241091227,NP_593685.1,LRKRLVTYHEQTTPV,0.6333333333333333,0.6,0.3533117813452311,0.0,0.9355834026762984,0.0,0.0644165973237015,False,4.122759432900973,5.5,NP_001616,,NP_593685.1,APNIQKKYGIAHLAT,0.2797619047619047,0.4,,,,,,False,1.2809999479696417,,NP_001616,,NP_593685.1,SDDNADALRKRLVTY,0.225,0.1333333333333333,,,,,,False,3.459149851884732,,NP_001616,
ENSG00000131828,PDHA1,ENST00000540249,ENSP00000440761,ENSP00000348062,PDHA1,ENST00000540249,ENSP00000440761,ENSP00000348062,EIEDAAQFATADPEP,,,True,4.0,3.3826504267542576,DEVCLTLYGDGAANQ,,,True,5.5,8.624517915121025,MHMYAKNFYGGNGIV,,,True,6.5,3.432935232286876,NP_594892.1,CHLSIGQEAVAAGIE,0.3444444444444444,0.2,,,,,,False,6.704684067387162,,NP_001166926,,NP_594892.1,PTTTFALYGDGASNQ,0.875,0.5333333333333333,0.8328702294670984,0.0,0.1277287363229525,0.0,0.8722712636770474,True,5.227373659113169,5.5,NP_001166926,,NP_594892.1,MHIFAKNFYGGNGIV,1.0,0.8666666666666667,,,,,,False,3.432935232286876,,NP_001166926,
ENSG00000291794,OSGEP,ENST00000708774,ENSP00000517336,ENSP00000517336,OSGEP,ENST00000708774,ENSP00000517336,ENSP00000517336,SEHRYRIFGETIDIA,,,True,4.0,1.3485073544907418,ATSPTVLYVSGGNTQ,,,True,6.5,5.056376964208821,VTPPGTGFLPGDTAR,,,True,7.0,0.2978190629657838,NP_596498.1,SEKKYRIFGETLDIA,1.0,0.8,0.4687287941006399,0.0,0.6071707776453033,0.0,0.3928292223546967,False,-1.4113747524044216,4.0,NP_060277,,NP_596498.1,AQNPVVLYVSGGNTQ,1.0,0.8,0.6661315958122903,0.0,0.278139036616146,0.0,0.721860963383854,False,6.5094070432322,6.5,NP_060277,,NP_596498.1,ITPPGQGFLPSDTAK,0.8333333333333334,0.7333333333333333,,,,,,False,-1.2060945016453462,,NP_060277,
ENSG00000092094,OSGEP,ENST00000206542,ENSP00000206542,ENSP00000206542,OSGEP,ENST00000206542,ENSP00000206542,ENSP00000206542,SEHRYRIFGETIDIA,,,True,4.0,1.3485073544907418,ATSPTVLYVSGGNTQ,,,True,6.5,5.056376964208821,VTPPGTGFLPGDTAR,,,True,7.0,0.2978190629657838,NP_596498.1,SEKKYRIFGETLDIA,1.0,0.8,0.4687287941006399,0.0,0.6071707776453033,0.0,0.3928292223546967,False,-1.4113747524044216,4.0,NP_060277,,NP_596498.1,AQNPVVLYVSGGNTQ,1.0,0.8,0.6661315958122903,0.0,0.278139036616146,0.0,0.721860963383854,False,6.5094070432322,6.5,NP_060277,,NP_596498.1,ITPPGQGFLPSDTAK,0.8333333333333334,0.7333333333333333,,,,,,False,-1.2060945016453462,,NP_060277,
ENSG00000115816,CEBPZ,ENST00000234170,ENSP00000234170,ENSP00000234170,CEBPZ,ENST00000234170,ENSP00000234170,ENSP00000234170,ESDDEENFIDANDDE,,,True,2.0,-1.2337632004057857,EDVDDEEFEELIDTF,,,True,3.0,-2.9694577272967795,GSMDDEEFAEVDEDG,,,True,3.5,-2.3280697784220785,NP_594752.1,ITKEIERFIFAPSTS,0.4166666666666667,0.2666666666666666,,,,,,False,1.4858484082730177,,NP_005751,,NP_594752.1,KLLFALEKEEVADAP,0.6083333333333333,0.2666666666666666,,,,,,False,7.009252751408961,,NP_005751,,NP_594752.1,GVNRAYPFAEVNSEK,0.6428571428571429,0.3333333333333333,0.6802181053260438,0.0,0.4216363265885037,0.0,0.5783636734114963,False,7.494760184479055,6.0,NP_005751,
ENSG00000165688,PMPCA,ENST00000706227,ENSP00000516285,ENSP00000360782,PMPCA,ENST00000706227,ENSP00000516285,ENSP00000360782,ATSYHHSYEDTGLLC,,,True,5.0,0.8200754138463351,WMYNATSYHHSYEDT,,,True,5.5,3.5422916243720524,TSRDTTMYAVSADSK,,,True,6.0,3.5262728869323725,NP_595859.2,CMAFNHSYTDSGLFG,0.6749999999999999,0.4,0.3851926435033365,0.0,0.5006070331443263,0.0,0.4993929668556737,False,-0.1181777550042691,5.0,NP_055975,,NP_595859.2,WVETCMAFNHSYTDS,0.4527777777777777,0.3333333333333333,,,,,,False,1.4027607584412407,,NP_055975,,NP_595859.2,NLGGNYMCSTSRESM,0.4046296296296296,0.2,,,,,,False,3.2722810652329604,,NP_055975,
ENSG00000112592,TBP,ENST00000230354,ENSP00000230354,ENSP00000375942,TBP,ENST00000230354,ENSP00000230354,ENSP00000375942,GAKVRAEIYEAFENI,,,True,5.5,2.101710847858426,IFSPMMPYGTGLTPQ,,,True,6.0,3.051644481864733,PRIVLLIFVSGKVVL,,,True,6.0,10.128287797679596,NP_594566.1,GAKVREEIYQAFEAI,0.9,0.8,,,,,,False,2.526810624075568,,NP_003185,,NP_594566.1,LEGLAYSHGTFSSYE,0.2916666666666667,0.1333333333333333,,,,,,False,4.202083101647493,,NP_003185,,NP_594566.1,PKVVLLIFVSGKIVL,0.9583333333333334,0.8,0.6393414163526635,0.0,0.6943386216236593,0.0,0.3056613783763406,False,13.462469085422011,6.0,NP_003185,
ENSG00000049167,ERCC8,ENST00000676185,ENSP00000501614,ENSP00000501614,ERCC8,ENST00000676185,ENSP00000501614,ENSP00000501614,ENSSRQSYYTCKAVC,,,True,4.0,3.519606201978843,KSQLNPAFEDAWSSS,,,True,4.0,-1.1247330713126182,GGGGMLGFLSARQTG,,,True,5.0,3.093742899948377,NP_595307.1,DIRKVSSSFACMDLH,0.2777777777777778,0.1333333333333333,,,,,,False,2.3227912603225187,,NP_000073,,NP_595307.1,FTMEDMIYSHAWSPI,0.3422619047619048,0.2,,,,,,False,-1.0812417972459587,,NP_000073,,NP_595307.1,KRRHGAGILGSVNAL,0.375,0.1333333333333333,,,,,,False,2.6836758088550603,,NP_000073,
ENSG00000111275,ALDH2,ENST00000416293,ENSP00000403349,ENSP00000261733,ALDH2,ENST00000416293,ENSP00000403349,ENSP00000261733,QIFINNEWHDAVSRK,,,True,4.5,2.1228990132407737,LIERDRTYLAALETL,,,True,5.5,2.190450291142748,EDVDKVAFTGSTEIG,,,True,5.5,-2.039674547803552,NP_594582.1,TEKLICEVADADEED,0.2916666666666667,0.2,,,,,,False,1.788891287124869,,NP_000681,,NP_594582.1,CIEQNLEYLASIETL,0.6749999999999999,0.5333333333333333,,,,,,False,-1.145740210463564,,NP_000681,,NP_594582.1,MDIDKVAFTGSTGVG,0.7777777777777778,0.7333333333333333,,,,,,False,1.5184346513733709,,NP_000681,
ENSG00000215021,PHB2,ENST00000535923,ENSP00000441875,ENSP00000441875,PHB2,ENST00000545167,ENSP00000441662,ENSP00000441875,ELSFSREYTAAVEAK,,,True,5.0,0.6284801837983462,LNLQDESFTRGSDSL,,,True,5.5,-1.069898446516264,ATSQNRIYLTADNLV,,,True,5.5,4.350281607336933,NP_588144.2,HVQFSPEFTAAVEAK,0.9166666666666666,0.6666666666666666,,,,,,False,-1.029882150278958,,NP_001138303,,NP_588144.2,KPRNISSLTGTKDLQ,0.3777777777777777,0.2,,,,,,False,2.914429539044672,,NP_001138303,,NP_588144.2,SKSNNKVMLNASTLL,0.425,0.3333333333333333,,,,,,False,0.6234708783464525,,NP_001138303,
ENSG00000108591,DRG2,ENST00000395726,ENSP00000379076,ENSP00000225729,DRG2,ENST00000395726,ENSP00000379076,ENSP00000225729,KRGQRPDFTDAIILR,,,True,3.5,2.8015263551780256,KKGGGISFNSTVTLT,,,True,4.5,1.411971628174039,EDCSPDEFIDVIVGN,,,True,4.5,1.2885173114731432,NP_595225.2,RKGEMPDFSEALIVR,0.775,0.4666666666666667,0.4193799485843075,0.0,0.3610376084671529,0.0,0.6389623915328471,False,8.938298388508052,3.5,NP_001379,XP_005256556,NP_595225.2,KKNGGIKFNHTVPLT,0.4553571428571428,0.7333333333333333,,,,,,False,1.4999336506009993,,NP_001379,XP_005256556,NP_595225.2,EDITVDDFIDLVMGN,0.6305555555555555,0.5333333333333333,0.5095887852949008,0.0,0.3598336869843231,0.0,0.6401663130156768,False,5.267537899894155,4.5,NP_001379,XP_005256556
ENSG00000291608,SH3GL3,ENST00000708174,ENSP00000517113,ENSP00000517113,SH3GL3,ENST00000708174,ENSP00000517113,ENSP00000517113,QVSQLAVFIEAALDY,,,True,4.5,5.6759875139411164,VRQAVEKFEESKELA,,,True,4.5,-1.6147225489224994,ELGEDSTFGNALIEV,,,True,5.0,4.328517298974677,NP_588493.1,KSKKETVFVKAIYSF,0.6345238095238096,0.2,,,,,,False,1.6194334960309524,,NP_003018,,NP_588493.1,IRLALYKFEESTEQV,1.0,0.5333333333333333,0.424281041301605,0.0,0.7590915965758775,0.0,0.2409084034241224,False,3.06455093746596,4.5,NP_003018,,NP_588493.1,YGITLSQLGKANLKI,0.3833333333333333,0.2,,,,,,False,6.865455027554366,,NP_003018,
ENSG00000140600,SH3GL3,ENST00000427482,ENSP00000391372,ENSP00000391372,SH3GL3,ENST00000427482,ENSP00000391372,ENSP00000391372,QVSQLAVFIEAALDY,,,True,4.5,5.6759875139411164,VRQAVEKFEESKELA,,,True,4.5,-1.6147225489224994,ELGEDSTFGNALIEV,,,True,5.0,4.328517298974677,NP_588493.1,KSKKETVFVKAIYSF,0.6345238095238096,0.2,,,,,,False,1.6194334960309524,,NP_003018,XP_016877975,NP_588493.1,IRLALYKFEESTEQV,1.0,0.5333333333333333,0.424281041301605,0.0,0.7590915965758775,0.0,0.2409084034241224,False,3.06455093746596,4.5,NP_003018,XP_016877975,NP_588493.1,YGITLSQLGKANLKI,0.3833333333333333,0.2,,,,,,False,6.865455027554366,,NP_003018,XP_016877975
ENSG00000166508,MCM7,ENST00000343023,ENSP00000344006,ENSP00000307288,MCM7,ENST00000343023,ENSP00000344006,ENSP00000307288,VPESLADYITAAYVE,,,True,4.5,11.746955925463512,ARRYAKLFADAVQEL,,,True,4.5,3.149656587983176,WASKDATYTSARTLL,,,True,4.5,0.7254825801880646,NP_596545.1,VPKDVCDYVTGAYVQ,0.7916666666666666,0.5333333333333333,0.4920149190506497,0.0,0.2579763124509733,0.0,0.7420236875490266,False,8.794977987256607,5.5,NP_005907,,NP_596545.1,FVELFSQCADALMPP,0.3962962962962963,0.2,,,,,,False,5.331998923166262,,NP_005907,,NP_596545.1,SKAGITTTLNARTSI,0.4194444444444444,0.2666666666666666,,,,,,False,2.71382339147978,,NP_005907,
ENSG00000060642,PIGV,ENST00000686194,ENSP00000509240,ENSP00000501527,PIGV,ENST00000674335,ENSP00000501446,ENSP00000501527,LLXQCQGFFSSLTML,topological domain,Cytoplasmic,True,4.0,2.5696883267183583,GNEPPWCFWDVPLIY,topological domain,Lumenal,False,6.0,3.358888967628963,PRLAPSGFVDQLVEG,topological domain,Lumenal,False,6.5,0.8630713372669833,NP_592878.2,EKYWNVGFLRYWTLN,0.419047619047619,0.2,,,,,,False,0.3984994230885208,,NP_001189483,,NP_592878.2,LIRSNGIFWCIFFGM,0.3611111111111111,0.1333333333333333,,,,,,False,0.0826139454128607,,NP_001189483,,NP_592878.2,IRWDAIYFVDMAVNG,0.5952380952380952,0.4,0.1888570404120703,0.0,0.1868708194715073,0.0,0.8131291805284926,True,7.510799897473364,6.5,NP_001189483,
ENSG00000129084,PSMA1,ENST00000396394,ENSP00000379676,ENSP00000379676,PSMA1,ENST00000396394,ENSP00000379676,ENSP00000379676,DDDDVSPFLEGLEER,,,True,3.0,0.4635362569786077,LERHMSEFMECNLNE,,,True,3.5,3.173892112740165,QTCPSANYFDCRAMS,,,True,4.0,0.068478400537235,NP_594101.1,QAPTAEAILDSADAM,0.236111111111111,0.0666666666666666,,,,,,False,7.4579483082826545,,NP_002777,,NP_594101.1,SGPHLLEFQPSGLVL,0.4345238095238095,0.2666666666666666,,,,,,False,4.584109527284819,,NP_002777,,NP_594101.1,DARVLSNYMKQEALS,0.3666666666666667,0.2666666666666666,,,,,,False,7.303133228956002,,NP_002777,
ENSG00000106853,PTGR1,ENST00000538962,ENSP00000440281,ENSP00000311572,PTGR1,ENST00000538962,ENSP00000440281,ENSP00000311572,SPDGYDCYFDNVGGE,,,True,5.5,0.7270327383820859,LEKLLTEWPDTIPLS,,,True,6.0,6.065631743294839,FDNVGGEFSNTVIGQ,,,True,6.0,6.095960203343691,NP_593994.1,CPKGIDIYFENVGGE,0.6916666666666668,0.6666666666666666,0.4664364063119782,0.0,0.8715681197027159,0.0,0.1284318802972842,False,0.2621358886733508,6.0,NP_036344,XP_016869974,NP_593994.1,FCGAISQYNNPNPYR,0.2293650793650793,0.0666666666666666,,,,,,False,5.620551972229236,,NP_036344,XP_016869974,NP_593994.1,PLELGKPFYNSTVAK,0.4285714285714286,0.2,,,,,,False,0.0547770481590357,,NP_036344,XP_016869974
ENSG00000196235,SUPT5H,ENST00000599117,ENSP00000470252,ENSP00000404029,SUPT5H,ENST00000593727,ENSP00000469915,ENSP00000404029,PSRAEEEYEYAFDDE,,,True,5.0,-0.3059241802903564,QVKVRDTYLDTQVVG,,,True,5.0,6.572916235554764,TLSELEKFEDQPEGI,,,True,5.0,3.796858861716089,NP_593191.1,AYVRIRRGKYAGDLA,0.45,0.2,,,,,,False,5.47507134299668,,NP_001104490,,NP_593191.1,ISKDEVTFLSDTLMT,0.4305555555555556,0.2,,,,,,False,0.1515710098349376,,NP_001104490,,NP_593191.1,NDTTINKGEDGNENE,0.5277777777777778,0.2666666666666666,,,,,,False,4.470647951015323,,NP_001104490,
ENSG00000178802,MPI,ENST00000567132,ENSP00000455972,ENSP00000318318,MPI,ENST00000569931,ENSP00000455161,ENSP00000318318,LKPGEAMFLEANVPH,,,True,4.5,0.3052227804776206,HLQAPQHYPDANHKP,,,True,5.5,4.022464163672115,LQRGGVLFIGANESV,,,True,5.5,-0.385421655250071,NP_596445.1,LHPGEAVFLRALDPH,0.4583333333333333,0.6666666666666666,,,,,,False,0.2199862985835428,,NP_002426,,NP_596445.1,HKTNPKEYKDDNHKP,0.4111111111111111,0.5333333333333333,,,,,,False,4.073709631611555,,NP_002426,,NP_596445.1,LHPGEAVFLRALDPH,0.4472222222222222,0.2666666666666666,,,,,,False,0.2199862985835428,,NP_002426,
ENSG00000079246,XRCC5,ENST00000392133,ENSP00000375978,ENSP00000375977,XRCC5,ENST00000392133,ENSP00000375978,ENSP00000375977,PGSQQADFLDALIVS,,,True,3.5,6.524472878048062,VKQKKASFEEASNQL,,,True,4.0,1.647575173364892,SGDTAAVFEEGGDVD,,,True,4.0,6.775267859620429,NP_596791.1,SNTMQGDLISAIVVS,0.5416666666666666,0.3333333333333333,,,,,,False,4.71627632269909,,NP_066964,,NP_596791.1,RPYSFSEFEKLSNEE,0.4916666666666667,0.2666666666666666,,,,,,False,5.723495423854316,,NP_066964,,NP_596791.1,KECTVFVLDLGKDMG,0.4305555555555555,0.2666666666666666,,,,,,False,4.075065461241316,,NP_066964,
ENSG00000112249,ASCC3,ENST00000369162,ENSP00000358159,ENSP00000358159,ASCC3,ENST00000369162,ENSP00000358159,ENSP00000358159,VIIKGTEYYDGKTRR,,,True,3.5,0.9926173560975894,RFEERTGYFSSTDLG,,,True,4.0,1.4421848041584464,NPYIGLFFFDGRFRP,,,True,4.5,1.1811242858423214,NP_596560.1,IIITTPEKWDGITRS,0.6303030303030303,0.4666666666666667,,,,,,False,1.669711066973072,,NP_006819,XP_011533696,NP_596560.1,NRYKGLFYFSSAFRP,0.5,0.2666666666666666,0.0619343620174612,0.0,0.3106612481585696,0.0,0.6893387518414303,False,5.172132056595558,5.0,NP_006819,XP_011533696,NP_596560.1,NRYKGLFYFSSAFRP,0.5714285714285715,0.6,0.0619343620174612,0.0,0.3106612481585696,0.0,0.6893387518414303,False,5.172132056595558,5.0,NP_006819,XP_011533696
ENSG00000166166,TRMT61A,ENST00000389749,ENSP00000374399,ENSP00000374399,TRMT61A,ENST00000389749,ENSP00000374399,ENSP00000374399,EGGRFCSFSPCIEQV,,,True,5.0,1.7752737772228078,AEKAREEFQEHRVGR,,,True,5.5,-2.4484353458119648,AGSDTSPFRSGTPMK,,,True,5.5,2.017510976601701,NP_593567.1,KSTRICCFSPCIEQI,0.8148148148148149,0.6,,,,,,False,4.045276224543338,,NP_689520,,NP_593567.1,YQTALQEFREHEMLI,0.7333333333333334,0.3333333333333333,0.5617097899031605,0.0,0.7225447610482231,0.0,0.2774552389517769,False,4.831169208308829,5.5,NP_689520,,NP_593567.1,KPVTNKRIREGDGNY,0.2111111111111111,0.1333333333333333,,,,,,False,1.906430305097041,,NP_689520,
ENSG00000107959,PITRM1,ENST00000224949,ENSP00000224949,ENSP00000224949,PITRM1,ENST00000224949,ENSP00000224949,ENSP00000224949,TIETLQSFGKAVDWA,,,True,4.5,4.440721382244466,FQNLLSVYLDATFFP,,,True,5.0,5.629865259209961,VTSVPELFLTAVKLT,,,True,5.0,2.702101820056059,NP_595299.2,DPADWLSFNKQIEWL,0.5333333333333333,0.2666666666666666,,,,,,False,-2.347788012805069,,NP_055704,,NP_595299.2,YKNLRDVYLDATLFP,0.8333333333333334,0.6666666666666666,0.6601276396814123,0.0,0.3999637522548928,0.0,0.6000362477451072,False,1.7916746164169193,5.0,NP_055704,,NP_595299.2,SFGPLVEKLTAIREI,0.3666666666666667,0.2,,,,,,False,3.4827562720260903,,NP_055704,
ENSG00000018699,TTC27,ENST00000317907,ENSP00000313953,ENSP00000313953,TTC27,ENST00000317907,ENSP00000313953,ENSP00000313953,LHLRNKEFQECVECF,,,True,2.5,-0.6569723057403055,TSTDVGEFSEAIKAY,,,True,3.5,-1.1928274751934054,TEVELLAFTSCLLSQ,,,True,4.5,3.184917025812441,NP_594764.2,IENNPKHYVEAWELS,0.3214285714285714,0.2,0.654645733765311,0.0,0.5802773061637861,0.0,0.4197226938362138,False,0.0107369130616445,4.0,NP_060205,XP_011531260,NP_594764.2,LLQAMNCFNESLKIN,0.4953703703703704,0.2,0.5170618685997871,0.0,0.4961903909791889,0.0,0.5038096090208111,False,0.8617546515669385,5.5,NP_060205,XP_011531260,NP_594764.2,YDAAMEAFSRCLSIN,0.425,0.2666666666666666,,,,,,False,1.695425107237712,,NP_060205,XP_011531260
ENSG00000197860,SGTB,ENST00000381007,ENSP00000370395,ENSP00000370395,SGTB,ENST00000381007,ENSP00000370395,ENSP00000370395,NHIRSRSFSSSAEEH,,,True,4.0,7.523332612955048,ALTALNKFEEAVTSY,,,True,4.5,3.7178688223856793,SQPLTEMFTSSFCKN,,,True,5.0,0.9441385572831258,XP_001713087.1,KQLNQPSDSSATSGA,0.4583333333333333,0.2,,,,,,False,0.9671744588875352,,NP_061945,XP_047273290,XP_001713087.1,AYNQLGQFENAVEDA,0.5,0.4,,,,,,False,4.698504204217846,,NP_061945,XP_047273290,XP_001713087.1,DYLKQAITTGSISEE,0.2666666666666666,0.1333333333333333,,,,,,False,-1.470787690877278,,NP_061945,XP_047273290
ENSG00000047230,CTPS2,ENST00000359276,ENSP00000352222,ENSP00000401264,CTPS2,ENST00000359276,ENSP00000352222,ENSP00000401264,ETEDPVKFHEAWQKL,,,True,3.5,-1.4535236222198735,NHKLNLMYIDSIDLE,,,True,4.5,0.3262044959772925,GDIEGMPFVEAFRQF,,,True,4.5,-1.8553059007697947,NP_593254.1,NTSDPLSYHKAWHLV,0.4380952380952381,0.4,,,,,,False,1.5858276465152843,,NP_001137474,XP_047298218,NP_593254.1,IKIDPYMNIDAGTMS,0.4527777777777778,0.2,,,,,,False,2.572632950568865,,NP_001137474,XP_047298218,NP_593254.1,GDIESAAFVEAMRQF,0.7916666666666666,0.7333333333333333,0.5546314986229913,0.0,0.4399551000626896,0.0,0.5600448999373104,False,-1.8023033433619244,4.5,NP_001137474,XP_047298218
ENSG00000174405,LIG4,ENST00000611712,ENSP00000484288,ENSP00000385955,LIG4,ENST00000611712,ENSP00000484288,ENSP00000385955,DCYGDSYFIDTDLNQ,,,True,4.5,1.375442067011816,KIRDDKEWHECMTLD,,,True,4.5,-1.0127802670649673,KIRHFREFLDSWRKF,,,True,4.5,-0.5227158297717726,NP_587888.2,STLEFYDFVTTLLEP,0.5083333333333333,0.2,0.1322337373564145,0.0,0.2629882927143694,0.0,0.7370117072856306,False,2.305470055563052,4.0,NP_001091738,,NP_587888.2,FEWVVNEWKKASTNI,0.5,0.2,,,,,,False,6.420629318209109,,NP_001091738,,NP_587888.2,KPFWIEEKLDGERIQ,0.5666666666666667,0.3333333333333333,,,,,,False,5.478436277087494,,NP_001091738,
ENSG00000162384,CZIB,ENST00000294360,ENSP00000294360,ENSP00000294360,CZIB,ENST00000294360,ENSP00000294360,ENSP00000294360,NAEDNENFKTIVEFE,,,True,5.0,-0.530098116487299,QEKDWTDYDEKAQES,,,True,6.0,2.1358279971563374,GVESGTAFSDINLQE,,,True,6.0,0.2344407205323525,NP_001018829.2,WIANGAESNTLFDEI,0.2222222222222222,0.0666666666666666,,,,,,False,0.1631610123131687,,NP_060357,,NP_001018829.2,LEDDWYDYDENASSE,0.6666666666666666,0.5333333333333333,0.409501159220665,0.0,0.5193603947679245,0.0,0.4806396052320755,False,2.4654390458736293,4.5,NP_060357,,NP_001018829.2,GAESNTLFDEIVLED,0.525,0.4666666666666667,0.5227871747955372,0.0,0.3274759572886196,0.0,0.6725240427113804,False,-0.1729339630750112,6.0,NP_060357,
ENSG00000278494,RRN3,ENST00000616334,ENSP00000480743,ENSP00000480743,RRN3,ENST00000616334,ENSP00000480743,ENSP00000480743,DVALHGPFYSACQAV,,,True,4.0,1.3947658182724338,IINWLLEFRSSIMYL,,,True,4.5,10.230534390648293,LCSFKLGFAEAFLEH,,,True,4.5,-1.7252106224772428,NP_593674.1,SSIIVQPFYNEWQQI,0.6611111111111111,0.2666666666666666,,,,,,False,0.172909727858796,,NP_060897,,NP_593674.1,HTAISSEMTSSTILT,0.5083333333333333,0.2,,,,,,False,4.667396049001575,,NP_060897,,NP_593674.1,IVNMMTRWVEAYLDQ,0.4484848484848485,0.2,,,,,,False,6.945609447899731,,NP_060897,
ENSG00000085721,RRN3,ENST00000198767,ENSP00000198767,ENSP00000198767,RRN3,ENST00000198767,ENSP00000198767,ENSP00000198767,DVALHGPFYSACQAV,,,True,4.0,1.3947658182724338,IINWLLEFRSSIMYL,,,True,4.5,10.230534390648293,LCSFKLGFAEAFLEH,,,True,4.5,-1.7252106224772428,NP_593674.1,SSIIVQPFYNEWQQI,0.6611111111111111,0.2666666666666666,,,,,,False,0.172909727858796,,NP_060897,,NP_593674.1,HTAISSEMTSSTILT,0.5083333333333333,0.2,,,,,,False,4.667396049001575,,NP_060897,,NP_593674.1,IVNMMTRWVEAYLDQ,0.4484848484848485,0.2,,,,,,False,6.945609447899731,,NP_060897,
ENSG00000276787,FAN1,ENST00000621063,ENSP00000484956,ENSP00000484956,FAN1,ENST00000621063,ENSP00000484956,ENSP00000484956,LDLCTDSFFTSRRPA,,,True,4.0,0.9513916550511988,SAMANGNWEEAKELA,,,True,5.5,1.3592346904105657,LLLWDIIFMDGIPDV,,,True,5.5,4.878575865282432,NP_595395.1,LDLHTDSFYISREST,0.5297619047619048,0.6,,,,,,False,-0.4814745521255298,,NP_055782,,NP_595395.1,FENTAASDKEALEQA,0.4638888888888888,0.2666666666666666,,,,,,False,2.8484469810473154,,NP_055782,,NP_595395.1,NNNPSRLFLHGERIH,0.4125,0.1333333333333333,,,,,,False,0.5731949629128895,,NP_055782,
ENSG00000073111,MCM2,ENST00000265056,ENSP00000265056,ENSP00000265056,MCM2,ENST00000265056,ENSP00000265056,ENSP00000265056,NIHNLSAFYDSELFR,,,True,4.0,4.282191854585494,MAESSESFTMASSPA,,,True,4.5,-0.6951167797572342,PAELLQIFDEAALEV,,,True,4.5,6.106024677682715,NP_595477.1,GATLGPFFQDSSVEV,0.4527777777777778,0.2,0.3060286178808504,0.0,0.2994051704260078,0.0,0.7005948295739922,False,-0.2825155857970332,5.0,NP_004517,XP_024309299,NP_595477.1,IQVIIDSFVNAQKMS,0.4444444444444445,0.2,,,,,,False,1.724755460895356,,NP_004517,XP_024309299,NP_595477.1,PAPIFRIFDRVALEA,0.6666666666666666,0.5333333333333333,,,,,,False,4.952455105548305,,NP_004517,XP_024309299
ENSG00000198690,FAN1,ENST00000657391,ENSP00000499703,ENSP00000354497,FAN1,ENST00000657391,ENSP00000499703,ENSP00000354497,LDLCTDSFFTSRRPA,,,True,4.0,0.9513916550511988,SAMANGNWEEAKELA,,,True,5.5,1.3592346904105657,LLLWDIIFMDGIPDV,,,True,5.5,4.878575865282432,NP_595395.1,LDLHTDSFYISREST,0.5297619047619048,0.6,,,,,,False,-0.4814745521255298,,NP_055782,,NP_595395.1,FENTAASDKEALEQA,0.4638888888888888,0.2666666666666666,,,,,,False,2.8484469810473154,,NP_055782,,NP_595395.1,NNNPSRLFLHGERIH,0.4125,0.1333333333333333,,,,,,False,0.5731949629128895,,NP_055782,
ENSG00000171132,PRKCE,ENST00000306156,ENSP00000306124,ENSP00000306124,PRKCE,ENST00000306156,ENSP00000306124,ENSP00000306124,RKIELAVFHDAPIGY,,,True,4.0,6.652654871835747,GHCKLADFGMCKEGI,,,True,4.5,2.925254956684656,EILQELEYGPSVDWW,,,True,5.0,-1.2493524297580867,NP_595950.1,VGSLRNVTHSAGISK,0.6,0.2666666666666666,,,,,,False,4.110080552303902,,NP_005391,XP_011531280,NP_595950.1,GHVKVADYGLCKEDM,0.8214285714285715,0.6,,,,,,False,0.6633946474958211,,NP_005391,XP_011531280,NP_595950.1,KPSVGIEKNPSFSTT,0.4333333333333333,0.2,,,,,,False,0.9765339082424748,,NP_005391,XP_011531280
ENSG00000084623,EIF3I,ENST00000677701,ENSP00000503539,ENSP00000504061,EIF3I,ENST00000677701,ENSP00000503539,ENSP00000504061,GYQCFVSFFDLRDPS,,,True,4.0,0.1886166101741694,FHPDGKSYSSGGEDG,,,True,5.0,0.8088561217610712,GKFEARFFHLAFEEE,,,True,5.0,4.565398534982166,NP_594958.1,TPLNTSSFTPVQDFV,0.4511904761904762,0.2,,,,,,False,2.310225509130938,,NP_003748,,NP_594958.1,VHPKGTGYASGGEDG,0.7083333333333334,0.6666666666666666,0.5564515061427735,0.0,0.4007655915510685,0.0,0.5992344084489315,False,1.9261766829928184,5.5,NP_003748,,NP_594958.1,GKFEARFYHAILEEE,0.4880952380952381,0.7333333333333333,,,,,,False,4.565398534982166,,NP_003748,
ENSG00000198931,APRT,ENST00000378364,ENSP00000367615,ENSP00000367615,APRT,ENST00000378364,ENSP00000367615,ENSP00000367615,VEQRIRSFPDFPTPG,,,True,5.5,2.994109689860209,VLKDPASFRAAIGLL,,,True,6.0,-0.0589849790406149,THGGRIDYIAGLDSR,,,True,6.0,0.2965563853497499,NP_594433.1,LKNKLVQYPDFPKKG,0.5380952380952381,0.3333333333333333,0.4837934066064886,0.0,0.346223413170286,0.0,0.653776586829714,False,5.092150695128226,7.5,NP_000476,,NP_594433.1,KEYSTDSFAIQKGTI,0.3833333333333333,0.2,,,,,,False,-0.6563834372164694,,NP_000476,,NP_594433.1,TEFNNIDVIVGLEAR,0.525,0.4666666666666667,,,,,,False,-0.2220117149703725,,NP_000476,
ENSG00000087111,PIGS,ENST00000706187,ENSP00000516262,ENSP00000309430,PIGS,ENST00000706193,ENSP00000516268,ENSP00000309430,VTSSELAFFDPSLLH,topological domain,Lumenal,False,5.0,2.361056607396174,MLGVNPRFDSASSSY,topological domain,Lumenal,False,5.5,5.50769015237987,DSASSSYYLDMHSLP,topological domain,Lumenal,False,5.5,1.835119933021388,NP_594335.1,FSKSQEALFHPSMVT,0.5458333333333333,0.3333333333333333,,,,,,False,8.40553071241186,,NP_149975,,NP_594335.1,VWSKFTRFSSTVEPS,0.5,0.2,0.293374431924024,0.0,0.1317878837398989,0.0,0.8682121162601011,True,3.822341381554813,5.5,NP_149975,,NP_594335.1,FWDENNFIIDTPSKG,0.425,0.1333333333333333,,,,,,False,0.892812191789853,,NP_149975,
ENSG00000089154,GCN1,ENST00000300648,ENSP00000300648,ENSP00000300648,GCN1,ENST00000300648,ENSP00000300648,ENSP00000300648,TASEDDNFGTAQSNK,,,True,3.0,0.0941486505262052,LLIDDVIYHEAAVRQ,,,True,4.0,1.7402797885025725,LDTKFVHFIDAPSLA,,,True,4.0,0.0936723574545849,NP_593669.1,LADIPQSFGNAKNLV,0.5694444444444444,0.2666666666666666,,,,,,False,4.029161860558832,,NP_006827,,NP_593669.1,PALEKYLYHEFCYSL,0.503968253968254,0.2,0.4151744972961607,0.0,0.3552724573069141,0.0,0.6447275426930859,False,2.038806430772661,6.5,NP_006827,,NP_593669.1,ASDQRVLFVDALSSL,0.6666666666666666,0.3333333333333333,0.7341940264496956,0.0,0.2221952550418556,0.0,0.7778047449581443,True,-0.2047738993313367,4.0,NP_006827,
ENSG00000211460,TSN,ENST00000455432,ENSP00000399735,ENSP00000374332,TSN,ENST00000409193,ENSP00000387263,ENSP00000374332,FLAAFVVYLETETLV,,,True,5.0,-0.3626714992513378,FHLDVEDYLSGVLIL,,,True,5.0,1.2677194465241863,GMSVSEIFVELQGFL,,,True,6.0,1.221538738253965,NP_594557.2,QILQVPVFPEESTFH,0.4785714285714285,0.2,,,,,,False,-0.0504885405568586,,NP_004613,,NP_594557.2,FHLSIEQYLHAVLSL,0.4791666666666667,0.6,,,,,,False,2.7860713180739114,,NP_004613,,NP_594557.2,RSIQKVVYLYLLASW,0.3571428571428571,0.0666666666666666,,,,,,False,0.309182810847412,,NP_004613,
ENSG00000173418,NAA20,ENST00000334982,ENSP00000335636,ENSP00000335636,NAA20,ENST00000334982,ENSP00000335636,ENSP00000335636,VYRTVIEYYSASNGE,,,True,3.5,7.495154253152013,YLAHWPEYFIVAEAP,,,True,6.0,5.858819646400738,KQLGYSVYRTVIEYY,,,True,6.5,2.404146150469571,NP_587922.1,VYRRVIGYYSNPHGK,0.4097222222222222,0.6,0.3514779351933313,0.0,0.7997012784221386,0.0,0.2002987215778614,False,6.76096137482622,7.0,NP_057184,,NP_587922.1,YLNKWPSLCVVQESD,0.3796296296296296,0.4,,,,,,False,2.3489162513293453,,NP_057184,,NP_587922.1,KGLGYSVYRRVIGYY,0.5777777777777777,0.8,,,,,,False,1.9401761944996416,,NP_057184,
ENSG00000165118,C9orf64,ENST00000376344,ENSP00000365522,ENSP00000365522,C9orf64,ENST00000376344,ENSP00000365522,ENSP00000365522,AENSRDVFIDSGGVR,,,True,5.0,3.4250844229757806,IPITSASYYATVTLD,,,True,5.5,1.327985192951633,MHLVVESFPSYRDVT,,,True,5.5,4.68241983837884,NP_594053.1,MRASGRVLVDSYHGS,0.5833333333333334,0.2666666666666666,,,,,,False,3.11082433591587,,NP_115683,,NP_594053.1,GRVLVDSYHGSYCGL,0.3981481481481481,0.1333333333333333,,,,,,False,0.9237514467195086,,NP_115683,,NP_594053.1,IKLLLADFPDFRDVS,0.5833333333333334,0.4,0.3893457199975207,0.0,0.5965038618964812,0.0,0.4034961381035188,False,7.567509151039644,4.5,NP_115683,
ENSG00000139505,MTMR6,ENST00000381801,ENSP00000371221,ENSP00000371221,MTMR6,ENST00000381801,ENSP00000371221,ENSP00000371221,KGLSVNDFYSGLESS,,,True,3.0,2.233530268381938,QFPQAFEFSEAFLLQ,,,True,3.5,4.015319002186916,VSPVFTQFLECVWHL,,,True,4.5,3.474861580524,NP_593789.1,MLYAFYYMPSGDEEK,0.3571428571428571,0.2,,,,,,False,3.995696745702135,,NP_004676,,NP_593789.1,QFPNCFEFNERFLRR,0.6611111111111111,0.6,,,,,,False,1.2282952468140034,,NP_004676,,NP_593789.1,MSPVFHQFLDCVWQI,0.888888888888889,0.6666666666666666,0.2954798591546428,0.0,0.3820748588269886,0.0,0.6179251411730113,False,3.9767555617870753,4.5,NP_004676,
ENSG00000058729,RIOK2,ENST00000283109,ENSP00000283109,ENSP00000283109,RIOK2,ENST00000283109,ENSP00000283109,ENSP00000283109,VEDPASVYDEAMELI,,,True,3.5,3.2621169534830967,RSFEMTEFNQALEEI,,,True,4.5,3.296564355057406,FSYESELFPTFKDIR,,,True,5.0,0.1763133365958678,NP_596200.2,GDDLSDNYEEEEEEK,0.45,0.2666666666666666,,,,,,False,-0.8053591685936763,,NP_060813,,NP_596200.2,QSKELEKYRQEEEKR,0.4047619047619048,0.2666666666666666,,,,,,False,3.7724044428085386,,NP_060813,,NP_596200.2,IRDPPALYQTLMDII,0.5380952380952381,0.2666666666666666,0.7317962069004753,0.0,0.2816607785798898,0.0,0.7183392214201102,False,-0.4084927049534398,6.5,NP_060813,
ENSG00000274442,PRPF8,ENST00000614672,ENSP00000479194,ENSP00000479194,PRPF8,ENST00000614672,ENSP00000479194,ENSP00000479194,LIGLMTYFREAVVNT,,,True,4.5,2.908680845077348,VDHNIADYMTAKNNV,,,True,4.5,6.828934849429521,EEFELPEFVEPFLKD,,,True,4.5,3.92024274604955,NP_593861.1,LIALMTYYREAAIST,0.8630952380952381,0.6666666666666666,0.631876262039884,0.0,0.3773064192653612,0.0,0.6226935807346389,False,9.113470747288822,5.0,NP_006436,,NP_593861.1,NYLKDGPYVTADEAV,0.5178571428571429,0.2666666666666666,0.7384706854925512,0.0,0.0937003650199711,0.0,0.9062996349800287,True,-0.1191236164548755,4.5,NP_006436,,NP_593861.1,FQSTSIDWVEAGLQV,0.5290404040404041,0.2,,,,,,False,1.7691111397162054,,NP_006436,
ENSG00000174231,PRPF8,ENST00000304992,ENSP00000304350,ENSP00000304350,PRPF8,ENST00000304992,ENSP00000304350,ENSP00000304350,LIGLMTYFREAVVNT,,,True,4.5,2.908680845077348,VDHNIADYMTAKNNV,,,True,4.5,6.828934849429521,EEFELPEFVEPFLKD,,,True,4.5,3.92024274604955,NP_593861.1,LIALMTYYREAAIST,0.8630952380952381,0.6666666666666666,0.631876262039884,0.0,0.3773064192653612,0.0,0.6226935807346389,False,9.113470747288822,5.0,NP_006436,XP_024306305,NP_593861.1,NYLKDGPYVTADEAV,0.5178571428571429,0.2666666666666666,0.7384706854925512,0.0,0.0937003650199711,0.0,0.9062996349800287,True,-0.1191236164548755,4.5,NP_006436,XP_024306305,NP_593861.1,FQSTSIDWVEAGLQV,0.5290404040404041,0.2,,,,,,False,1.7691111397162054,,NP_006436,XP_024306305
ENSG00000163050,COQ8A,ENST00000366778,ENSP00000355740,ENSP00000355739,COQ8A,ENST00000366778,ENSP00000355740,ENSP00000355739,RFPCKAMFEEAYSNY,,,True,4.0,1.5995577822290796,AAGASTDFSSASAPD,,,True,4.0,2.2941733860650904,AYVASGPFREAGFPG,,,True,4.5,-0.8697644041211168,NP_596237.1,DFKVPMVFREASGPS,0.5416666666666666,0.2666666666666666,1.0520047993504291,0.0,0.6154498268831421,0.0,0.3845501731168578,False,1.4901456160680655,4.5,NP_064632,XP_047281701,NP_596237.1,NANFTADFESSIEES,0.5083333333333333,0.2666666666666666,0.2679298704887966,0.0,0.3200195375240575,0.0,0.6799804624759426,False,1.271246415826295,3.5,NP_064632,XP_047281701,NP_596237.1,DFKVPMVFREASGPS,0.5,0.3333333333333333,1.0520047993504291,0.0,0.6154498268831421,0.0,0.3845501731168578,False,1.4901456160680655,4.5,NP_064632,XP_047281701
ENSG00000151461,UPF2,ENST00000356352,ENSP00000348708,ENSP00000380244,UPF2,ENST00000356352,ENSP00000348708,ENSP00000380244,PCVEDEDFIQALDKM,,,True,3.5,-0.8933019541175194,FQNLLKEYFTSLTKH,,,True,3.5,3.70405545257226,EDEDARNFYENLIDL,,,True,4.5,3.1414102794928094,NP_593784.1,TKLQMQSFLEAIQKK,0.4833333333333333,0.2,0.5654661492289519,0.0,0.5880670796244384,0.0,0.4119329203755615,False,2.259318110632999,4.0,NP_542166,,NP_593784.1,LSQLSSEFSTSLVDH,0.5,0.4,0.4828151015960496,0.0,0.1944050219435926,0.0,0.8055949780564073,True,0.226021003352453,4.5,NP_542166,,NP_593784.1,FYEVFPNFNEGSIAE,0.6111111111111112,0.3333333333333333,0.5948937993323129,0.0,0.4238613074952304,0.0,0.5761386925047696,False,3.770862456517008,5.5,NP_542166,
ENSG00000291834,PFDN5,ENST00000708929,ENSP00000517424,ENSP00000517429,PFDN5,ENST00000708922,ENSP00000517421,ENSP00000517429,QLDQEVEFLSTSIAQ,,,True,4.0,4.72446738797571,LKVVQTKYVEAKDCL,,,True,4.5,2.1790370795497545,FFKRKIDFLTKQMEK,,,True,6.0,6.017433946931641,NP_596679.1,QLDSELEYLSTSYGQ,0.7142857142857143,0.6666666666666666,0.4709597730247429,0.0,0.4634006723925152,0.0,0.5365993276074849,False,2.6650871224960144,4.5,NP_002615,,NP_596679.1,VDIGTGYYVEKSAGE,0.3357142857142857,0.2,,,,,,False,-1.2304850971867431,,NP_002615,,NP_596679.1,YYKRKCEYLASSIEN,0.3464285714285713,0.3333333333333333,,,,,,False,4.876049827027289,,NP_002615,
ENSG00000100416,TRMU,ENST00000645190,ENSP00000496496,ENSP00000496496,TRMU,ENST00000645190,ENSP00000496496,ENSP00000496496,HIKFSCFFHYAVDNL,,,True,5.0,1.839142916051384,ATGQFAVFYKGDECL,,,True,5.5,-1.3123828348878694,DSFKDQTFFLSQVSQ,,,True,5.5,-1.0400646060697831,NP_593402.1,GDWWLASGHYAKSVV,0.3333333333333333,0.2,,,,,,False,10.904583627092029,,NP_060476,XP_011528574,NP_593402.1,PLQPAKVTWRNPESV,0.3636363636363636,0.1333333333333333,,,,,,False,1.96718925816032,,NP_060476,XP_011528574,NP_593402.1,DKRKDQTLFLCTIRK,0.6064814814814815,0.4666666666666667,,,,,,False,2.5419458129688697,,NP_060476,XP_011528574
ENSG00000123349,PFDN5,ENST00000550880,ENSP00000450068,ENSP00000334188,PFDN5,ENST00000551018,ENSP00000447942,ENSP00000334188,QLDQEVEFLSTSIAQ,,,True,4.0,4.72446738797571,LKVVQTKYVEAKDCL,,,True,4.5,2.1790370795497545,FFKRKIDFLTKQMEK,,,True,6.0,6.017433946931641,NP_596679.1,QLDSELEYLSTSYGQ,0.7142857142857143,0.6666666666666666,0.4709597730247429,0.0,0.4634006723925152,0.0,0.5365993276074849,False,2.6650871224960144,4.5,NP_002615,,NP_596679.1,VDIGTGYYVEKSAGE,0.3357142857142857,0.2,,,,,,False,-1.2304850971867431,,NP_002615,,NP_596679.1,YYKRKCEYLASSIEN,0.3464285714285713,0.3333333333333333,,,,,,False,4.876049827027289,,NP_002615,
ENSG00000277273,CDK7,ENST00000615305,ENSP00000479116,ENSP00000479116,CDK7,ENST00000615305,ENSP00000479116,ENSP00000479116,NISLVFDFMETDLEV,,,True,4.0,2.244984209396652,GVLKLADFGLAKSFG,,,True,5.0,2.7074215157538606,GIPLHHIFSAAGDDL,,,True,5.5,0.7506640795828066,NP_596349.1,NLNIILEFLDSDLEM,0.5805555555555556,0.3333333333333333,0.4480700263178574,0.0,0.5816375721203675,0.0,0.4183624278796325,False,2.022357713771698,4.0,NP_001790,,NP_596349.1,GVLKLADFGLSRDFG,0.7083333333333334,0.8,,,,,,False,2.287503108967337,,NP_001790,,NP_596349.1,NGGMEALFSAAGHEE,0.7291666666666666,0.3333333333333333,,,,,,False,3.113255637064486,,NP_001790,
ENSG00000134058,CDK7,ENST00000626796,ENSP00000486415,ENSP00000256443,CDK7,ENST00000256443,ENSP00000256443,ENSP00000256443,NISLVFDFMETDLEV,,,True,4.0,2.244984209396652,GVLKLADFGLAKSFG,,,True,5.0,2.7074215157538606,GIPLHHIFSAAGDDL,,,True,5.5,0.7506640795828066,NP_596349.1,NLNIILEFLDSDLEM,0.5805555555555556,0.3333333333333333,0.4480700263178574,0.0,0.5816375721203675,0.0,0.4183624278796325,False,2.022357713771698,4.0,NP_001790,,NP_596349.1,GVLKLADFGLSRDFG,0.7083333333333334,0.8,,,,,,False,2.287503108967337,,NP_001790,,NP_596349.1,NGGMEALFSAAGHEE,0.7291666666666666,0.3333333333333333,,,,,,False,3.113255637064486,,NP_001790,
ENSG00000154930,ACSS1,ENST00000323482,ENSP00000316924,ENSP00000316924,ACSS1,ENST00000323482,ENSP00000316924,ENSP00000316924,HTVWDCDFSTGKIGW,,,True,5.0,7.030099243081837,ERLKINQFYGAPTAV,,,True,5.0,2.195955445344828,VYPNAGRYWETVERL,,,True,5.0,3.040191123779543,NP_588291.2,IDAVIIDPLTGKIIE,0.4880952380952381,0.3333333333333333,,,,,,False,7.552082932703442,,NP_115890,XP_047296512,NP_588291.2,ERHRLTQWYIAPTAI,0.5151515151515151,0.5333333333333333,,,,,,False,9.375348031459987,,NP_115890,XP_047296512,NP_588291.2,AYPDYSRYWSVVERH,0.6666666666666666,0.5333333333333333,0.3836050939345958,0.0,0.14656796154652,0.0,0.8534320384534799,True,3.79811512829587,7.0,NP_115890,XP_047296512
ENSG00000138413,IDH1,ENST00000345146,ENSP00000260985,ENSP00000260985,IDH1,ENST00000345146,ENSP00000260985,ENSP00000260985,NILGGTVFREAIICK,,,True,4.5,0.9699676072842828,EDFAHSSFQMALSKG,,,True,5.0,0.3448900906055132,VTYLVHNFEEGGGVA,,,True,5.5,3.8825047680896905,NP_594105.2,NILNGTVFREPILIK,0.7261904761904763,0.7333333333333333,0.6381896740660963,0.0,0.3462429245987661,0.0,0.6537570754012338,False,1.911217869064043,6.5,NP_005887,,NP_594105.2,RGFAHSSFQMALQKK,0.8333333333333334,0.7333333333333333,,,,,,False,0.96126245243054,,NP_005887,,NP_594105.2,SAKETYNVYEFNGSG,0.3273809523809524,0.2,,,,,,False,1.074500051729988,,NP_005887,
ENSG00000130706,ADRM1,ENST00000491935,ENSP00000478877,ENSP00000253003,ADRM1,ENST00000491935,ENSP00000478877,ENSP00000253003,VQERLLPYLPSGESL,,,True,6.5,4.784877759991537,SNKYLVEFRAGKMSL,,,True,6.5,5.908006040585256,VEDDLIIFPDDCEFK,,,True,6.5,2.3677940592077094,NP_596747.1,VIDRLMPYMPPDTPN,0.5095238095238095,0.4,,,,,,False,8.391338639022075,,NP_008933,XP_011526805,NP_596747.1,KVTECTTGRAYMLKY,0.2285714285714285,0.1333333333333333,,,,,,False,-2.19691440452716,,NP_008933,XP_011526805,NP_596747.1,PEDDIIVFSSECTFE,0.2833333333333333,0.4666666666666667,,,,,,False,1.971931577726347,,NP_008933,XP_011526805
ENSG00000035928,RFC1,ENST00000349703,ENSP00000261424,ENSP00000371321,RFC1,ENST00000349703,ENSP00000261424,ENSP00000371321,TPTSVLDYFGTGSVQ,,,True,5.0,3.97457991581468,QLHEDEEFARTLAML,,,True,5.0,-0.2035476825109848,IKKETDVFWKSLDFK,,,True,5.5,0.0641293108573856,NP_596607.1,DSQSLAGYFGTKANP,0.6805555555555557,0.3333333333333333,,,,,,False,2.516713254621797,,NP_001191676,,NP_596607.1,RTTFDLRFRRPDANS,0.4428571428571429,0.2666666666666666,,,,,,False,3.10552736802462,,NP_001191676,,NP_596607.1,SSSHPIAFFGSSDVL,0.4722222222222222,0.2,,,,,,False,3.177369856661257,,NP_001191676,
ENSG00000128833,MYO5C,ENST00000261839,ENSP00000261839,ENSP00000261839,MYO5C,ENST00000261839,ENSP00000261839,ENSP00000261839,EDFEMLSFWLSNTCH,,,True,4.5,0.3233576461263074,VLQQLSYFYTTMCQN,,,True,4.5,4.1575317561816965,IPWTLIDFYDNQPVI,,,True,4.5,8.419869548409334,NP_596233.1,DLKTQISEFLSQLCS,0.386111111111111,0.2666666666666666,,,,,,False,0.4803253120287454,,NP_061198,XP_016877897,NP_596233.1,PLQAVLYWFATLHKI,0.3693181818181818,0.2666666666666666,,,,,,False,5.895700614158081,,NP_061198,XP_016877897,NP_596233.1,ENDKTLDFYEKPLQA,0.4416666666666666,0.2,,,,,,False,-2.636952992529573,,NP_061198,XP_016877897
ENSG00000169299,PGM2,ENST00000381967,ENSP00000371393,ENSP00000371393,PGM2,ENST00000381967,ENSP00000371393,ENSP00000371393,CFGARMEFGTAGLRA,,,True,4.0,0.2613842948214954,YHITKASYFICHDQE,,,True,4.5,0.8450495434590194,ALKEGFHFEETLTGF,,,True,4.5,2.5124443551249103,NP_588504.1,IMHPRIGFGTSGLRA,0.6527777777777778,0.5333333333333333,0.2833315568713168,0.0,0.6492823651006484,0.0,0.3507176348993516,False,-0.6769900671295057,5.5,NP_060760,XP_047271851,NP_588504.1,YYTTQNSYFLSRDTP,0.7083333333333334,0.4,,,,,,False,0.8349127404254555,,NP_060760,XP_047271851,NP_588504.1,AKVEGFHHVETLTGF,0.5625,0.7333333333333333,,,,,,False,2.278368732199556,,NP_060760,XP_047271851
ENSG00000065000,AP3D1,ENST00000345016,ENSP00000344055,ENSP00000495274,AP3D1,ENST00000345016,ENSP00000344055,ENSP00000495274,YLAASQSFHEGTDVI,,,True,3.5,3.2772400057359903,YLITTPCYSDAFAKL,,,True,5.0,3.198511978150332,KKAEDLDFWLSTTPP,,,True,5.0,-1.2416881385103875,NP_594667.2,CASKLRGFFEDTDQN,0.4444444444444445,0.2666666666666666,,,,,,False,1.495982693164068,,NP_001248755,XP_016882911,NP_594667.2,ATCLLECRKEATSQD,0.375,0.1333333333333333,,,,,,False,1.1907465059288893,,NP_001248755,XP_016882911,NP_594667.2,QRDLSSPFYLSSNQH,0.5238095238095238,0.2,,,,,,False,3.85803871842202,,NP_001248755,XP_016882911
ENSG00000282844,ACTN4,ENST00000634960,ENSP00000489220,ENSP00000489220,ACTN4,ENST00000634960,ENSP00000489220,ENSP00000489220,QELNELDYYDSHNVN,,,True,3.0,6.265461984076355,IENIDEDFRDGLKLM,,,True,4.0,-0.1478325410499153,VLAGDKNFITAEELR,,,True,4.0,0.3043802137767862,NP_594295.1,IMTYVAEYFHAFSTL,0.3791666666666666,0.0666666666666666,,,,,,False,0.795261449112604,,NP_004915,,NP_594295.1,ITNLQGDWRDQLDHV,0.4207070707070707,0.4,,,,,,False,2.686663934833532,,NP_004915,,NP_594295.1,DVADGKSYVTSDDLL,0.5019841269841271,0.2666666666666666,0.2461647939992862,0.0,0.5060762115558547,0.0,0.4939237884441453,False,-1.446145599631777,4.5,NP_004915,
ENSG00000130402,ACTN4,ENST00000252699,ENSP00000252699,ENSP00000252699,ACTN4,ENST00000252699,ENSP00000252699,ENSP00000252699,QELNELDYYDSHNVN,,,True,3.0,6.265461984076355,IENIDEDFRDGLKLM,,,True,4.0,-0.1478325410499153,VLAGDKNFITAEELR,,,True,4.0,0.3043802137767862,NP_594295.1,IMTYVAEYFHAFSTL,0.3791666666666666,0.0666666666666666,,,,,,False,0.795261449112604,,NP_004915,XP_016882820,NP_594295.1,ITNLQGDWRDQLDHV,0.4207070707070707,0.4,,,,,,False,2.686663934833532,,NP_004915,XP_016882820,NP_594295.1,DVADGKSYVTSDDLL,0.5019841269841271,0.2666666666666666,0.2461647939992862,0.0,0.5060762115558547,0.0,0.4939237884441453,False,-1.446145599631777,4.5,NP_004915,XP_016882820
ENSG00000079739,PGM1,ENST00000371084,ENSP00000360125,ENSP00000360124,PGM1,ENST00000371084,ENSP00000360125,ENSP00000360124,SLCGEESFGTGSDHI,,,True,4.0,0.6666730373539572,GPLPLLTFATAPYHD,,,True,4.5,3.667905648979752,MKSGEHDFGAAFDGD,,,True,4.5,0.8689474075222791,NP_596153.1,SICGEESFGTGSDHI,1.0,0.9333333333333332,0.7260993209969975,0.0,0.2138920566850266,0.0,0.7861079433149734,True,-0.0748272349694966,4.0,NP_001166289,,NP_596153.1,HPDPNLTYAKSLVAR,0.3714285714285714,0.3333333333333333,,,,,,False,-1.150467197780123,,NP_001166289,,NP_596153.1,VDRDNIVMGAASDGD,0.5416666666666666,0.4,,,,,,False,-0.9130243841327716,,NP_001166289,
ENSG00000160285,LSS,ENST00000356396,ENSP00000348762,ENSP00000380837,LSS,ENST00000356396,ENSP00000348762,ENSP00000380837,DGGWGEDFESCEERR,,,True,2.5,4.425684072506907,DIMIDYTYVECTSAV,,,True,3.5,-0.7661581467020684,GGHHRPEFSSCLQKA,,,True,4.0,0.9199633999196468,NP_593702.2,LVQSLPDFEKLVDIP,0.513888888888889,0.2,,,,,,False,2.114528510309279,,NP_001001438,,NP_593702.2,NIMVEYSYPECTTSV,0.5273809523809524,0.5333333333333333,0.4926344707550429,0.0,0.839117005782124,0.0,0.160882994217876,False,2.9363162300117533,4.0,NP_001001438,,NP_593702.2,NSLGAWPFSNITQGY,0.4623015873015872,0.2,,,,,,False,4.89142344195385,,NP_001001438,
ENSG00000084774,CAD,ENST00000264705,ENSP00000264705,ENSP00000264705,CAD,ENST00000264705,ENSP00000264705,ENSP00000264705,VTAVDWHFEEAVDGE,,,True,3.5,3.4993742771752183,LGGAVLSFSEATSSV,,,True,3.5,-0.8798283651904338,VMGIGRSFEEAFQKA,,,True,4.0,-1.10844207031065,NP_593055.1,VMSIGRTFEEAIQKA,0.6,0.3333333333333333,0.4720096469986081,0.0,0.6043715731238745,0.0,0.3956284268761255,False,-1.10844207031065,4.0,NP_004332,XP_047301759,NP_593055.1,KWKELTSFDEADKFC,0.6666666666666666,0.2666666666666666,0.5508266264195072,0.0,0.4647334308365105,0.0,0.5352665691634896,False,3.436934165665648,4.5,NP_004332,XP_047301759,NP_593055.1,VMSIGRTFEEAIQKA,0.8666666666666667,0.8,0.4720096469986081,0.0,0.6043715731238745,0.0,0.3956284268761255,False,-1.10844207031065,4.0,NP_004332,XP_047301759
ENSG00000198356,GET3,ENST00000591090,ENSP00000466379,ENSP00000349887,GET3,ENST00000591090,ENSP00000466379,ENSP00000349887,WGVEAEEFEDAPDVE,,,True,2.0,6.149733218154244,MNFSVVVFDTAPTGH,,,True,4.5,0.899940270975711,ICVCIAEFLSLYETE,,,True,5.0,4.484801389698373,NP_594270.1,PNLSIQEMTEQADQQ,0.3333333333333333,0.1333333333333333,,,,,,False,2.769367669445652,,NP_004308,,NP_594270.1,MEFDCVIFDTAPTGH,0.9583333333333334,0.7333333333333333,0.594899826694694,0.0,0.0867649001534392,0.0,0.9132350998465608,True,-0.4934360736036475,4.0,NP_004308,,NP_594270.1,VCVCISEFLSLYETE,1.0,0.8666666666666667,0.4975269323669337,0.0,0.2774186067623397,0.0,0.7225813932376602,False,6.011993823548904,5.0,NP_004308,
ENSG00000109065,NAT9,ENST00000357814,ENSP00000350467,ENSP00000350467,NAT9,ENST00000357814,ENSP00000350467,ENSP00000350467,SHVEEKPYRDGSAEP,,,True,6.0,0.929650630149062,QVATSSVFQEVTLRL,,,True,6.5,1.7321408807636998,VPSRYHEWMKSEELQ,,,True,7.0,5.039821400659992,NP_595301.1,NMFLTEEYADGIEEF,0.3916666666666666,0.2666666666666666,0.5692850930209461,0.0,0.1592606471085319,0.0,0.8407393528914681,True,-0.1538831301097034,4.0,NP_056469,,NP_595301.1,QVKYNAYFDHVELEL,0.4761904761904762,0.4,,,,,,False,0.8994808410020945,,NP_056469,,NP_595301.1,HVLKYHNWMKNEELQ,0.6944444444444443,0.6,,,,,,False,2.8033491087294347,,NP_056469,
ENSG00000173599,PC,ENST00000529047,ENSP00000435905,ENSP00000377527,PC,ENST00000529047,ENSP00000435905,ENSP00000377527,LLLMDTTFRDAHQSL,,,True,4.0,1.3276874676317418,PMERVFDYSEYWEGA,,,True,5.0,0.908612843764364,YEELEENYTRAYSEA,,,True,5.0,-0.4054432266639651,NP_595900.1,GLIMDTTWRDAHQSL,0.8484848484848485,0.8,,,,,,False,3.5523604590000084,,NP_071504,XP_016873361,NP_595900.1,FPGVFEEYRQFVDRY,0.4055555555555556,0.0666666666666666,,,,,,False,2.426270458625891,,NP_071504,XP_016873361,NP_595900.1,ADTLKESFERARSEA,0.5916666666666667,0.4666666666666667,,,,,,False,-0.5815084932337476,,NP_071504,XP_016873361
ENSG00000185883,ATP6V0C,ENST00000565223,ENSP00000457782,ENSP00000329757,ATP6V0C,ENST00000565223,ENSP00000457782,ENSP00000329757,ESKSGPEYASFFAVX,topological domain;transmembrane region,Lumenal;Helical,False,6.5,4.751147124719605,LNDDISLYKSFLQLG,topological domain,Lumenal,False,7.0,3.3651631086776805,GGGGMSESKSGPEYA,topological domain,Lumenal,False,8.0,4.580411899046461,NP_594799.1,GCTAAIVFASFGAAY,0.6666666666666666,0.2666666666666666,0.6325037503805172,0.0,0.5786437995074191,0.0,0.4213562004925809,False,4.487438022690602,7.0,NP_001185498,,NP_594799.1,LKQILSLYSGFIQLG,0.6666666666666666,0.5333333333333333,,,,,,False,4.368819812305048,,NP_001185498,,NP_594799.1,FGAAYGTAKAGVGIS,0.3277777777777778,0.2,,,,,,False,0.0182675609162949,,NP_001185498,
ENSG00000100031,GGT1,ENST00000412658,ENSP00000393537,ENSP00000383232,GGT1,ENST00000412658,ENSP00000393537,ENSP00000383232,ISYYKPEFYTPDDGG,topological domain,Extracellular,False,4.0,2.6224697657352305,VRNMTSEFFAAQLRA,topological domain,Extracellular,False,4.5,2.4717566480304547,RLAFATMFNSSEQSQ,topological domain,Extracellular,False,5.5,5.8950835264697785,NP_593273.1,VTRHHSEYYGMSDPR,0.4492063492063492,0.2,,,,,,False,1.994680919683737,,NP_001275762,,NP_593273.1,FCIGVVNFFSSGIGG,0.5,0.1333333333333333,0.3563933225139922,0.0,0.2454834281192266,0.0,0.7545165718807734,False,4.27001934418292,4.5,NP_001275762,,NP_593273.1,TSTVNLLFGSQLMDP,0.4166666666666667,0.1333333333333333,0.5193056085980762,0.0,0.4795911403553856,0.0,0.5204088596446144,False,5.483878598369437,7.0,NP_001275762,
ENSG00000139719,VPS33A,ENST00000267199,ENSP00000267199,ENSP00000267199,VPS33A,ENST00000267199,ENSP00000267199,ENSP00000267199,DVTTSEDFFDKLTVE,,,True,3.0,5.213662530933109,SMESEGAFKECYLEG,,,True,3.5,-0.9166312667448524,KLTVEQEFMSGIDTD,,,True,4.0,5.045723146353688,NP_596210.1,ATFKLLDLIDSVTGK,0.5,0.2,,,,,,False,2.015633237191404,,NP_075067,,NP_596210.1,LVSHADSFTQFNLLD,0.3527777777777778,0.1333333333333333,,,,,,False,2.9783417530213177,,NP_075067,,NP_596210.1,SVHIAYDILKGRDNE,0.4722222222222221,0.1333333333333333,,,,,,False,5.268665594052553,,NP_075067,
ENSG00000101266,CSNK2A1,ENST00000217244,ENSP00000217244,ENSP00000217244,CSNK2A1,ENST00000645187,ENSP00000496232,ENSP00000217244,NTHRPREYWDYESHV,,,True,5.0,-1.1431944796943778,MIFRKEPFFHGHDNY,,,True,5.5,3.369721679713914,GTEDLYDYIDKYNIE,,,True,5.5,8.692219944533347,NP_593642.1,NEEMPREYWDYENMQ,0.8611111111111112,0.6,0.4923046059528344,0.0,0.188733255028986,0.0,0.8112667449710139,True,0.223935595993475,5.5,NP_808227,,NP_593642.1,LIFKKDTFFRGRDNY,0.6333333333333333,0.6,,,,,,False,1.037514626026641,,NP_808227,,NP_593642.1,NEEMPREYWDYENMQ,0.4735930735930735,0.2666666666666666,0.4923046059528344,0.0,0.188733255028986,0.0,0.8112667449710139,True,0.223935595993475,5.5,NP_808227,
ENSG00000170606,HSPA4,ENST00000304858,ENSP00000302961,ENSP00000302961,HSPA4,ENST00000304858,ENSP00000302961,ENSP00000302961,EDTENWLYEDGEDQP,,,True,4.0,1.5284722985132766,EPFTLEAYYSSPQDL,,,True,4.5,4.221976710078278,GQPIKIRFQESEERP,,,True,5.0,-1.5363206780925602,XP_001713060.1,TKAEDWLYEEGEDTT,0.9,0.5333333333333333,0.609706637706181,0.0,0.4448648060544221,0.0,0.5551351939455779,False,0.8069696626178426,5.0,NP_002145,,XP_001713060.1,NIQLIAAYFTKIKAI,0.4833333333333334,0.1333333333333333,,,,,,False,1.469155073800461,,NP_002145,,XP_001713060.1,GGPIRQRYLDAEEAK,0.4186507936507936,0.4,0.6392601883349828,0.0,0.3493865420129656,0.0,0.6506134579870344,False,1.4409262951411037,5.0,NP_002145,
ENSG00000131236,CAP1,ENST00000372797,ENSP00000361883,ENSP00000361891,CAP1,ENST00000372797,ENSP00000361883,ENSP00000361891,LQAYIKEFHTTGLAW,,,True,4.0,2.050299754235441,TSDMHRGYADSPSKA,,,True,5.0,-1.861145296139465,VSTISCSYESASRSS,,,True,5.5,1.6000773946159992,NP_587817.1,SISAYDEFCSKYLSK,0.4527777777777778,0.2,,,,,,False,2.3595454124781745,,NP_001099000,XP_047287376,NP_587817.1,LPNMHRPSRDSNSQT,0.3357142857142857,0.4,,,,,,False,-0.9829122592653654,,NP_001099000,XP_047287376,NP_587817.1,KTQAPSSGDSANGGL,0.4166666666666666,0.2,,,,,,False,1.849708140762461,,NP_001099000,XP_047287376
ENSG00000161016,RPL8,ENST00000533397,ENSP00000435313,ENSP00000433464,RPL8,ENST00000533397,ENSP00000435313,ENSP00000433464,ARLRAVDFAERHGYI,,,True,6.5,4.024816852502802,FKKRTELFIAAEGIH,,,True,6.5,2.935055126100852,EGIHTGQFVYCGKKA,,,True,7.0,0.4054922477990431,NP_595244.1,AQLRTLDFAERHGYI,1.0,0.8,,,,,,False,0.7484804489521313,,NP_000964,,NP_595244.1,YRTDVETFVATEGMY,0.5916666666666667,0.3333333333333333,,,,,,False,-0.5124915781157565,,NP_000964,,NP_595244.1,EGMYTGQFVYCGKNA,1.0,0.8,,,,,,False,0.7829103616021948,,NP_000964,
ENSG00000162521,RBBP4,ENST00000527118,ENSP00000432780,ENSP00000362592,RBBP4,ENST00000527118,ENSP00000432780,ENSP00000362592,MADKEAAFDDAVEER,,,True,3.5,0.5402698946346642,LKLKLHSFESHKDEI,,,True,5.5,5.614818971595909,SFNPYSEFILATGSA,,,True,5.5,2.041788625399091,NP_587881.1,EQTPEDAEDGSPELL,0.4138888888888889,0.2666666666666666,,,,,,False,-1.00557848736459,,NP_005601,,NP_587881.1,PYQRLHTLEGHEDEV,0.5333333333333333,0.4,,,,,,False,5.416674543123936,,NP_005601,,NP_587881.1,EWSPHDEPILASSST,0.5714285714285715,0.4,,,,,,False,0.2968509484741499,,NP_005601,
ENSG00000134014,ELP3,ENST00000521015,ENSP00000428449,ENSP00000256398,ELP3,ENST00000521015,ENSP00000428449,ENSP00000256398,DIEQFTEFFENPAFR,,,True,4.0,-0.7904938187853391,VKAVCESFHLAKDSG,,,True,4.5,3.6608558737310055,LERDIEQFTEFFENP,,,True,5.0,0.0930317124605046,NP_594862.1,DIFQFQEYFENPAFR,0.9047619047619048,0.8,0.3193040143544897,0.0,0.5351257828066801,0.0,0.4648742171933199,False,-1.4413853008614894,5.0,NP_060561,,NP_594862.1,VKAVCETFQLAKDTG,0.7000000000000001,0.8,,,,,,False,2.71992858411516,,NP_060561,,NP_594862.1,MERDIFQFQEYFENP,0.7047619047619046,0.7333333333333333,0.3800258006777988,0.0,0.4305349458109955,0.0,0.5694650541890045,False,-1.967126534120665,5.5,NP_060561,
ENSG00000162923,WDR26,ENST00000678307,ENSP00000503416,ENSP00000504428,WDR26,ENST00000486652,ENSP00000422758,ENSP00000504428,YQGVTQGFYTIHSCF,,,True,5.5,0.9208866918579556,TGGQRGQFYQCDLDG,,,True,5.5,0.4811408628376225,QRIRGYNFEDLTDRN,,,True,5.5,4.85445470551341,NP_593424.1,YMGHKLGNFLIGSCF,0.4583333333333333,0.4666666666666667,,,,,,False,-2.0831446628344805,,NP_079436,,NP_593424.1,DYQVSSQVYHNVLKN,0.375,0.2,,,,,,False,3.531695718823731,,NP_079436,,NP_593424.1,YHNVLKNFSFLSDYK,0.5833333333333334,0.2666666666666666,,,,,,False,6.410915320718725,,NP_079436,
ENSG00000062822,POLD1,ENST00000595904,ENSP00000472445,ENSP00000473052,POLD1,ENST00000595904,ENSP00000472445,ENSP00000473052,STSAKVVYGDTDSVM,,,True,5.0,3.211232076260678,VPIATLDFSSLYPSI,,,True,6.0,1.818491156965684,KSEGGEDYTGATVIE,,,True,6.0,-0.7203502692625373,NP_596124.1,SHDAVVIYGDTDSVM,0.9583333333333334,0.7333333333333333,0.6152799965262151,0.0,0.5913968831481359,0.0,0.4086031168518642,False,4.477253237085629,5.0,NP_001243778,XP_047294903,NP_596124.1,TPIATLDFSSLYPSI,1.0,0.9333333333333332,0.3510082861878059,0.0,0.3226022440820869,0.0,0.6773977559179131,False,1.818491156965684,6.0,NP_001243778,XP_047294903,NP_596124.1,VNGTDEQYEGATVIE,0.6333333333333333,0.5333333333333333,,,,,,False,1.3723286268198962,,NP_001243778,XP_047294903
ENSG00000119125,GDA,ENST00000414671,ENSP00000403897,ENSP00000238018,GDA,ENST00000376986,ENSP00000366185,ENSP00000238018,LNDTFPEYKETTEES,,,True,3.5,0.2195431226409829,CMDLNDTFPEYKETT,,,True,4.5,-4.654249342336745,TVMAHGCYLSAEELN,,,True,4.5,1.980322793892224,NP_587874.1,LEEARQVYKRVVERT,0.4166666666666667,0.2666666666666666,,,,,,False,0.7066577273084421,,NP_001229434,XP_024303488,NP_587874.1,TLSNGTTFASYFSTL,0.4583333333333333,0.2666666666666666,0.3437833866983784,0.0,0.4377486113820093,0.0,0.5622513886179907,False,-1.4872275715761671,6.0,NP_001229434,XP_024303488,NP_587874.1,ATRQLISYMSILDPK,0.3722222222222222,0.1333333333333333,0.4163266305718331,0.0,0.7404176871986242,0.0,0.2595823128013758,False,4.905283517900856,6.0,NP_001229434,XP_024303488
ENSG00000124784,RIOK1,ENST00000379834,ENSP00000369162,ENSP00000369162,RIOK1,ENST00000379834,ENSP00000369162,ENSP00000369162,SRVVPGQFDDADSSD,,,True,4.0,3.471716559866085,DHVDEEVFKRAYIPR,,,True,5.0,2.5415252010373885,DDDDDWDWDEGVGKL,,,True,5.0,1.5459287762083669,NP_593261.2,PNETSESDDDANSIS,0.5833333333333334,0.2666666666666666,,,,,,False,0.8862234621945363,,NP_113668,XP_011513235,NP_593261.2,KHFAIKIYKTSILVF,0.4547619047619047,0.1333333333333333,0.4925760544473732,0.0,0.474619364973965,0.0,0.5253806350260349,False,5.187247906228335,6.0,NP_113668,XP_011513235,NP_593261.2,FREDDIDWNQASSNY,0.4277777777777777,0.2666666666666666,,,,,,False,0.2160835211078693,,NP_113668,XP_011513235
ENSG00000228716,DHFR,ENST00000439211,ENSP00000396308,ENSP00000396308,DHFR,ENST00000439211,ENSP00000396308,ENSP00000396308,IVGGSSVYKEAMNHP,,,True,5.0,4.093187278139477,DFESDTFFPEIDLEK,,,True,5.0,-0.1286952516373902,VIMGKKTWFSIPEKN,,,True,6.5,3.412279175311668,NP_588353.1,IVPQQAVYKTGIRDF,0.4666666666666666,0.3333333333333333,0.8162491620443141,0.0,0.1854139627019901,0.0,0.8145860372980098,True,0.4525503347116974,7.0,NP_000782,,NP_588353.1,EYPCDSFFPFEPAES,0.2749999999999999,0.3333333333333333,,,,,,False,2.153001053059099,,NP_000782,,NP_588353.1,QNGGKFGWFEVEDFK,0.4583333333333334,0.2666666666666666,,,,,,False,3.9466734186815335,,NP_000782,
ENSG00000087502,ERGIC2,ENST00000552155,ENSP00000449691,ENSP00000353270,ERGIC2,ENST00000552155,ENSP00000449691,ENSP00000353270,TIMEFSVYQDTWMKY,transmembrane region;topological domain,Helical;Lumenal,False,5.0,3.647339709161753,KPVNSVPFEDGHTDN,topological domain,Cytoplasmic,True,5.0,0.2358096565727743,DVIFKSAFKSTSTAL,topological domain,Lumenal,False,5.0,2.875987367676924,NP_596065.1,MPTSSTIYKNDRYAG,0.3011904761904762,0.0666666666666666,,,,,,False,1.5774838326071638,,NP_057654,XP_024304777,NP_596065.1,YKSSFRSFETNQYSL,0.2107142857142857,0.1333333333333333,0.3286078372643062,0.0,0.4145264168152209,0.0,0.585473583184779,False,1.549228150127007,6.5,NP_057654,XP_024304777,NP_596065.1,PTSYKSSFRSFETNQ,0.5527777777777777,0.3333333333333333,0.3869197072041689,0.0,0.4646998512102397,0.0,0.5353001487897603,False,3.39396747423438,6.0,NP_057654,XP_024304777
ENSG00000044574,HSPA5,ENST00000324460,ENSP00000324173,ENSP00000324173,HSPA5,ENST00000324460,ENSP00000324173,ENSP00000324173,ARIEIESFYEGEDFS,,,True,3.0,0.2858251544202518,SFYEGEDFSETLTRA,,,True,3.0,-1.3107382608022202,PTKKSQIFSTASDNQ,,,True,4.0,0.9415574004384648,NP_593245.1,VRIEIESFFNGQDFS,0.75,0.7333333333333333,,,,,,False,1.7542168547397043,,NP_005338,,NP_593245.1,SFFNGQDFSETLSRA,0.875,0.7333333333333333,0.2312062351835346,0.0,0.5169812490764351,0.0,0.483018750923565,False,-1.4379177562603196,3.5,NP_005338,,NP_593245.1,PTRKSQIFSTAVDNQ,1.0,0.8666666666666667,0.5166840423250582,0.0,0.3494061782887742,0.0,0.6505938217112258,False,0.9415574004384648,4.0,NP_005338,
ENSG00000066651,TRMT11,ENST00000334379,ENSP00000333934,ENSP00000333934,TRMT11,ENST00000334379,ENSP00000333934,ENSP00000333934,PSWRKGTYFDAIITD,,,True,3.5,6.670533862001962,LLLFGGQFASSQETY,,,True,4.5,2.151202535883052,HNSFREKYFSGVTKR,,,True,5.5,2.369886383551178,NP_596497.2,RSYIGITSFDAELSL,0.6666666666666666,0.3333333333333333,,,,,,False,1.1029333176903433,,NP_001026882,,NP_596497.2,HNFREKYFSSAGRAS,0.3928571428571428,0.1333333333333333,0.347791780269862,0.0,0.4458229286474683,0.0,0.5541770713525316,False,4.311540238345484,5.5,NP_001026882,,NP_596497.2,HHNFREKYFSSAGRA,0.611111111111111,0.5333333333333333,0.3238981617156481,0.0,0.6246090511942393,0.0,0.3753909488057607,False,6.33983155759786,5.5,NP_001026882,
ENSG00000161513,FDXR,ENST00000293195,ENSP00000293195,ENSP00000462972,FDXR,ENST00000293195,ENSP00000293195,ENSP00000462972,VGSGPAGFYTAQHLL,,,True,4.5,2.905191788224452,ATTMTDSFLTGQMLL,,,True,5.0,3.294672926473248,VSFSDWEKLDAEEVA,,,True,6.0,5.105703323234139,NP_596413.1,IGSGPAAFYTAHRLL,0.6666666666666666,0.7333333333333333,0.8422237550128265,0.0,0.2721252251982302,0.0,0.7278747748017698,False,0.2372169388108871,4.5,NP_004101,,NP_596413.1,YSTQTSSPVVGIIGS,0.3214285714285714,0.2666666666666666,,,,,,False,4.207929218844404,,NP_004101,,NP_596413.1,RHESLSEKFRSNEDM,0.475,0.2666666666666666,,,,,,False,4.906248159353177,,NP_004101,
ENSG00000175166,PSMD2,ENST00000310118,ENSP00000310129,ENSP00000310129,PSMD2,ENST00000310118,ENSP00000310129,ENSP00000310129,MELVEDIFTSCKDVV,,,True,3.0,6.654912439522125,LSEDVEEYEDLTEIM,,,True,4.0,-0.2268646842384903,GEKDTSLYRPALEEL,,,True,5.5,0.4447727742743528,NP_596171.1,ASRVCLYITSCVNLL,0.503968253968254,0.2666666666666666,,,,,,False,7.346653254227559,,NP_002799,,NP_596171.1,NTKERDELEDLSEED,0.7916666666666666,0.3333333333333333,,,,,,False,0.4697275471435992,,NP_002799,,NP_596171.1,LRTAHAIYRKFDQLT,0.3944444444444444,0.1333333333333333,,,,,,False,0.1549927532318325,,NP_002799,
ENSG00000120053,GOT1,ENST00000370508,ENSP00000359539,ENSP00000359539,GOT1,ENST00000370508,ENSP00000359539,ENSP00000359539,PILGLAEFRSCASRL,,,True,3.5,7.28931754952045,KHRFLFPFFDSAYQG,,,True,4.0,9.398668257368318,FVSEGFEFFCAQSFS,,,True,4.0,2.0918888432291203,NP_593264.1,FVKYNKDFFVCQSFA,0.3888888888888888,0.2,,,,,,False,-0.4777532006138794,,NP_002070,,NP_593264.1,VTVDTYPYWDAKNRS,0.406024531024531,0.1333333333333333,0.6279674313598175,0.0,0.1656221320021653,0.0,0.8343778679978345,True,5.052114289519525,4.0,NP_002070,,NP_593264.1,FVKYNKDFFVCQSFA,0.5138888888888888,0.4666666666666667,,,,,,False,-0.4777532006138794,,NP_002070,
ENSG00000167721,TSR1,ENST00000301364,ENSP00000301364,ENSP00000301364,TSR1,ENST00000301364,ENSP00000301364,ENSP00000301364,SSEEEEEYETMTIGE,,,True,5.0,3.3362446709087425,ESSEEEEEYETMTIG,,,True,5.0,-1.4143662506010062,KYRGLKSFRTSPWDP,,,True,5.0,3.240404534678567,NP_593391.1,FYYFDDEEEPVAVAK,0.4095238095238095,0.1333333333333333,,,,,,False,4.236037406881667,,NP_060598,,NP_593391.1,EEKIDSDEEETIDDA,0.4611111111111111,0.2666666666666666,,,,,,False,-0.4104576419729779,,NP_060598,,NP_593391.1,KYRGLRSLYTSQWDA,0.6190476190476191,0.6666666666666666,,,,,,False,3.455941291239648,,NP_060598,
ENSG00000171503,ETFDH,ENST00000684296,ENSP00000507740,ENSP00000426638,ETFDH,ENST00000684296,ENSP00000507740,ENSP00000426638,PGAFKELFPDWKEKG,intramembrane region,,False,5.5,-3.741641721753184,LHAKVTIFAEGCHGH,,,True,6.0,3.748741369939885,DGAPKATFERGLELH,,,True,6.0,0.0521447889891882,NP_593321.1,PTALDELLPNWRDDP,0.5833333333333334,0.4,,,,,,False,-4.66489656245363,,NP_004444,,NP_593321.1,FHAPVTLFAEGAHGS,0.9166666666666666,0.6666666666666666,0.6748512083900429,0.0,0.2926058958735796,0.0,0.7073941041264202,False,7.57350056791577,6.0,NP_004444,,NP_593321.1,KGLPKDNFERGMAFH,0.625,0.5333333333333333,,,,,,False,0.32793588442417,,NP_004444,
ENSG00000171703,TCEA2,ENST00000361317,ENSP00000354552,ENSP00000343515,TCEA2,ENST00000361317,ENSP00000354552,ENSP00000343515,SDEPMTTFVVCNECG,,,True,4.0,1.6393599962639285,AQIEECIFRDVGNTD,,,True,6.0,5.415062737147996,LPTSSRDASEAPDPS,,,True,6.5,-1.3788022494381793,NP_593623.1,IMTRLKNEVVATEEL,0.3999999999999999,0.2,,,,,,False,5.8380260680825,,NP_003186,XP_005260286,NP_593623.1,IETIINIMTRLKNEV,0.2749999999999999,0.1333333333333333,,,,,,False,5.077686952895299,,NP_003186,XP_005260286,NP_593623.1,YNALVIDSDESSSLI,0.4166666666666667,0.1333333333333333,,,,,,False,-1.3722063679247778,,NP_003186,XP_005260286
ENSG00000141522,ARHGDIA,ENST00000583868,ENSP00000462209,ENSP00000441348,ARHGDIA,ENST00000583868,ENSP00000462209,ENSP00000441348,DDESLRKYKEALLGR,,,True,5.0,2.9629847298612244,PRAEEYEFLTPVEEA,,,True,5.0,4.459688120352186,VKIDKTDYMVGSYGP,,,True,7.0,1.559683930201757,NP_593292.1,AEDESLQKWKASLGI,0.2878787878787879,0.2,,,,,,False,0.4089612798649379,,NP_001172006,XP_011521876,NP_593292.1,DKVVHHEFVWAFDVA,0.3585858585858586,0.2,,,,,,False,7.289393682738094,,NP_001172006,XP_011521876,NP_593292.1,FVVDKTSTMIGSYGP,0.5583333333333333,0.6,,,,,,False,0.9544806127715992,,NP_001172006,XP_011521876
ENSG00000033627,ATP6V0A1,ENST00000703903,ENSP00000515541,ENSP00000342951,ATP6V0A1,ENST00000393829,ENSP00000377415,ENSP00000342951,SEDEVFDFGDTMVHQ,topological domain,Cytoplasmic,True,3.0,2.857508462663797,FSKSLNIFGSSWSVR,topological domain,Vacuolar,False,5.0,6.6101060722601535,INMFLFSYPESGYSM,topological domain,Vacuolar,False,5.0,4.200241010849089,NP_594219.2,KQAEPFELGEVVIHQ,0.425,0.3333333333333333,,,,,,False,4.399834002683555,,NP_001123493,,NP_594219.2,GFVYNDLFSKPMSIF,0.3928571428571428,0.1333333333333333,,,,,,False,1.9745876627275407,,NP_001123493,,NP_594219.2,VYNDLFSKPMSIFSS,0.45,0.4,,,,,,False,3.918237387390876,,NP_001123493,
ENSG00000092054,MYH7,ENST00000355349,ENSP00000347507,ENSP00000347507,MYH7,ENST00000355349,ENSP00000347507,ENSP00000347507,ILEEECMFPKATDMT,,,True,4.5,2.079482487556896,LFKLKNAYEESLEHL,,,True,4.5,-1.9272087834673728,LAEWKQKYEESQSEL,,,True,5.5,2.63648590412556,NP_588114.1,CLDEECVMPKATDAT,0.7083333333333334,0.6666666666666666,,,,,,False,1.0739551192142676,,NP_000248,XP_016876829,NP_588114.1,FAIADLAYNNLLENK,0.4166666666666667,0.2666666666666666,,,,,,False,-0.7785965993687836,,NP_000248,XP_016876829,NP_588114.1,RFGKFIKVEFSLSGE,0.5416666666666666,0.2666666666666666,,,,,,False,-0.0672623856765029,,NP_000248,XP_016876829
ENSG00000120158,RCL1,ENST00000381750,ENSP00000371169,ENSP00000371169,RCL1,ENST00000381750,ENSP00000371169,ENSP00000371169,AETTSGTFLSAELAS,,,True,4.0,2.4287735341229912,VLRGIGYYLESLLCL,,,True,5.5,-1.07527770849908,DNPGLRDFEASFIRL,,,True,6.0,4.790520154612198,NP_592892.1,TTKGIGYFLEPILIL,0.4285714285714286,0.2666666666666666,0.4839255253593195,0.0,0.5251146881026624,0.0,0.4748853118973375,False,2.386798772441096,6.5,NP_005763,,NP_592892.1,TTKGIGYFLEPILIL,0.7261904761904763,0.5333333333333333,0.4839255253593195,0.0,0.5251146881026624,0.0,0.4748853118973375,False,2.386798772441096,6.5,NP_005763,,NP_592892.1,ADPGVKDYQVSFLRL,0.5547619047619048,0.4666666666666667,,,,,,False,-0.9491386510800944,,NP_005763,
ENSG00000113318,MSH3,ENST00000670357,ENSP00000499791,ENSP00000265081,MSH3,ENST00000670357,ENSP00000499791,ENSP00000265081,GEVVFDSFQDSASRS,,,True,3.5,4.439530598453596,TLFDLSQFGSSNTSH,,,True,4.5,5.832126134191584,YCHLDHNFMTASIPT,,,True,5.0,3.678390434688641,NP_593952.1,YLKSKEDFETSVSQS,0.5333333333333333,0.2666666666666666,0.2463338171273759,0.0,0.4118842168635224,0.0,0.5881157831364776,False,-1.041983757173648,4.0,NP_002430,,NP_593952.1,FDSILIRMGSSDNLS,0.5333333333333333,0.2666666666666666,,,,,,False,8.764944278190484,,NP_002430,,NP_593952.1,SCYFEHNFLNASVPS,0.7083333333333334,0.4666666666666667,,,,,,False,0.7488735937060464,,NP_002430,
ENSG00000180667,YOD1,ENST00000315927,ENSP00000326813,ENSP00000326813,YOD1,ENST00000315927,ENSP00000326813,ENSP00000326813,VASDPDFYSEAILGK,,,True,4.5,-0.6826885523111244,EISILSKFYQCEICV,,,True,5.5,6.405137677492758,DTPPLTIFSSNDDIV,,,True,5.5,4.659147858684495,NP_594039.1,VLSNPDIYSTAILGK,0.6333333333333333,0.7333333333333333,0.7784142171259688,0.0,0.1750733549660859,0.0,0.824926645033914,True,1.5715310717951965,5.5,NP_061036,,NP_594039.1,QVLSNPDIYSTAILG,0.2722222222222222,0.1333333333333333,,,,,,False,7.799997355758879,,NP_061036,,NP_594039.1,GYIELSILSSHFGVE,0.4930555555555556,0.2666666666666666,,,,,,False,9.612396912571135,,NP_061036,
ENSG00000149269,PAK1,ENST00000356341,ENSP00000348696,ENSP00000348696,PAK1,ENST00000356341,ENSP00000348696,ENSP00000348696,TDKSAEDYNSSNALN,,,True,4.5,2.85343430412188,KNPNIVNYLDSYLVG,,,True,5.5,5.175539443767996,AVLDVLEFYNSKKTS,,,True,5.5,-1.4198262096913692,NP_596626.1,GSSPTSSYGSGSASP,0.5,0.2,0.6408849270796455,0.0,0.5069505292168862,0.0,0.4930494707831138,False,2.788694988085689,5.5,NP_002567,XP_047283003,NP_596626.1,HHKNIVNFIDTFFYK,0.5333333333333333,0.3333333333333333,0.3848870222802854,0.0,0.4814401310556873,0.0,0.5185598689443127,False,1.8253092932961856,5.0,NP_002567,XP_047283003,NP_596626.1,AVLDAMAFYSQSKKY,0.5,0.4666666666666667,0.2877808638009572,0.0,0.6112367151584139,0.0,0.388763284841586,False,2.5678796593274926,6.5,NP_002567,XP_047283003
ENSG00000163510,CWC22,ENST00000410053,ENSP00000387006,ENSP00000387006,CWC22,ENST00000410053,ENSP00000387006,ENSP00000387006,FCMLKKEYMESFEGI,,,True,3.5,-1.358465314204143,HKLLKMEFPESQTKE,,,True,3.5,-1.252008879828861,AIQSSLDFEECAHKL,,,True,4.0,3.859024810674572,NP_596256.4,DEEDSEETSESEEDE,0.5583333333333333,0.2666666666666666,,,,,,False,-3.3867419956676823,,NP_065994,,NP_596256.4,MLDYNRENPESSGHS,0.5277777777777778,0.2666666666666666,,,,,,False,-1.1338912759759123,,NP_065994,,NP_596256.4,TIMSSVDFEECCHKL,1.0,0.7333333333333333,0.3219918042825074,0.0,0.4380591097004106,0.0,0.5619408902995894,False,1.350459992228347,4.0,NP_065994,
ENSG00000133706,LARS1,ENST00000674467,ENSP00000501351,ENSP00000377954,LARS1,ENST00000674158,ENSP00000501474,ENSP00000377954,DTVEDANFVEAMADA,,,True,3.5,-1.753872476948822,ITTDVNPYYDSFVRW,,,True,4.0,-0.6937363326588157,EVWDYVFFKEAPFPK,,,True,4.0,-1.110955960105776,NP_594882.1,DTVDDANFEEALANS,0.7666666666666666,0.6666666666666666,0.5580493461347666,0.0,0.3209481871681628,0.0,0.679051812831837,False,-2.391490007019148,3.5,NP_064502,,NP_594882.1,ITTDVNPYYDSFVRW,1.0,1.0,0.6955714988708135,0.0,0.1615104467343226,0.0,0.8384895532656773,True,-0.6937363326588157,4.0,NP_064502,,NP_594882.1,VSANSIFSRELGFNE,0.4416666666666666,0.2,,,,,,False,0.4840726847014391,,NP_064502,
ENSG00000013375,PGM3,ENST00000698525,ENSP00000513774,ENSP00000425809,PGM3,ENST00000698599,ENSP00000513827,ENSP00000425809,QEFDIGVYFEANGHG,,,True,3.5,-0.4134298903782255,NGHGTALFSTAVEMK,,,True,4.0,0.374422768319571,ADRIVYYYHDADGHF,,,True,4.5,3.118806481749454,NP_593040.2,QAYDVGVFFEANGHG,0.9166666666666666,0.7333333333333333,0.4973585339368859,0.0,0.1853620316317224,0.0,0.8146379683682775,True,-0.6924786207726846,3.5,NP_001186846,,NP_593040.2,VNILSSLDSSKWEAY,0.425,0.2,,,,,,False,2.9274705684865223,,NP_001186846,,NP_593040.2,QAYDVGVFFEANGHG,0.4138888888888889,0.2666666666666666,0.4973585339368859,0.0,0.1853620316317224,0.0,0.8146379683682775,True,-0.6924786207726846,3.5,NP_001186846,
ENSG00000017260,ATP2C1,ENST00000505330,ENSP00000423774,ENSP00000423774,ATP2C1,ENST00000505330,ENSP00000423774,ENSP00000423774,MILVDDDFQTIMSAI,,,True,5.0,1.3464245959222392,AFHGWNEFDISEDEP,,,True,5.0,-1.0045844041775849,IVPKVAVFYRASPRH,,,True,5.5,0.8684154948522576,NP_595098.1,MILTDDSFATILSAV,0.625,0.6666666666666666,0.6527698058148127,0.0,0.1734381305525687,0.0,0.8265618694474313,True,0.8877845648680007,5.5,NP_001186110,XP_047303922,NP_595098.1,ENIQRNEFEMAASGL,0.475,0.2,,,,,,False,3.404184671555989,,NP_001186110,XP_047303922,NP_595098.1,AVSRVVVFARTTPQH,0.5833333333333334,0.4666666666666667,,,,,,False,2.626725276456773,,NP_001186110,XP_047303922
ENSG00000167306,MYO5B,ENST00000285039,ENSP00000285039,ENSP00000285039,MYO5B,ENST00000285039,ENSP00000285039,ENSP00000285039,LTSAEDFFYTSQGGD,,,True,3.5,0.7350789005583072,DDFEMTSFWLSNTCR,,,True,4.5,1.3709292802882365,ALTSAEDFFYTSQGG,,,True,4.5,3.8792138643906857,NP_588492.1,RDSVAKFLYASLFDW,0.4166666666666667,0.2666666666666666,,,,,,False,6.074177912665638,,NP_001073936,,NP_588492.1,NERPDIGFWVANTHA,0.5833333333333334,0.2666666666666666,,,,,,False,-1.0699473146127143,,NP_001073936,,NP_588492.1,NTHALLAFVYTKQQA,0.5416666666666666,0.2666666666666666,,,,,,False,1.9679376447980608,,NP_001073936,
ENSG00000163466,ARPC2,ENST00000315717,ENSP00000327137,ENSP00000327137,ARPC2,ENST00000315717,ENSP00000327137,ENSP00000327137,GKVFMQEFKEGRRAS,,,True,5.0,2.247898489374767,YRDDETMYVESKKDR,,,True,5.5,-1.3914478163627404,PEAVEVTFADFDGVL,,,True,5.5,5.969694244599749,NP_593903.1,GKVFLQEFVDARRRP,0.4722222222222221,0.6,0.6092231918627269,0.0,0.3348460617309202,0.0,0.6651539382690798,False,3.968006706202399,4.0,NP_690601,XP_016858602,NP_593903.1,FRNTLHFHIKASKAY,0.4083333333333334,0.1333333333333333,,,,,,False,6.419974762711223,,NP_690601,XP_016858602,NP_593903.1,PSSIDQVVTDFDGVT,0.4583333333333333,0.4,,,,,,False,2.981323573733716,,NP_690601,XP_016858602
ENSG00000119523,ALG2,ENST00000476832,ENSP00000417764,ENSP00000417764,ALG2,ENST00000476832,ENSP00000417764,ENSP00000417764,CEPDPVHFSEAIEKF,,,True,3.0,-1.5853551919108666,HYDPGHCFAESRELP,,,True,4.0,-0.6320237421897472,PIDWIEEYTTGMADC,,,True,5.0,5.585152496315372,NP_595621.3,VSENRRYLKELQEFC,0.3392857142857142,0.1333333333333333,,,,,,False,-0.9603250941766464,,NP_149078,,NP_595621.3,HCDKKHCFEEIRDGT,0.4388888888888889,0.4666666666666667,0.4567247729305985,0.0,0.2797529621396004,0.0,0.7202470378603996,False,0.5433173783528995,5.5,NP_149078,,NP_595621.3,WGNVIYEATTSTTYD,0.4166666666666667,0.2666666666666666,,,,,,False,5.629618095935091,,NP_149078,
ENSG00000072501,SMC1A,ENST00000675504,ENSP00000502524,ENSP00000323421,SMC1A,ENST00000675504,ENSP00000502524,ENSP00000323421,VISLKEEFYTKAESL,,,True,4.0,4.149871356222757,LESVRDKFQETSDEF,,,True,4.5,1.3927809914963192,EALIEIDYGDLCEDL,,,True,4.5,0.5073779295441132,NP_596049.2,VISLKNQLFSKSEAL,0.525,0.5333333333333333,,,,,,False,2.7605415647761595,,NP_006297,,NP_596049.2,MHKFIEKDQESIDNY,0.625,0.2666666666666666,,,,,,False,0.0592141955867044,,NP_006297,,NP_596049.2,KFGVEVDYDELDEEL,0.7055555555555556,0.4,0.3287421007881262,0.0,0.3646245664245447,0.0,0.6353754335754552,False,1.3885765844039073,5.0,NP_006297,
ENSG00000131373,HACL1,ENST00000321169,ENSP00000323811,ENSP00000323811,HACL1,ENST00000321169,ENSP00000323811,ENSP00000323811,TWKEMLKFQDATAVV,,,True,5.0,6.726950069499123,AFGGKGYFVQTPEEL,,,True,6.0,-0.585039819850959,IIGKGAAYAHAEESI,,,True,6.0,0.0509250139442168,NP_595484.1,LQKAAYYLKNAKAPL,0.3468253968253967,0.2,,,,,,False,4.869089261797735,,NP_036392,,NP_595484.1,ACGGKGFFVKNEEDL,0.6166666666666667,0.6,,,,,,False,0.3809835946971681,,NP_036392,,NP_595484.1,GYAIASAFAHSSDKI,0.6805555555555555,0.2666666666666666,,,,,,False,3.568173669823551,,NP_036392,
ENSG00000113593,PPWD1,ENST00000261308,ENSP00000261308,ENSP00000261308,PPWD1,ENST00000261308,ENSP00000261308,ENSP00000261308,GGEFEDEFHSTLRHD,,,True,3.5,1.465049431869139,TGKLMRVFDESLSMF,,,True,4.5,0.3913343298096502,TDTDLYEFAKCKAYP,,,True,4.5,3.0412652939354103,NP_587769.1,GVEYIKEFHAHNAML,0.4583333333333333,0.3333333333333333,,,,,,False,1.586329798265512,,NP_056157,,NP_587769.1,TVGTTAIFDESEKYL,0.7916666666666666,0.3333333333333333,0.406696070610651,0.0,0.1841548267308522,0.0,0.8158451732691477,True,-1.0051428018904376,5.5,NP_056157,,NP_587769.1,LDGKHTIFARAYAGL,0.4416666666666666,0.2666666666666666,,,,,,False,1.395623723187097,,NP_056157,
ENSG00000100109,TFIP11,ENST00000619735,ENSP00000480171,ENSP00000384297,TFIP11,ENST00000619735,ENSP00000480171,ENSP00000384297,HPSVKDKFNEALDIM,,,True,4.0,2.240914183490444,NCDPMVDFLDSWVHI,,,True,4.0,2.23130207214558,DYSAPVNFISAGLKK,,,True,5.0,1.0759866764063988,NP_594091.1,WLTEAPNFDEASEWY,0.5944444444444444,0.2,0.6640083012301455,0.0,0.1578382063646831,0.0,0.8421617936353168,True,2.776626761084424,3.5,NP_001008697,,NP_594091.1,GSYNLPRFLASLIDA,0.475,0.2,,,,,,False,6.138981787189747,,NP_001008697,,NP_594091.1,LPRFLASLIDASLND,0.5416666666666666,0.2,,,,,,False,3.624864166004383,,NP_001008697,
ENSG00000151092,NGLY1,ENST00000280700,ENSP00000280700,ENSP00000280700,NGLY1,ENST00000676225,ENSP00000501622,ENSP00000280700,ECLFEMGFEEGETHL,,,True,4.5,-1.410291851318298,SLHSYADFSGATEVI,,,True,4.5,4.511468284297092,CQNTPETFLEASKLL,,,True,4.5,0.4868139052635158,NP_595447.1,PPCEKCGGETHMTGN,0.3416666666666666,0.2,,,,,,False,0.3915351485823702,,NP_060767,XP_005265373,NP_595447.1,ILPLDKLFQDASELE,0.3055555555555556,0.2666666666666666,0.6474667372572701,0.0,0.3063205599936079,0.0,0.693679440006392,False,-0.4225827164254893,3.5,NP_060767,XP_005265373,NP_595447.1,RYNRIRALLDSRKGR,0.4305555555555555,0.2,,,,,,False,4.606412516065472,,NP_060767,XP_005265373
ENSG00000011376,LARS2,ENST00000650792,ENSP00000498867,ENSP00000495093,LARS2,ENST00000650792,ENSP00000498867,ENSP00000495093,ETDTMDTFVDSAWYY,,,True,3.0,7.959436536556359,VILHSPEFEDALCAL,,,True,3.5,0.3417258740214391,PHNPHSPFNTAVADY,,,True,5.0,2.686173813180914,NP_593069.1,ETDTMDTFVDSSWYY,1.0,0.9333333333333332,0.5109303143852222,0.0,0.4727589602991908,0.0,0.5272410397008092,False,4.156403558630173,3.0,NP_056155,XP_011531856,NP_593069.1,PIHDRRDFEFAKRNN,0.3722222222222222,0.2666666666666666,,,,,,False,-0.5365245833544613,,NP_056155,XP_011531856,NP_593069.1,SKNSELPVGLASASS,0.4166666666666667,0.2666666666666666,,,,,,False,0.8743733932649773,,NP_056155,XP_011531856
ENSG00000107130,NCS1,ENST00000372398,ENSP00000361475,ENSP00000361475,NCS1,ENST00000372398,ENSP00000361475,ENSP00000361475,GKLTLQEFQEGSKAD,,,True,5.0,3.0894075228469267,GRIEFSEFIQALSVT,,,True,5.0,4.513714935963961,ATFVFNVFDENKDGR,,,True,5.5,0.9519181285843402,NP_592879.1,GQLTLEEFCEGSKRD,0.7777777777777778,0.7333333333333333,0.644510728788692,0.0,0.228953796621212,0.0,0.771046203378788,True,3.032475125133487,5.0,NP_055101,,NP_592879.1,GYIDFKEFICALSVT,0.7777777777777777,0.7333333333333333,,,,,,False,1.941513233837863,,NP_055101,,NP_592879.1,VNKIFNMMDKNKDGQ,0.5666666666666667,0.4666666666666667,,,,,,False,0.5104119016029011,,NP_055101,
ENSG00000162959,MEMO1,ENST00000295065,ENSP00000295065,ENSP00000385557,MEMO1,ENST00000295065,ENSP00000295065,ENSP00000385557,QRFRYSYYDESQGEI,,,True,5.5,2.334668848854462,EASHAGSWYTASGPQ,,,True,5.5,5.929262254493668,LADPSNLFVVSSDFC,,,True,6.0,-0.5261303308283743,NP_594340.1,KFLSQYIKDESNSFV,0.3916666666666666,0.2,,,,,,False,-0.3710783011699897,,NP_057039,XP_047300592,NP_594340.1,EATHAGSWYLDDTEL,0.3361111111111111,0.5333333333333333,,,,,,False,5.465292298523739,,NP_057039,XP_047300592,NP_594340.1,IKDESNSFVISSDFC,0.7083333333333334,0.6666666666666666,,,,,,False,-0.1456632218348709,,NP_057039,XP_047300592
ENSG00000111674,ENO2,ENST00000541477,ENSP00000438873,ENSP00000229277,ENO2,ENST00000541477,ENSP00000438873,ENSP00000229277,LPVGAESFRDAMRLG,,,True,4.5,2.879043022193535,DGKYDLDFKSPTDPS,,,True,5.0,2.4266470705133187,DVAASEFYRDGKYDL,,,True,5.5,2.000433049658593,NP_595903.1,LPTGAPSFSEAMRWG,0.6916666666666668,0.6666666666666666,0.6064926449738454,0.0,0.4555760183026798,0.0,0.5444239816973202,False,1.766048440131617,4.5,NP_001966,,NP_001018769.2,GKLYDLDFKSEHPKP,0.6095238095238095,0.4666666666666667,,,,,,False,0.9079840888617966,,NP_001966,,NP_595903.1,DVASSEFYVDGKYDL,0.7083333333333334,0.8666666666666667,0.5147464196947849,0.0,0.093722745491283,0.0,0.906277254508717,True,1.812008012891268,5.0,NP_001966,
ENSG00000213551,DNAJC9,ENST00000372950,ENSP00000362041,ENSP00000362041,DNAJC9,ENST00000372950,ENSP00000362041,ENSP00000362041,LDLCEEVFGTADLYR,,,True,4.0,0.4681300035492173,IQAFEKTYKGSEEEL,,,True,6.0,-0.8530220825349797,DREQRAVYDEQGTVD,,,True,6.5,2.006696451115734,NP_594359.1,EDRFRQVINNAIKDG,0.2666666666666666,0.2,,,,,,False,-0.2590493675724858,,NP_056005,XP_047280865,NP_594359.1,LNEFKASYQYSEEEK,0.5035714285714286,0.4,,,,,,False,-1.691229374080092,,NP_056005,XP_047280865,NP_594359.1,QHHPDRIHDEEKKVE,0.5333333333333333,0.2,,,,,,False,2.290137238969708,,NP_056005,XP_047280865
ENSG00000166676,TVP23A,ENST00000456096,ENSP00000411972,ENSP00000299866,TVP23A,ENST00000299866,ENSP00000299866,ENSP00000299866,SFLSQTVFQTACPGD,,,True,5.0,0.2423987771227101,GNEEELAFRKAKIRH,,,True,5.5,2.490371089286351,IGKVTASFLSQTVFQ,,,True,6.5,3.4292590946814023,NP_596214.1,DGESIWIFESADPSR,0.7333333333333334,0.2666666666666666,0.6426225191781801,0.0,0.2437079723353749,0.0,0.7562920276646251,False,4.891162388701774,4.5,NP_001072980,XP_047290560,NP_596214.1,ALFFFLLFRTGAIVA,0.425,0.2666666666666666,0.6351182630440174,0.0,0.4189112194502616,0.0,0.5810887805497383,False,11.143056099229108,6.0,NP_001072980,XP_047290560,NP_596214.1,SSGFVSRFLSRAFIK,0.4722222222222222,0.2,,,,,,False,8.646308707753851,,NP_001072980,XP_047290560
ENSG00000168002,POLR2G,ENST00000301788,ENSP00000301788,ENSP00000301788,POLR2G,ENST00000301788,ENSP00000301788,ENSP00000301788,GGGGGMFYHISLEHE,,,True,6.0,-0.257272170834767,TCTGKYGFVIAVTTI,,,True,6.0,1.49180110329509,PNSNPPCYKTMDEDI,,,True,6.5,1.615131090858154,XP_001713072.1,FDPTANPPNYSGEDQ,0.1706349206349206,0.1333333333333333,,,,,,False,3.289187347267257,,NP_002687,,XP_001713072.1,TCSGQYGYIICVLDS,0.4880952380952381,0.4666666666666667,,,,,,False,0.8123080144576188,,NP_002687,,XP_001713072.1,DATEIFAIATMKEDY,0.4166666666666667,0.2666666666666666,,,,,,False,4.707982931034738,,NP_002687,
ENSG00000145191,EIF2B5,ENST00000648314,ENSP00000496920,ENSP00000497160,EIF2B5,ENST00000648314,ENSP00000496920,ENSP00000497160,LIDYTLEFLTATGVQ,,,True,4.0,3.729361027218269,PLTPEANFTDSTTQS,,,True,4.5,-0.7446206500792175,VSVMTMIFKESSPSH,,,True,5.0,-2.029686994518725,NP_594285.1,DSDDEGEFMEASGLI,0.6999999999999998,0.3333333333333333,0.7899847241633705,0.0,0.2751142796558069,0.0,0.724885720344193,False,-1.769537459963238,2.0,NP_003898,XP_011511567,NP_594285.1,ESTNELHLSDSESSE,0.4375,0.2666666666666666,,,,,,False,-0.4767707755227351,,NP_003898,XP_011511567,NP_594285.1,NAIMTMVVREASPFH,0.525,0.4666666666666667,,,,,,False,-0.7263540930688877,,NP_003898,XP_011511567
ENSG00000114127,XRN1,ENST00000264951,ENSP00000264951,ENSP00000264951,XRN1,ENST00000264951,ENSP00000264951,ENSP00000264951,IIKPRKVFFMAVDGV,,,True,4.5,0.4802776039333228,KVGSEWMYSSAAEQL,,,True,4.5,7.3583935165161,SWQGVTIYFSGHETP,,,True,4.5,2.561521511563388,NP_593482.1,SFNAPTVFSLAEDYT,0.6666666666666666,0.2666666666666666,,,,,,False,0.9407356386347124,,NP_061874,XP_047304314,NP_593482.1,SFNAPTVFSLAEDYT,0.4305555555555556,0.1333333333333333,,,,,,False,0.9407356386347124,,NP_061874,XP_047304314,NP_593482.1,QWQNIEVIFSGHDCP,0.638888888888889,0.4666666666666667,,,,,,False,1.2186331963560035,,NP_061874,XP_047304314
ENSG00000162877,PM20D1,ENST00000367136,ENSP00000356104,ENSP00000356104,PM20D1,ENST00000367136,ENSP00000356104,ENSP00000356104,KYIPRRSFFISLGHD,,,True,5.5,-0.4588170831479202,IGNTDSRFFTNLTTG,,,True,6.0,4.244654928846408,QTPMPIIFGSGTVVT,,,True,6.0,4.8496253991962375,NP_594033.1,SCMDSESAAVSTSAK,0.2916666666666667,0.1333333333333333,,,,,,False,-2.556219976808995,,NP_689704,,NP_594033.1,PANTDTRHYWNLTSN,0.5202922077922078,0.4666666666666667,,,,,,False,2.855902789138721,,NP_689704,,NP_594033.1,AGAIRYTFGDGTSVT,0.3833333333333333,0.4,0.50402976337809,0.0,0.4841409758323022,0.0,0.5158590241676978,False,5.18277566698259,4.5,NP_689704,
ENSG00000130714,POMT1,ENST00000372228,ENSP00000361302,ENSP00000361302,POMT1,ENST00000372228,ENSP00000361302,ENSP00000361302,SDDSEHKYSSSPLEW,,,True,5.0,1.6609516040657053,DQIMSSAFQASLEGG,,,True,5.5,-0.1804028899968868,SALVVAWYSSACHVS,,,True,6.0,12.579222029751731,NP_596807.1,DEVHFGKFASYYLQG,0.5773809523809524,0.2,0.192179554029425,0.0,0.2929094453330269,0.0,0.7070905546669732,False,-1.957755950441146,7.0,NP_009102,XP_011516442,NP_596807.1,TLHHGIAFWAKSEEN,0.6363636363636364,0.2666666666666666,,,,,,False,0.962064205331894,,NP_009102,XP_011516442,NP_596807.1,MLTEFHPYSSNPSDW,0.3075396825396825,0.2,0.407559963204708,0.0,0.1667685782571754,0.0,0.8332314217428246,True,1.5286792424801274,7.0,NP_009102,XP_011516442
ENSG00000141367,CLTC,ENST00000700707,ENSP00000515147,ENSP00000462592,CLTC,ENST00000700707,ENSP00000515147,ENSP00000462592,RFLRENPYYDSRVVG,,,True,4.5,6.085223207888292,IAISNELFEEAFAIF,,,True,4.5,-1.1713624812480572,TLVHLGEYQAAVDGA,,,True,5.0,3.0853860199874403,NP_594148.1,RLKLLLPYLESLLQS,0.5666666666666667,0.2666666666666666,0.4885719658711275,0.0,0.7679562994686522,0.0,0.2320437005313478,False,1.228620708100249,5.5,NP_001275582,,NP_594148.1,IAIENGLYEEAFRIY,0.7047619047619048,0.6666666666666666,0.6663453451074312,0.0,0.3436208077534073,0.0,0.6563791922465926,False,-0.8768579222159325,5.5,NP_001275582,,NP_594148.1,TLVYLGEYQGAVDCA,0.8333333333333334,0.8,,,,,,False,1.7730031850995709,,NP_001275582,
ENSG00000070367,EXOC5,ENST00000621441,ENSP00000484855,ENSP00000484855,EXOC5,ENST00000621441,ENSP00000484855,ENSP00000484855,FVQLRADYRSARLAR,,,True,4.5,0.4918771937651773,LMKYFNEFLDGELKS,,,True,4.5,0.2556532694751756,AYLRNDIFEDAGILC,,,True,4.5,5.8804478164714,NP_593654.1,VGDRIRDYASASKQV,0.5583333333333333,0.2666666666666666,0.5863673922694019,0.0,0.5575586339719192,0.0,0.4424413660280807,False,4.729939970175699,5.0,NP_006535,XP_005267329,NP_593654.1,RIEKFSEFLETNFLK,0.5,0.2666666666666666,0.547607780849044,0.0,0.3780698963628844,0.0,0.6219301036371155,False,0.8113556475895227,4.0,NP_006535,XP_005267329,NP_593654.1,ENNRKRILSSAELLR,0.4166666666666667,0.2666666666666666,,,,,,False,4.753413317495464,,NP_006535,XP_005267329
ENSG00000189091,SF3B3,ENST00000302516,ENSP00000305790,ENSP00000305790,SF3B3,ENST00000302516,ENSP00000305790,ENSP00000305790,DDDEEPEFSSAMPLE,,,True,2.5,1.5414315476737297,FACLEMDYEEADNDP,,,True,4.0,2.909370759226832,LSYETLEFASGFASE,,,True,4.5,0.8827118217603102,NP_594414.1,HDSTREAFTSSEKVL,0.3333333333333333,0.2,0.4619805555143154,0.0,0.328712566899014,0.0,0.671287433100986,False,5.155763159140113,5.5,NP_036558,,NP_594414.1,FAALEVDYSEIDHDS,0.4791666666666667,0.6,0.3770286467262651,0.0,0.3091629673412059,0.0,0.6908370326587941,False,2.1660150302963803,6.5,NP_036558,,NP_594414.1,IAYSAIDHASSFASE,0.5347222222222222,0.4666666666666667,,,,,,False,3.761432888866161,,NP_036558,
ENSG00000116062,MSH6,ENST00000652107,ENSP00000498629,ENSP00000234420,MSH6,ENST00000652107,ENSP00000498629,ENSP00000234420,SKKKIIDFLSALEGF,,,True,3.0,3.61878393145968,SSRPTVWYHETLEWL,,,True,4.0,-0.2641998182041584,EAQKGGHFYSAKPEI,,,True,4.0,1.2843064477274495,NP_588344.1,RLGANDDIMSARSTF,0.5666666666666667,0.2666666666666666,,,,,,False,2.5434953927640587,,NP_000170,,NP_588344.1,KPYTEFWDNERVERE,0.4111111111111111,0.2,,,,,,False,2.7916198536515884,,NP_000170,,NP_588344.1,KQKTLFGFFSKIPNV,0.4944444444444444,0.2,,,,,,False,8.17212018782825,,NP_000170,
ENSG00000051180,RAD51,ENST00000527860,ENSP00000432759,ENSP00000267868,RAD51,ENST00000527860,ENSP00000432759,ENSP00000267868,AKLVPMGFTTATEFH,,,True,4.0,3.0713841832929405,ITEMFGEFRTGKTQI,,,True,4.5,-0.1533106524825952,TGSITEMFGEFRTGK,,,True,5.5,-0.5124511015529007,NP_593882.1,SKLVPMGFTTATEYH,1.0,0.8666666666666667,0.6717191180875854,0.0,0.6300994230127748,0.0,0.3699005769872252,False,2.559124159125848,4.0,NP_002866,XP_011520159,NP_593882.1,ITELFGEFRTGKSQI,0.875,0.8666666666666667,0.6802424506667828,0.0,0.1887409917863267,0.0,0.8112590082136732,True,-0.5864143282310512,4.5,NP_002866,XP_011520159,NP_593882.1,TGSITELFGEFRTGK,0.9166666666666666,0.9333333333333332,0.6749277234280701,0.0,0.2554339756912834,0.0,0.7445660243087165,False,-1.5179784698955292,5.5,NP_002866,XP_011520159
ENSG00000080503,SMARCA2,ENST00000357248,ENSP00000349788,ENSP00000371638,SMARCA2,ENST00000357248,ENSP00000349788,ENSP00000371638,RQRRDVDYSDALTEK,,,True,3.5,2.670121758647125,NFLLPTIFKSCSTFE,,,True,4.5,1.521216251989432,SIVLQSVFKSARQKI,,,True,5.0,2.909915183234,NP_588472.2,MRNQSSEFPDAENTN,0.4595238095238095,0.1333333333333333,0.7828038208979787,0.0,0.188538546950216,0.0,0.811461453049784,True,6.257230597997234,3.5,NP_001276325,,NP_588472.2,NFVLPKIFNSIKSFD,0.5,0.5333333333333333,0.433001370012642,0.0,0.2313836666978669,0.0,0.7686163333021331,True,0.5688003075917737,6.5,NP_001276325,,NP_588472.2,KEEKKRIERSARQRL,0.5916666666666667,0.2666666666666666,,,,,,False,1.290036463781448,,NP_001276325,
ENSG00000108846,ABCC3,ENST00000427699,ENSP00000395160,ENSP00000285238,ABCC3,ENST00000513745,ENSP00000421755,ENSP00000285238,KIRSPQSFFDTTPSG,topological domain,Cytoplasmic,True,3.5,0.7701401327227174,FRFXKPPFFSAKNVD,topological domain,Cytoplasmic,True,4.0,13.19102547953758,SGELGSKFWDSNLSV,topological domain,Extracellular,False,4.5,1.7982858325762463,NP_593943.3,VLRAPMSFFETTPTG,0.9,0.6,0.4290366758417429,0.0,0.7501867227420156,0.0,0.2498132772579844,False,-0.054148374664299,3.5,NP_003777,,NP_595055.1,NHRVWFMFFSSSRWQ,0.475,0.2,0.2774277653241296,0.0,0.6083690211404509,0.0,0.3916309788595491,False,6.821394520811227,5.0,NP_003777,,NP_595055.1,FWTIWMKFFSIALVI,0.4444444444444444,0.2,0.4883276766996738,0.0,0.410209932708116,0.0,0.589790067291884,False,10.322932393281288,6.5,NP_003777,
ENSG00000165527,ARF6,ENST00000693319,ENSP00000510419,ENSP00000298316,ARF6,ENST00000693319,ENSP00000510419,ENSP00000298316,IRPLWRHYYTGTQGL,,,True,5.5,1.2243697832390397,GLYEGLTWLTSNYKS,,,True,7.0,3.2144540188625013,RPLWRHYYTGTQGLI,,,True,7.5,4.659914511076819,NP_596822.1,IRPLWRHYFTGTKGL,0.7833333333333333,0.8666666666666667,0.6707903139623901,0.0,0.2399255527404823,0.0,0.7600744472595177,True,1.57289979198961,6.0,NP_001654,,NP_596822.1,GLLEGLAWLSQNAKL,0.2916666666666667,0.6,,,,,,False,3.433376958054074,,NP_001654,,NP_596822.1,RPLWRHYFTGTKGLI,0.9166666666666666,0.8666666666666667,,,,,,False,4.659914511076819,,NP_001654,
ENSG00000139112,GABARAPL1,ENST00000541960,ENSP00000445709,ENSP00000266458,GABARAPL1,ENST00000266458,ENSP00000266458,ENSP00000266458,EDNHEEDYFLYVAYS,,,True,5.5,-3.362120570411232,SATMGQLYEDNHEED,,,True,6.0,-0.0380712837181419,RPEDALFFFVNNTIP,,,True,7.0,2.647881642851213,NP_596531.1,EEHKSEDGFLYITYS,0.5833333333333334,0.5333333333333333,,,,,,False,-4.2437027332233415,,NP_113600,,NP_596531.1,AALMSTIYEEHKSED,0.5041666666666667,0.4,0.4655530931694022,0.0,0.3946391116673806,0.0,0.6053608883326194,False,-0.6511091537634093,6.5,NP_113600,,NP_596531.1,SPEKAIFIFIDEILP,0.4444444444444444,0.4,,,,,,False,7.124920806050991,,NP_113600,
ENSG00000165140,FBP1,ENST00000648117,ENSP00000498145,ENSP00000408025,FBP1,ENST00000648117,ENSP00000498145,ENSP00000408025,MNMLKSSFATCVLVS,,,True,4.5,4.943186416534852,NEGYARDFDPAVTEY,,,True,5.0,2.843366589943216,VAAGYALYGSATMLV,,,True,5.5,3.871592361207973,NP_595083.2,FITAMKSNGCCKLIV,0.3981481481481481,0.2,,,,,,False,2.208288926218966,,NP_001121100,XP_006717068,NP_595083.2,LIVVDSNGSYAVTCD,0.2063492063492063,0.2,,,,,,False,2.326639657095417,,NP_001121100,XP_006717068,NP_595083.2,DLVPKTLHGKSSIWL,0.4583333333333333,0.1333333333333333,,,,,,False,3.284685255501517,,NP_001121100,XP_006717068
ENSG00000067048,DDX3Y,ENST00000360160,ENSP00000353284,ENSP00000353284,DDX3Y,ENST00000360160,ENSP00000353284,ENSP00000353284,DSLEDFLYHEGYACT,,,True,4.5,-0.2748288400258039,SDSLTLVFVETKKGA,,,True,5.0,-1.4053620550190125,RELAVQIYEEARKFS,,,True,5.5,-0.0303723732567487,NP_588033.1,TPHHGNTYNSGSAQS,0.4944444444444444,0.2,0.4573886689581706,0.0,0.5986268345873832,0.0,0.4013731654126167,False,0.1379272333517918,6.0,NP_001116137,,NP_588033.1,PEGLTLIFVETKRMA,0.8583333333333334,0.6,0.4813072849335286,0.0,0.4910141888564584,0.0,0.5089858111435416,False,-1.727946511245069,5.5,NP_001116137,,NP_588033.1,RELVCQIHEESRKFC,0.75,0.6666666666666666,,,,,,False,1.5230345963384475,,NP_001116137,
ENSG00000107614,TRDMT1,ENST00000377799,ENSP00000367030,ENSP00000367030,TRDMT1,ENST00000377799,ENSP00000367030,ENSP00000367030,FTKGYGSYIEGTGSV,,,True,5.5,-1.375526297917727,CGFQYQEFLLSPTSL,,,True,5.5,-1.1585456227688191,GFPPEFGFPEKITVK,,,True,6.0,4.129508431052639,NP_595687.1,FTRGYTHLVQGAGSI,0.4624999999999999,0.4666666666666667,,,,,,False,5.055749456577319,,NP_004403,XP_047280653,NP_595687.1,CGYNLIEGILSPNQF,0.5,0.4,,,,,,False,4.991153930957918,,NP_004403,XP_047280653,NP_595687.1,EVARLMGFPESLEWS,0.6333333333333333,0.2666666666666666,0.4085943800209413,0.0,0.8397112464877563,0.0,0.1602887535122437,False,3.4202343092964247,4.0,NP_004403,XP_047280653
ENSG00000168439,STIP1,ENST00000358794,ENSP00000351646,ENSP00000351646,STIP1,ENST00000358794,ENSP00000351646,ENSP00000351646,DAYKKKDFDTALKHY,,,True,4.5,0.7893117488603743,ALEAMKDYTKAMDVY,,,True,5.0,6.930878685572466,ITNQAAVYFEKGDYN,,,True,5.0,2.43533926426045,NP_588123.1,ELFKSGDFANAIKEY,0.5833333333333334,0.4,,,,,,False,0.7125410363169626,,NP_001269581,,NP_588123.1,ALFMLKDYNKCIDAC,0.6666666666666666,0.4666666666666667,,,,,,False,3.0159712492452244,,NP_001269581,,NP_588123.1,LNNLAAAYFEADQLD,0.4583333333333333,0.4,0.7885826782659642,0.0,0.6206417078515228,0.0,0.3793582921484771,False,2.833737681671796,4.0,NP_001269581,
ENSG00000151239,TWF1,ENST00000552521,ENSP00000448750,ENSP00000449428,TWF1,ENST00000547459,ENSP00000446665,ENSP00000449428,KHSHEGDYLESIVFI,,,True,4.5,-1.41228285160553,SIRERMLYSSCKSRL,,,True,5.0,0.4175452990336204,QTLQGVAFPISREAF,,,True,6.0,-0.9634881256621552,NP_588449.1,ERKEYNESMQSSVTH,0.45,0.1333333333333333,,,,,,False,-0.4869976235229314,,NP_001229326,,NP_588449.1,NVRRKMLYASSRAAF,0.5416666666666666,0.3333333333333333,0.4494333186423457,0.0,0.9134014294520114,0.0,0.0865985705479885,False,2.9787662895972886,6.0,NP_001229326,,NP_588449.1,VPVRAAIISISNENS,0.4166666666666667,0.2,,,,,,False,5.359904788179575,,NP_001229326,
ENSG00000119912,IDE,ENST00000679312,ENSP00000504442,ENSP00000265986,IDE,ENST00000679312,ENSP00000504442,ENSP00000265986,EGPQEWVFQECKDLN,,,True,3.0,-0.5923459973512334,LLKFHSAYYSSNLMA,,,True,5.0,2.7983933730224733,KACLNFEFFSPFAYV,,,True,5.0,5.658363288471387,NP_593966.1,KISVHVVSQRCEDEV,0.5833333333333334,0.2666666666666666,,,,,,False,1.1322874199846455,,NP_004960,XP_016871677,NP_593966.1,YPRDKVLYYSSVLTE,0.7916666666666666,0.3333333333333333,0.4288605196238674,0.0,0.3538461847176734,0.0,0.6461538152823266,False,-0.6671957033217848,5.0,NP_004960,XP_016871677,NP_593966.1,KANVFINFISPIARR,0.6666666666666666,0.4,0.3403740627598651,0.0,0.4988654062511799,0.0,0.5011345937488201,False,6.777838693078509,7.0,NP_004960,XP_016871677
ENSG00000138802,SEC24B,ENST00000504968,ENSP00000428564,ENSP00000265175,SEC24B,ENST00000504968,ENSP00000428564,ENSP00000265175,LDTQCGDYYSALYTV,,,True,3.5,3.069334029276144,TDTSLVCFQTALLYT,,,True,4.5,3.030251457431434,VQNSTVEFIASSDYM,,,True,5.0,-0.9053588038169408,NP_594731.1,QVSVDMFLFSSQYQD,0.3333333333333333,0.1333333333333333,,,,,,False,3.680713276145936,,NP_006314,XP_047305468,NP_594731.1,ITKPFVSFQTAMLHT,0.7916666666666666,0.4666666666666667,0.6269424992258367,0.0,0.2233472523474295,0.0,0.7766527476525704,True,-0.5085625716801396,4.5,NP_006314,XP_047305468,NP_594731.1,LNYAVVDFIAPQEYM,0.5984126984126984,0.4,,,,,,False,2.355708629786218,,NP_006314,XP_047305468
ENSG00000161204,ABCF3,ENST00000292808,ENSP00000292808,ENSP00000411471,ABCF3,ENST00000292808,ENSP00000292808,ENSP00000411471,ESEVVMKFPDGFEKF,,,True,4.5,4.346313201823026,LHSGSADFESVDDLV,,,True,5.0,2.3849006050167785,AEILRSEFPEIDGQV,,,True,5.5,-0.5185880915654678,NP_595837.1,LSFLAKTFPGKGEEE,0.3722222222222222,0.2666666666666666,,,,,,False,2.9976155378025227,,NP_060828,XP_047304471,NP_595837.1,TGDDTPALQSVLDAD,0.4833333333333333,0.2,,,,,,False,0.2474423772342988,,NP_060828,XP_047304471,NP_595837.1,EEEVEFEFPPVEKIS,0.5345238095238095,0.2666666666666666,,,,,,False,5.249372123603403,,NP_060828,XP_047304471
ENSG00000144736,SHQ1,ENST00000444040,ENSP00000402447,ENSP00000315182,SHQ1,ENST00000444040,ENSP00000402447,ENSP00000315182,RVSEFDVYFEGSDFK,,,True,4.0,-0.1482792457525568,IDIKDPDFTPAAERR,,,True,4.5,3.0938580764346115,KLSPTLCWFETWTNV,,,True,5.5,2.98605345831946,NP_595575.1,KIDWQNIHFDDPDFD,0.5277777777777778,0.2,,,,,,False,4.391887293621664,,NP_060600,XP_011532197,NP_595575.1,PLIEEVEDTPSPSTS,0.3583333333333333,0.2,,,,,,False,-1.1317036101381046,,NP_060600,XP_011532197,NP_595575.1,WDLALTCWKDTHAIL,0.4555555555555555,0.2,,,,,,False,7.086697750358805,,NP_060600,XP_011532197
ENSG00000117748,RPA2,ENST00000373912,ENSP00000363021,ENSP00000363021,RPA2,ENST00000313433,ENSP00000363015,ENSP00000363021,STVDDDHFKSTDAEG,,,True,4.0,0.558513410273901,PLEDMNEFTTHILEV,,,True,5.5,2.791730174089905,WNSGFESYGSSSYGG,,,True,5.5,0.7670768373972463,NP_588227.2,TTIDENHFKSVLQDQ,0.6333333333333333,0.4,0.7299331653752444,0.0,0.1345496824314338,0.0,0.8654503175685663,True,1.8803048654267784,6.0,NP_002937,XP_024304632,NP_588227.2,TIKDHNEVHFHFLEA,0.3611111111111111,0.4,,,,,,False,-0.958936663729304,,NP_002937,XP_024304632,NP_588227.2,NGANAPGYGTSNALG,0.45,0.2666666666666666,0.3425863040036581,0.0,0.6128818144884854,0.0,0.3871181855115145,False,2.1518787728325828,6.0,NP_002937,XP_024304632
ENSG00000162236,STX5,ENST00000294179,ENSP00000294179,ENSP00000294179,STX5,ENST00000294179,ENSP00000294179,ENSP00000294179,CRDRTQEFLSACKSL,topological domain,Cytoplasmic,True,4.5,4.091419040714947,LASMSNDFKSVLEVR,topological domain,Cytoplasmic,True,5.0,5.966027274963109,QIAQLQDFVRAKGSQ,topological domain,Cytoplasmic,True,5.5,3.2444432364772657,NP_595576.1,EIVKFYERMSSNRAL,0.4083333333333332,0.2,,,,,,False,2.755779228597517,,NP_003155,XP_011543526,NP_595576.1,LANTSMTFKDILEIR,0.5916666666666667,0.5333333333333333,0.533066104978481,0.0,0.3580113998513654,0.0,0.6419886001486346,False,2.278028004718711,5.0,NP_003155,XP_011543526,NP_595576.1,IDMHTDDIVSNIGSA,0.4027777777777778,0.2666666666666666,,,,,,False,1.1014957282982971,,NP_003155,XP_011543526
ENSG00000167325,RRM1,ENST00000300738,ENSP00000300738,ENSP00000300738,RRM1,ENST00000532170,ENSP00000435656,ENSP00000300738,FILMRYPFESAEAQL,,,True,5.0,2.611213636679772,KQIFETIYYGALEAS,,,True,5.0,0.6474328229427476,LCTEIVEYTSKDEVA,,,True,5.5,6.326378031816457,NP_594491.1,FFALRLPFESAGAKK,1.0,0.5333333333333333,0.3707670948896885,0.0,0.5207979928791125,0.0,0.4792020071208874,False,1.0506085964812066,5.0,NP_001024,,NP_594491.1,IQIFETIYHAALEAS,0.7083333333333334,0.8,,,,,,False,0.6474328229427476,,NP_001024,,NP_594491.1,LCTEIVEYSSPDEVA,0.6845238095238096,0.8666666666666667,0.5380290046959529,0.0,0.1946491314318631,0.0,0.8053508685681369,True,8.753343155073658,5.5,NP_001024,
ENSG00000142657,PGD,ENST00000270776,ENSP00000270776,ENSP00000270776,PGD,ENST00000270776,ENSP00000270776,ENSP00000270776,NLLLDDFFKSAVENC,,,True,3.5,2.9924259607864183,AGIPMPCFTTALSFY,,,True,4.5,3.3735971455580644,CFTTALSFYDGYRHE,,,True,4.5,4.919582772608316,NP_595095.1,SILFHPFFTNGVEKA,0.4944444444444444,0.3333333333333333,,,,,,False,0.8312920303080837,,NP_002622,,NP_595095.1,EAVFARCLSSLKSER,0.375,0.1333333333333333,,,,,,False,4.891466415098026,,NP_002622,,NP_595095.1,ATSTGLSFYDGYRSA,1.0,0.6,0.7545471345881052,0.0,0.300758253500094,0.0,0.699241746499906,False,1.9904318634982696,4.5,NP_002622,
ENSG00000090861,AARS1,ENST00000675643,ENSP00000502797,ENSP00000261772,AARS1,ENST00000675643,ENSP00000502797,ENSP00000261772,DTDLFVPYFEAIQKG,,,True,3.5,-0.7504466335933182,VLEKTKQFIDSNPNQ,,,True,5.0,1.4527529723036596,KDVYHHTFFEMLGSW,,,True,5.0,0.4751468120218009,NP_593640.1,GIKIDEPGFEAAQAR,0.75,0.3333333333333333,,,,,,False,2.281569013857532,,NP_001596,,NP_593640.1,GKGDTCQGVGDKPLS,0.3472222222222221,0.2,,,,,,False,0.7784840440189772,,NP_001596,,NP_593640.1,KDNYHHTMFEMLGNW,0.8333333333333334,0.8,,,,,,False,1.368714881303598,,NP_001596,
ENSG00000105447,GRWD1,ENST00000253237,ENSP00000253237,ENSP00000253237,GRWD1,ENST00000253237,ENSP00000253237,ENSP00000253237,SPTENTVFASCSADA,,,True,4.5,1.3072010850725655,DEEAYVLYHRAQTGA,,,True,5.0,-0.2780422507816147,TELPLTLYLCAGTQA,,,True,6.0,2.809573461633637,NP_595880.1,SPSEKNVFSSCSCDG,0.7083333333333334,0.6,0.4634152628478851,0.0,0.3352170513037558,0.0,0.6647829486962441,False,0.8978051814679814,5.0,NP_113673,,NP_595880.1,TPVASFKWHRAPIYS,0.4219696969696969,0.2666666666666666,,,,,,False,6.995908118816344,,NP_113673,,NP_595880.1,RAWPHQMYLVGGSQA,0.3999999999999999,0.4,,,,,,False,0.9184694159330056,,NP_113673,
ENSG00000185420,SMYD3,ENST00000490107,ENSP00000419184,ENSP00000419184,SMYD3,ENST00000490107,ENSP00000419184,ENSP00000419184,ESEKLYSFYDLESNI,,,True,4.5,5.201717235566177,GLLEEALFYGTRTME,,,True,5.0,0.8275728768697173,AKVICNSFTICNAEM,,,True,6.0,0.6070187440765299,NP_596514.1,MNLVTSSFDSLGMCL,0.3833333333333333,0.2,0.3714416918236985,0.0,0.4292585418691892,0.0,0.5707414581308108,False,6.759432327454275,6.5,NP_001161212,,NP_596514.1,DPNCQIIFDGAIVQL,0.3333333333333333,0.1333333333333333,,,,,,False,0.6660901607966457,,NP_001161212,,NP_596514.1,VRISHPSTTFCSNVE,0.3777777777777777,0.2,,,,,,False,6.712058494059692,,NP_001161212,
ENSG00000176102,CSTF3,ENST00000323959,ENSP00000315791,ENSP00000315791,CSTF3,ENST00000323959,ENSP00000315791,ENSP00000315791,LYFAYADYEESRMKY,,,True,4.5,0.6894199093675222,VTAALMEYYCSKDKS,,,True,4.5,2.144024910273944,SGRFWKLYIEAEIKA,,,True,5.0,1.463785317770276,NP_593303.1,VPRVWVDYISSELAF,0.4583333333333333,0.2,0.2729131427794697,0.0,0.5205796825149493,0.0,0.4794203174850506,False,2.760550839895206,5.0,NP_001317,,NP_593303.1,IASAMMEHHCSRDPV,0.75,0.4,,,,,,False,2.001042178182998,,NP_001317,,NP_593303.1,PYQSHEIYIASAMME,0.45,0.1333333333333333,,,,,,False,4.1372818031337495,,NP_001317,
ENSG00000291958,GCSH,ENST00000709349,ENSP00000517634,ENSP00000517634,GCSH,ENST00000709349,ENSP00000517634,ENSP00000517634,SEEAYEKYIKSIEEG,,,True,6.0,-0.6932935047131762,GLVNKSCYEDGWLIK,,,True,6.0,3.3283465986287006,EALGDVVYCSLPEVG,,,True,6.0,3.775025479966239,NP_596169.1,DGIGAVESVKSASDV,0.4083333333333334,0.1333333333333333,,,,,,False,5.187035290026605,,NP_004474,,NP_596169.1,DKVSSSPEEEGWICK,0.3452380952380953,0.4,,,,,,False,2.5386644898296566,,NP_004474,,NP_596169.1,NALGEVVFVELPEPE,0.5416666666666666,0.5333333333333333,0.6419521488207823,0.0,0.2091966426292405,0.0,0.7908033573707595,True,-1.5848033569136168,5.5,NP_004474,
ENSG00000140905,GCSH,ENST00000315467,ENSP00000319531,ENSP00000319531,GCSH,ENST00000315467,ENSP00000319531,ENSP00000319531,SEEAYEKYIKSIEEG,,,True,6.0,-0.6932935047131762,GLVNKSCYEDGWLIK,,,True,6.0,3.3283465986287006,EALGDVVYCSLPEVG,,,True,6.0,3.775025479966239,NP_596169.1,DGIGAVESVKSASDV,0.4083333333333334,0.1333333333333333,,,,,,False,5.187035290026605,,NP_004474,XP_016878625,NP_596169.1,DKVSSSPEEEGWICK,0.3452380952380953,0.4,,,,,,False,2.5386644898296566,,NP_004474,XP_016878625,NP_596169.1,NALGEVVFVELPEPE,0.5416666666666666,0.5333333333333333,0.6419521488207823,0.0,0.2091966426292405,0.0,0.7908033573707595,True,-1.5848033569136168,5.5,NP_004474,XP_016878625
ENSG00000002549,LAP3,ENST00000226299,ENSP00000226299,ENSP00000226299,LAP3,ENST00000226299,ENSP00000226299,ENSP00000226299,KEDDVPQFTSAGENF,,,True,3.5,2.0861338044854616,GIDEQENWHEGKENI,,,True,5.0,1.2737974591166752,FVGKGITFDSGGISI,,,True,5.5,4.2480387096589896,NP_592993.1,HEAYLKQLTSSSNAD,0.5416666666666666,0.2666666666666666,,,,,,False,8.237291332636364,,NP_056991,,NP_592993.1,GNVFTGAFVQGEELW,0.2194444444444444,0.2,,,,,,False,-0.0299736244020902,,NP_056991,,NP_592993.1,LVGKGVTFDSGGISI,1.0,0.8666666666666667,0.3471882533384521,0.0,0.2339072867783427,0.0,0.7660927132216573,True,4.017368172005484,5.5,NP_056991,
ENSG00000112367,FIG4,ENST00000675714,ENSP00000502561,ENSP00000230124,FIG4,ENST00000675714,ENSP00000502561,ENSP00000230124,RPYELSSFDDTFCLA,,,True,4.5,5.261267042676716,LSSFDDTFCLAMTSS,,,True,4.5,-0.3850626648643703,SRYYSNAFSDADRQD,,,True,5.0,-0.4278703828020295,NP_001018284.3,TPNSISSFSEVLLPN,0.3583333333333333,0.2666666666666666,0.539866767193122,0.0,0.4809878931148179,0.0,0.5190121068851821,False,3.561586897371332,6.0,NP_055660,XP_011534583,NP_001018284.3,FDGSASSFPISSTTP,0.4285714285714285,0.1333333333333333,,,,,,False,3.813317443461176,,NP_055660,XP_011534583,NP_001018284.3,DSPQLDYESDAVRLL,0.5190476190476191,0.2666666666666666,,,,,,False,3.67584576995792,,NP_055660,XP_011534583
ENSG00000104142,VPS18,ENST00000220509,ENSP00000220509,ENSP00000220509,VPS18,ENST00000220509,ENSP00000220509,ENSP00000220509,VYKVLELYEEAVDLA,,,True,4.0,4.271385219074804,DPEALTLYRETKECF,,,True,4.0,1.5366832128948893,DFVTIDHFKEAICSS,,,True,4.0,2.8324457047691785,NP_588498.1,YWVQRENYEKALETL,0.5166666666666667,0.2666666666666666,,,,,,False,0.3484852976429016,,NP_065908,,NP_588498.1,YERAATLYAETLKSV,0.6583333333333333,0.4,0.5476917854925334,0.0,0.7548641053959753,0.0,0.2451358946040248,False,2.2976359340418977,6.0,NP_065908,,NP_588498.1,ELVVNNETREASLVF,0.2916666666666667,0.2,,,,,,False,5.991167083735943,,NP_065908,
ENSG00000155229,MMS19,ENST00000434538,ENSP00000410008,ENSP00000412698,MMS19,ENST00000438925,ENSP00000412698,ENSP00000412698,ASIRREVFQTASERV,,,True,4.0,2.0575623725779577,FPSRFQPFQDGSSGQ,,,True,5.0,1.7863046359874404,SCCHSCPFSSTAAAK,,,True,5.5,5.714371058065914,NP_594352.1,RLNILKVFETIIDNY,0.5805555555555556,0.2,0.4681265116735225,0.0,0.5956155317625238,0.0,0.4043844682374761,False,5.69038401435839,6.0,NP_071757,XP_016872005,NP_594352.1,TLASKFYKEEGFSSS,0.2952380952380952,0.1333333333333333,,,,,,False,1.4216608501780774,,NP_071757,XP_016872005,NP_594352.1,VDVCKALFSSTDMPK,0.5083333333333333,0.3333333333333333,0.3243394324677168,0.0,0.366545707796207,0.0,0.6334542922037929,False,4.897512430802912,5.5,NP_071757,XP_016872005
ENSG00000114166,KAT2B,ENST00000263754,ENSP00000263754,ENSP00000263754,KAT2B,ENST00000263754,ENSP00000263754,ENSP00000263754,SPIWDQDFLSASSRT,,,True,3.5,4.18399727813713,MLGPETNFLSAHSAR,,,True,4.5,2.342010828034616,PVAGTISYNSTSSSL,,,True,5.0,0.4238617027716069,NP_594807.1,AVKENKDTESSSSHF,0.375,0.2666666666666666,,,,,,False,0.0105243865537689,,NP_003875,XP_047305103,NP_594807.1,VDSTSSNFPNASNDS,0.4841269841269841,0.2,,,,,,False,6.868211930729378,,NP_003875,XP_047305103,NP_594807.1,IFDNCRSYNDSNTTY,0.5750000000000001,0.2,0.486693672941686,0.0,0.6189228053680033,0.0,0.3810771946319967,False,-0.2831490408314074,4.5,NP_003875,XP_047305103
ENSG00000112118,MCM3,ENST00000229854,ENSP00000229854,ENSP00000472940,MCM3,ENST00000229854,ENSP00000229854,ENSP00000472940,DSYDPYDFSDTEEEM,,,True,2.5,1.2036351346045386,YAKQYEEFYVGLEGS,,,True,4.5,-0.0629204109374072,KVALLDVFREAHAQS,,,True,4.5,1.5843720335680844,NP_587795.1,DILLDDDLVDTVKPG,0.45,0.2666666666666666,,,,,,False,-0.1353052455847984,,NP_002379,,NP_587795.1,KDLKDKLFYVGFRGS,0.5416666666666666,0.4,,,,,,False,-0.5215018296784372,,NP_002379,,NP_587795.1,KSRIHPILNQATAEY,0.525,0.2,,,,,,False,-0.4086077682527213,,NP_002379,
ENSG00000160752,FDPS,ENST00000368356,ENSP00000357340,ENSP00000357340,FDPS,ENST00000368356,ENSP00000357340,ENSP00000357340,VELLQAFFLVADDIM,,,True,5.5,0.7484503151673453,QDDYLDLFGDPSVTG,,,True,5.5,5.699248019925287,ILLEMGEFFQIQDDY,,,True,5.5,3.931811809475717,NP_593299.1,VELLQSFFLIADDIM,0.9583333333333334,0.8666666666666667,,,,,,False,2.275642749017877,,NP_001995,,NP_593299.1,QDDYLDCYGDPTVTG,0.7195767195767195,0.8,0.6122953799063653,0.0,0.3027479780159421,0.0,0.6972520219840578,False,6.382920668980304,6.0,NP_001995,,NP_593299.1,ILIILGKYFQVQDDY,0.7297619047619047,0.6,,,,,,False,5.986060055608686,,NP_001995,
ENSG00000153132,CLGN,ENST00000509477,ENSP00000424593,ENSP00000326699,CLGN,ENST00000509477,ENSP00000424593,ENSP00000326699,DDVETEDFEENSEEI,topological domain,Lumenal,False,3.0,-1.8099411601095348,QPIGEVYFAETFDSG,topological domain,Lumenal,False,4.0,-1.4693890999406825,DDLILENFYDKTSYI,topological domain,Lumenal,False,4.0,2.3896562131038483,NP_593612.1,QKPEDWDDEEDGDWI,0.5,0.3333333333333333,,,,,,False,0.7965734862173666,,NP_004353,,NP_593612.1,VAEKVDYYVETIIET,0.4464285714285714,0.2,0.546229565109788,0.0,0.5322235398849232,0.0,0.4677764601150767,False,2.863532887178596,5.5,NP_004353,,NP_593612.1,PNIRFSNIYVGHSIE,0.3194444444444445,0.2,,,,,,False,3.831812646545573,,NP_004353,
ENSG00000136167,LCP1,ENST00000398576,ENSP00000381581,ENSP00000315757,LCP1,ENST00000398576,ENSP00000381581,ENSP00000315757,ERLGCRQFVTATDVV,,,True,4.0,5.479754832197299,DGNGYISFNELNDLF,,,True,5.0,-1.0140874615382158,KSSSISSFKDPKIST,,,True,6.0,8.272594980066703,NP_596289.1,PELTNEEILTLTDQF,0.3999999999999999,0.2666666666666666,,,,,,False,0.5144371441476,,NP_002289,XP_047286260,NP_596289.1,TPSIHDFFNNLRDGL,0.6111111111111112,0.2666666666666666,,,,,,False,0.7189819180040389,,NP_002289,XP_047286260,NP_596289.1,KGSQIRSFRDPSIST,0.9,0.6666666666666666,0.5316932602479896,0.0,0.5393579833640854,0.0,0.4606420166359146,False,6.903853958581406,6.0,NP_002289,XP_047286260
ENSG00000171311,EXOSC1,ENST00000370902,ENSP00000359939,ENSP00000359939,EXOSC1,ENST00000370884,ENSP00000359921,ENSP00000359939,SMPLKNSFRGTIRKE,,,True,7.0,0.1812871604852605,YTRHGYIFSSLAGCL,,,True,7.0,5.75894334253612,KVEIYKSFRPGDIVL,,,True,7.0,6.427271020938122,NP_588510.1,GVIHVQDIRATEKNK,0.3999999999999999,0.1333333333333333,,,,,,False,1.3928653997624127,,NP_057130,XP_011538149,NP_588510.1,VKRGDYIISTRTGIF,0.4666666666666667,0.3333333333333333,,,,,,False,2.210404291229156,,NP_057130,XP_011538149,NP_588510.1,KVKVQNSFRPGDIVR,1.0,0.6666666666666666,,,,,,False,8.98274668657284,,NP_057130,XP_011538149
ENSG00000119541,VPS4B,ENST00000238497,ENSP00000238497,ENSP00000238497,VPS4B,ENST00000238497,ENSP00000238497,ENSP00000238497,TEANNSTFFSISSSD,,,True,4.5,2.623291357974712,QEDKAGNYEEALQLY,,,True,5.0,1.6829154874255503,EKLVKNLFQLARENK,,,True,5.5,2.7181573662392102,NP_593086.1,ATEAGSTFFSISSSD,1.0,0.6666666666666666,0.3421286088602122,0.0,0.5256626838426529,0.0,0.4743373161573471,False,2.819153161640558,4.5,NP_004860,XP_047293905,NP_593086.1,DIAGLENAKEALKET,0.4833333333333334,0.2666666666666666,,,,,,False,1.5931185604382383,,NP_004860,XP_047293905,NP_593086.1,ERLVRQLFEMAREQK,0.7999999999999999,0.6,,,,,,False,1.813999014195216,,NP_004860,XP_047293905
ENSG00000109519,GRPEL1,ENST00000264954,ENSP00000264954,ENSP00000264954,GRPEL1,ENST00000264954,ENSP00000264954,ENSP00000264954,PYEHEALFHTPVEGK,,,True,5.0,2.588214396356973,LKETVEKYKRALADT,,,True,7.5,3.31394496895303,KVKLEEQLKETVEKY,,,True,8.0,-0.4307524345953745,NP_596677.1,PNIHEAVFQIPVEGK,0.5,0.6666666666666666,,,,,,False,1.2517817794636743,,NP_079472,,NP_596677.1,RMKRDMEQTRAFAVQ,0.4666666666666666,0.2,,,,,,False,5.636698060973247,,NP_079472,,NP_596677.1,LQSKLSELKSKYEAK,0.5333333333333333,0.2,,,,,,False,6.682657508840892,,NP_079472,
ENSG00000112697,TMEM30A,ENST00000674104,ENSP00000501133,ENSP00000230461,TMEM30A,ENST00000674038,ENSP00000501237,ENSP00000230461,GAIANSMFNDTLELF,topological domain,Exoplasmic loop,False,4.0,2.626227731901966,TYNYPVHYFDGRKRM,topological domain,Exoplasmic loop,False,5.5,1.849127822939278,FNDTLELFLIGNDSY,topological domain,Exoplasmic loop,False,6.0,4.23906900631114,NP_595126.1,GLIANSLFNDTFSSL,0.75,0.6,0.5573752004897696,0.0,0.3310712542096669,0.0,0.6689287457903332,False,1.8406304240201248,4.5,NP_060717,,NP_595126.1,GLFFPVKSFDGTKSL,0.5499999999999999,0.4,,,,,,False,2.200148500154283,,NP_060717,,NP_595126.1,KIVLPLFFVLGIIFG,0.3333333333333333,0.1333333333333333,,,,,,False,3.446192382654227,,NP_060717,
ENSG00000163541,SUCLG1,ENST00000393868,ENSP00000377446,ENSP00000377446,SUCLG1,ENST00000393868,ENSP00000377446,ENSP00000377446,DPFNGTDFIDCLEIF,,,True,2.5,0.2492228273009532,FTGKQGTFHSQQALE,,,True,6.0,0.7781893832072323,THLGLPVFNTVKEAK,,,True,6.0,4.277347111071277,NP_594230.1,DPFPGTNFIDALKLF,0.5611111111111112,0.6666666666666666,0.4756014296262688,0.0,0.137175951252549,0.0,0.8628240487474509,True,0.7745315285889878,5.0,NP_003840,,NP_594230.1,FTGKQGTFHAQHAMD,0.875,0.7333333333333333,,,,,,False,-0.5184607616299722,,NP_003840,,NP_594230.1,THLGKPVFGTIEEAM,0.7916666666666666,0.6666666666666666,0.5382752536799207,0.0,0.104256354698661,0.0,0.895743645301339,True,0.6145994046372067,6.0,NP_003840,
ENSG00000013503,POLR3B,ENST00000228347,ENSP00000228347,ENSP00000228347,POLR3B,ENST00000228347,ENSP00000228347,ENSP00000228347,VPQEDMPFCDSGICP,,,True,4.5,-0.901137291538407,YNYLGKDYVTSGITG,,,True,5.0,2.291684658428822,QVLSRLSYISALGMM,,,True,5.0,0.8032355840251006,NP_593690.1,VQQEDMPFNDQGICP,0.5833333333333334,0.8,0.3380913445695431,0.0,0.4450427835921633,0.0,0.5549572164078366,False,-0.9899926406690124,6.0,NP_060552,XP_016875110,NP_593690.1,YNYSGKDMLTSGITG,0.6749999999999999,0.8,,,,,,False,2.321658282830913,,NP_060552,XP_016875110,NP_593690.1,HVLSRLSYISALGMM,1.0,0.9333333333333332,0.4936830049468926,0.0,0.571565648125523,0.0,0.4284343518744769,False,0.9985895969498036,5.0,NP_060552,XP_016875110
ENSG00000165271,NOL6,ENST00000297990,ENSP00000297990,ENSP00000297990,NOL6,ENST00000297990,ENSP00000297990,ENSP00000297990,PVRPAFSFYETLRER,,,True,4.0,3.9106675675303735,SLPALADFHQAFSVV,,,True,4.5,7.082854204339277,LQDNGGDYVSAALGP,,,True,4.5,5.069709498361302,NP_596323.1,LGKMKQSFFEYFQAS,0.5690476190476191,0.2,0.5727639719799363,0.0,0.332309867791533,0.0,0.6676901322084671,False,-4.439863251239851,5.0,NP_075068,XP_047279696,NP_596323.1,HVDSIEDIHSLASKR,0.4583333333333333,0.2,,,,,,False,6.131942901514319,,NP_075068,XP_047279696,NP_596323.1,YSHLLTDHVTDEVIE,0.3944444444444444,0.1333333333333333,,,,,,False,4.237321836136748,,NP_075068,XP_047279696
ENSG00000142751,GPN2,ENST00000374135,ENSP00000363250,ENSP00000363250,GPN2,ENST00000374135,ENSP00000363250,ENSP00000363250,GLLYCMEYLEANLDW,,,True,4.0,0.3052708766746141,SAAMGADFHFSSTLG,,,True,5.0,-0.6100183131820305,YCLGMSEFLRALGRR,,,True,5.5,4.240599789881805,NP_594668.1,CCTNPSAYVSALLVC,0.5,0.2,0.7144867481798993,0.0,0.4420012375921032,0.0,0.5579987624078967,False,6.536429602797456,5.5,NP_060536,,NP_594668.1,ICELVEDFNLVSFEV,0.2222222222222222,0.2,,,,,,False,1.2100578163735003,,NP_060536,,NP_594668.1,YCFGMYQLLSAIGRS,0.525,0.5333333333333333,,,,,,False,6.865145040869322,,NP_060536,
ENSG00000168438,CDC40,ENST00000368932,ENSP00000357928,ENSP00000304370,CDC40,ENST00000368932,ENSP00000357928,ENSP00000304370,KAVRDICFNTAGTQF,,,True,4.5,2.426476041047815,FNTAGTQFLSAAYDR,,,True,5.0,7.682506991425885,FVDENRRFVSTSDDK,,,True,5.5,2.4359617376390794,NP_596089.1,LGKCLNCFNSDRLTN,0.4444444444444444,0.2,,,,,,False,5.394280359962703,,NP_056975,XP_047274818,NP_596089.1,FSQDGRSFLSTSFDK,0.5833333333333334,0.4,0.2954547288198447,0.0,0.5728984765419642,0.0,0.4271015234580357,False,-0.7458388562538825,5.0,NP_056975,XP_047274818,NP_596089.1,FLENGKRFVTTSDDS,0.8666666666666667,0.5333333333333333,0.3382015508080231,0.0,0.5996905545101883,0.0,0.4003094454898117,False,2.4308544256415217,5.5,NP_056975,XP_047274818
ENSG00000110801,PSMD9,ENST00000537407,ENSP00000445058,ENSP00000440485,PSMD9,ENST00000537407,ENSP00000445058,ENSP00000440485,VDDEIVEFGSVNTQN,,,True,4.5,2.8950939912865734,PLVDCEGYPRSDVDL,,,True,7.0,-1.0100861919938375,GSVNTQNFQSLHNIG,,,True,7.0,4.313957794414241,NP_594924.1,FPRSDIDVPSIRTAR,0.4246031746031746,0.1333333333333333,,,,,,False,0.7939046139169974,,NP_002804,,NP_594924.1,PLLTEDGFPRSDIDV,0.875,0.5333333333333333,,,,,,False,3.8399928858621344,,NP_002804,,NP_594924.1,ELVHVQNVTSLSELP,0.425,0.3333333333333333,,,,,,False,2.793545823487809,,NP_002804,
ENSG00000124422,USP22,ENST00000261497,ENSP00000261497,ENSP00000261497,USP22,ENST00000261497,ENSP00000261497,ENSP00000261497,MSSLFQEFYSGHRSP,,,True,4.5,1.3536951522714489,EQQDAHEFLIAALDV,,,True,5.0,5.3043140980924885,HSCLYCVFFGCFTKK,,,True,5.0,0.2545613863313126,NP_592992.1,NPLVRNLFFSGFHTS,0.4583333333333333,0.2,0.4924945985005773,0.0,0.3962208655189113,0.0,0.6037791344810887,False,7.255958457124682,5.5,NP_056091,XP_005256632,NP_592992.1,SQQDGHEFFVYLLDQ,0.5773809523809524,0.5333333333333333,,,,,,False,-4.8620109679436805,,NP_056091,XP_005256632,NP_592992.1,VKNGHTYCFGCQDYV,0.4113756613756614,0.2,,,,,,False,1.068466438744104,,NP_056091,XP_005256632
ENSG00000196455,PIK3R4,ENST00000356763,ENSP00000349205,ENSP00000349205,PIK3R4,ENST00000356763,ENSP00000349205,ENSP00000349205,AQFAKETFLSADERI,,,True,3.5,1.0249813339251053,VSDEHSLFATCSNDG,,,True,4.0,5.2405921584800765,DWHLRGAFFDSIVGV,,,True,4.0,0.4570379329448528,NP_595288.1,VNNQRHTLISAGRIP,0.5833333333333334,0.2,,,,,,False,2.330039600184473,,NP_055417,,NP_595288.1,DSYSVPLFTTLDEFY,0.4583333333333333,0.2666666666666666,0.3875814665408292,0.0,0.1554197253987099,0.0,0.84458027460129,True,1.2650437841174935,5.5,NP_055417,,NP_595288.1,DWMLRCAFFESITGL,0.7333333333333334,0.6666666666666666,0.5147498272965317,0.0,0.4815650327701809,0.0,0.5184349672298191,False,-0.6828333829480884,3.5,NP_055417,
ENSG00000102547,CAB39L,ENST00000355854,ENSP00000348113,ENSP00000348113,CAB39L,ENST00000355854,ENSP00000348113,ENSP00000348113,NQPKLIEFLSSFQKE,,,True,4.5,3.686236976353828,TRSPTVEYISAHPHI,,,True,4.5,1.0580972567954676,KYVELSTFDIASDAF,,,True,5.0,4.699081093698163,NP_594685.1,NRSVMTRYISSAENL,0.5547619047619048,0.2,0.3908079696962251,0.0,0.3853201100343704,0.0,0.6146798899656296,False,11.587270239312264,6.0,NP_112187,,NP_594685.1,NKSKLISYLSAFHTD,0.5416666666666666,0.2666666666666666,0.5779623576313252,0.0,0.50537352254997,0.0,0.4946264774500299,False,8.172357584500961,5.5,NP_112187,,NP_594685.1,SLIQASSFDMASDAF,0.7416666666666667,0.5333333333333333,,,,,,False,5.393993704329311,,NP_112187,
ENSG00000206190,ATP10A,ENST00000673716,ENSP00000501027,ENSP00000450480,ATP10A,ENST00000673763,ENSP00000500973,ENSP00000450480,ELSDVFDFFIALTIC,topological domain,Cytoplasmic,True,3.5,3.043842454751943,ENSEELLFQSAIRLE,topological domain,Cytoplasmic,True,4.5,0.0339771301807553,SHKLGSSFPSTPSSD,topological domain,Cytoplasmic,True,4.5,2.520535057189793,NP_592849.1,QSLACYEFFLALALC,0.65,0.3333333333333333,,,,,,False,2.9403960589512543,,NP_077816,XP_047288848,NP_592849.1,SLYTYEFYKSASRIF,0.6047619047619047,0.2,0.6104422566824701,0.0,0.1643568359038037,0.0,0.8356431640961962,True,4.079176531943158,5.5,NP_077816,XP_047288848,NP_592849.1,DMAGSESRPSYDSIF,0.5190476190476191,0.2666666666666666,,,,,,False,-3.365447867807747,,NP_077816,XP_047288848
ENSG00000109111,SUPT6H,ENST00000347486,ENSP00000338143,ENSP00000319104,SUPT6H,ENST00000347486,ENSP00000338143,ENSP00000319104,MAVDALEYDESAEDA,,,True,3.5,3.700000987292154,GGGGMSDFVESEAEE,,,True,4.0,2.064710563299198,IRVLGIAFSSARDHP,,,True,4.0,1.512611244646502,NP_594487.2,LDNDNDENDSSEESA,0.6111111111111112,0.4,,,,,,False,0.3963937644137677,,NP_003161,XP_047292563,NP_594487.2,VIDEFADFIEQDEFE,0.5916666666666667,0.2666666666666666,0.3406322673889626,0.0,0.3677938561205386,0.0,0.6322061438794613,False,-1.5837192028699445,4.0,NP_003161,XP_047292563,NP_594487.2,NDENDSSEESATDEE,0.4416666666666666,0.2,,,,,,False,2.3137603702675307,,NP_003161,XP_047292563
ENSG00000185624,P4HB,ENST00000680226,ENSP00000505635,ENSP00000327801,P4HB,ENST00000680226,ENSP00000505635,ENSP00000327801,YDGKLSNFKTAAESF,,,True,4.0,9.116199793907024,LVLRKSNFAEALAAH,,,True,4.5,3.087117402067113,ESDSAKQFLQAAEAI,,,True,5.0,7.784262331734342,NP_592871.1,PAFVIANLKSMLKYP,0.375,0.1333333333333333,,,,,,False,5.739129825254013,,NP_000909,,NP_592871.1,SKDTLENFVEKADDL,0.411111111111111,0.2,,,,,,False,7.44042497826227,,NP_000909,,NP_592871.1,QDTLRFAFLDAVRYG,0.4583333333333333,0.2,0.5870749587858225,0.0,0.4773770830204948,0.0,0.5226229169795051,False,2.0258721385069194,5.0,NP_000909,
ENSG00000112062,MAPK14,ENST00000468133,ENSP00000419837,ENSP00000229795,MAPK14,ENST00000468133,ENSP00000419837,ENSP00000229795,DEPVADPYDQSFESR,,,True,5.5,4.892219383460826,PARSLEEFNDVYLVT,,,True,5.5,8.072772040344562,AHAYFAQYHDPDDEP,,,True,5.5,3.7988312203522048,NP_592843.1,EPVADEVFDWSFQDN,0.3696969696969697,0.2,,,,,,False,-1.7506796088658094,,NP_001306,XP_016865789,NP_592843.1,SDIFISPFEDIYFVT,0.4345238095238095,0.3333333333333333,0.4894365996231349,0.0,0.2801834306096288,0.0,0.7198165693903711,False,7.859314074131312,6.0,NP_001306,XP_016865789,NP_592843.1,AHNYLAPYHDPTDEP,0.8095238095238096,0.7333333333333333,0.4083978989396752,0.0,0.3312717083423449,0.0,0.668728291657655,False,6.610334046383084,5.5,NP_001306,XP_016865789
ENSG00000166484,MAPK7,ENST00000603493,ENSP00000474397,ENSP00000378968,MAPK7,ENST00000308406,ENSP00000311005,ENSP00000378968,LMLSLHEYTQAIDLW,,,True,5.0,3.495605255340881,EPDCAPPFDFAFDRE,,,True,5.0,3.808285518582065,ALLKARSFDVTFDVG,,,True,5.5,7.4249104696557024,NP_595289.1,RHDHSYNETAAIDHK,0.3916666666666666,0.2666666666666666,,,,,,False,2.414233404911573,,NP_002740,XP_047292363,NP_595289.1,EPVCDSVFDFSFEYI,0.525,0.4666666666666667,,,,,,False,0.3728694590124377,,NP_002740,XP_047292363,NP_595289.1,PSNDNGSFNVSSSSS,0.5694444444444444,0.2,,,,,,False,-2.0832049228147245,,NP_002740,XP_047292363
ENSG00000288146,NOC4L,ENST00000672726,ENSP00000500165,ENSP00000500901,NOC4L,ENST00000672726,ENSP00000500165,ENSP00000500901,QFREYLDYDDTRYHT,,,True,4.5,0.8381302260708074,LLSQFREYLDYDDTR,,,True,5.0,-2.642400033971368,PEPVPLEFIPAQGLL,,,True,5.5,1.8423401081789863,NP_596634.1,VTSYLVPYDDVRFFF,0.5595238095238095,0.2666666666666666,0.678531139428505,0.0,0.2374892666512469,0.0,0.7625107333487531,True,4.389824084772183,7.0,NP_076983,,NP_596634.1,KNWVCDNYINYTEKL,0.5111111111111112,0.1333333333333333,,,,,,False,0.1627955489415673,,NP_076983,,NP_596634.1,PATLIASFIKRLARL,0.2666666666666666,0.2666666666666666,,,,,,False,1.6908505463034238,,NP_076983,
ENSG00000184967,NOC4L,ENST00000541954,ENSP00000438255,ENSP00000328854,NOC4L,ENST00000541954,ENSP00000438255,ENSP00000328854,QFREYLDYDDTRYHT,,,True,4.5,0.8381302260708074,LLSQFREYLDYDDTR,,,True,5.0,-2.642400033971368,PEPVPLEFIPAQGLL,,,True,5.5,1.8423401081789863,NP_596634.1,VTSYLVPYDDVRFFF,0.5595238095238095,0.2666666666666666,0.678531139428505,0.0,0.2374892666512469,0.0,0.7625107333487531,True,4.389824084772183,7.0,NP_076983,,NP_596634.1,KNWVCDNYINYTEKL,0.5111111111111112,0.1333333333333333,,,,,,False,0.1627955489415673,,NP_076983,,NP_596634.1,PATLIASFIKRLARL,0.2666666666666666,0.2666666666666666,,,,,,False,1.6908505463034238,,NP_076983,
ENSG00000012061,ERCC1,ENST00000300853,ENSP00000300853,ENSP00000300853,ERCC1,ENST00000300853,ENSP00000300853,ENSP00000300853,PGVAKPLFRSTQSLP,,,True,5.0,1.056253250832241,VRNVPWEFGDVIPDY,,,True,5.5,6.085682518011575,FGDVIPDYVLGQSTC,,,True,6.5,3.6969957246659786,NP_596115.1,GTGICSLFLSLKYHH,0.3273809523809524,0.2,0.4250834249712297,0.0,0.3710256047375112,0.0,0.6289743952624888,False,4.473262469699868,7.0,NP_001974,,NP_596115.1,VRNVPWEYTDIVPDF,0.6297619047619047,0.6666666666666666,0.5657096340382762,0.0,0.3519889991847172,0.0,0.6480110008152827,False,5.121937882638695,6.0,NP_001974,,NP_596115.1,YTDIVPDFVMGTGIC,0.65,0.4,,,,,,False,0.8384418704501676,,NP_001974,
ENSG00000126814,TRMT5,ENST00000553903,ENSP00000452567,ENSP00000261249,TRMT5,ENST00000261249,ENSP00000261249,ENSP00000261249,LPAKAIEFLSAFKWL,,,True,4.5,4.395179171392006,ENNYTYEFDFSKVYW,,,True,6.0,1.246280664026548,KIFTHDSFEKAELSV,,,True,6.0,1.662341334480539,NP_001018269.2,LPGSAIEFLDAFKGC,0.8333333333333334,0.6666666666666666,0.5729746028390449,0.0,0.1830868831678775,0.0,0.8169131168321224,True,3.354182296029977,4.0,NP_065861,,NP_001018269.2,ESNCKFRFDFSKVYW,0.8333333333333334,0.6666666666666666,,,,,,False,3.2818245581427004,,NP_065861,,NP_001018269.2,LVAAKVSPKKVGLLN,0.4380952380952381,0.2,,,,,,False,0.8024496642475889,,NP_065861,
ENSG00000131013,PPIL4,ENST00000253329,ENSP00000253329,ENSP00000253329,PPIL4,ENST00000253329,ENSP00000253329,ENSP00000253329,LYGDQASFFEAEKVP,,,True,3.5,1.753187869341276,TVILDDPFDDPPDLL,,,True,5.0,1.6742213570098947,TTGENLDYLDGVHTV,,,True,5.0,2.8864901842660275,NP_595894.1,VLNKGTRFFKAEFNP,0.4166666666666667,0.3333333333333333,,,,,,False,3.951464343216613,,NP_624311,,NP_595894.1,TIILDDPFEDPPDLV,0.9,0.8,0.6459954905764559,0.0,0.1830116905295506,0.0,0.8169883094704494,True,1.718681105749619,5.0,NP_624311,,NP_595894.1,FIITLSDNLEGLDER,0.4833333333333334,0.2,,,,,,False,4.981351525995165,,NP_624311,
ENSG00000130985,UBA1,ENST00000377351,ENSP00000366568,ENSP00000338413,UBA1,ENST00000377351,ENSP00000366568,ENSP00000338413,MPIMQWLYFDALECL,,,True,3.0,1.2285071210251617,IPFLTESYSSSQDPP,,,True,4.5,0.2413318718106547,HGFESGDFVSFSEVQ,,,True,5.0,5.009743556136264,XP_001713148.1,YPLKQYFYFDSLESL,0.7083333333333334,0.5333333333333333,0.3901484994696707,0.0,0.3024047580249867,0.0,0.6975952419750133,False,2.6468312884698784,3.5,NP_003325,XP_047298378,XP_001713148.1,VPHLTESYGSSQDPP,0.8333333333333334,0.8,0.3723354117182821,0.0,0.5236659198687281,0.0,0.4763340801312719,False,0.0562498811690113,4.5,NP_003325,XP_047298378,XP_001713148.1,HGLENGDFVKFTEVK,0.8333333333333334,0.6666666666666666,,,,,,False,3.71309341129906,,NP_003325,XP_047298378
ENSG00000111596,CNOT2,ENST00000548741,ENSP00000448255,ENSP00000229195,CNOT2,ENST00000551710,ENSP00000447808,ENSP00000229195,YERGTYYFFDCLNWR,,,True,3.5,5.428923411866673,DYHDENMYYSQSSMF,,,True,5.0,0.3273838846721396,GMIGLLTFIRAAETD,,,True,5.0,6.200701632276585,NP_587823.2,FERGYYMFFDPIHWK,0.4160714285714286,0.5333333333333333,0.4442764772992115,0.0,0.4040694045190452,0.0,0.5959305954809548,False,8.233548440824201,6.0,NP_055330,XP_047284842,NP_587823.2,LLPIIRMEDSEMSTL,0.4166666666666667,0.2,,,,,,False,4.324589368373146,,NP_055330,XP_047284842,NP_587823.2,MLESLLPIIRMEDSE,0.3317460317460317,0.2666666666666666,,,,,,False,4.056754295470905,,NP_055330,XP_047284842
ENSG00000126524,SBDS,ENST00000246868,ENSP00000246868,ENSP00000246868,SBDS,ENST00000246868,ENSP00000246868,ENSP00000246868,CLIDPGCFREIDELI,,,True,5.5,-0.4837544002962461,HTQLEQMFRDIATIV,,,True,6.0,4.39187557090164,YKNKVVGWRSGVEKD,,,True,7.0,5.303133220103472,NP_593869.1,HHQMSSTYRDIVSHV,0.4269841269841269,0.1333333333333333,0.4744432631366195,0.0,0.4145187362614801,0.0,0.5854812637385199,False,1.112723677219252,6.0,NP_057122,,NP_593869.1,HHQMSSTYRDIVSHV,0.5797619047619048,0.4,0.4744432631366195,0.0,0.4145187362614801,0.0,0.5854812637385199,False,1.112723677219252,6.0,NP_057122,,NP_593869.1,YKNKVTEWRNKIETD,0.3944444444444444,0.6,,,,,,False,5.110516843179483,,NP_057122,
ENSG00000125485,DDX31,ENST00000372159,ENSP00000361232,ENSP00000361232,DDX31,ENST00000372159,ENSP00000361232,ENSP00000361232,EDQKMVVFFSSCELV,,,True,3.5,2.555313827876517,AEILRSEYSSGMEAD,,,True,4.5,2.765864134198933,KQVQEKVFTSAAFHE,,,True,5.0,4.900590429692021,NP_595929.1,IRTSTLNLFSSSEDS,0.5833333333333334,0.2666666666666666,,,,,,False,0.4247869598361793,,NP_073616,XP_047279695,NP_595929.1,VEETNDGYSQAPEQL,0.4444444444444445,0.2666666666666666,,,,,,False,-0.0872223214797025,,NP_073616,XP_047279695,NP_595929.1,GNKRDNTFVTSLFTG,0.4083333333333334,0.1333333333333333,0.3166648223050313,0.0,0.5737978022466443,0.0,0.4262021977533556,False,1.6853519356293438,5.0,NP_073616,XP_047279695
ENSG00000165733,BMS1,ENST00000374518,ENSP00000363642,ENSP00000363642,BMS1,ENST00000374518,ENSP00000363642,ENSP00000363642,SEMDLPAFADSDDDL,,,True,3.5,1.188423699745352,DEELYGDFEDLETGD,,,True,4.0,0.0776808854202604,TSFIKGMFNSALEVA,,,True,4.0,5.489392972615695,NP_595102.2,SDNEEVAFADSDSDL,0.8333333333333334,0.6,0.6207664105807814,0.0,0.4108192721214561,0.0,0.5891807278785439,False,-0.5262759972315536,3.5,NP_055568,XP_047281997,NP_595102.2,QDDEEGDFEDLEDEE,0.8055555555555555,0.4666666666666667,0.4240609040808675,0.0,0.1218326432803286,0.0,0.8781673567196713,True,0.368521086501507,3.0,NP_055568,XP_047281997,NP_595102.2,TAFIKKMFSSPLEVA,0.6845238095238096,0.7333333333333333,0.3317413922057846,0.0,0.4324069539492705,0.0,0.5675930460507295,False,8.365418281273794,6.0,NP_055568,XP_047281997
ENSG00000166411,IDH3A,ENST00000561279,ENSP00000453747,ENSP00000299518,IDH3A,ENST00000558554,ENSP00000453084,ENSP00000299518,DIKFNEMYLDTVCLN,,,True,5.5,1.0592184816846422,ARIEAACFATIKDGK,,,True,6.0,4.041645923532948,SAAVMKIFDAAKAPI,,,True,6.5,5.580922934258,NP_595203.2,DIELREEILDNACLK,0.3916666666666666,0.4666666666666667,,,,,,False,3.354251138100192,,NP_005521,XP_047288386,NP_595203.2,LRRTFGLFANVRPCV,0.3928571428571428,0.2,,,,,,False,0.780254300365272,,NP_005521,XP_047288386,NP_595203.2,AQSVERIFKAAKVPI,0.6333333333333333,0.5333333333333333,,,,,,False,2.5520170065013152,,NP_005521,XP_047288386
ENSG00000173653,RCE1,ENST00000524506,ENSP00000436600,ENSP00000309163,RCE1,ENST00000524506,ENSP00000436600,ENSP00000309163,PLTEELVFRACMLPM,,,True,6.0,0.0705052342138379,LLAXPKLYGSLPLCV,,,True,7.5,4.288036809493609,VVLAPRSWARCLTDM,,,True,7.5,1.584332449527477,NP_593120.1,PLSEELTFRCCIVPI,0.5416666666666666,0.6,,,,,,False,0.0705052342138379,,NP_005124,,NP_593120.1,NRNQTRIYYTLLLLG,0.5452380952380952,0.2,0.5369980842716173,0.0,0.3180554766035128,0.0,0.6819445233964873,False,1.0451258810076478,6.5,NP_005124,,NP_593120.1,RNDPKVITARCISVL,0.3916666666666666,0.2,,,,,,False,2.721924504609212,,NP_005124,
ENSG00000176986,SEC24C,ENST00000345254,ENSP00000321845,ENSP00000343405,SEC24C,ENST00000345254,ENSP00000321845,ENSP00000343405,LDQIPEMFADTRETE,,,True,3.5,-0.0408390620720816,TGIRAVDFFGAFYMS,,,True,4.5,6.925270199192539,CAGKLFLFHTSLPIA,,,True,5.0,5.0171411681257245,NP_595476.1,VPFSSGLFVDPIASK,0.3511904761904762,0.1333333333333333,0.3332092377480661,0.0,0.2815679934813128,0.0,0.7184320065186872,False,2.4183887141526053,6.5,NP_004913,XP_011538683,NP_595476.1,VIERLLDSFPAIFQD,0.4523809523809524,0.2666666666666666,,,,,,False,5.159499173747048,,NP_004913,XP_011538683,NP_595476.1,HREDQRLYGTSDEKN,0.4825396825396825,0.2,0.4986222286702692,0.0,0.632083210761928,0.0,0.3679167892380721,False,-1.352715777610913,5.0,NP_004913,XP_011538683
ENSG00000175595,ERCC4,ENST00000682617,ENSP00000507912,ENSP00000310520,ERCC4,ENST00000682617,ENSP00000507912,ENSP00000310520,GQNSGWLFLDSSTSM,,,True,4.5,1.980997456232846,YTQGGVIFATSRILV,,,True,5.5,0.8834368480436638,YDFIHTSFAEVVSKG,,,True,5.5,-0.0027383282546397,NP_587855.2,AQPSPWLMLDAANKM,0.5416666666666666,0.4666666666666667,,,,,,False,9.873743614330822,,NP_005227,,NP_587855.2,IVWSSSAYVTSIIFQ,0.5297619047619048,0.2,0.3269375975339643,0.0,0.3545049584659084,0.0,0.6454950415340915,False,4.504979994335366,6.0,NP_005227,,NP_587855.2,LRIVWSSSAYVTSII,0.5357142857142857,0.2666666666666666,,,,,,False,4.414216366038302,,NP_005227,
ENSG00000151465,CDC123,ENST00000281141,ENSP00000281141,ENSP00000281141,CDC123,ENST00000281141,ENSP00000281141,ENSP00000281141,EDFVFDIYRDSRGKV,,,True,4.5,2.41618250752372,ATLTAPEFPEFATKV,,,True,5.0,7.020191638369694,SYRLPKDFVDLSTGE,,,True,5.0,0.2256796450730853,NP_593407.1,ATVLKYLHEDSIYVE,0.3869047619047619,0.1333333333333333,,,,,,False,5.7965204891550055,,NP_006014,XP_005252695,NP_593407.1,PMHASTEFRCFVKSK,0.325925925925926,0.2,,,,,,False,0.8885461203272953,,NP_006014,XP_005252695,NP_593407.1,NWSTPKDALWITTTG,0.3143939393939394,0.2666666666666666,,,,,,False,1.9481393015066333,,NP_006014,XP_005252695
ENSG00000077080,ACTL6B,ENST00000160382,ENSP00000160382,ENSP00000160382,ACTL6B,ENST00000160382,ENSP00000160382,ENSP00000160382,EDCPKADFPTTVGLL,,,True,4.5,0.6214893187749939,EQYNIPAFFLCKTAV,,,True,5.0,1.4095511057280476,MWISKQEYEEGGKQC,,,True,5.5,-1.2411842344533837,NP_595820.1,TTIAESEFEFPDGSR,0.2873015873015873,0.1333333333333333,,,,,,False,3.719901502930051,,NP_057272,,NP_594546.2,EQLHVPAFYLTKQAV,0.5047619047619046,0.6,,,,,,False,0.8684154948522576,,NP_057272,,NP_595820.1,LWISRQEYEEHGSDR,0.625,0.6,0.4107442121019978,0.0,0.3856965561619635,0.0,0.6143034438380365,False,-0.8871362681258481,5.5,NP_057272,
ENSG00000122912,SLC25A16,ENST00000609923,ENSP00000476815,ENSP00000476815,SLC25A16,ENST00000491102,ENSP00000476555,ENSP00000476815,LGTVLPEFEKCLTMR,,,True,5.0,5.149023147129544,APYAGVSFFTFGTLK,transmembrane region,Helical; Name=4,False,5.0,0.723849719252032,GPTTRRDFYWLRSFL,transmembrane region,Helical; Name=1,False,6.0,1.042998493337181,NP_593578.1,GQTVSYPFEVCRRKM,0.3595238095238095,0.3333333333333333,,,,,,False,3.95902769964973,,NP_689920,,NP_593578.1,IPMVSTSFFVYNHSK,0.5297619047619048,0.3333333333333333,,,,,,False,2.918782873361585,,NP_689920,,NP_593578.1,RLSKICNFYRGFSVT,0.3166666666666667,0.2,,,,,,False,6.091823120411625,,NP_689920,
ENSG00000172053,QARS1,ENST00000306125,ENSP00000307567,ENSP00000307567,QARS1,ENST00000452739,ENSP00000392850,ENSP00000307567,PEKEEAKFFTAICDM,,,True,4.0,1.4280553654059287,KVTYASDYFDQLYAW,,,True,5.0,5.533733558255181,SDYFDQLYAWAVELI,,,True,5.5,-0.6136944277147279,NP_596745.1,ELIKRDKAYVCHCTD,0.3214285714285714,0.1333333333333333,,,,,,False,1.3049164150849175,,NP_005042,XP_016862454,NP_596745.1,KITYSSDYFDKLYEL,0.8666666666666667,0.6666666666666666,,,,,,False,3.1589189475451884,,NP_005042,XP_016862454,NP_596745.1,SDYFDKLYELAEELI,0.5499999999999999,0.7333333333333333,,,,,,False,-0.5100822084202052,,NP_005042,XP_016862454
ENSG00000188229,TUBB4B,ENST00000340384,ENSP00000341289,ENSP00000341289,TUBB4B,ENST00000340384,ENSP00000341289,ENSP00000341289,EGMDEMEFTEAESNM,,,True,2.0,-2.541458404835061,NNWAKGHYTEGAELV,,,True,5.0,3.8623947064918,LERINVYYNEATGGK,,,True,5.0,-1.8095228498225144,NP_596650.1,EGMDEMEFTEAESNM,1.0,1.0,0.5808005223896955,0.0,0.3217531363255428,0.0,0.6782468636744572,False,-2.541458404835061,2.0,NP_006079,,NP_596650.1,NIWAKGHYTEGAELA,1.0,0.8666666666666667,0.465165204487142,0.0,0.3067731726631281,0.0,0.6932268273368719,False,3.948467311038063,5.0,NP_006079,,NP_596650.1,HERLNVYFNEAAGGK,0.9166666666666666,0.7333333333333333,0.3692519054895474,0.0,0.4593804309409663,0.0,0.5406195690590336,False,2.1784679646279,4.5,NP_006079,
ENSG00000172890,NADSYN1,ENST00000319023,ENSP00000326424,ENSP00000326424,NADSYN1,ENST00000319023,ENSP00000326424,ENSP00000326424,GYGCWDHYYESDTLL,,,True,4.0,-0.332414546137648,TKQETVPFGDAVLVT,,,True,4.5,3.2980302210698134,GCDGDRLYYDGCAMI,,,True,5.0,-0.4085748789377603,NP_587771.1,GYGCEDHFLESDTYY,0.7083333333333334,0.6666666666666666,0.4999057003821741,0.0,0.4131218470258483,0.0,0.5868781529741517,False,-0.7308129635489935,4.0,NP_060631,,NP_587771.1,LNQTTVPIGDAILQC,0.8333333333333334,0.5333333333333333,,,,,,False,-0.3312966843196891,,NP_060631,,NP_587771.1,GCDGGRLYYDGSSMI,0.875,0.8,0.7613882505488953,0.0,0.4526277181348301,0.0,0.5473722818651698,False,-0.2083323528392036,4.5,NP_060631,
ENSG00000198874,TYW1,ENST00000359626,ENSP00000352645,ENSP00000352645,TYW1,ENST00000359626,ENSP00000352645,ENSP00000352645,DTEEEEPFESSSEEE,,,True,3.0,0.2358195554470976,FQELIQEYEDSGGSK,,,True,4.5,1.075693174814479,LVDLIPEYEIACEHE,,,True,5.0,1.586329798265512,NP_587951.1,VVLPSYEIESSIDYY,0.5222222222222223,0.2,,,,,,False,1.916703368886092,,NP_060734,XP_047276525,NP_587951.1,VVLPSYEIESSIDYY,0.4305555555555556,0.2,,,,,,False,1.916703368886092,,NP_060734,XP_047276525,NP_587951.1,LQDLGVRYEIAAEHA,0.8333333333333334,0.6,,,,,,False,4.853980767487159,,NP_060734,XP_047276525
ENSG00000165629,ATP5F1C,ENST00000356708,ENSP00000349142,ENSP00000349142,ATP5F1C,ENST00000356708,ENSP00000349142,ENSP00000349142,VGRKPPTFGDASVIA,,,True,4.0,0.1520410501806532,LLNSGYEFDEGSIIF,,,True,4.5,4.927542379927903,YNLANIIYYSLKEST,,,True,5.5,1.4739892244067891,NP_595430.1,ELHDPKTFENTSLCI,0.3361111111111111,0.2666666666666666,,,,,,False,-1.507661007842054,,NP_001001973,XP_047281210,NP_595430.1,IGGASPSFEEALQIS,0.3,0.2,0.5273000808974105,0.0,0.3858124473609565,0.0,0.6141875526390435,False,-1.10844207031065,4.0,NP_001001973,XP_047281210,NP_595430.1,YEVSDEVHQPLMEFA,0.4428571428571429,0.2,,,,,,False,-1.8937332399708384,,NP_001001973,XP_047281210
ENSG00000114388,NPRL2,ENST00000232501,ENSP00000232501,ENSP00000232501,NPRL2,ENST00000232501,ENSP00000232501,ENSP00000232501,TLELESSFVSMEESK,,,True,4.5,4.157394945681045,CCKTGMSYHELDERL,,,True,5.0,0.2707657607437015,FTKDKEDFFNSQWDL,,,True,5.0,-0.8614319611331335,NP_593793.1,FQRECTAYVSTNSSN,0.4130952380952381,0.2,0.3759662940224808,0.0,0.6245517585991737,0.0,0.3754482414008263,False,2.290565397719295,5.5,NP_006536,XP_047303268,NP_593793.1,FINGINSVQRIAELA,0.375,0.1333333333333333,,,,,,False,4.990521469001199,,NP_006536,XP_047303268,NP_593793.1,QGLRVKDWMNENKEI,0.2484848484848484,0.1333333333333333,,,,,,False,6.1750210360173625,,NP_006536,XP_047303268
ENSG00000184432,COPB2,ENST00000677601,ENSP00000503393,ENSP00000329419,COPB2,ENST00000677601,ENSP00000503393,ENSP00000329419,KGVNCIDYYSGGDKP,,,True,3.5,2.128352136195431,MALRNKSFGSAQEFA,,,True,3.5,4.287627190094875,LLVSVLEYQTAVMRR,,,True,4.5,3.5595889965068386,XP_001713153.1,RGVNYVNYYPAGDKP,0.5039682539682541,0.6,,,,,,False,0.2064628127766787,,NP_004757,,XP_001713153.1,GTVKVWSFGSSVANF,0.6666666666666666,0.2666666666666666,0.3276664553664185,0.0,0.4153598758067299,0.0,0.5846401241932702,False,3.511136508092165,5.0,NP_004757,,XP_001713153.1,FNLAIIEYQSLVLKG,0.5833333333333334,0.2666666666666666,0.4060773635338933,0.0,0.4957068991730448,0.0,0.5042931008269552,False,2.1411179531061526,6.5,NP_004757,
ENSG00000116478,HDAC1,ENST00000373548,ENSP00000362649,ENSP00000362649,HDAC1,ENST00000373548,ENSP00000362649,ENSP00000362649,RIACEEEFSDSEEEG,,,True,3.0,0.281771151646973,GDGVEEAFYTTDRVM,,,True,4.0,6.383475012659789,NVARCWTYETAVALD,,,True,5.0,5.846349782190195,NP_595333.1,ENLRNLSFAPSVQMH,0.4178571428571428,0.1333333333333333,,,,,,False,1.4022988541391472,,NP_004955,XP_011539611,NP_595333.1,GDGVEEFFYTTDRVM,0.7777777777777778,0.9333333333333332,0.3589597290050657,0.0,0.247969947759718,0.0,0.7520300522402819,False,7.327787131492981,4.0,NP_004955,XP_011539611,NP_595333.1,NVARVWTYETGLLAG,0.625,0.6,0.5036610447094623,0.0,0.4142805469978108,0.0,0.5857194530021892,False,5.995396395694737,6.0,NP_004955,XP_011539611
ENSG00000273494,PANK4,ENST00000628687,ENSP00000486126,ENSP00000478189,PANK4,ENST00000615291,ENSP00000478189,ENSP00000478189,RKYWLTCFEEALDGV,,,True,3.5,8.240198433606837,ESDPYFGFEEAKRKL,,,True,4.5,0.5599796106174842,FIKFENTYIEACLDF,,,True,4.5,-1.1425849261631291,NP_596418.1,LLTPANSFDEMLELS,0.3805555555555555,0.2,0.3788137217720368,0.0,0.3261465987925496,0.0,0.6738534012074504,False,3.2258476860013348,5.0,NP_060686,,NP_596418.1,LLTPANSFDEMLELS,0.3555555555555554,0.2,0.3788137217720368,0.0,0.3261465987925496,0.0,0.6738534012074504,False,3.2258476860013348,5.0,NP_060686,,NP_596418.1,NNKSHVTHIAVDIGG,0.4166666666666667,0.2,,,,,,False,3.3404216829502578,,NP_060686,
ENSG00000157881,PANK4,ENST00000502770,ENSP00000425674,ENSP00000367727,PANK4,ENST00000378466,ENSP00000367727,ENSP00000367727,RKYWLTCFEEALDGV,,,True,3.5,8.240198433606837,ESDPYFGFEEAKRKL,,,True,4.5,0.5599796106174842,FIKFENTYIEACLDF,,,True,4.5,-1.1425849261631291,NP_596418.1,LLTPANSFDEMLELS,0.3805555555555555,0.2,0.3788137217720368,0.0,0.3261465987925496,0.0,0.6738534012074504,False,3.2258476860013348,5.0,NP_060686,XP_047280262,NP_596418.1,LLTPANSFDEMLELS,0.3555555555555554,0.2,0.3788137217720368,0.0,0.3261465987925496,0.0,0.6738534012074504,False,3.2258476860013348,5.0,NP_060686,XP_047280262,NP_596418.1,NNKSHVTHIAVDIGG,0.4166666666666667,0.2,,,,,,False,3.3404216829502578,,NP_060686,XP_047280262
ENSG00000184787,UBE2G2,ENST00000345496,ENSP00000338348,ENSP00000338348,UBE2G2,ENST00000345496,ENSP00000338348,ENSP00000338348,PGDDPMGYESSAERW,,,True,4.5,2.7153505416103103,GPMNEENFFEWEALI,,,True,5.0,-4.780042800908465,EMFHPNIYPDGRVCI,,,True,6.0,-1.0601882245460963,NP_595778.1,PGDDPNMYESSSERW,0.7333333333333334,0.8,0.507930352259751,0.0,0.2966879218070369,0.0,0.703312078192963,False,0.4041461623692859,4.5,NP_003334,,NP_595778.1,GPSNEDDFFTWDCLI,0.4944444444444444,0.6,0.5772771170340822,0.0,0.392039662982086,0.0,0.607960337017914,False,-2.721887686047362,4.5,NP_003334,,NP_595778.1,EFFHPNVYKDGTVCI,0.7583333333333333,0.7333333333333333,0.7600074922463846,0.0,0.2040082929190304,0.0,0.7959917070809696,True,-1.0567295654126938,6.0,NP_003334,
ENSG00000140598,EFL1,ENST00000359445,ENSP00000352418,ENSP00000268206,EFL1,ENST00000359445,ENSP00000352418,ENSP00000268206,PEQGNVVFTSAIDGW,,,True,4.0,-0.4294549082593364,VSEPIIPFRETITKP,,,True,4.5,0.8288985041549064,TEEEYLHFGEKADSE,,,True,4.5,2.8451906081419067,NP_587766.1,PEQGNVVFASAYDGW,0.8333333333333334,0.8666666666666667,0.7024034813982462,0.0,0.1249300334983309,0.0,0.8750699665016691,True,0.3945646916295763,4.0,NP_078856,,NP_587766.1,ASQPLVPYRETTIAT,0.6964285714285715,0.4,0.5887188255718374,0.0,0.4423585918804563,0.0,0.5576414081195437,False,3.8554046488574256,5.5,NP_078856,,NP_587766.1,VGQEVYVYGPKYDPV,0.4226190476190476,0.2666666666666666,,,,,,False,2.3490688319331983,,NP_078856,
ENSG00000164934,DCAF13,ENST00000616836,ENSP00000477526,ENSP00000484962,DCAF13,ENST00000616836,ENSP00000477526,ENSP00000484962,YSPTGKEFVSASFDK,,,True,4.0,2.594661713386748,TRFCGTSFFTVGDDK,,,True,4.5,3.031906100799618,HHWKEAVFATCGQQV,,,True,5.0,0.2404162196202256,NP_595809.1,FSPTGQEFVSGSYDK,0.7380952380952381,0.7333333333333333,0.5767009768953527,0.0,0.1156280564192846,0.0,0.8843719435807152,True,3.542980283967458,5.0,NP_056235,,NP_595809.1,TITRGTSLTRLNDQD,0.2749999999999999,0.3333333333333333,,,,,,False,2.49986326117678,,NP_056235,,NP_595809.1,TSKGGDLFATSGENV,0.5666666666666667,0.3333333333333333,0.5883837225553664,0.0,0.2589803222670922,0.0,0.7410196777329078,False,-0.1507607196670652,4.5,NP_056235,
ENSG00000184110,EIF3C,ENST00000566501,ENSP00000457963,ENSP00000332604,EIF3C,ENST00000566501,ENSP00000457963,ENSP00000332604,NGKVWDLFPEADKVR,,,True,5.0,5.173542081532926,GGGGMSRFFTTGSDS,,,True,5.0,5.597981907064864,GGGMSRFFTTGSDSE,,,True,5.0,1.2776540104242258,NP_593828.2,AIKIWSLMPDADKIK,0.7222222222222223,0.4666666666666667,,,,,,False,1.8574986866137384,,NP_003743,,NP_593828.2,YLLAYAAFYDSVSLE,0.376984126984127,0.1333333333333333,0.4986626386999136,0.0,0.4595334553173812,0.0,0.5404665446826187,False,-0.2028996119385427,3.5,NP_003743,,NP_593828.2,DSVSLEFLATTFDLP,0.4333333333333333,0.2,,,,,,False,4.146910898870265,,NP_003743,
ENSG00000127445,PIN1,ENST00000247970,ENSP00000247970,ENSP00000247970,PIN1,ENST00000247970,ENSP00000247970,ENSP00000247970,FESLASQFSDCSSAK,,,True,3.5,4.720276805888372,RGQMQKPFEDASFAL,,,True,4.5,-0.3733350909289621,GEMSGPVFTDSGIHI,,,True,5.0,1.7183870995989423,NP_587913.1,MHDLAMKESDCSSAR,0.6,0.5333333333333333,,,,,,False,3.4891532651269905,,NP_006212,XP_011526370,NP_587913.1,RDEMQKPFEDAAFAL,1.0,0.8,0.5438121195797401,0.0,0.2502415792775894,0.0,0.7497584207224106,False,4.568709174155847,4.5,NP_006212,XP_011526370,NP_587913.1,GEISGVVETSSGFHI,0.3999999999999999,0.6666666666666666,,,,,,False,-0.0513963011616919,,NP_006212,XP_011526370
ENSG00000159459,UBR1,ENST00000290650,ENSP00000290650,ENSP00000290650,UBR1,ENST00000290650,ENSP00000290650,ENSP00000290650,WWDQQVDFYTAFLHH,,,True,3.0,1.0023217587145252,HTSTGGGFCDCGDTE,,,True,3.5,0.8787955572944025,PAPYLDEYGETDPGL,,,True,4.5,2.3410441920790355,NP_596158.2,FHYLTQLYYTADIVR,0.4880952380952381,0.2,0.6818592550285568,0.0,0.2818400477850017,0.0,0.7181599522149983,False,7.186376819943464,4.5,NP_777576,,NP_596158.2,VSAGSGGCCDCGNAA,0.6574074074074073,0.4,,,,,,False,3.040289442418138,,NP_777576,,NP_596158.2,VAPFLDAYGETDLGL,0.5,0.7333333333333333,0.5683544858065337,0.0,0.718077500774532,0.0,0.2819224992254679,False,2.3410441920790355,5.5,NP_777576,
ENSG00000182446,NPLOC4,ENST00000331134,ENSP00000331487,ENSP00000331487,NPLOC4,ENST00000331134,ENSP00000331487,ENSP00000331487,SQNTSSVFLDTISDF,,,True,4.0,3.262341804700005,SRNKDTYFLSSEECI,,,True,4.5,-0.2665949081853858,VLGETQDFHSLATYL,,,True,5.0,5.528857582221764,NP_595883.2,LRRIGIIFTDLTDDG,0.3833333333333333,0.2,0.5009604403551782,0.0,0.5259901459062744,0.0,0.4740098540937257,False,0.165435027280913,5.5,NP_060391,XP_047292321,NP_595883.2,KRHSDSYFLSSLEVY,1.0,0.5333333333333333,0.297844536146821,0.0,0.2584857326540276,0.0,0.7415142673459724,False,4.917741711934332,4.5,NP_060391,XP_047292321,NP_595883.2,RGMARAEFQPTDTLA,0.3428571428571428,0.1333333333333333,,,,,,False,-0.5316746120417339,,NP_060391,XP_047292321
ENSG00000197548,ATG7,ENST00000451513,ENSP00000415223,ENSP00000346437,ATG7,ENST00000685771,ENSP00000509725,ENSP00000346437,VRQPLYEFEDCLGGG,,,True,3.5,3.7049271812334,SKLQFAPFSSALDVG,,,True,4.0,5.662084465983665,NTNTLESFKTADKKL,,,True,4.5,5.189501735585188,NP_596084.1,VRQSLFTFEDCKRKL,0.5666666666666667,0.5333333333333333,0.2465424409390236,0.0,0.5225269606646054,0.0,0.4774730393353946,False,3.854947557276689,4.5,NP_006386,XP_016861037,NP_596084.1,KALQFQSFHSSIDAT,0.4791666666666667,0.4,0.3777320137101408,0.0,0.4509886806254017,0.0,0.5490113193745983,False,0.686631831655174,3.5,NP_006386,XP_016861037,NP_596084.1,YWCLFPSFKETPHWI,0.4458333333333333,0.2,0.4817823140940891,0.0,0.5358045577868779,0.0,0.4641954422131222,False,2.1473515165837345,5.0,NP_006386,XP_016861037
ENSG00000140983,RHOT2,ENST00000697194,ENSP00000513180,ENSP00000321971,RHOT2,ENST00000697194,ENSP00000513180,ENSP00000321971,VPTHIVDYSEAEQTD,topological domain,Cytoplasmic,True,4.0,0.4814458510269488,TILRRFGYSDALELT,topological domain,Cytoplasmic,True,4.0,4.897174423828346,ASVYKHHYMDGQTPC,topological domain,Cytoplasmic,True,5.5,1.9807550695057508,NP_587725.1,KNLSIEDASEILSKV,0.375,0.2666666666666666,,,,,,False,-0.1575121382851641,,NP_620124,XP_047290804,NP_587725.1,CFSKNLSIEDASEIL,0.4583333333333333,0.2,,,,,,False,-0.1231374629996718,,NP_620124,XP_047290804,NP_587725.1,GILRAFHYTDSLSLD,0.5083333333333333,0.2,0.5165442944047302,0.0,0.3961089766971519,0.0,0.603891023302848,False,7.385160397478494,5.0,NP_620124,XP_047290804
ENSG00000093010,COMT,ENST00000428707,ENSP00000387695,ENSP00000354511,COMT,ENST00000428707,ENSP00000387695,ENSP00000354511,VLEAIDTYCEQKEWA,topological domain,Extracellular,False,5.0,0.9485511905684786,HYQSFLEYREVVDGL,topological domain,Extracellular,False,5.0,-1.291306686031819,ECTHYQSFLEYREVV,topological domain,Extracellular,False,5.0,-1.0915076021151005,NP_001018770.1,VINVIDEYVEQGHFL,0.425,0.4,0.5212427743412508,0.0,0.8528295602083902,0.0,0.1471704397916098,False,6.44065679767022,6.5,NP_001128633,,NP_001018770.1,YVQGSLDYRKEYDST,0.5222222222222223,0.3333333333333333,,,,,,False,-0.6544162549376964,,NP_001128633,,NP_001018770.1,REKDAVEITEYIEAK,0.4666666666666666,0.2,,,,,,False,-3.069953665060494,,NP_001128633,
ENSG00000058668,ATP2B4,ENST00000341360,ENSP00000340930,ENSP00000350310,ATP2B4,ENST00000341360,ENSP00000340930,ENSP00000350310,ICIAYRDFDDTEPSW,topological domain,Cytoplasmic,True,4.0,0.550182203309078,NQKSIHSFMTHPEFA,topological domain,Cytoplasmic,True,5.5,2.72061979544808,QIKVVKAFHSSLHES,topological domain,Cytoplasmic,True,5.5,6.952823298200688,NP_593890.1,TDVLFFDHNDETPTN,0.4736111111111111,0.2,,,,,,False,2.0066818750793973,,NP_001675,,NP_593890.1,TPPDYTSYVSHSDAE,0.5436507936507937,0.1333333333333333,0.1649514797491523,0.0,0.6269701067391482,0.0,0.3730298932608517,False,0.8725587342356972,5.5,NP_001675,,NP_593890.1,QVLRDGAVHSTSVFD,0.3666666666666667,0.2666666666666666,,,,,,False,3.5044932617889595,,NP_001675,
ENSG00000138069,RAB1A,ENST00000649427,ENSP00000497078,ENSP00000387286,RAB1A,ENST00000649427,ENSP00000497078,ENSP00000387286,TTKKVVDYTTAKEFA,,,True,3.5,1.1470844977798629,DYTTAKEFADSLGIP,,,True,4.0,3.64250911801076,DDTYTESYISTIGVD,,,True,4.0,4.5515055554464725,NP_596205.1,VDKKVVEYSVAKEFA,0.6083333333333333,0.6666666666666666,,,,,,False,1.1090992181068984,,NP_004152,XP_005264525,NP_596205.1,EYSVAKEFADSLNIP,0.8333333333333334,0.7333333333333333,0.622461294699843,0.0,0.3977597551718992,0.0,0.6022402448281008,False,8.741880481583319,4.0,NP_004152,XP_005264525,NP_596205.1,DDTYTESYISTIGVD,1.0,1.0,0.4426176632324071,0.0,0.5284727315258905,0.0,0.4715272684741096,False,4.5515055554464725,4.0,NP_004152,XP_005264525
ENSG00000163624,CDS1,ENST00000295887,ENSP00000295887,ENSP00000295887,CDS1,ENST00000295887,ENSP00000295887,ENSP00000295887,MISLXKCFHEIITIG,,,True,5.5,-0.3386968167093674,WFXTVADYFATFVQR,transmembrane region,Helical,False,5.5,2.3711271532114933,RAFKIKDFANTIPGH,,,True,6.0,2.032254027827317,NP_596416.1,GESIYAYFHHLFIMD,0.3273809523809524,0.2,,,,,,False,2.5148486057301174,,NP_001254,XP_016863139,NP_596416.1,LIAPFGGFFASGLKR,0.4722222222222222,0.2,,,,,,False,-0.7600722670902805,,NP_001254,XP_016863139,NP_596416.1,RAFKIKDFGASIPGH,0.4583333333333333,0.8,,,,,,False,1.1792319452923372,,NP_001254,XP_016863139
ENSG00000140521,POLG,ENST00000636937,ENSP00000516154,ENSP00000268124,POLG,ENST00000636937,ENSP00000516154,ENSP00000268124,DLPQSVAFFSAVDID,,,True,3.0,2.401992204599956,PSAVQEEFMTSRVNW,,,True,4.5,2.603941931594511,AQKQSLPYLEAANLL,,,True,5.0,6.285796739465394,NP_588025.2,ELPQSVAFFSSVDID,0.875,0.8666666666666667,0.3264433908120615,0.0,0.5014598157314221,0.0,0.4985401842685779,False,1.531080702454045,3.5,NP_001119603,,NP_588025.2,KNLSKNSFMTSRVNW,0.8333333333333334,0.5333333333333333,0.2639504766252314,0.0,0.317051125688688,0.0,0.682948874311312,False,0.3886458156284069,5.0,NP_001119603,,NP_588025.2,ASLEKEPILQKLNEL,0.4916666666666667,0.3333333333333333,,,,,,False,3.698327753412605,,NP_001119603,
ENSG00000102144,PGK1,ENST00000644362,ENSP00000496140,ENSP00000362413,PGK1,ENST00000644362,ENSP00000496140,ENSP00000362413,KITLPVDFVTADKFD,,,True,4.5,0.5224410548849175,DVYVNDAFGTAHRAH,,,True,5.0,3.10212210895299,GPESSKKYAEAVTRA,,,True,5.0,-0.4120567065121293,NP_596730.1,EVFLPVDFVTADKFD,1.0,0.8,0.5265749601180313,0.0,0.1739372519157094,0.0,0.8260627480842907,True,0.4363684503386541,4.5,NP_000282,,NP_596730.1,DIFVNDAFGTAHRAH,1.0,0.8666666666666667,0.6232960389362365,0.0,0.3919153600917167,0.0,0.6080846399082833,False,3.188194713499253,5.0,NP_000282,,NP_596730.1,GPKSSAKFAEVITTS,0.75,0.5333333333333333,0.5509586433977017,0.0,0.3638616309389829,0.0,0.6361383690610171,False,0.4562074550839018,6.5,NP_000282,
ENSG00000198887,SMC5,ENST00000361138,ENSP00000354957,ENSP00000354957,SMC5,ENST00000361138,ENSP00000354957,ENSP00000354957,INEKFSNFFSSMQCA,,,True,4.5,1.0183872912736884,EDKLRQRFRDTYDAV,,,True,5.0,2.451180827045211,KNKLESDYMAASSQL,,,True,5.5,0.6843811962963638,NP_594907.2,ATKRKLDFMSSAPGW,0.5039682539682541,0.2,0.4088654887789374,0.0,0.7093821377080902,0.0,0.2906178622919098,False,7.005874024587367,4.5,NP_055925,XP_047278990,NP_594907.2,LTEVQDRLKDITDKL,0.525,0.2,,,,,,False,4.14196549968773,,NP_055925,XP_047278990,NP_594907.2,GDPVLKTYLAGSSIH,0.5499999999999999,0.2666666666666666,,,,,,False,5.375911787354162,,NP_055925,XP_047278990
ENSG00000136628,EPRS1,ENST00000366923,ENSP00000355890,ENSP00000355890,EPRS1,ENST00000366923,ENSP00000355890,ENSP00000355890,IWEAIKDFFDAEIKK,,,True,2.5,5.532797215700454,EKFAGGDYTTTIEAF,,,True,4.0,0.8883481412450108,EGADAETFSEGEMVT,,,True,4.0,6.850861270114811,NP_593483.1,PSKENSEFQDAILED,0.5499999999999999,0.2,0.6980045084071744,0.0,0.0933486173877607,0.0,0.9066513826122392,True,0.9103830424023374,3.5,NP_004437,,NP_593483.1,VDLVDFDYLITKDKL,0.4722222222222222,0.2,,,,,,False,4.0783071785112455,,NP_004437,,NP_593483.1,SKLALQTFSQVYPKL,0.394047619047619,0.2,,,,,,False,5.454177959894427,,NP_004437,
ENSG00000143224,PPOX,ENST00000352210,ENSP00000343943,ENSP00000343943,PPOX,ENST00000352210,ENSP00000343943,ENSP00000343943,KLESARQFLTAHRLP,,,True,5.5,5.261352565389569,IVYDSVAFPEQDGSP,,,True,6.5,-2.721784899166708,ISGLAASYHLSRAPC,,,True,6.5,2.144593455267543,NP_592866.1,RPMPLAMMLEPFRKS,0.2761904761904762,0.1333333333333333,,,,,,False,5.446718600705261,,NP_000300,,NP_592866.1,KSTSMFAFKEGIETI,0.3444444444444444,0.2,0.7871830821895179,0.0,0.5243121130672668,0.0,0.4756878869327333,False,3.66876095358328,4.5,NP_000300,,NP_592866.1,FKEGIETITLSIADE,0.425,0.2,,,,,,False,0.6546958857307417,,NP_000300,
ENSG00000127946,HIP1,ENST00000336926,ENSP00000336747,ENSP00000336747,HIP1,ENST00000336926,ENSP00000336747,ENSP00000336747,LTVEMFDYLECELNL,,,True,4.0,3.509450744840165,DNKFDDIFGSSFSSD,,,True,4.5,-0.4637197371275957,EETDNMDFSSMTLTQ,,,True,5.0,0.4936667372956148,NP_594069.2,YSDLIRDYVDYLLDK,0.5496031746031746,0.2,0.3916492364867969,0.0,0.5483475445837324,0.0,0.4516524554162676,False,-1.9136167369776635,6.0,NP_005329,XP_047276251,NP_594069.2,STIAPQPTGTSPSPP,0.3952380952380952,0.2,,,,,,False,-1.2195299367100465,,NP_005329,XP_047276251,NP_594069.2,KEVQHEDFSSLGVHE,0.7916666666666666,0.3333333333333333,0.3600029896849132,0.0,0.3935249245544705,0.0,0.6064750754455295,False,0.8984921506797883,6.0,NP_005329,XP_047276251
ENSG00000214517,PPME1,ENST00000328257,ENSP00000329867,ENSP00000329867,PPME1,ENST00000328257,ENSP00000329867,ENSP00000329867,SPVPWSQYFESMEDV,,,True,3.5,0.9092917270193356,FRGLSNLFLSCPIPK,,,True,5.0,3.11491162367688,GKDTFRVYKSGSEGP,,,True,5.5,3.24810621613529,NP_596191.1,AVSYVQRMFELDEKI,0.4166666666666667,0.2,,,,,,False,1.2709407108380806,,NP_057231,XP_047283072,NP_596191.1,WHRNQPLVLPPKVGA,0.3214285714285714,0.1333333333333333,,,,,,False,2.5778316957876912,,NP_057231,XP_047283072,NP_596191.1,EELSQTLYENESEQS,0.3694444444444444,0.2,,,,,,False,-0.3207023424074556,,NP_057231,XP_047283072
ENSG00000180902,D2HGDH,ENST00000403782,ENSP00000384723,ENSP00000315351,D2HGDH,ENST00000403782,ENSP00000384723,ENSP00000315351,EILSAFEFMDAVCMQ,,,True,3.5,5.738279592132743,FAEVLQTFSTCKGML,,,True,4.5,5.977892423167504,RMNRVLSFHSVSGIL,,,True,6.0,6.283410220928642,NP_595342.1,EILSAFELMDNTSQT,0.4027777777777777,0.6,,,,,,False,3.99271557302026,,NP_689996,XP_011510052,NP_595342.1,LMNQIHTFDEISGVI,0.425,0.2,0.4635839670551664,0.0,0.7213062584767671,0.0,0.2786937415232329,False,5.226646511480605,6.0,NP_689996,XP_011510052,NP_595342.1,SEQDVQVFKSIIGKD,0.5083333333333333,0.2666666666666666,0.6080880677318025,0.0,0.203655164624164,0.0,0.7963448353758359,True,-0.0915527259837656,6.5,NP_689996,XP_011510052
ENSG00000031698,SARS1,ENST00000234677,ENSP00000234677,ENSP00000234677,SARS1,ENST00000234677,ENSP00000234677,ENSP00000234677,MITTAEEFYQSLGIP,,,True,4.5,3.2527270724750834,DNSYDEKYLIATSEQ,,,True,6.0,-0.5544870551818506,EKSDDNSYDEKYLIA,,,True,6.0,-1.3931746801681737,NP_594867.1,MINHAEDFYKSLELP,0.5222222222222223,0.6,,,,,,False,2.509356463694571,,NP_006504,,NP_594867.1,IDGDEERYLIATSEQ,0.9,0.6,,,,,,False,-0.5097554745999013,,NP_006504,,NP_594867.1,KTAQLEQFDEELYKV,0.4261904761904762,0.1333333333333333,,,,,,False,3.671187234916673,,NP_006504,
ENSG00000100297,MCM5,ENST00000416905,ENSP00000393977,ENSP00000216122,MCM5,ENST00000416905,ENSP00000393977,ENSP00000216122,FDDPGIFYSDSFGGD,,,True,5.0,0.7044359599257868,TDGSGRSFAGAVSPQ,,,True,5.5,-0.4134519016161712,TLSGVEGFTSQEDQE,,,True,5.5,0.6067554848222486,XP_001713071.1,RLAPIAVYTSGKGSS,0.325,0.2,0.6041698869814406,0.0,0.3007380597012601,0.0,0.6992619402987399,False,3.8864574350969168,6.5,NP_006730,XP_047297322,XP_001713071.1,TSGKGSSAAGLTASI,0.4166666666666667,0.4,,,,,,False,1.4920448432484843,,NP_006730,XP_047297322,XP_001713071.1,KGSSAAGLTASIQRD,0.375,0.2,,,,,,False,1.5924283430858053,,NP_006730,XP_047297322
ENSG00000144028,SNRNP200,ENST00000323853,ENSP00000317123,ENSP00000317123,SNRNP200,ENST00000323853,ENSP00000317123,ENSP00000317123,EEGDEDVYGEVREEA,,,True,4.5,-1.404842291660389,QRQLSRFYDDAIVSQ,,,True,5.0,0.283899402675092,YNSDDNVFVGAPTGS,,,True,5.5,-2.082317263450986,NP_593346.1,LQLLGGFYGPLYEIV,0.4900793650793651,0.2,,,,,,False,1.5692390256507334,,NP_054733,,NP_593346.1,PLKQIPYFDDALIER,0.7797619047619048,0.2,0.3454122534658443,0.0,0.3225019341572732,0.0,0.6774980658427269,False,5.421879209812907,4.5,NP_054733,,NP_593346.1,YKTNDSVFIGAPNGS,0.7916666666666666,0.6,,,,,,False,4.894616230609024,,NP_054733,
ENSG00000273562,NAP1L4,ENST00000619695,ENSP00000483728,ENSP00000483728,NAP1L4,ENST00000619695,ENSP00000483728,ENSP00000483728,AIEDDDNFEEGEEGE,,,True,3.0,-2.5209060275968005,SLDEDSEFTLASDFE,,,True,3.0,1.6361880225576113,VPHTPSSYIETLPKA,,,True,5.0,1.6304107536281427,NP_596230.1,SGEFLYDHAEGDKIN,0.3319444444444444,0.2,,,,,,False,3.778275617172901,,NP_005960,,NP_596230.1,EDAYTDEEDLSSDDE,0.4138888888888889,0.3333333333333333,,,,,,False,-0.5083263250114666,,NP_005960,,NP_596230.1,LVGKSSGYIESLAPA,0.5,0.4,0.4401476650393398,0.0,0.7126822584411006,0.0,0.2873177415588994,False,-0.9258271594205024,5.5,NP_005960,
ENSG00000205531,NAP1L4,ENST00000620138,ENSP00000481412,ENSP00000369915,NAP1L4,ENST00000620138,ENSP00000481412,ENSP00000369915,AIEDDDNFEEGEEGE,,,True,3.0,-2.5209060275968005,SLDEDSEFTLASDFE,,,True,3.0,1.6361880225576113,VPHTPSSYIETLPKA,,,True,5.0,1.6304107536281427,NP_596230.1,SGEFLYDHAEGDKIN,0.3319444444444444,0.2,,,,,,False,3.778275617172901,,NP_005960,,NP_596230.1,EDAYTDEEDLSSDDE,0.4138888888888889,0.3333333333333333,,,,,,False,-0.5083263250114666,,NP_005960,,NP_596230.1,LVGKSSGYIESLAPA,0.5,0.4,0.4401476650393398,0.0,0.7126822584411006,0.0,0.2873177415588994,False,-0.9258271594205024,5.5,NP_005960,
ENSG00000106089,STX1A,ENST00000395154,ENSP00000378583,ENSP00000222812,STX1A,ENST00000395154,ENSP00000378583,ENSP00000222812,RDRFMDEFFEQVEEI,topological domain,Cytoplasmic,True,3.5,2.068684120969434,ESGNPAIFASGIIMD,topological domain,Cytoplasmic,True,6.0,3.9002896758052414,FVEVMSEYNATQSDY,topological domain,Cytoplasmic,True,6.0,6.006972178130965,NP_588053.1,IPLSMGEFFEEIDHI,0.7888888888888889,0.4,,,,,,False,1.995796862295349,,NP_004594,,NP_588053.1,EENGGQVFAQALLRS,0.5416666666666666,0.2,,,,,,False,0.0698071653099419,,NP_004594,,NP_588053.1,FLQIEKTYRAQYEQR,0.2666666666666666,0.2,,,,,,False,-0.5953766608325292,,NP_004594,
ENSG00000161057,PSMC2,ENST00000678493,ENSP00000502939,ENSP00000292644,PSMC2,ENST00000678493,ENSP00000502939,ENSP00000292644,KIATEKDFLEAVNKV,,,True,3.5,4.195386037687653,EEKPDVTYSDVGGCK,,,True,6.0,-1.0141152862574347,GGGGMPDYLGADQRK,,,True,6.0,2.5289559066963867,NP_596805.1,RVATEKDFLDAVQKV,0.7222222222222223,0.7333333333333333,0.3869663036619786,0.0,0.1959068466291941,0.0,0.8040931533708058,True,1.890171141930187,3.5,NP_002794,,NP_596805.1,EEKPDVTYGDVGGCK,0.8333333333333334,0.9333333333333332,0.6601985812117893,0.0,0.3737073148122583,0.0,0.6262926851877416,False,-1.221355495350744,6.0,NP_002794,,NP_596805.1,RVATEKDFLDAVQKV,0.7222222222222223,0.2666666666666666,0.3869663036619786,0.0,0.1959068466291941,0.0,0.8040931533708058,True,1.890171141930187,3.5,NP_002794,
ENSG00000275903,PSMB3,ENST00000619951,ENSP00000483956,ENSP00000483956,PSMB3,ENST00000619951,ENSP00000483956,ENSP00000483956,CPMVTDDFVVSGTCA,,,True,5.5,0.539916032099945,DPKTFKPFICSLDLI,,,True,6.0,0.4345957625368453,NMDPDHLFETISQAM,,,True,6.5,0.395045898494076,NP_587985.1,CIDFAEDFIVSGTAT,0.9583333333333334,0.4666666666666667,,,,,,False,1.786258858208413,,NP_002786,,NP_587985.1,VSNDNTPFICGFDSI,0.8333333333333334,0.4,,,,,,False,0.2007046591734409,,NP_002786,,NP_587985.1,NLEPDDLFETISQAL,1.0,0.7333333333333333,0.6971119338996555,0.0,0.187908055629361,0.0,0.812091944370639,True,0.8380155392828001,6.0,NP_002786,
ENSG00000277791,PSMB3,ENST00000619426,ENSP00000483688,ENSP00000483688,PSMB3,ENST00000619426,ENSP00000483688,ENSP00000483688,CPMVTDDFVVSGTCA,,,True,5.5,0.539916032099945,DPKTFKPFICSLDLI,,,True,6.0,0.4345957625368453,NMDPDHLFETISQAM,,,True,6.5,0.395045898494076,NP_587985.1,CIDFAEDFIVSGTAT,0.9583333333333334,0.4666666666666667,,,,,,False,1.786258858208413,,NP_002786,,NP_587985.1,VSNDNTPFICGFDSI,0.8333333333333334,0.4,,,,,,False,0.2007046591734409,,NP_002786,,NP_587985.1,NLEPDDLFETISQAL,1.0,0.7333333333333333,0.6971119338996555,0.0,0.187908055629361,0.0,0.812091944370639,True,0.8380155392828001,6.0,NP_002786,
ENSG00000243725,TTC4,ENST00000371281,ENSP00000360329,ENSP00000360329,TTC4,ENST00000371281,ENSP00000360329,ENSP00000360329,IDHLMVMFGETPSWD,,,True,4.5,1.776022881811654,PEYAQSDFISAFHED,,,True,4.5,5.499125400972551,SEGLGELFLDGLSTE,,,True,4.5,-0.6792363902294829,NP_594238.1,NKNAEEMFNELNKVP,0.4583333333333333,0.2,0.5446739771906565,0.0,0.4033158243733521,0.0,0.5966841756266479,False,3.9407870490585686,7.0,NP_004614,,NP_594238.1,PHHLASDWISSWKKN,0.5234848484848484,0.3333333333333333,,,,,,False,7.500684295686295,,NP_004614,,NP_594238.1,AMISLSTFDDPKSEL,0.3079365079365079,0.2,0.4156305874263127,0.0,0.3001654035124835,0.0,0.6998345964875164,False,6.645875127811926,5.5,NP_004614,
ENSG00000130725,UBE2M,ENST00000253023,ENSP00000253023,ENSP00000253023,UBE2M,ENST00000253023,ENSP00000253023,ENSP00000253023,PKTCDISFSDPDDLL,,,True,5.0,3.274814357319662,ICPDEGFYKSGKFVF,,,True,6.0,4.938513643906639,VICPDEGFYKSGKFV,,,True,6.0,-1.9568502937389367,NP_588256.1,PSTMSTSWPDPIKLN,0.458008658008658,0.4,,,,,,False,5.244042562048405,,NP_003960,,NP_588256.1,IRPDEGYYKGGKFKF,0.7380952380952381,0.7333333333333333,,,,,,False,-1.0450092682755674,,NP_003960,,NP_588256.1,EIRPDEGYYKGGKFK,0.7380952380952381,0.6666666666666666,,,,,,False,-1.1038282112039577,,NP_003960,
ENSG00000177000,MTHFR,ENST00000376592,ENSP00000365777,ENSP00000365775,MTHFR,ENST00000376592,ENSP00000365777,ENSP00000365775,FQKAYLEFFTSRETA,,,True,2.5,-0.3896256681148013,DFIITQLFFEADTFF,,,True,3.0,-0.6167414139351705,WEEEEGGFNYAVDLV,,,True,4.0,-0.9358157709792368,NP_593224.1,FQKPYVEFFVHPSLL,0.4791666666666667,0.4666666666666667,,,,,,False,-0.5289445204763743,,NP_005948,XP_005263520,NP_593224.1,IVNVIQTDFEVDTCM,0.3833333333333333,0.3333333333333333,,,,,,False,3.5338089344776646,,NP_005948,XP_005263520,NP_593224.1,WTEGESGFRYASDLV,0.8333333333333334,0.6666666666666666,,,,,,False,1.1355055921208843,,NP_005948,XP_005263520
ENSG00000177954,RPS27,ENST00000651669,ENSP00000499044,ENSP00000499044,RPS27,ENST00000651669,ENSP00000499044,ENSP00000499044,CYKITTVFSHAQTVV,,,True,6.0,4.31262867105186,VQSPNSYFMDVKCPG,,,True,6.5,3.0171343239337864,DVKCPGCYKITTVFS,,,True,7.5,1.5042545465704018,NP_595214.1,CFNITTVFSHAQTVV,1.0,0.8666666666666667,,,,,,False,4.897243255222981,,NP_001021,,NP_595214.1,VQGPRSFFMDVKCPG,0.9166666666666666,0.8,0.4231418020880038,0.0,0.1263488739867581,0.0,0.8736511260132419,True,3.9957018121452346,6.5,NP_001021,,NP_595214.1,DVKCPGCFNITTVFS,0.75,0.8666666666666667,,,,,,False,1.0991054374510831,,NP_001021,
ENSG00000112294,ALDH5A1,ENST00000491546,ENSP00000417687,ENSP00000350191,ALDH5A1,ENST00000491546,ENSP00000417687,ENSP00000350191,GLAPFIVFDSANVDQ,,,True,5.0,2.2781689875239723,HDAFVKAFAEAMKKN,,,True,5.0,-0.0468365860601128,NLRVGNGFEEGTTQG,,,True,5.0,1.1458020322656588,NP_593499.2,GNAPFIVFEDADLEK,0.6083333333333333,0.5333333333333333,0.6081532823946917,0.0,0.1705059247600073,0.0,0.8294940752399926,True,0.3679863794856867,4.5,NP_001071,,NP_593499.2,TPFTALALAKLAERA,0.3583333333333334,0.1333333333333333,,,,,,False,7.646230756910973,,NP_001071,,NP_593499.2,KFKLGYGLDAGVTHG,0.5138888888888888,0.3333333333333333,,,,,,False,1.5600141606913858,,NP_001071,
ENSG00000100883,SRP54,ENST00000678477,ENSP00000504671,ENSP00000216774,SRP54,ENST00000678477,ENSP00000504671,ENSP00000216774,CEAQAKAFKDKVDVA,,,True,5.5,6.615516202788776,ATKARIPFYGSYTEM,,,True,5.5,0.1023317767901512,IPGFGTDFMSKGNEQ,,,True,6.0,6.20333639642581,NP_588209.1,AESQSKAFKETADFG,0.6999999999999998,0.4666666666666667,0.615887114574516,0.0,0.6410887323777077,0.0,0.3589112676222922,False,2.6125907107054376,4.0,NP_003127,,NP_588209.1,AIKARVPYFGSYTET,0.8214285714285715,0.6666666666666666,,,,,,False,0.3359510346080063,,NP_003127,,NP_588209.1,GGAGGMDFSGMLNQF,0.425,0.2666666666666666,,,,,,False,3.3365925581816605,,NP_003127,
ENSG00000156269,NAA11,ENST00000511542,ENSP00000422022,ENSP00000286794,NAA11,ENST00000511542,ENSP00000422022,ENSP00000286794,SEVEPKYYADGEDAY,,,True,5.0,-0.0438207534851933,ESTNVQDSSESSDST,,,True,6.5,-0.9209560395021098,NVQDSSESSDSTSGG,,,True,7.0,-1.460408627166324,NP_594309.1,QGIESKYYADGEDAY,1.0,0.7333333333333333,0.5560124659939546,0.0,0.2774293133297872,0.0,0.7225706866702127,False,0.1416448737801769,5.0,NP_116082,XP_016864268,NP_594309.1,FSTLKFDTPETNDEL,0.5428571428571428,0.3333333333333333,,,,,,False,0.9769945812806344,,NP_116082,XP_016864268,NP_594309.1,LKFDTPETNDELAKT,0.4361111111111111,0.2,,,,,,False,-0.5710342295732578,,NP_116082,XP_016864268
ENSG00000055130,CUL1,ENST00000409469,ENSP00000387160,ENSP00000326804,CUL1,ENST00000409469,ENSP00000387160,ENSP00000326804,KGPTLTVYKESFESQ,,,True,4.5,3.216152954915722,AFNNDAGFVAALDKA,,,True,5.5,-0.4317776611883485,GLNEDDAFAKGPTLT,,,True,6.0,0.4810597792631534,NP_594259.1,MEMLLSTYKASKELV,0.625,0.3333333333333333,,,,,,False,3.608584351690797,,NP_003583,,NP_594259.1,EFVKRSGFAAVAKIV,0.4666666666666666,0.2666666666666666,,,,,,False,5.764640683087886,,NP_003583,,NP_594259.1,HEEQLAAYAKYWTRF,0.6666666666666666,0.2666666666666666,,,,,,False,-0.7098665627113099,,NP_003583,
ENSG00000160211,G6PD,ENST00000696421,ENSP00000512616,ENSP00000377192,G6PD,ENST00000696421,ENSP00000512616,ENSP00000377192,NSYVAGQYDDAASYQ,,,True,4.5,9.805502029490976,YPTIWWLFRDGLLPE,,,True,5.5,2.339391738269464,ELFQGDAFHQSDTHI,,,True,5.5,0.1543697026249038,NP_593344.2,ELVIRVQPDEAIYFK,0.4476190476190476,0.2,,,,,,False,1.7224555974429592,,NP_000393,,NP_593344.2,FPALFSLFSEGRLPK,0.6916666666666668,0.4,0.5517116998324321,0.0,0.3325436142686585,0.0,0.6674563857313415,False,0.540645914254962,5.5,NP_000393,,NP_593344.2,NGLFKDAYHNELVIR,0.4047619047619048,0.2,,,,,,False,0.2140742776684238,,NP_000393,
ENSG00000132781,MUTYH,ENST00000529984,ENSP00000437093,ENSP00000347685,MUTYH,ENST00000529984,ENSP00000437093,ENSP00000347685,RWLTQEEFHTAAVST,,,True,3.5,6.284215363308249,SVSSYHLFRDVAEVT,,,True,5.5,9.207933164910711,DPARPGDFNQAAMEL,,,True,5.5,8.804381239074448,NP_594145.1,KSCAEAEYNTQVMPL,0.4325396825396825,0.1333333333333333,0.3053705919668305,0.0,0.2395259172384434,0.0,0.7604740827615565,True,2.172976586517496,6.5,NP_001041636,,NP_594145.1,RGRYLHIFSHIRKTS,0.3458333333333334,0.1333333333333333,,,,,,False,4.089980337322782,,NP_001041636,,NP_594145.1,DPVRPGDFNQALMEL,1.0,0.8666666666666667,,,,,,False,5.001348261148262,,NP_001041636,
ENSG00000108654,DDX5,ENST00000225792,ENSP00000225792,ENSP00000225792,DDX5,ENST00000225792,ENSP00000225792,ENSP00000225792,CPKPVLNFYEANFPA,,,True,3.5,-0.6188173079332404,TPGRLIDFLECGKTN,,,True,4.0,4.323742788379952,NGSFGSNFVSAGIQT,,,True,5.0,4.728847342863849,NP_596523.1,QRGQGRNFYESDGPG,0.625,0.3333333333333333,0.4193686655803042,0.0,0.3967911161790058,0.0,0.6032088838209941,False,-1.9718603292461057,4.0,NP_004387,,NP_596523.1,TPGRLLDMLDSNKTN,0.513888888888889,0.6666666666666666,,,,,,False,4.880420525691706,,NP_004387,,NP_596523.1,EEAGFPNYVLKEVKQ,0.4130952380952381,0.1333333333333333,,,,,,False,-0.4411688239687468,,NP_004387,
ENSG00000213339,QTRT1,ENST00000421333,ENSP00000389126,ENSP00000250237,QTRT1,ENST00000250237,ENSP00000250237,ENSP00000250237,FPDFVRDFMGAMYGD,,,True,5.5,2.1827585244450165,FPTRTARFGSALVPT,,,True,6.0,5.100047031190145,CQKHSRAFLHALLHS,,,True,6.5,0.0,NP_593138.1,PDNKPRYLMGVGYAE,0.4285714285714285,0.2666666666666666,,,,,,False,2.872218207870424,,NP_112486,,NP_593138.1,YPTRTARFGNALTRK,0.6944444444444443,0.6666666666666666,,,,,,False,3.7851293254366456,,NP_112486,,NP_593138.1,MPVGTQASLKGVLPE,0.3833333333333333,0.2,,,,,,False,-0.2153333959008102,,NP_112486,
ENSG00000166501,PRKCB,ENST00000321728,ENSP00000318315,ENSP00000496129,PRKCB,ENST00000321728,ENSP00000318315,ENSP00000496129,GHIKIADFGMCKENI,,,True,4.5,1.758727064712227,GEDEDELFQSIMEHN,,,True,4.5,-0.7109447018893804,DLTSRNDFMGSLSFG,,,True,5.5,0.0734779733432645,NP_593737.2,GHIRIADYGLCKENM,0.8214285714285715,0.7333333333333333,,,,,,False,4.496450953155724,,NP_002729,XP_047290321,NP_593737.2,SIVWDDLYNKLYEPS,0.4880952380952381,0.2,,,,,,False,3.909732338877557,,NP_002729,XP_047290321,NP_593737.2,ESASRSDEKGSKSDP,0.5333333333333333,0.4,,,,,,False,0.2753220449453528,,NP_002729,XP_047290321
ENSG00000158578,ALAS2,ENST00000396198,ENSP00000379501,ENSP00000497236,ALAS2,ENST00000396198,ENSP00000379501,ENSP00000497236,AYPFAQHFSEASVAS,,,True,4.5,2.7532012845597693,QKDSALLFSSCFVAN,,,True,5.0,4.095449319363375,ILPGCEIYSDAGNHA,,,True,5.0,5.271277092667232,NP_594388.1,ITPTPAHNTEHYVQS,0.4083333333333334,0.3333333333333333,,,,,,False,0.733657362133027,,NP_000023,,NP_594388.1,QKPAALVFGSCYVAN,0.7083333333333334,0.6666666666666666,0.4701001592134928,0.0,0.5706451953053406,0.0,0.4293548046946593,False,4.616748236382132,5.0,NP_000023,,NP_594388.1,IIAFESVYSMSGNVA,0.5666666666666667,0.4,,,,,,False,8.31175045533793,,NP_000023,
ENSG00000092201,SUPT16H,ENST00000216297,ENSP00000216297,ENSP00000216297,SUPT16H,ENST00000216297,ENSP00000216297,ENSP00000216297,SEIEDETFNPSEDDY,,,True,4.0,-2.3933033774575136,GFGMGIEFREGSLVI,,,True,4.5,2.72045165124202,IVDDPEGFFEQGGWS,,,True,4.5,-2.989226630524405,NP_596526.1,QFIRSFTFRSSNNSR,0.4861111111111111,0.2666666666666666,0.3386637394646458,0.0,0.6497627032193386,0.0,0.3502372967806614,False,9.320555847200096,5.0,NP_009123,XP_047286855,NP_596526.1,GAGIGIEFRESSLLV,0.8333333333333334,0.6666666666666666,0.4373989593973647,0.0,0.6239466283612216,0.0,0.3760533716387784,False,-1.4476758611169345,4.0,NP_009123,XP_047286855,NP_596526.1,VNEDPIAFFEEGGWG,0.7333333333333334,0.5333333333333333,,,,,,False,-1.6811685985669045,,NP_009123,XP_047286855
ENSG00000075826,SEC31B,ENST00000370345,ENSP00000359370,ENSP00000359370,SEC31B,ENST00000370345,ENSP00000359370,ENSP00000359370,LEIFEVDFRDPSLDL,,,True,5.0,2.2424174518349087,TYSGTEKFPELCDML,,,True,5.5,-0.8297020634087733,LCLKEERFADAIILA,,,True,5.5,3.8922963849088177,NP_595582.1,PIILTWDLRQPTVPQ,0.5416666666666666,0.2666666666666666,,,,,,False,4.294055513727596,,NP_056305,,NP_595582.1,KRASRSKFAELLGYK,0.5972222222222222,0.2666666666666666,0.3438926285764824,0.0,0.3814519497308689,0.0,0.6185480502691311,False,0.7509926793053139,7.0,NP_056305,,NP_595582.1,ILSASGKFDDAMSYL,0.4277777777777777,0.2,0.5662394411005494,0.0,0.1982741275743752,0.0,0.8017258724256248,True,1.0933344920846744,4.5,NP_056305,
ENSG00000125743,SNRPD2,ENST00000342669,ENSP00000342374,ENSP00000465216,SNRPD2,ENST00000342669,ENSP00000342374,ENSP00000465216,QKREEEEFNTGPLSV,,,True,5.0,0.0604478282723912,DRYISKMFLRGDSVI,,,True,7.0,4.148422311382027,KPVNKDRYISKMFLR,,,True,8.5,2.5232590574782616,NP_594506.1,ARLEEYEFSAGPLSV,0.7083333333333334,0.6,,,,,,False,1.6695781735601598,,NP_004588,,NP_594506.1,DRFISKMFLRGDGVV,0.8333333333333334,0.8,,,,,,False,4.581525987130483,,NP_004588,,NP_594506.1,KAINKDRFISKMFLR,0.9166666666666666,0.8,,,,,,False,2.766262826831211,,NP_004588,
ENSG00000230034,PSMB8,ENST00000446762,ENSP00000406878,ENSP00000406878,PSMB8,ENST00000446762,ENSP00000406878,ENSP00000406878,VSDLLHQYREANQGG,,,True,5.0,3.72832110647247,RGMKPTEFFQSLGGD,,,True,5.0,0.4643517090533511,SRASAGSYISALRVN,,,True,5.5,7.702472239243381,NP_593825.1,RSIVAATHRDAYSGG,0.3972222222222222,0.3333333333333333,,,,,,False,6.569164015144639,,NP_683720,,NP_593825.1,MNSIVSKYTQSTNND,0.3714285714285714,0.2,,,,,,False,6.410679160493039,,NP_683720,,NP_593825.1,LYLAQRSIVAATHRD,0.4583333333333333,0.1333333333333333,,,,,,False,2.9796540228636097,,NP_683720,
ENSG00000235715,PSMB8,ENST00000457261,ENSP00000414770,ENSP00000414770,PSMB8,ENST00000457261,ENSP00000414770,ENSP00000414770,VSDLLHQYREANQGG,,,True,5.0,3.72832110647247,RGMQPTEFFQSLGGD,,,True,5.0,0.4643517090533511,SRASAGSYISALRVN,,,True,5.5,7.702472239243381,NP_593825.1,RSIVAATHRDAYSGG,0.3972222222222222,0.3333333333333333,,,,,,False,6.569164015144639,,NP_683720,,NP_593825.1,MNSIVSKYTQSTNND,0.3714285714285714,0.2,,,,,,False,6.410679160493039,,NP_683720,,NP_593825.1,LYLAQRSIVAATHRD,0.4583333333333333,0.1333333333333333,,,,,,False,2.9796540228636097,,NP_683720,
ENSG00000170445,HARS1,ENST00000675698,ENSP00000501581,ENSP00000425634,HARS1,ENST00000675698,ENSP00000501581,ENSP00000425634,SLARGLDYYTGVIYE,,,True,4.5,5.962787980792913,TRGRYREFYQCDFDI,,,True,4.5,2.2009955658972307,REFYQCDFDIAGNFD,,,True,5.5,4.402297891244774,NP_596441.2,SLARGLDYYTGIIYE,1.0,0.9333333333333332,0.5130274395057061,0.0,0.5898366840604855,0.0,0.4101633159395144,False,5.962787980792913,4.5,NP_002100,,NP_596441.2,TKGRMREFYQCDFDI,1.0,0.8666666666666667,,,,,,False,5.56875574684088,,NP_002100,,NP_596441.2,REFYQCDFDIAGNYD,1.0,0.9333333333333332,,,,,,False,3.890037867077682,,NP_002100,
ENSG00000169599,NFU1,ENST00000303698,ENSP00000306965,ENSP00000387219,NFU1,ENST00000474230,ENSP00000418882,ENSP00000387219,IYATIMDFFASGLPL,,,True,5.0,2.2880137274588,GDVIYKGFEDGIVQL,,,True,5.5,-0.7498871770261432,VMDDESDEKEANSPG,,,True,6.0,-1.0593625804841422,NP_595452.2,GQGTVNSPLAQKLFD,0.2380952380952381,0.2,,,,,,False,1.7735339720133707,,NP_001002755,,NP_595452.2,SEEPLKGASDTQILE,0.3083333333333333,0.2,,,,,,False,5.6513332499348055,,NP_001002755,,NP_595452.2,VQVLDPEEEVAIAEF,0.3916666666666666,0.2,,,,,,False,-0.6333462018470127,,NP_001002755,
ENSG00000236443,PSMB8,ENST00000427919,ENSP00000406913,ENSP00000402406,PSMB8,ENST00000427919,ENSP00000406913,ENSP00000402406,VSDLLHQYREANQGG,,,True,5.0,3.72832110647247,RGMQPTEFFQSLGGD,,,True,5.0,0.4643517090533511,SRASAGSYISALRVN,,,True,5.5,7.702472239243381,NP_593825.1,RSIVAATHRDAYSGG,0.3972222222222222,0.3333333333333333,,,,,,False,6.569164015144639,,NP_683720,,NP_593825.1,MNSIVSKYTQSTNND,0.3714285714285714,0.2,,,,,,False,6.410679160493039,,NP_683720,,NP_593825.1,LYLAQRSIVAATHRD,0.4583333333333333,0.1333333333333333,,,,,,False,2.9796540228636097,,NP_683720,
ENSG00000168522,FNTA,ENST00000302279,ENSP00000303423,ENSP00000303423,FNTA,ENST00000302279,ENSP00000303423,ENSP00000303423,DLHEEMNYITAIIEE,,,True,4.5,3.770589047751001,KFRDVYDYFRAVLQR,,,True,5.0,1.279097559762946,QIIYSDKFRDVYDYF,,,True,6.0,2.668002471666158,NP_593518.1,SLEEELNYLKDKILF,0.4944444444444444,0.4,,,,,,False,3.159492553790833,,NP_002018,,NP_593518.1,GYEQGMAYFRAIMAK,0.65,0.2666666666666666,,,,,,False,2.877604880989786,,NP_002018,,NP_593518.1,MDPIDPELNEILDFT,0.3916666666666666,0.0666666666666666,,,,,,False,-1.9098117810944275,,NP_002018,
ENSG00000230669,PSMB8,ENST00000446855,ENSP00000394090,ENSP00000406797,PSMB8,ENST00000446855,ENSP00000394090,ENSP00000406797,VSDLLHQYREANQGG,,,True,5.0,3.72832110647247,RGMQPTEFFQSLGGD,,,True,5.0,0.4643517090533511,SRASAGSYISALRVN,,,True,5.5,7.702472239243381,NP_593825.1,RSIVAATHRDAYSGG,0.3972222222222222,0.3333333333333333,,,,,,False,6.569164015144639,,NP_683720,,NP_593825.1,MNSIVSKYTQSTNND,0.3714285714285714,0.2,,,,,,False,6.410679160493039,,NP_683720,,NP_593825.1,LYLAQRSIVAATHRD,0.4583333333333333,0.1333333333333333,,,,,,False,2.9796540228636097,,NP_683720,
ENSG00000226201,PSMB8,ENST00000425784,ENSP00000404615,ENSP00000394155,PSMB8,ENST00000425784,ENSP00000404615,ENSP00000394155,VSDLLHQYREANQGG,,,True,5.0,3.72832110647247,RGMQPTEFFQSLGGD,,,True,5.0,0.4643517090533511,SRASAGSYISALRVN,,,True,5.5,7.702472239243381,NP_593825.1,RSIVAATHRDAYSGG,0.3972222222222222,0.3333333333333333,,,,,,False,6.569164015144639,,NP_683720,,NP_593825.1,MNSIVSKYTQSTNND,0.3714285714285714,0.2,,,,,,False,6.410679160493039,,NP_683720,,NP_593825.1,LYLAQRSIVAATHRD,0.4583333333333333,0.1333333333333333,,,,,,False,2.9796540228636097,,NP_683720,
ENSG00000206298,PSMB8,ENST00000399630,ENSP00000382538,ENSP00000372723,PSMB8,ENST00000399630,ENSP00000382538,ENSP00000372723,VSDLLHQYREANQGG,,,True,5.0,3.72832110647247,RGMQPTEFFQSLGGD,,,True,5.0,0.4643517090533511,SRASAGSYISALRVN,,,True,5.5,7.702472239243381,NP_593825.1,RSIVAATHRDAYSGG,0.3972222222222222,0.3333333333333333,,,,,,False,6.569164015144639,,NP_683720,,NP_593825.1,MNSIVSKYTQSTNND,0.3714285714285714,0.2,,,,,,False,6.410679160493039,,NP_683720,,NP_593825.1,LYLAQRSIVAATHRD,0.4583333333333333,0.1333333333333333,,,,,,False,2.9796540228636097,,NP_683720,
ENSG00000231631,PSMB8,ENST00000435978,ENSP00000414731,ENSP00000404585,PSMB8,ENST00000435978,ENSP00000414731,ENSP00000404585,VSDLLHQYREANQGG,,,True,5.0,3.72832110647247,RGMQPTEFFQSLGGD,,,True,5.0,0.4643517090533511,SRASAGSYISALRVN,,,True,5.5,7.702472239243381,NP_593825.1,RSIVAATHRDAYSGG,0.3972222222222222,0.3333333333333333,,,,,,False,6.569164015144639,,NP_683720,,NP_593825.1,MNSIVSKYTQSTNND,0.3714285714285714,0.2,,,,,,False,6.410679160493039,,NP_683720,,NP_593825.1,LYLAQRSIVAATHRD,0.4583333333333333,0.1333333333333333,,,,,,False,2.9796540228636097,,NP_683720,
ENSG00000204264,PSMB8,ENST00000395339,ENSP00000378748,ENSP00000364016,PSMB8,ENST00000395339,ENSP00000378748,ENSP00000364016,VSDLLHQYREANQGG,,,True,5.0,3.72832110647247,RGMQPTEFFQSLGGD,,,True,5.0,0.4643517090533511,SRASAGSYISALRVN,,,True,5.5,7.702472239243381,NP_593825.1,RSIVAATHRDAYSGG,0.3972222222222222,0.3333333333333333,,,,,,False,6.569164015144639,,NP_683720,,NP_593825.1,MNSIVSKYTQSTNND,0.3714285714285714,0.2,,,,,,False,6.410679160493039,,NP_683720,,NP_593825.1,LYLAQRSIVAATHRD,0.4583333333333333,0.1333333333333333,,,,,,False,2.9796540228636097,,NP_683720,
ENSG00000106263,EIF3B,ENST00000360876,ENSP00000354125,ENSP00000354125,EIF3B,ENST00000360876,ENSP00000354125,ENSP00000354125,WEEETIEFFVTEEII,,,True,3.0,0.2946884972697619,SMNGALAFVDTSDCT,,,True,4.0,1.9014028037832016,GDADEPSFSDPEDFV,,,True,4.0,1.6756420315679923,NP_594528.1,RKSDVPEQIVDRENW,0.3722222222222222,0.2,,,,,,False,0.9923448769146356,,NP_001032360,XP_047276957,NP_594528.1,PKSDRFAIISANDQV,0.4583333333333333,0.1333333333333333,,,,,,False,2.028065803450283,,NP_001032360,XP_047276957,NP_594528.1,LNQLEKAFSTPDEFS,0.575,0.3333333333333333,0.4571236478995298,0.0,0.4264332369513408,0.0,0.5735667630486592,False,1.7899566991796918,6.0,NP_001032360,XP_047276957
ENSG00000087157,PGS1,ENST00000262764,ENSP00000262764,ENSP00000262764,PGS1,ENST00000262764,ENSP00000262764,ENSP00000262764,CAEIADFFTELVDAV,,,True,5.0,3.0572155708968083,VLSSPAEFFELMKGQ,,,True,5.0,0.0676608153096375,IRNLVPEFGVSSSHV,,,True,5.5,0.0632921014454201,NP_595992.2,ANLSRDYFTNRKDRY,0.5047619047619049,0.2666666666666666,,,,,,False,0.0149815845970525,,NP_077733,XP_047293057,NP_595992.2,IIHEPPEFYQRLKKL,0.5714285714285714,0.2666666666666666,,,,,,False,0.0968112017396971,,NP_077733,XP_047293057,NP_595992.2,PLTNPQEFRVAASAK,0.6416666666666667,0.2666666666666666,,,,,,False,4.355953591412684,,NP_077733,XP_047293057
ENSG00000122965,RBM19,ENST00000545145,ENSP00000442053,ENSP00000376344,RBM19,ENST00000545145,ENSP00000442053,ENSP00000376344,GITAIVEFLEPLEAR,,,True,4.5,2.5881349061614696,LFIKNLNFDTTEEKL,,,True,4.5,0.1267920793016208,KLKEDTEFQEFLSVH,,,True,5.0,1.9892189492933028,NP_595599.1,GTIAIIEFLNAPDCR,0.513888888888889,0.4666666666666667,,,,,,False,0.0122919044618381,,NP_001140170,XP_016875770,NP_595599.1,IYVKNLNFSTKQEEF,0.6333333333333333,0.4666666666666667,,,,,,False,0.1888072132938678,,NP_001140170,XP_016875770,NP_595599.1,ADEDDDEYQDLPAAK,0.5019841269841271,0.2,0.7204437538502106,0.0,0.3442346143212786,0.0,0.6557653856787213,False,-2.366070128780116,4.5,NP_001140170,XP_016875770
ENSG00000133313,CNDP2,ENST00000324262,ENSP00000325548,ENSP00000325548,CNDP2,ENST00000324262,ENSP00000325548,ENSP00000325548,SIPVTLTFQEATGKN,,,True,4.0,0.2818528064721139,FARKDTFFKDVDYVC,,,True,6.5,6.835206369244119,TEEEHKLYDDIDFDI,,,True,6.5,0.1014043216158687,NP_595077.2,IDYTMEDLKEAVGAD,0.5055555555555555,0.2,,,,,,False,2.781172238374631,,NP_060705,XP_047293580,NP_595077.2,KLDLDNFLKGIKLFC,0.3888888888888888,0.2666666666666666,,,,,,False,1.2524004006116425,,NP_060705,XP_047293580,NP_595077.2,TPTEDSIYDGIDYTM,0.626984126984127,0.4,,,,,,False,1.862051438341072,,NP_060705,XP_047293580
ENSG00000138430,OLA1,ENST00000284719,ENSP00000284719,ENSP00000284719,OLA1,ENST00000284719,ENSP00000284719,ENSP00000284719,AALQLEYFFTAGPDE,,,True,4.0,3.891274979082417,FAALQLEYFFTAGPD,,,True,5.5,4.045463205729385,PGALVIPFSGALELK,,,True,5.5,1.1646028484858533,NP_594403.1,EIINSLYLLTAKPVI,0.6666666666666666,0.2666666666666666,,,,,,False,3.729361027218269,,NP_037473,,NP_594403.1,YLTKGKEYVMESGDI,0.425,0.2,,,,,,False,0.797599252467627,,NP_037473,,NP_594403.1,PGDTLIPMSVAFEER,0.5416666666666666,0.4666666666666667,,,,,,False,4.754448350626321,,NP_037473,
ENSG00000113810,SMC4,ENST00000469762,ENSP00000417964,ENSP00000341382,SMC4,ENST00000469762,ENSP00000417964,ENSP00000341382,ITYERDSFRQAYEDL,,,True,5.0,1.1010648161457233,LVDSLDPFSEGIMFS,,,True,5.0,5.150252554612591,EVIPNSNFYVSRTAC,,,True,5.5,0.6741703513155515,NP_595392.1,DCTSEKKTRQSYEQQ,0.475,0.2666666666666666,,,,,,False,0.2605748871634218,,NP_005487,,NP_595392.1,LVDSLDPFSEGVLFS,0.9166666666666666,0.8666666666666667,0.7223938564076801,0.0,0.2643230270555589,0.0,0.7356769729444411,False,2.4993684923994395,5.0,NP_005487,,NP_595392.1,NEQRSQSFQVELSNL,0.3833333333333333,0.1333333333333333,,,,,,False,0.5979665681771635,,NP_005487,
ENSG00000088035,ALG6,ENST00000603108,ENSP00000473934,ENSP00000263440,ALG6,ENST00000603108,ENSP00000473934,ENSP00000263440,NLPVKQWYFNSSDNN,,,True,5.5,4.245961691992857,LPVKQWYFNSSDNNL,,,True,5.5,6.230954433915517,GAGKPPMFGDYEAQR,,,True,6.5,-3.10078601325779,NP_596744.1,HTPVSQWYFRDLQWW,0.5,0.4,,,,,,False,4.044695251000938,,NP_037471,,NP_596744.1,GIIGHYFFNPEWFAD,0.3095238095238095,0.1333333333333333,,,,,,False,2.2813759423545386,,NP_037471,,NP_596744.1,GYNTPPMYGDFEAQR,0.8214285714285715,0.6666666666666666,0.5455670229895444,0.0,0.3039224523117655,0.0,0.6960775476882345,False,2.2944361748282764,7.0,NP_037471,
ENSG00000100023,PPIL2,ENST00000680860,ENSP00000506196,ENSP00000381812,PPIL2,ENST00000680860,ENSP00000506196,ENSP00000381812,TTVFVDPYEEADAQI,,,True,4.5,-0.7557134341616879,RSQFFITFRSCAYLD,,,True,4.5,5.054575718028852,QHQKDKMYITCAEYT,,,True,4.5,2.974750563471145,NP_594502.2,IIIFVDPFEEWKKDE,0.5045454545454545,0.4,0.5577164240040807,0.0,0.4792099822380521,0.0,0.5207900177619479,False,-3.6309546103721577,7.0,NP_055152,XP_047297223,NP_594502.2,VSLEEKTFTSTVNPK,0.3777777777777777,0.2666666666666666,0.2464168969773069,0.0,0.379755908083226,0.0,0.620244091916774,False,4.98732776226624,5.0,NP_055152,XP_047297223,NP_594502.2,GKNTDKLYITQTEHS,0.65,0.4,0.4245638101565498,0.0,0.4999237485238155,0.0,0.5000762514761844,False,1.6914830657308193,6.5,NP_055152,XP_047297223
ENSG00000131473,ACLY,ENST00000590151,ENSP00000466259,ENSP00000253792,ACLY,ENST00000590151,ENSP00000466259,ENSP00000253792,PHSQAEEFYVCIYAT,,,True,4.5,3.5203337391146685,APSRTASFSESRADE,,,True,4.5,0.8798877253966539,LIRKPASFMTSICDE,,,True,5.0,0.0630449369932613,NP_596202.1,LYWGTKEILLPVYRT,0.2619047619047619,0.2,,,,,,False,3.411203349450916,,NP_001087,,NP_596202.1,QFGHAGSFANSELET,0.5,0.2,,,,,,False,2.0305850595725445,,NP_001087,,NP_596202.1,QFGHAGSFANSELET,0.4166666666666667,0.2,,,,,,False,2.0305850595725445,,NP_001087,
ENSG00000283104,SARS2,ENST00000634687,ENSP00000489539,ENSP00000489539,SARS2,ENST00000634687,ENSP00000489539,ENSP00000489539,SSQLLEEFLSLQMEI,,,True,5.5,5.756138537069278,PQLDIERFCACPEEA,,,True,6.0,0.4756975145146764,KRNRNLLYEYAREGY,,,True,6.0,2.9435477401397705,NP_594466.2,LKNEFFPLLSLKKEI,0.4428571428571428,0.3333333333333333,,,,,,False,4.606455961217578,,NP_060297,,NP_594466.2,VTNDLYQYCLAVPNT,0.2059523809523809,0.1333333333333333,,,,,,False,5.902386773740643,,NP_060297,,NP_594466.2,SKVTNDLYQYCLAVP,0.525,0.2666666666666666,,,,,,False,4.2801931952955385,,NP_060297,
ENSG00000104835,SARS2,ENST00000221431,ENSP00000221431,ENSP00000221431,SARS2,ENST00000221431,ENSP00000221431,ENSP00000221431,SSQLLEEFLSLQMEI,,,True,5.5,5.756138537069278,PQLDIERFCACPEEA,,,True,6.0,0.4756975145146764,KRNRNLLYEYAREGY,,,True,6.0,2.9435477401397705,NP_594466.2,LKNEFFPLLSLKKEI,0.4428571428571428,0.3333333333333333,,,,,,False,4.606455961217578,,NP_060297,,NP_594466.2,VTNDLYQYCLAVPNT,0.2059523809523809,0.1333333333333333,,,,,,False,5.902386773740643,,NP_060297,,NP_594466.2,SKVTNDLYQYCLAVP,0.525,0.2666666666666666,,,,,,False,4.2801931952955385,,NP_060297,
ENSG00000120800,UTP20,ENST00000261637,ENSP00000261637,ENSP00000261637,UTP20,ENST00000261637,ENSP00000261637,ENSP00000261637,SKEHFGTFFECLQES,,,True,3.0,-0.6617498845016622,EEEVETYFFEGLLKW,,,True,3.0,2.262012903743174,VIPLVTGFIEALFMT,,,True,4.5,0.0053820707386171,NP_596713.1,ISYFETSFDECFSKF,0.4583333333333333,0.2,0.2425056299260034,0.0,0.9034999409811524,0.0,0.0965000590188476,False,-1.385769730722683,3.0,NP_055318,,NP_596713.1,RVSDYPSFFKAYLQI,0.45,0.2,,,,,,False,-0.4257198534690821,,NP_055318,,NP_596713.1,QPLLYEGDEEANFFN,0.4833333333333333,0.3333333333333333,,,,,,False,-1.6639732393561024,,NP_055318,
ENSG00000115257,PCSK4,ENST00000591201,ENSP00000465102,ENSP00000300954,PCSK4,ENST00000300954,ENSP00000300954,ENSP00000300954,YRYTLLLYGTAEDMT,,,True,4.5,4.439828001193284,QQGRVPWYSEACAST,,,True,5.0,3.603705873909083,EGYNNWVFMSTHFWD,,,True,5.5,3.5879616602783058,NP_594835.1,NHIYSCSWGPADDGR,0.4231601731601732,0.2,,,,,,False,2.8027627089026472,,NP_060043,XP_047294946,NP_594835.1,AEHKIPFYSEVCAAQ,0.6944444444444445,0.4,0.5268508234390032,0.0,0.5191074828705461,0.0,0.4808925171294538,False,2.22038841296869,7.0,NP_060043,XP_047294946,NP_594835.1,DIQHITVYSASPFDS,0.4464285714285714,0.1333333333333333,,,,,,False,0.2020537491045336,,NP_060043,XP_047294946
ENSG00000101442,ACTR5,ENST00000243903,ENSP00000243903,ENSP00000243903,ACTR5,ENST00000243903,ENSP00000243903,ENSP00000243903,MAANVFPFRDARAAP,,,True,4.5,3.638663921166649,HKWRCPDYYENNVHK,,,True,5.0,3.192592387105241,EDGQMDQFHKALIEL,,,True,5.0,6.741696429715766,NP_596039.1,EIVLQFPYTEAAAQE,0.6047619047619047,0.2666666666666666,0.5472969296885329,0.0,0.4968031918030977,0.0,0.5031968081969023,False,3.918978773393701,5.0,NP_079131,,NP_596039.1,FTRGVSDFDVNDVAQ,0.4166666666666667,0.2,,,,,,False,1.7034266269785454,,NP_079131,,NP_596039.1,LLEYDSQFTQANTYD,0.4333333333333333,0.2,,,,,,False,2.107541814396151,,NP_079131,
ENSG00000197563,PIGN,ENST00000640682,ENSP00000491415,ENSP00000492233,PIGN,ENST00000639600,ENSP00000492474,ENSP00000492233,PVEFDSLFNESKYTW,topological domain,Lumenal,False,4.5,-0.5427160202970137,QRVSAQQFDDAFLKE,topological domain,Lumenal,False,4.5,4.268099302689393,LALKGLSYYHTYDRF,topological domain,Lumenal,False,5.0,0.5927521629901659,NP_595248.1,PVNFDSVFNQSRHTY,0.65,0.6,,,,,,False,3.229917271786041,,NP_789744,XP_047293387,NP_595248.1,KRIDIQQADIAALMS,0.4583333333333333,0.4,,,,,,False,5.369580179728303,,NP_789744,XP_047293387,NP_595248.1,LQFIVYSYFHREGFS,0.5222222222222223,0.2666666666666666,,,,,,False,3.2137004556120194,,NP_789744,XP_047293387
ENSG00000101557,USP14,ENST00000582707,ENSP00000464447,ENSP00000261601,USP14,ENST00000582707,ENSP00000464447,ENSP00000261601,DQFFGVEFETTMKCT,,,True,5.0,-0.9420129472919404,LHMAFPQFAEKGEQG,,,True,5.5,-0.5688527999329475,KEVKYEPFSFADDIG,,,True,5.5,-0.3179317403331178,NP_594117.2,IEKNDEEHERAAKRI,0.4458333333333333,0.2,,,,,,False,2.65648117086474,,NP_005142,,NP_594117.2,LRMEYPQFAEMSRET,0.6333333333333333,0.4666666666666667,0.3410535101018208,0.0,0.2729683677929689,0.0,0.727031632207031,False,0.2276283909754331,7.0,NP_005142,,NP_594117.2,KILRKVKFPFELDAV,0.4095238095238095,0.2666666666666666,,,,,,False,3.557979578734362,,NP_005142,
ENSG00000102898,NUTF2,ENST00000700610,ENSP00000515098,ENSP00000219169,NUTF2,ENST00000700610,ENSP00000515098,ENSP00000219169,RTQLGAIYIDASCLT,,,True,5.0,-0.5955030252017003,GSSFIQHYYQLFDND,,,True,7.0,2.724147739337774,DEDPIMGFHQMFLLK,,,True,7.0,1.3895446697012677,XP_001713065.1,RVQHRISTLDAQPTG,0.1952380952380952,0.2666666666666666,,,,,,False,-0.306972865364492,,NP_005787,,XP_001713065.1,LVNNNGNYYVLNDLF,0.6111111111111112,0.2666666666666666,,,,,,False,0.5846145841711211,,NP_005787,,XP_001713065.1,REESMLSFEGAQLQG,0.2361111111111111,0.2,,,,,,False,1.7004374251421217,,NP_005787,
ENSG00000285451,ADCK5,ENST00000645968,ENSP00000494807,ENSP00000494807,ADCK5,ENST00000645968,ENSP00000494807,ENSP00000494807,RPVQLCHFHSALLHS,,,True,4.5,5.740240697995336,KAFAEQIFYTGFIHS,,,True,5.0,3.4142254755854395,DRALKRGFQEVDELF,,,True,5.5,-1.4135681997591667,NP_593265.1,RFLAFQMFHSKQVHC,0.4416666666666666,0.3333333333333333,,,,,,False,2.608710192683211,,NP_777582,,NP_593265.1,FWVFQHLFYPGNFRL,0.5595238095238095,0.2,,,,,,False,1.2028438138424549,,NP_777582,,NP_593265.1,PEAYGKAFQGMFDNA,0.3666666666666667,0.2,,,,,,False,-0.2234178649528579,,NP_777582,
ENSG00000173137,ADCK5,ENST00000308860,ENSP00000310547,ENSP00000310547,ADCK5,ENST00000308860,ENSP00000310547,ENSP00000310547,RPVQLCHFHSALLHS,,,True,4.5,5.740240697995336,KAFAEQIFYTGFIHS,,,True,5.0,3.4142254755854395,DRALKRGFQEVDELF,,,True,5.5,-1.4135681997591667,NP_593265.1,RFLAFQMFHSKQVHC,0.4416666666666666,0.3333333333333333,,,,,,False,2.608710192683211,,NP_777582,XP_011515212,NP_593265.1,FWVFQHLFYPGNFRL,0.5595238095238095,0.2,,,,,,False,1.2028438138424549,,NP_777582,XP_011515212,NP_593265.1,PEAYGKAFQGMFDNA,0.3666666666666667,0.2,,,,,,False,-0.2234178649528579,,NP_777582,XP_011515212
ENSG00000284468,SLC25A24,ENST00000640018,ENSP00000491952,ENSP00000491572,SLC25A24,ENST00000639606,ENSP00000491695,ENSP00000491572,QDAEEKIFTTGDVNK,topological domain,Mitochondrial intermembrane,False,5.5,0.7517045345946388,NKDGKLDFEEFMKYL,topological domain,Mitochondrial intermembrane,False,6.0,-1.4546579896311758,DGTMTVDWNEWRDYF,topological domain,Mitochondrial intermembrane,False,6.0,-3.495123232905077,NP_595952.1,PKNNVGYFISGGIAG,0.4345238095238095,0.1333333333333333,0.499067238472932,0.0,0.350799108401587,0.0,0.6492008915984129,False,5.945378490287961,6.0,NP_037518,,NP_595952.1,KSIILSNAKELYKSV,0.3111111111111111,0.1333333333333333,,,,,,False,4.334610301127283,,NP_037518,,NP_595952.1,QSVLPCDYSLFKNNL,0.1865079365079364,0.0666666666666666,,,,,,False,4.606802480046419,,NP_037518,
ENSG00000085491,SLC25A24,ENST00000569674,ENSP00000454393,ENSP00000457733,SLC25A24,ENST00000264128,ENSP00000264128,ENSP00000457733,QDAEEKIFTTGDVNK,topological domain,Mitochondrial intermembrane,False,5.5,0.7517045345946388,NKDGKLDFEEFMKYL,topological domain,Mitochondrial intermembrane,False,6.0,-1.4546579896311758,DGTMTVDWNEWRDYF,topological domain,Mitochondrial intermembrane,False,6.0,-3.495123232905077,NP_595952.1,PKNNVGYFISGGIAG,0.4345238095238095,0.1333333333333333,0.499067238472932,0.0,0.350799108401587,0.0,0.6492008915984129,False,5.945378490287961,6.0,NP_037518,,NP_595952.1,KSIILSNAKELYKSV,0.3111111111111111,0.1333333333333333,,,,,,False,4.334610301127283,,NP_037518,,NP_595952.1,QSVLPCDYSLFKNNL,0.1865079365079364,0.0666666666666666,,,,,,False,4.606802480046419,,NP_037518,
ENSG00000123064,DDX54,ENST00000306014,ENSP00000304072,ENSP00000323858,DDX54,ENST00000306014,ENSP00000304072,ENSP00000323858,QSVEYVVFDEADRLF,,,True,5.0,-1.188714878889518,SDSEDGEFEIQAEDD,,,True,5.0,2.756222446959716,PGRPLPTFPTSECTS,,,True,5.0,2.741223677476042,NP_592919.1,SSIEYVVFDEADRLF,1.0,0.8666666666666667,0.6614527353333984,0.0,0.2186884301687567,0.0,0.7813115698312432,True,-1.178318702489042,4.5,NP_001104792,,NP_592919.1,GRFLHLKVEMKLELS,0.3916666666666666,0.1333333333333333,,,,,,False,0.4212068506181957,,NP_001104792,,NP_592919.1,LTEILHALPTSRQTL,0.3999999999999999,0.3333333333333333,,,,,,False,3.305645821847201,,NP_001104792,
ENSG00000173674,EIF1AX,ENST00000379607,ENSP00000368927,ENSP00000368927,EIF1AX,ENST00000379607,ENSP00000368927,ENSP00000368927,GDDDEIQFDDIGDDD,,,True,4.0,0.4714677764490983,EARSLKAYGELPEHA,,,True,6.0,1.787237114862553,KINETDTFGPGDDDE,,,True,6.0,0.7468938777130282,NP_596359.1,GRIEAACFDGVKRLG,0.3083333333333333,0.2,,,,,,False,4.57974558300188,,NP_001403,XP_047299217,NP_596359.1,EARTLKNQGELPETA,0.5777777777777778,0.7333333333333333,,,,,,False,3.1152223078141863,,NP_001403,XP_047299217,NP_596359.1,KINETDTFGAEGEDD,0.4583333333333333,0.6666666666666666,,,,,,False,0.7468938777130282,,NP_001403,XP_047299217
ENSG00000087470,DNM1L,ENST00000452533,ENSP00000415131,ENSP00000449089,DNM1L,ENST00000452533,ENSP00000415131,ENSP00000449089,INTKHPDFADACGLM,,,True,3.5,0.1520410501806529,TIEGTAKYIETSELC,,,True,4.5,-0.5761882998871907,GARICYIFHETFGRT,,,True,4.5,1.7219456452518245,NP_596014.1,INTNHPDFLGVQGAM,0.4305555555555555,0.6,,,,,,False,0.8682641615960311,,NP_001265393,XP_011518845,NP_596014.1,LIAIQSAYINTNHPD,0.4583333333333333,0.2666666666666666,,,,,,False,4.4844096643474565,,NP_001265393,XP_011518845,NP_596014.1,VNQLQDLVYNTIGSD,0.4226190476190476,0.1333333333333333,,,,,,False,-0.7674637567491718,,NP_001265393,XP_011518845
ENSG00000129083,COPB1,ENST00000249923,ENSP00000249923,ENSP00000249923,COPB1,ENST00000249923,ENSP00000249923,ENSP00000249923,GFLLDGDFFVAASLA,,,True,4.0,3.096532730339521,ALWILGEYCSTKEDI,,,True,4.0,5.82674012104828,TGFSDPVYAEAYVHV,,,True,4.5,-1.116861365340121,NP_595403.1,AASLAEDFLAAESEG,0.6666666666666666,0.3333333333333333,,,,,,False,2.5015914511166595,,NP_057535,,NP_595403.1,VIWIAGEYCLTEDDI,0.638888888888889,0.6,,,,,,False,3.655929437649052,,NP_057535,,NP_595403.1,AGFTDPVYCEAYVKI,0.8333333333333334,0.6666666666666666,0.5123400376837433,0.0,0.1868906742733542,0.0,0.8131093257266457,True,0.3147360469060347,5.0,NP_057535,
ENSG00000101161,PRPF6,ENST00000266079,ENSP00000266079,ENSP00000266079,PRPF6,ENST00000266079,ENSP00000266079,ENSP00000266079,ILWSEAIFLEARPQR,,,True,4.5,-0.4878185780918297,LESENDEYERARRLL,,,True,5.5,-0.0274625166339118,DLGDAWAFFYKFELQ,,,True,6.0,5.0833052524454585,NP_596086.1,CSRSEDVWLEAIRLH,0.5734848484848485,0.3333333333333333,,,,,,False,1.2846302080895509,,NP_036601,XP_006723832,NP_596086.1,IEFVNNENERARKLL,0.6777777777777779,0.6,,,,,,False,2.34819424071064,,NP_036601,XP_006723832,NP_596086.1,DNGDVWCWFYKYSLE,0.5151515151515151,0.5333333333333333,,,,,,False,5.33031342341237,,NP_036601,XP_006723832
ENSG00000165410,CFL2,ENST00000298159,ENSP00000298159,ENSP00000298159,CFL2,ENST00000298159,ENSP00000298159,ENSP00000298159,PLKSKMIYASSKDAI,,,True,5.0,1.0651566188901056,KRKKAVLFCLSDDKR,,,True,6.0,2.0445235885408435,NDCRYALYDATYETK,,,True,6.5,3.631139863788909,NP_594741.1,PIKSKMVYSSSKDTL,0.8333333333333334,0.6666666666666666,0.3593550554913003,0.0,0.4532861636366372,0.0,0.5467138363633628,False,0.5343552147933635,5.0,NP_619579,,NP_594741.1,PIKSKMVYSSSKDTL,0.3214285714285714,0.2,0.3593550554913003,0.0,0.4532861636366372,0.0,0.5467138363633628,False,0.5343552147933635,5.0,NP_619579,,NP_594741.1,TDFSEVAYETVLEKV,0.3583333333333333,0.2,0.6238406251804157,0.0,0.2935029296746413,0.0,0.7064970703253588,False,1.3554282442660683,5.5,NP_619579,
ENSG00000232616,SKIC2,ENST00000412823,ENSP00000400626,ENSP00000400626,SKIC2,ENST00000412823,ENSP00000400626,ENSP00000400626,QLVDLPEYYSWGEEL,,,True,4.5,0.4734672007557101,GAFHTKGYYAAVEAK,,,True,5.0,-0.1100686497574173,QQEAEQLFLSSPAWL,,,True,5.0,0.059243716975433,NP_588095.1,KRPVPLEHYLWVKQN,0.4916666666666667,0.2,,,,,,False,-2.3360928892323822,,NP_008860,,NP_588095.1,GRFLMDGYKSANDAL,0.5305555555555556,0.4,0.7707839197290169,0.0,0.8065981078351422,0.0,0.1934018921648578,False,3.867685936614201,4.5,NP_008860,,NP_588095.1,LKEIKSCLLSSESFK,0.5231481481481481,0.2666666666666666,,,,,,False,2.9929773239397752,,NP_008860,
ENSG00000111142,METAP2,ENST00000535095,ENSP00000446052,ENSP00000325312,METAP2,ENST00000535095,ENSP00000446052,ENSP00000325312,SEEIWNDFREAAEAH,,,True,2.0,2.6571805163149262,EVYAIETFGSTGKGV,,,True,5.0,2.462023922259605,DDICKIDFGTHISGR,,,True,5.5,0.9038268245021628,NP_595906.1,NFDQYNDLRRAAEVH,0.6666666666666666,0.4666666666666667,,,,,,False,7.519593589468346,,NP_006829,,NP_595906.1,EIFAIETFGSTGRGV,0.9,0.8,0.3457143394241882,0.0,0.589495516836297,0.0,0.410504483163703,False,2.548096526805869,5.0,NP_006829,,NP_595906.1,KDVMKVDIGVHVNGR,0.5277777777777778,0.4666666666666667,,,,,,False,3.843607587284249,,NP_006829,
ENSG00000089123,TASP1,ENST00000337743,ENSP00000338624,ENSP00000338624,TASP1,ENST00000337743,ENSP00000338624,ENSP00000338624,TESMCVGYMSAQDGK,,,True,4.0,1.7330393956940555,NTGAHNPYSTAVSTS,,,True,5.0,0.2147205238445579,KQTLLVEFLWSHTTE,,,True,5.5,2.177183854779413,NP_593836.3,SPDMVFGFMKGDHSK,0.3958333333333333,0.2666666666666666,,,,,,False,5.992373532008848,,NP_060184,XP_047296231,NP_593836.3,NDFHEHPSATLYSDL,0.4166666666666667,0.2666666666666666,,,,,,False,1.4237055786612802,,NP_060184,XP_047296231,NP_593836.3,TQIKWKEILYQNPIN,0.3571428571428571,0.2,,,,,,False,-0.5367283225462665,,NP_060184,XP_047296231
ENSG00000136273,HUS1,ENST00000258774,ENSP00000258774,ENSP00000258774,HUS1,ENST00000433977,ENSP00000405175,ENSP00000258774,EDVSLQYFIPALSGG,,,True,5.5,2.681953100404407,ELEQENFFNEFQMEG,,,True,5.5,2.909177878486092,SAENNEIYLELTSEN,,,True,6.0,-1.607924816129916,NP_594739.1,PEPDCHIFLPQLNFL,0.3694444444444444,0.2,,,,,,False,3.5063648893539443,,NP_004498,,NP_594739.1,VLEVETIFEDYVVQS,0.3353174603174603,0.2666666666666666,0.4640679446745816,0.0,0.4219654175273561,0.0,0.5780345824726438,False,-0.2152235662116616,6.0,NP_004498,,NP_594739.1,RAPEEFVHMRLDSKD,0.5666666666666667,0.2,,,,,,False,2.5153709534166526,,NP_004498,
ENSG00000129158,SERGEF,ENST00000525422,ENSP00000434330,ENSP00000265965,SERGEF,ENST00000525422,ENSP00000434330,ENSP00000265965,PGQTLPLFFTAKEPS,,,True,3.0,4.266433289239643,HTEDIPYFTPCKSLF,,,True,5.5,-0.442646324851922,GSDHSASLTDAGEVY,,,True,6.5,3.614669775580728,NP_593255.1,VSHERWVFLTCGWEF,0.3295454545454545,0.1333333333333333,0.3218028559665581,0.0,0.2143446309313769,0.0,0.7856553690686231,True,2.8389932873470545,5.0,NP_036271,,NP_593255.1,VSHERWVFLTCGWEF,0.1712121212121212,0.2,0.3218028559665581,0.0,0.2143446309313769,0.0,0.7856553690686231,True,2.8389932873470545,5.0,NP_036271,,NP_593255.1,SHERWVFLTCGWEFS,0.3888888888888889,0.2,,,,,,False,3.9320547487187176,,NP_036271,
ENSG00000164347,GFM2,ENST00000296805,ENSP00000296805,ENSP00000427004,GFM2,ENST00000296805,ENSP00000296805,ENSP00000427004,ADLVLEEFSENFDLL,,,True,4.0,3.961548879754132,VEIPEPVFFCTIEPP,,,True,4.5,0.1640878263429559,MPVIEFEYAESINEG,,,True,4.5,3.8576076596569866,NP_595089.1,DETLCDEYLENEDSL,0.6547619047619048,0.3333333333333333,0.5092385847732918,0.0,0.5587280455840729,0.0,0.4412719544159272,False,-0.8554903585814745,4.0,NP_001268231,,NP_595089.1,LEPYMDVTITTPEEY,0.3999999999999999,0.2666666666666666,,,,,,False,2.6797451729500934,,NP_001268231,,NP_595089.1,DETLCDEYLENEDSL,0.5138888888888888,0.2,0.5092385847732918,0.0,0.5587280455840729,0.0,0.4412719544159272,False,-0.8554903585814745,4.0,NP_001268231,
ENSG00000227222,DHX16,ENST00000456005,ENSP00000412716,ENSP00000391789,DHX16,ENST00000456005,ENSP00000412716,ENSP00000391789,TKAPEADYLEACVVS,,,True,4.0,3.0731380072127257,EEEETIEFVRATQLQ,,,True,4.0,-0.1135023180574254,TARFSTFFDDAPVFR,,,True,4.5,1.8753469333734367,NP_595686.2,TPQPEANYIQAAITT,0.6361111111111112,0.4,,,,,,False,5.3595130722753,,NP_003578,,NP_595686.2,LEAATNEFVEDYSSK,0.4444444444444444,0.3333333333333333,,,,,,False,-0.970377419322502,,NP_003578,,NP_595686.2,AEKFSAYFDEAPVFY,0.8047619047619049,0.5333333333333333,0.395287781617905,0.0,0.3744729413617074,0.0,0.6255270586382925,False,-1.5228175803405262,4.5,NP_003578,
ENSG00000223493,SKIC2,ENST00000429465,ENSP00000412310,ENSP00000412310,SKIC2,ENST00000429465,ENSP00000412310,ENSP00000412310,QLVDLPEYYSWGEEL,,,True,4.5,0.4734672007557101,GAFHTKGYYAAVEAK,,,True,5.0,-0.1100686497574173,QQEAEQLFLSSPAWL,,,True,5.0,0.059243716975433,NP_588095.1,KRPVPLEHYLWVKQN,0.4916666666666667,0.2,,,,,,False,-2.3360928892323822,,NP_008860,,NP_588095.1,GRFLMDGYKSANDAL,0.5305555555555556,0.4,0.7707839197290169,0.0,0.8065981078351422,0.0,0.1934018921648578,False,3.867685936614201,4.5,NP_008860,,NP_588095.1,LKEIKSCLLSSESFK,0.5231481481481481,0.2666666666666666,,,,,,False,2.9929773239397752,,NP_008860,
ENSG00000206353,SKIC2,ENST00000383336,ENSP00000372827,ENSP00000372827,SKIC2,ENST00000383336,ENSP00000372827,ENSP00000372827,QLVDLPEYYSWGEEL,,,True,4.5,0.4734672007557101,GAFHTKGYYAAVEAK,,,True,5.0,-0.1100686497574173,QQEAEQLFLSSPAWL,,,True,5.0,0.059243716975433,NP_588095.1,KRPVPLEHYLWVKQN,0.4916666666666667,0.2,,,,,,False,-2.3360928892323822,,NP_008860,,NP_588095.1,GRFLMDGYKSANDAL,0.5305555555555556,0.4,0.7707839197290169,0.0,0.8065981078351422,0.0,0.1934018921648578,False,3.867685936614201,4.5,NP_008860,,NP_588095.1,LKEIKSCLLSSESFK,0.5231481481481481,0.2666666666666666,,,,,,False,2.9929773239397752,,NP_008860,
ENSG00000119203,CPSF3,ENST00000238112,ENSP00000238112,ENSP00000238112,CPSF3,ENST00000238112,ENSP00000238112,ENSP00000238112,ANPSNDMYADTVTTV,,,True,5.0,1.3373873268134475,DKIETINFHEVKEVA,,,True,5.0,4.071624698430199,ISADDMLYTETDLEE,,,True,5.0,-3.1191190447367694,NP_594263.2,QPQYTVMDAITLTLI,0.4583333333333333,0.2666666666666666,,,,,,False,-0.2242981878108839,,NP_057291,XP_047300701,NP_594263.2,DRIEAVDYHSTIEVE,0.4325396825396825,0.4,0.3181214406476153,0.0,0.2701264085314409,0.0,0.7298735914685591,False,7.770194434700882,3.5,NP_057291,XP_047300701,NP_594263.2,VGMEDQLYDEKDLLA,0.6055555555555555,0.4,,,,,,False,-1.7001754163511236,,NP_057291,XP_047300701
ENSG00000225737,SKIC2,ENST00000448219,ENSP00000394400,ENSP00000394400,SKIC2,ENST00000448219,ENSP00000394400,ENSP00000394400,QLVDLPEYYSWGEEL,,,True,4.5,0.4734672007557101,GAFHTKGYYAAVEAK,,,True,5.0,-0.1100686497574173,QQEAEQLFLSSPAWL,,,True,5.0,0.059243716975433,NP_588095.1,KRPVPLEHYLWVKQN,0.4916666666666667,0.2,,,,,,False,-2.3360928892323822,,NP_008860,,NP_588095.1,GRFLMDGYKSANDAL,0.5305555555555556,0.4,0.7707839197290169,0.0,0.8065981078351422,0.0,0.1934018921648578,False,3.867685936614201,4.5,NP_008860,,NP_588095.1,LKEIKSCLLSSESFK,0.5231481481481481,0.2666666666666666,,,,,,False,2.9929773239397752,,NP_008860,
ENSG00000228896,SKIC2,ENST00000421789,ENSP00000399530,ENSP00000399530,SKIC2,ENST00000421789,ENSP00000399530,ENSP00000399530,QLVDLPEYYSWGEEL,,,True,4.5,0.4734672007557101,GAFHTKGYYAAVEAK,,,True,5.0,-0.1100686497574173,QQEAEQLFLSSPAWL,,,True,5.0,0.059243716975433,NP_588095.1,KRPVPLEHYLWVKQN,0.4916666666666667,0.2,,,,,,False,-2.3360928892323822,,NP_008860,,NP_588095.1,GRFLMDGYKSANDAL,0.5305555555555556,0.4,0.7707839197290169,0.0,0.8065981078351422,0.0,0.1934018921648578,False,3.867685936614201,4.5,NP_008860,,NP_588095.1,LKEIKSCLLSSESFK,0.5231481481481481,0.2666666666666666,,,,,,False,2.9929773239397752,,NP_008860,
ENSG00000141564,RPTOR,ENST00000306801,ENSP00000307272,ENSP00000307272,RPTOR,ENST00000306801,ENSP00000307272,ENSP00000307272,PDLPADLFTSCLTTP,,,True,4.0,3.861527568739064,LAVIVNSYHTGQEAC,,,True,4.5,1.575389220175136,DAAGHKSFISATVQT,,,True,4.5,0.4279948957674774,NP_593370.1,PDLPADLFTSCLTSP,1.0,0.9333333333333332,0.3777908327181261,0.0,0.3770856032039307,0.0,0.6229143967960692,False,3.92999219743154,4.0,NP_065812,,NP_593370.1,RNRCLNSFKTSASAT,0.3833333333333333,0.2666666666666666,0.4542869396680771,0.0,0.608423572131722,0.0,0.391576427868278,False,7.106516530305856,4.5,NP_065812,,NP_593370.1,ELKPVLVFIWARILA,0.4962121212121212,0.2,,,,,,False,3.889425027328053,,NP_065812,
ENSG00000204351,SKIC2,ENST00000697831,ENSP00000513453,ENSP00000364543,SKIC2,ENST00000697831,ENSP00000513453,ENSP00000364543,QLVDLPEYYSWGEEL,,,True,4.5,0.4734672007557101,GAFHTKGYYAAVEAK,,,True,5.0,-0.1100686497574173,QQEAEQLFLSSPAWL,,,True,5.0,0.059243716975433,NP_588095.1,KRPVPLEHYLWVKQN,0.4916666666666667,0.2,,,,,,False,-2.3360928892323822,,NP_008860,,NP_588095.1,GRFLMDGYKSANDAL,0.5305555555555556,0.4,0.7707839197290169,0.0,0.8065981078351422,0.0,0.1934018921648578,False,3.867685936614201,4.5,NP_008860,,NP_588095.1,LKEIKSCLLSSESFK,0.5231481481481481,0.2666666666666666,,,,,,False,2.9929773239397752,,NP_008860,
ENSG00000120699,EXOSC8,ENST00000686729,ENSP00000509000,ENSP00000374354,EXOSC8,ENST00000686729,ENSP00000509000,ENSP00000374354,DGRELGEFRTTTVNI,,,True,4.5,4.14800470579034,VATSFAVFDDTLLIV,,,True,5.0,0.5402698946346646,GKLVWVLYCDLICLD,,,True,7.0,3.3345299467296465,NP_596385.1,DGRSVSEFREIVIND,0.5499999999999999,0.4666666666666667,0.6477408132650007,0.0,0.2870269203737271,0.0,0.7129730796262728,False,4.551635213567421,5.5,NP_852480,,NP_596385.1,RSFSWSVFDDKLLAD,0.7999999999999999,0.4666666666666667,,,,,,False,2.1309912386356245,,NP_852480,,NP_596385.1,KKAAWVLYADIICLN,0.75,0.6,0.4820338654865434,0.0,0.272510193385454,0.0,0.727489806614546,False,0.675442061800406,7.0,NP_852480,
ENSG00000211455,STK38L,ENST00000389032,ENSP00000373684,ENSP00000373684,STK38L,ENST00000389032,ENSP00000373684,ENSP00000373684,DTSNFDDFPESDILQ,,,True,3.0,0.9469545844514312,EEIKGHPFFEGVDWE,,,True,3.5,-0.2997058457722366,LTEEETQFYISETVL,,,True,4.0,4.339592414723726,NP_593165.1,FERNPSLFPKSTLDK,0.45,0.2666666666666666,,,,,,False,0.4965761085659999,,NP_055815,,NP_593165.1,IEIMQHPFFTGIDWD,0.7999999999999999,0.6,0.5687328508552807,0.0,0.2659393678323763,0.0,0.7340606321676237,False,1.2727061805083428,4.0,NP_055815,,NP_593165.1,FSEDVTRFYMAECVL,0.4231481481481482,0.4666666666666667,,,,,,False,5.201692125033729,,NP_055815,
ENSG00000095564,BTAF1,ENST00000265990,ENSP00000265990,ENSP00000265990,BTAF1,ENST00000265990,ENSP00000265990,ENSP00000265990,SDLVTTVFNEATSSF,,,True,3.5,1.4514009146517273,LTPQHPEFKTTAEKL,,,True,3.5,4.267002933896117,PPKIIQDYYCTLSPL,,,True,5.0,1.153226122517056,NP_596080.2,HYNRQKLFEESGSPK,0.5833333333333334,0.2,0.4424284092129865,0.0,0.8843873940104351,0.0,0.1156126059895649,False,1.11272848054476,4.5,NP_003963,XP_011538628,NP_596080.2,PTTSIPEHKTSINNN,0.5208333333333334,0.3333333333333333,,,,,,False,5.464466096004019,,NP_003963,XP_011538628,NP_596080.2,PPKIIQDYYCDMSDL,0.8055555555555557,0.8,,,,,,False,1.153226122517056,,NP_003963,XP_011538628
ENSG00000285516,NAALAD2,ENST00000646420,ENSP00000495670,ENSP00000494766,NAALAD2,ENST00000646420,ENSP00000495670,ENSP00000494766,LFSAVKNFSEAASDF,topological domain,Extracellular,False,4.0,3.2335307165181253,DEHETEIFKTSYLEP,topological domain,Extracellular,False,4.0,-0.1257100054799945,IPFNIQDYAEALKNY,topological domain,Extracellular,False,4.5,0.7402740012052591,NP_595233.1,EFYAYLNFPQLVSLS,0.5011904761904762,0.3333333333333333,,,,,,False,-0.8118944082233037,,NP_005458,,NP_595233.1,NASAILIFEDTYLTS,0.538888888888889,0.2666666666666666,0.530365051469142,0.0,0.5269822848858468,0.0,0.4730177151141533,False,2.4312765715974507,5.0,NP_005458,,NP_595233.1,VRANQSDFALATANA,0.4166666666666667,0.3333333333333333,,,,,,False,1.8009983283591602,,NP_005458,
ENSG00000077616,NAALAD2,ENST00000321955,ENSP00000320083,ENSP00000432481,NAALAD2,ENST00000321955,ENSP00000320083,ENSP00000432481,LFSAVKNFSEAASDF,topological domain,Extracellular,False,4.0,3.2335307165181253,DEHETEIFKTSYLEP,topological domain,Extracellular,False,4.0,-0.1257100054799945,IPFNIQDYAEALKNY,topological domain,Extracellular,False,4.5,0.7402740012052591,NP_595233.1,EFYAYLNFPQLVSLS,0.5011904761904762,0.3333333333333333,,,,,,False,-0.8118944082233037,,NP_005458,XP_016872534,NP_595233.1,NASAILIFEDTYLTS,0.538888888888889,0.2666666666666666,0.530365051469142,0.0,0.5269822848858468,0.0,0.4730177151141533,False,2.4312765715974507,5.0,NP_005458,XP_016872534,NP_595233.1,VRANQSDFALATANA,0.4166666666666667,0.3333333333333333,,,,,,False,1.8009983283591602,,NP_005458,XP_016872534
ENSG00000292096,HAT1,ENST00000709700,ENSP00000517832,ENSP00000517832,HAT1,ENST00000709700,ENSP00000517832,ENSP00000517832,MEKFLVEYKSAVEKK,,,True,3.5,4.130994278485751,HEQLEESFQELVEDY,,,True,4.0,-3.313480172397809,LQTFLMWFIETASFI,,,True,4.5,6.178224928949905,NP_593173.2,YENQFDEYKQIVKKL,0.4916666666666667,0.4,,,,,,False,0.5571520675372093,,NP_003633,,NP_593173.2,FFIEGGSFIDLNDPR,0.4861111111111111,0.2,0.3667745656409647,0.0,0.3182638086283199,0.0,0.6817361913716801,False,0.1354378090764328,5.0,NP_003633,,NP_593173.2,LQIFSLFFIEGGSFI,0.638888888888889,0.6,0.4703546844837607,0.0,0.5166075420260386,0.0,0.4833924579739613,False,-1.0006457742600534,5.0,NP_003633,
ENSG00000160688,FLAD1,ENST00000295530,ENSP00000295530,ENSP00000292180,FLAD1,ENST00000292180,ENSP00000292180,ENSP00000292180,HTQDTNTFFLCRTLR,,,True,4.0,-2.052577418020619,PLEECLAYLTARLPQ,,,True,5.0,1.632120981712514,WLEKTRVFLEGSTRT,,,True,5.0,-0.2626016325246383,NP_587730.1,GKDCLVLFLLCIYYL,0.4107142857142857,0.2,,,,,,False,4.337431956516355,,NP_079483,XP_047286897,NP_587730.1,LKNPDGTYSPAYLLS,0.3928571428571428,0.2,,,,,,False,1.4069063765814118,,NP_079483,XP_047286897,NP_587730.1,YTEIWDLLLETNTKY,0.475,0.2666666666666666,,,,,,False,-0.9286231620204838,,NP_079483,XP_047286897
ENSG00000025800,KPNA6,ENST00000373625,ENSP00000362728,ENSP00000362728,KPNA6,ENST00000373625,ENSP00000362728,ENSP00000362728,DSLLMDSYVSSTTGE,,,True,4.5,3.3556520683984283,IELLNSDFEDVQEQA,,,True,4.5,1.679516040438132,YGLDKIEFLQSHENQ,,,True,5.0,-1.3740247576186269,NP_596632.1,AVTKFRKYLSKETHP,0.5416666666666666,0.2,,,,,,False,2.096647727930248,,NP_036448,XP_047272627,NP_596632.1,EMDRTMDLENINQYA,0.5527777777777777,0.2,,,,,,False,2.206096659799983,,NP_036448,XP_047272627,NP_596632.1,VVDRFVQFLESEHHL,0.6333333333333333,0.2,0.4666089645593581,0.0,0.4956888142035127,0.0,0.5043111857964873,False,4.6694313321425,5.5,NP_036448,XP_047272627
ENSG00000128708,HAT1,ENST00000264108,ENSP00000264108,ENSP00000264108,HAT1,ENST00000264108,ENSP00000264108,ENSP00000264108,MEKFLVEYKSAVEKK,,,True,3.5,4.130994278485751,HEQLEESFQELVEDY,,,True,4.0,-3.313480172397809,LQTFLMWFIETASFI,,,True,4.5,6.178224928949905,NP_593173.2,YENQFDEYKQIVKKL,0.4916666666666667,0.4,,,,,,False,0.5571520675372093,,NP_003633,XP_006712871,NP_593173.2,FFIEGGSFIDLNDPR,0.4861111111111111,0.2,0.3667745656409647,0.0,0.3182638086283199,0.0,0.6817361913716801,False,0.1354378090764328,5.0,NP_003633,XP_006712871,NP_593173.2,LQIFSLFFIEGGSFI,0.638888888888889,0.6,0.4703546844837607,0.0,0.5166075420260386,0.0,0.4833924579739613,False,-1.0006457742600534,5.0,NP_003633,XP_006712871
ENSG00000167461,RAB8A,ENST00000300935,ENSP00000300935,ENSP00000300935,RAB8A,ENST00000300935,ENSP00000300935,ENSP00000300935,EDAFNSTFISTIGID,,,True,4.5,2.808623550799506,DQQKRSSFFRCVLLG,,,True,5.0,0.3868112365704407,FRFSEDAFNSTFIST,,,True,5.5,3.8687625430127865,NP_594580.1,EDSFTPSFITTIGID,0.7416666666666667,0.6666666666666666,0.4606977096443362,0.0,0.5355023228113062,0.0,0.4644976771886939,False,0.4487509280816997,4.0,NP_005361,,NP_594580.1,FRTITTAYYRGAMGI,0.3345238095238095,0.0666666666666666,,,,,,False,7.123076083131785,,NP_005361,,NP_594580.1,LRFSEDSFTPSFITT,0.3928571428571428,0.6,,,,,,False,1.838414542079779,,NP_005361,
ENSG00000086232,EIF2AK1,ENST00000199389,ENSP00000199389,ENSP00000199389,EIF2AK1,ENST00000199389,ENSP00000199389,ENSP00000199389,NSHLEESFTSTEESS,,,True,3.5,0.8822561186196188,AEGPDPEYDESDVPA,,,True,4.0,-2.7490593025519496,QHPNIVGYHTAWIEH,,,True,5.0,4.732791395878216,NP_593146.1,STSRKSSYSSTTESS,0.7797619047619048,0.4,0.3172217386764892,0.0,0.7522325162697662,0.0,0.2477674837302338,False,5.767914455000753,4.5,NP_001127807,XP_047276156,NP_593146.1,DHPNVIRYFSSWVES,0.4166666666666667,0.2,0.3055870329841776,0.0,0.4019337221068453,0.0,0.5980662778931547,False,3.3885530675567503,6.0,NP_001127807,XP_047276156,NP_593146.1,DKNDLKEYITPKIGD,0.2845238095238095,0.2,0.593508173033027,0.0,0.2735326880288327,0.0,0.7264673119711673,False,8.47168320233193,6.5,NP_001127807,XP_047276156
ENSG00000275397,DHRS11,ENST00000621143,ENSP00000483747,ENSP00000483747,DHRS11,ENST00000621143,ENSP00000483747,ENSP00000483747,LPLSVTHFYSATKYA,,,True,4.5,3.1665389103651447,SICTREAYQSMKERN,,,True,6.5,2.0340649563328386,TEGLRQELREAQTHI,,,True,7.0,-1.1115970922330038,NP_593098.1,TRAVLPIFYSKNKGD,0.5083333333333333,0.2666666666666666,,,,,,False,6.96752333412138,,NP_077284,,NP_593098.1,LKSIPGVIESLPKEF,0.3083333333333333,0.0666666666666666,,,,,,False,1.5347132329991096,,NP_077284,,NP_593098.1,DKVIDLNIDDAVTMI,0.4166666666666667,0.2,,,,,,False,-0.0735105110827618,,NP_077284,
ENSG00000278535,DHRS11,ENST00000618403,ENSP00000482704,ENSP00000482704,DHRS11,ENST00000618403,ENSP00000482704,ENSP00000482704,LPLSVTHFYSATKYA,,,True,4.5,3.1665389103651447,SICTREAYQSMKERN,,,True,6.5,2.0340649563328386,TEGLRQELREAQTHI,,,True,7.0,-1.1115970922330038,NP_593098.1,TRAVLPIFYSKNKGD,0.5083333333333333,0.2666666666666666,,,,,,False,6.96752333412138,,NP_077284,XP_011523535,NP_593098.1,LKSIPGVIESLPKEF,0.3083333333333333,0.0666666666666666,,,,,,False,1.5347132329991096,,NP_077284,XP_011523535,NP_593098.1,DKVIDLNIDDAVTMI,0.4166666666666667,0.2,,,,,,False,-0.0735105110827618,,NP_077284,XP_011523535
ENSG00000126457,PRMT1,ENST00000532489,ENSP00000433556,ENSP00000406162,PRMT1,ENST00000532489,ENSP00000433556,ENSP00000406162,EWMGYCLFYESMLNT,,,True,4.0,-0.9328430840437374,DMTSKDYYFDSYAHF,,,True,4.0,0.7230836403404173,RCHKRTGFSTSPESP,,,True,4.5,0.2542691026338681,NP_594825.2,EWMGYFLLYESMLDT,0.8333333333333334,0.8,,,,,,False,0.4762702811052932,,NP_001527,XP_047294699,NP_594825.2,GLTAKDYYFDSYSHW,0.875,0.6666666666666666,0.4594819194077761,0.0,0.2872602541904986,0.0,0.7127397458095014,False,1.0996634218507475,4.0,NP_001527,XP_047294699,NP_594825.2,VKKEDLAFSSPFEIT,0.5178571428571429,0.2,0.4291740192762068,0.0,0.5866197730802112,0.0,0.4133802269197888,False,3.135856519047627,6.0,NP_001527,XP_047294699
ENSG00000095002,MSH2,ENST00000543555,ENSP00000442697,ENSP00000233146,MSH2,ENST00000543555,ENSP00000442697,ENSP00000233146,YTKNKTEYEEAQDAI,,,True,3.0,-0.4232952188562425,RLFDRGDFYTAHGED,,,True,3.0,0.5873216134457147,SKVKQMPFTEMSEEN,,,True,5.5,-0.2695779566102329,XP_001713136.1,LDSLTSEHKDLVDKV,0.4222222222222222,0.1333333333333333,,,,,,False,1.9061096967525144,,NP_000242,,XP_001713136.1,RVFDRGEFYVAIGED,0.7333333333333334,0.7333333333333333,,,,,,False,-0.7042212193939319,,NP_000242,,XP_001713136.1,FATHYHEMTKLSEEI,0.4166666666666667,0.2666666666666666,,,,,,False,0.6266007815690322,,NP_000242,
ENSG00000140650,PMM2,ENST00000566983,ENSP00000457956,ENSP00000268261,PMM2,ENST00000566983,ENSP00000457956,ENSP00000268261,GQISFDVFPDGWDKR,,,True,4.5,0.435472177765342,SQEERIEFYELDKKE,,,True,5.0,-0.9732732121801138,GGNDHEIFTDPRTMG,,,True,5.5,1.411027493262643,NP_594325.1,GQISFDVFPAGWDKT,0.75,0.8666666666666667,,,,,,False,0.1798189082901663,,NP_000294,,NP_594325.1,NTEERNEFERFDKGR,0.4333333333333333,0.4666666666666667,,,,,,False,0.0228357481200253,,NP_000294,,NP_594325.1,GGNDYEIFVDPRTIG,0.8333333333333334,0.8,0.4913742031624067,0.0,0.1369421753201833,0.0,0.8630578246798166,True,1.580146561931924,5.5,NP_000294,
ENSG00000107581,EIF3A,ENST00000369144,ENSP00000358140,ENSP00000358140,EIF3A,ENST00000369144,ENSP00000358140,ENSP00000358140,RLTSLVPFVDAFQLE,,,True,4.5,4.470217392584873,LEELDPDFIMAKQVE,,,True,4.5,2.590418172349027,LDEDRGSWRTADEDR,,,True,5.0,1.9596044542329285,NP_596379.1,LSALSIPIIDANKLS,0.6583333333333333,0.2666666666666666,,,,,,False,0.2983099907367156,,NP_003741,,NP_596379.1,LEHLDADKLRAMQIE,0.45,0.5333333333333333,,,,,,False,-0.807049787061193,,NP_003741,,NP_596379.1,LKFLWDAYRTVLDIL,0.4781746031746032,0.2,0.715768207582064,0.0,0.5711915600070985,0.0,0.4288084399929014,False,2.2939753165678147,6.5,NP_003741,
ENSG00000086102,NFX1,ENST00000379540,ENSP00000368856,ENSP00000368856,NFX1,ENST00000379540,ENSP00000368856,ENSP00000368856,TKEPIIDYFDVQDGG,,,True,4.0,3.8060008477024847,HECDHPVYHSCHSEE,,,True,4.0,-0.7290950888747048,LPCGSLDFIHTCEKL,,,True,5.0,-0.7326071496906953,NP_588382.1,EVNDESAIFSVLDDI,0.375,0.2,,,,,,False,3.591661686188123,,NP_002495,,NP_588382.1,EFVKNLVPHSCGDPC,0.5952380952380952,0.2666666666666666,,,,,,False,0.3811310898160899,,NP_002495,,NP_588382.1,CEQLQNGFIPTCERL,0.5912698412698413,0.4,,,,,,False,-1.7031645378230642,,NP_002495,
ENSG00000105953,OGDH,ENST00000449767,ENSP00000392878,ENSP00000222673,OGDH,ENST00000449767,ENSP00000392878,ENSP00000222673,DKICEEAFARSKDEK,,,True,5.5,0.0676326869862299,WEAQFGDFHNTAQCI,,,True,5.5,2.3130559002887665,APVAAEPFLSGTSSN,,,True,5.5,3.703928709117689,NP_595772.1,GFTTDPRFARSTPYC,0.6095238095238095,0.2666666666666666,,,,,,False,0.4906239281514432,,NP_002532,XP_047276383,NP_595772.1,WEAQFGDFANNAQCI,0.5833333333333334,0.8666666666666667,,,,,,False,1.6727153584479768,,NP_002532,XP_047276383,NP_595772.1,ATQPTDDFLTGGAAD,0.5472222222222223,0.2666666666666666,0.6466271988705053,0.0,0.3124155296117212,0.0,0.6875844703882789,False,-0.3719584294717185,4.5,NP_002532,XP_047276383
ENSG00000055044,NOP58,ENST00000264279,ENSP00000264279,ENSP00000264279,NOP58,ENST00000264279,ENSP00000264279,ENSP00000264279,KLKHFEKFQDTAEAL,,,True,4.5,4.507869866150398,KVGDRKNYASAKLSE,,,True,5.5,0.2507486553378476,GGGMLVLFETSVGYA,,,True,5.5,2.2427553933379967,NP_593106.1,KLQSFAKFESTVDAL,0.6222222222222222,0.5333333333333333,0.2644277149918927,0.0,0.3154312126067045,0.0,0.6845687873932955,False,1.908473311068151,5.0,NP_057018,,NP_593106.1,GKIIQDNLAYARVIK,0.4523809523809524,0.2,,,,,,False,0.6996775673420965,,NP_057018,,NP_593106.1,GLAPSDLNAMSLGLS,0.3416666666666666,0.2666666666666666,,,,,,False,0.0507574833303811,,NP_057018,
ENSG00000198793,MTOR,ENST00000703140,ENSP00000515197,ENSP00000354558,MTOR,ENST00000703140,ENSP00000515197,ENSP00000354558,GKILHIDFGDCFEVA,,,True,2.5,3.909225915168273,GNLPLDEFYPAVSMV,,,True,4.0,2.876991036582803,TIPKVLQYYSAATEH,,,True,4.0,6.658994305692698,NP_595359.2,GNIIHIDFGDCFEVA,1.0,0.8666666666666667,0.381355261328329,0.0,0.6130967387263601,0.0,0.3869032612736399,False,3.2857550368218207,2.5,NP_004949,XP_047272677,NP_595359.2,PVIRIVKFYPTFNVI,0.5611111111111111,0.2,,,,,,False,12.471860912752684,,NP_004949,XP_047272677,NP_595359.2,DSSIRLQWYTSILNE,0.396969696969697,0.2,,,,,,False,2.870006851126341,,NP_004949,XP_047272677
ENSG00000135372,NAT10,ENST00000531159,ENSP00000433011,ENSP00000257829,NAT10,ENST00000531159,ENSP00000433011,ENSP00000257829,AFGYSNIFVTSPSPD,,,True,5.0,-1.229576254775315,ALQLLQMYYEGRFPC,,,True,5.0,2.839186685210974,IQSLNPEFNKAVIRV,,,True,5.5,2.305561300276645,NP_593326.1,AHGYSNIFITSPSPE,0.9583333333333334,0.8,0.3292287068197103,0.0,0.195158365358944,0.0,0.8048416346410561,True,-0.9027659572039092,5.0,NP_078938,,NP_593326.1,AMQLLHEYFEGKFIS,0.6833333333333332,0.5333333333333333,0.7534012063390892,0.0,0.4982947263610867,0.0,0.5017052736389134,False,1.9304582143785904,4.0,NP_078938,,NP_593326.1,HSDVTARFNERFILS,0.5,0.2,,,,,,False,5.088570388412611,,NP_078938,
ENSG00000156958,GALK2,ENST00000327171,ENSP00000316632,ENSP00000453129,GALK2,ENST00000327171,ENSP00000316632,ENSP00000453129,TNPLYPDFSTSANNI,,,True,4.5,7.784797265463482,YQRAKHVYSEAARVL,,,True,5.5,6.943585989082432,KLPSGAVFVIANSCV,,,True,6.0,-0.9478872581686985,NP_596859.1,TVPTYHDLSFYSNPK,0.3968253968253968,0.4,,,,,,False,2.160179457305724,,NP_002035,XP_006720524,NP_596859.1,YQRTVHVYSDAMRVL,0.888888888888889,0.7333333333333333,0.6574682467535766,0.0,0.2463987429976716,0.0,0.7536012570023284,False,6.666793669367703,5.5,NP_002035,XP_006720524,NP_596859.1,LKPHDMVFLISNTLV,0.6166666666666667,0.4,,,,,,False,-0.9961262172677082,,NP_002035,XP_006720524
ENSG00000141279,NPEPPS,ENST00000677710,ENSP00000504357,ENSP00000320324,NPEPPS,ENST00000530173,ENSP00000433287,ENSP00000320324,FVVGEYDFVETRSKD,,,True,3.5,0.1028885185495009,MAGEVKAFFESHPAP,,,True,4.0,-0.4900952586316207,EYDIWTQFVSADYTR,,,True,4.5,3.831232828181312,NP_595998.1,KVSSTLDLIKTWKDE,0.4916666666666667,0.2,,,,,,False,-0.5286933750481171,,NP_006301,,NP_595998.1,SALSLDALRSSHPIE,0.3999999999999999,0.3333333333333333,,,,,,False,4.155177956351667,,NP_006301,,NP_595998.1,DDHIIRQFKSTVYNY,0.6,0.3333333333333333,0.4851623593967356,0.0,0.6122955700558356,0.0,0.3877044299441644,False,5.337374514065321,5.5,NP_006301,
ENSG00000102393,GLA,ENST00000710365,ENSP00000518234,ENSP00000218516,GLA,ENST00000710365,ENSP00000518234,ENSP00000218516,LLKFDGCYCDSLENL,,,True,4.5,0.6579486248210713,PVKRKLGFYEWTSRL,,,True,5.0,-3.227055820138826,SCISEKLFMEMAELM,,,True,5.5,3.7125553017956783,NP_595012.1,SRKDVRCPCETIECF,0.5285714285714286,0.2666666666666666,,,,,,False,-1.9137460295668105,,NP_000160,,NP_595012.1,VGNGGMSFEEYKTHF,0.3476190476190476,0.1333333333333333,0.3388544722839445,0.0,0.5667278157082273,0.0,0.4332721842917727,False,-4.598015873588769,5.5,NP_000160,,NP_595012.1,CFFLVFLFLFFSDVH,0.3888888888888889,0.1333333333333333,,,,,,False,6.459438415325914,,NP_000160,
ENSG00000138767,CNOT6L,ENST00000504123,ENSP00000424896,ENSP00000497467,CNOT6L,ENST00000504123,ENSP00000424896,ENSP00000497467,VADNHKDFKELRYNE,,,True,5.5,0.4420308225098671,QEVETEQYFTLFLPA,,,True,5.5,1.295351241627685,KERGYDGFFSPKSRA,,,True,5.5,2.7632918290977377,NP_587901.1,ISQNHEDFMNNDYGE,0.3833333333333333,0.4,,,,,,False,-0.5623243278919728,,NP_001273719,XP_047305918,NP_587901.1,YNVLCERYATSTLYG,0.3666666666666667,0.3333333333333333,0.3779257642155618,0.0,0.3927518900924144,0.0,0.6072481099075856,False,0.6733995940741111,7.0,NP_001273719,XP_047305918,NP_587901.1,DVENYDTFFAPQMSL,0.4416666666666666,0.3333333333333333,,,,,,False,5.401251089202572,,NP_001273719,XP_047305918
ENSG00000197635,DPP4,ENST00000678668,ENSP00000504418,ENSP00000353731,DPP4,ENST00000678668,ENSP00000504418,ENSP00000353731,APVSRWEYYDSVYTE,topological domain,Extracellular,False,3.5,2.2922246224119225,SVMDICDYDESSGRW,topological domain,Extracellular,False,4.5,-1.1321485247045957,TFLAYAQFNDTEVPL,topological domain,Extracellular,False,5.0,0.834117976361489,NP_593970.1,APVTDWRLYDSVYTE,0.625,0.7333333333333333,,,,,,False,4.103625900425957,,NP_001926,,NP_593970.1,EIYGITDNGEDEGYY,0.4166666666666667,0.2666666666666666,,,,,,False,0.4975077819705972,,NP_001926,,NP_593970.1,VEYGKLTFNDTTFNF,0.6055555555555555,0.2666666666666666,0.2264627445840084,0.0,0.5612039602713854,0.0,0.4387960397286146,False,-0.5278082885042383,4.5,NP_001926,
ENSG00000144895,EIF2A,ENST00000487799,ENSP00000420537,ENSP00000417229,EIF2A,ENST00000482093,ENSP00000418698,ENSP00000417229,VASDSTYFAWCPDGE,,,True,5.0,-1.165442727613573,VLATWQPYTTSKDGT,,,True,5.0,1.647639504009227,MVNGPPHFTESTVFP,,,True,5.0,-0.9170142236218334,NP_596421.1,YSPNGKLFAYATATQ,0.2559523809523809,0.1333333333333333,,,,,,False,-0.1036122192945227,,NP_114414,XP_011511526,NP_596421.1,PNGKLFAYATATQVV,0.3333333333333333,0.1333333333333333,0.6314449742264598,0.0,0.4387892898695087,0.0,0.5612107101304913,False,9.081656461190155,5.5,NP_114414,XP_011511526,NP_596421.1,ATQVVINDTESGAKL,0.4444444444444444,0.2,,,,,,False,0.3599201308486712,,NP_114414,XP_011511526
ENSG00000134146,DPH6,ENST00000561411,ENSP00000453967,ENSP00000256538,DPH6,ENST00000561411,ENSP00000453967,ENSP00000256538,GHHAIDLYAEAMALP,,,True,5.0,1.0115723298865242,VSSVPDNYRTSNYIY,,,True,5.5,3.434744869389485,VCGEGGEYETFTLDC,,,True,6.5,0.6484214053048163,NP_595310.1,GHDVIPLYAECFDLP,0.611111111111111,0.6,0.5058722364215186,0.0,1.0684878782019311,0.0,-0.0684878782019312,False,2.828342546233143,4.0,NP_542381,XP_016878197,NP_595310.1,TSLIPIPLRESAFQQ,0.294047619047619,0.2666666666666666,,,,,,False,1.4168475804628429,,NP_542381,XP_016878197,NP_595310.1,PCGEGGEYETLVLDC,0.8333333333333334,0.8,0.4309010556243124,0.0,0.116139932460191,0.0,0.8838600675398091,True,0.6484214053048163,6.5,NP_542381,XP_016878197
ENSG00000094880,CDC23,ENST00000394884,ENSP00000378348,ENSP00000378350,CDC23,ENST00000394886,ENSP00000378350,ENSP00000378350,CAQKCCAFNDTREEG,,,True,4.0,0.0435117596692575,PDTWMKEFFLAHIYT,,,True,4.5,9.49361192891282,VLSINSDFSDLREIK,,,True,4.5,2.7140465699942107,NP_593300.1,IYLLAKSYFDCKEFE,0.3445767195767195,0.1333333333333333,0.4376324571857415,0.0,0.7682347130954564,0.0,0.2317652869045435,False,3.1903517214959805,2.5,NP_004652,,NP_593300.1,KNYREAELYLSEVLN,0.5714285714285715,0.1333333333333333,,,,,,False,1.8847018059085177,,NP_004652,,NP_593300.1,GVDGLEDQEQLREIR,0.3999999999999999,0.3333333333333333,,,,,,False,2.6090182278499263,,NP_004652,
ENSG00000117650,NEK2,ENST00000366999,ENSP00000355966,ENSP00000355966,NEK2,ENST00000366999,ENSP00000355966,ENSP00000355966,TLYIVMEYCEGGDLA,,,True,4.0,0.4543174901791562,KTFVGTPYYMSPEQM,,,True,5.5,1.2838511292561114,QNVKLGDFGLARILN,,,True,5.5,5.726977817742057,NP_593305.1,VINLYMEYCGHGDLA,0.5694444444444444,0.5333333333333333,,,,,,False,0.5374583774852162,,NP_002488,,NP_593305.1,QSYVGTPYYMSPEII,1.0,0.6666666666666666,,,,,,False,2.049186973673395,,NP_002488,,NP_593305.1,NSVKLGDFGLSKLLD,0.7916666666666666,0.6,,,,,,False,2.1736415022115905,,NP_002488,
ENSG00000291814,PNP,ENST00000708853,ENSP00000517384,ENSP00000517386,PNP,ENST00000708853,ENSP00000517384,ENSP00000517386,VMVAGPSFETVAECR,,,True,5.5,3.822884260604279,NGYTYEDYKNTAEWL,,,True,5.5,4.825093990587464,TQAQIFDYGEIPNFP,,,True,6.0,6.036832978286908,NP_593927.1,AFVSGPCFETRAESR,0.5481481481481482,0.6,,,,,,False,5.019140211643612,,NP_000261,,NP_593927.1,GIAAAADVRTMVETI,0.325,0.1333333333333333,,,,,,False,4.173597996517157,,NP_000261,,NP_593927.1,ESPSAKDLVEVDSNV,0.3333333333333333,0.1333333333333333,,,,,,False,2.67177844274051,,NP_000261,
ENSG00000198805,PNP,ENST00000697613,ENSP00000513359,ENSP00000354532,PNP,ENST00000697613,ENSP00000513359,ENSP00000354532,VMVAGPSFETVAECR,,,True,5.5,3.822884260604279,NGYTYEDYKNTAEWL,,,True,5.5,4.825093990587464,TQAQIFDYGEIPNFP,,,True,6.0,6.036832978286908,NP_593927.1,AFVSGPCFETRAESR,0.5481481481481482,0.6,,,,,,False,5.019140211643612,,NP_000261,,NP_593927.1,GIAAAADVRTMVETI,0.325,0.1333333333333333,,,,,,False,4.173597996517157,,NP_000261,,NP_593927.1,ESPSAKDLVEVDSNV,0.3333333333333333,0.1333333333333333,,,,,,False,2.67177844274051,,NP_000261,
ENSG00000073578,SDHA,ENST00000509632,ENSP00000425077,ENSP00000264932,SDHA,ENST00000504309,ENSP00000426514,ENSP00000264932,TGGYGRTYFSCTSAH,,,True,3.5,0.6867677765512843,EDNWRWHFYDTVKGS,,,True,4.5,7.625851489786688,FGLSEAGFNTACVTK,,,True,5.0,-0.2759840113434613,NP_594319.1,TGGYGRAYFSCTSAH,0.8333333333333334,0.9333333333333332,0.3660039621472433,0.0,0.6458318084469795,0.0,0.3541681915530205,False,0.6867677765512843,4.0,NP_004159,XP_011512374,NP_594319.1,KDDWRWHFYDTVKGS,1.0,0.8666666666666667,0.5498789277976346,0.0,0.2543124276718676,0.0,0.7456875723281323,False,7.041236905615565,4.5,NP_004159,XP_011512374,NP_594319.1,FGLAEAGFNTACITK,0.9583333333333334,0.8666666666666667,0.5740325383040782,0.0,0.384067611096285,0.0,0.6159323889037149,False,2.4347263980525025,5.0,NP_004159,XP_011512374
ENSG00000133112,TPT1,ENST00000530705,ENSP00000431872,ENSP00000477781,TPT1,ENST00000530705,ENSP00000431872,ENSP00000477781,VTPYMIFFKDGLEME,,,True,4.5,4.056587800916075,RPERVKPFMTGAAEQ,,,True,6.0,8.625925709531597,ANFKNYQFFIGENMN,,,True,6.5,7.104807480510054,NP_594328.1,ITPYMIFFKDGLVSE,0.75,0.8,0.4948902844929736,0.0,0.3821897607834217,0.0,0.6178102392165782,False,4.125052429608552,5.5,NP_001273201,,NP_594328.1,ANFKDYDFYIGESMD,0.2817460317460317,0.1333333333333333,,,,,,False,0.8050238463997443,,NP_001273201,,NP_594328.1,ANFKDYDFYIGESMD,0.6130952380952381,0.6666666666666666,,,,,,False,0.8050238463997443,,NP_001273201,
ENSG00000171848,RRM2,ENST00000641198,ENSP00000493399,ENSP00000353770,RRM2,ENST00000641198,ENSP00000493399,ENSP00000353770,YKKAEASFWTAEEVD,,,True,3.0,4.645550033493305,FISHVLAFFAASDGI,,,True,4.5,0.95391455784877,FAAVEGIFFSGSFAS,,,True,5.0,4.469888111616566,NP_596546.1,YKKAEASFWTAEEID,1.0,0.9333333333333332,0.7731929198282871,0.0,0.4277643633654034,0.0,0.5722356366345965,False,1.087440834316382,3.0,NP_001159403,,NP_596546.1,FISTVLAYFAASDGI,0.9047619047619048,0.8666666666666667,,,,,,False,2.281899750800403,,NP_001159403,,NP_596546.1,FAAVEGIFFSGSFAS,1.0,1.0,0.5818688077137011,0.0,0.1730402924202159,0.0,0.826959707579784,True,4.469888111616566,5.0,NP_001159403,
ENSG00000096384,HSP90AB1,ENST00000620073,ENSP00000481908,ENSP00000360709,HSP90AB1,ENST00000620073,ENSP00000481908,ENSP00000360709,DKENYKKFYEAFSKN,,,True,3.5,-0.1001878650086789,TQEEYGEFYKSLTND,,,True,4.0,-0.4756039687318278,IGQFGVGFYSAYLVA,,,True,4.0,4.114408890557312,NP_594365.1,DKENFKTFYDAFSKN,0.6888888888888888,0.8,0.5909309411881608,0.0,0.5473600433251209,0.0,0.4526399566748791,False,0.4639098916841033,2.5,NP_001258898,,NP_594365.1,TKEEYASFYKSLTND,0.8333333333333334,0.8,,,,,,False,0.1478669096146246,,NP_001258898,,NP_594365.1,IGQFGVGFYSAYLVA,1.0,1.0,0.5926784702894662,0.0,0.4466266487385839,0.0,0.5533733512614161,False,4.114408890557312,4.0,NP_001258898,
ENSG00000168291,PDHB,ENST00000302746,ENSP00000307241,ENSP00000307241,PDHB,ENST00000302746,ENSP00000307241,ENSP00000307241,MEGPAFNFLDAPAVR,,,True,4.5,8.274441755159193,INSAAKTYYMSGGLQ,,,True,6.0,2.144593455267543,GLRPICEFMTFNFSM,,,True,6.0,3.558743961154233,NP_596272.1,MESDAFDYLDAPVER,0.5992063492063492,0.6,0.5600846850631503,0.0,0.2569368609027033,0.0,0.7430631390972966,False,3.6713232877067017,3.5,NP_000916,,NP_596272.1,VNSAARTLYMSGGIQ,0.7916666666666666,0.7333333333333333,,,,,,False,2.144593455267544,,NP_000916,,NP_596272.1,GLRPICEFMTFNFSM,1.0,1.0,0.4059502055066474,0.0,0.287586939910865,0.0,0.712413060089135,False,3.558743961154233,6.0,NP_000916,
ENSG00000292301,ERI1,ENST00000710897,ENSP00000518539,ENSP00000518540,ERI1,ENST00000710897,ENSP00000518539,ENSP00000518540,ITSSASDFSDPVYKE,,,True,5.0,7.9383846809784755,LMLKESNFADSYYDY,,,True,5.0,2.484801537272685,ESNFADSYYDYICII,,,True,5.0,0.2920761194227251,XP_001713129.1,KNGWIPNRSYPPYFA,0.3563492063492063,0.2,,,,,,False,8.437923686840582,,NP_699163,,XP_001713129.1,LEHWGLQFEGSEHRG,0.3138888888888889,0.2,,,,,,False,6.541522073942718,,NP_699163,,XP_001713129.1,PFVDIRSFYKDVYRV,0.2523809523809524,0.1333333333333333,,,,,,False,1.4713715396543607,,NP_699163,
ENSG00000104626,ERI1,ENST00000519292,ENSP00000430190,ENSP00000250263,ERI1,ENST00000519292,ENSP00000430190,ENSP00000250263,ITSSASDFSDPVYKE,,,True,5.0,7.9383846809784755,LMLKESNFADSYYDY,,,True,5.0,2.484801537272685,ESNFADSYYDYICII,,,True,5.0,0.2920761194227251,XP_001713129.1,KNGWIPNRSYPPYFA,0.3563492063492063,0.2,,,,,,False,8.437923686840582,,NP_699163,XP_047278358,XP_001713129.1,LEHWGLQFEGSEHRG,0.3138888888888889,0.2,,,,,,False,6.541522073942718,,NP_699163,XP_047278358,XP_001713129.1,PFVDIRSFYKDVYRV,0.2523809523809524,0.1333333333333333,,,,,,False,1.4713715396543607,,NP_699163,XP_047278358
ENSG00000115091,ACTR3,ENST00000263238,ENSP00000263238,ENSP00000263238,ACTR3,ENST00000263238,ENSP00000263238,ENSP00000263238,KGVDDLDFFIGDEAI,,,True,4.5,-1.6971965725886258,LASTPEFYQVCHTKK,,,True,6.0,0.8001859173777807,VCHTKKDYEEIGPSI,,,True,6.0,0.5288727884982688,NP_592898.1,RATEDLDFFIGNDAL,0.8888888888888888,0.5333333333333333,,,,,,False,-0.1026508554567308,,NP_005712,,NP_592898.1,LAQTPEFGSYCHTKA,0.3928571428571428,0.6666666666666666,,,,,,False,0.7605292743681226,,NP_005712,,NP_592898.1,YCHTKADYEEYGASI,0.6011904761904762,0.7333333333333333,0.2709072096553583,0.0,0.4594802552971097,0.0,0.5405197447028903,False,-3.196753391817992,6.0,NP_005712,
ENSG00000178999,AURKB,ENST00000316199,ENSP00000313950,ENSP00000313950,AURKB,ENST00000316199,ENSP00000313950,ENSP00000313950,LLVGNPPFESASHNE,,,True,5.5,5.376161640699262,ELQKSCTFDEQRTAT,,,True,5.5,-1.545349711567924,IVALKVLFKSQIEKE,,,True,6.0,0.6941073249424955,NP_001018849.1,FLVGAPPFEDMSGHS,0.411111111111111,0.5333333333333333,0.3556186578884709,0.0,0.2338759871497015,0.0,0.7661240128502984,True,4.431490588820404,6.5,NP_001271455,,NP_001018849.1,HLRRAKRFSEEVASK,0.3666666666666667,0.2,,,,,,False,6.962538344108248,,NP_001271455,,NP_001018849.1,TLHKSELVQSKIEKQ,0.525,0.3333333333333333,,,,,,False,0.9679943989448616,,NP_001271455,
ENSG00000167720,SRR,ENST00000576848,ENSP00000476682,ENSP00000339435,SRR,ENST00000576848,ENSP00000476682,ENSP00000339435,QLTGRNLFFKCELFQ,,,True,5.5,0.5731815881649701,RDLVDDIFTVTEDEI,,,True,5.5,2.329193692803284,AYGASIVYCEPSDES,,,True,6.0,1.1281354800869048,NP_587715.1,KEFVAEVFFKCENFQ,0.625,0.4666666666666667,,,,,,False,8.878158444199725,,NP_068766,XP_006721628,NP_587715.1,KEKVDDILTVSDEEL,0.6083333333333333,0.4666666666666667,,,,,,False,0.850513133672272,,NP_068766,XP_006721628,NP_587715.1,YAARMKIVVEPTGCL,0.3472222222222222,0.1333333333333333,,,,,,False,5.395004212046675,,NP_068766,XP_006721628
ENSG00000070061,ELP1,ENST00000675979,ENSP00000502208,ENSP00000363779,ELP1,ENST00000675765,ENSP00000502640,ENSP00000363779,LEECAQDYEEAVLLL,,,True,3.5,2.382142534974731,KWLDKLMFKEAFECM,,,True,3.5,-2.184688059673048,QQIHQDDFGESKFIT,,,True,4.0,-1.895653640250462,NP_595335.1,QMCKGSQYSEAIRIA,0.4333333333333333,0.2,0.6149589641414004,0.0,0.2029188382255108,0.0,0.7970811617744892,True,1.4841763716855916,5.5,NP_003631,,NP_595335.1,ISVLGESFGEASELV,0.5694444444444445,0.2666666666666666,0.6910059793255952,0.0,0.4078653350669534,0.0,0.5921346649330467,False,-1.5179784698955292,3.0,NP_003631,,NP_595335.1,REHLTSKYGDTHFQA,0.4603174603174603,0.1333333333333333,0.4802616744931618,0.0,0.4012723479699345,0.0,0.5987276520300655,False,1.8363281405956653,6.0,NP_003631,
ENSG00000183044,ABAT,ENST00000569156,ENSP00000454963,ENSP00000379845,ABAT,ENST00000569156,ENSP00000454963,ENSP00000379845,AVHFFCNYEESRGNY,,,True,5.5,-1.315505578246262,GRGTFCSFDTPDDSI,,,True,5.5,4.272659316152172,RVRGRGTFCSFDTPD,,,True,6.0,1.42210479781803,NP_594905.1,AVKFPVDYEKSIGNY,0.7277777777777779,0.6,,,,,,False,-0.5756738354585273,,NP_000654,XP_047289643,NP_594905.1,HGRLFGSLSTTRSKP,0.3,0.2,,,,,,False,0.3194521065444868,,NP_000654,XP_047289643,NP_594905.1,HSFHGRLFGSLSTTR,0.375,0.2,0.3101694237071228,0.0,0.4050512645336625,0.0,0.5949487354663375,False,1.3779957620669088,6.5,NP_000654,XP_047289643
ENSG00000182199,SHMT2,ENST00000328923,ENSP00000333667,ENSP00000333667,SHMT2,ENST00000328923,ENSP00000333667,ENSP00000333667,RISATSIFFESMPYK,,,True,4.0,-0.0835738814814031,KTAKLQDFKSFLLKD,,,True,6.0,4.4269259488782975,GMLYFSLFWAARPLQ,,,True,6.0,1.5271924338505312,NP_593668.2,AISAVSTYFSTMPYN,0.4047619047619048,0.5333333333333333,0.3259340531878848,0.0,0.6871456778167819,0.0,0.312854322183218,False,3.739881890683713,4.5,NP_005403,,NP_593668.2,GKSKFRDFKAYVGDG,0.501984126984127,0.2666666666666666,,,,,,False,-3.102155301969808,,NP_005403,,NP_593668.2,TALAVALGQAKTPEF,0.3166666666666667,0.2666666666666666,,,,,,False,0.2389566032818373,,NP_005403,
ENSG00000197930,ERO1A,ENST00000395686,ENSP00000379042,ENSP00000379042,ERO1A,ENST00000395686,ENSP00000379042,ENSP00000379042,HDDSSDNFCEADDIQ,,,True,2.0,-0.620401332069449,GTSEENTFYSWLEGL,,,True,3.5,-2.428976035479056,ESGPSYEFHLTRQEI,,,True,5.0,1.8714737239952128,NP_588313.2,FQEKVLNYPERLENL,0.3666666666666667,0.1333333333333333,,,,,,False,-0.2231316332137939,,NP_055399,,NP_588313.2,ENPERFTGYSGPHST,0.3611111111111111,0.2666666666666666,,,,,,False,6.067923342544055,,NP_055399,,NP_588313.2,SRVSPLLFDLTEKSD,0.3805555555555555,0.2,,,,,,False,-0.2801328692340643,,NP_055399,
ENSG00000010292,NCAPD2,ENST00000382457,ENSP00000371895,ENSP00000325017,NCAPD2,ENST00000315579,ENSP00000325017,ENSP00000325017,FCMISATFCDSQLRL,,,True,4.5,-0.3946498028086225,ARDTRDQFLDTLQAH,,,True,5.0,2.7813265561008644,TREATGHFQESEPFS,,,True,5.0,-1.9596653797441423,NP_596329.1,FLKPIYTLMESEINI,0.45,0.2,,,,,,False,5.79633278941227,,NP_055680,,NP_596329.1,FYLEALQYIDIVEAG,0.5130952380952382,0.2,0.4445974726135185,0.0,0.239511402977155,0.0,0.760488597022845,True,3.73787643040974,6.0,NP_055680,,NP_596329.1,HDEAQNEMSESVPAT,0.5,0.3333333333333333,,,,,,False,-1.549614333095809,,NP_055680,
ENSG00000136143,SUCLA2,ENST00000643584,ENSP00000494987,ENSP00000494360,SUCLA2,ENST00000643584,ENSP00000494987,ENSP00000494360,RKYPRREYYFAITME,,,True,4.5,0.964258927228088,GGRGKGTFESGLKGG,,,True,6.0,1.1041524970564198,YPRREYYFAITMERS,,,True,6.0,4.505585393144187,NP_588466.1,RKFIRKEYYFAILMD,0.7916666666666666,0.6666666666666666,,,,,,False,0.964258927228088,,NP_003841,,NP_588466.1,GGRGKGQFDSGLRGG,0.5888888888888889,0.8,0.5333481144537238,0.0,0.2688523283789679,0.0,0.731147671621032,False,2.129379168868591,6.5,NP_003841,,NP_588466.1,FIRKEYYFAILMDRE,0.6805555555555555,0.6,,,,,,False,1.872201670163248,,NP_003841,
ENSG00000100316,RPL3,ENST00000401609,ENSP00000386101,ENSP00000346001,RPL3,ENST00000401609,ENSP00000386101,ENSP00000346001,LEKIDLKFIDTTSKF,,,True,5.0,-0.7239345824829808,VVVGIVGYVETPRGL,,,True,6.0,-0.6059693683696522,LRTFKTVFAEHISDE,,,True,6.0,-0.9600111138992212,NP_594780.1,LEPVSLKWIDTASKF,0.8484848484848485,0.6666666666666666,,,,,,False,8.492593254293205,,NP_000958,,NP_594780.1,VVVGVVGYVETPRGL,1.0,0.9333333333333332,0.4614187136029894,0.0,0.637426152974752,0.0,0.362573847025248,False,-1.3238836717829068,6.0,NP_000958,,NP_594780.1,LRSLTTVWAEHLSEE,0.8484848484848485,0.6,,,,,,False,1.2304065080907882,,NP_000958,
ENSG00000169282,KCNAB1,ENST00000302490,ENSP00000305858,ENSP00000305858,KCNAB1,ENST00000302490,ENSP00000305858,ENSP00000305858,YESGVNLFDTAEVYA,,,True,5.0,0.5644046896507242,LQRLQLEYVDVVFAN,,,True,6.0,0.7151530741942687,ERLMTIAYESGVNLF,,,True,6.5,5.298753565348122,NP_588516.1,WDLGINTFDTAEIYS,0.7583333333333333,0.5333333333333333,0.5434321736859131,0.0,0.53437849569038,0.0,0.46562150430962,False,4.330422760468891,4.5,NP_751891,XP_016862662,NP_588516.1,LKRLGLPYVDVIMAH,0.6428571428571429,0.6,0.5917288832187687,0.0,0.5339609106192098,0.0,0.4660390893807902,False,4.069734268578172,7.0,NP_751891,XP_016862662,NP_588516.1,KNCLKQAWDLGINTF,0.5025252525252525,0.2666666666666666,,,,,,False,6.190311527053469,,NP_751891,XP_016862662
ENSG00000111906,HDDC2,ENST00000398153,ENSP00000381220,ENSP00000381220,HDDC2,ENST00000398153,ENSP00000381220,ENSP00000381220,KPGRLQDFYDSTAGK,,,True,3.0,5.270630879424785,LYELWEEYETQSSAE,,,True,5.5,-0.8117862226151498,ELYELWEEYETQSSA,,,True,6.0,4.410054619973232,NP_587821.1,KFVKDIDKFEMIAQM,0.35,0.2,,,,,,False,-1.5777490671229035,,NP_057147,XP_024302218,NP_587821.1,IKELFLEYESASTPE,0.5333333333333333,0.4666666666666667,0.6093152379325962,0.0,0.5235364769669953,0.0,0.4764635230330046,False,1.5413302907088091,4.0,NP_057147,XP_024302218,NP_587821.1,EIKELFLEYESASTP,0.5833333333333334,0.4666666666666667,,,,,,False,6.65772727921619,,NP_057147,XP_024302218
ENSG00000130305,NSUN5,ENST00000438747,ENSP00000388464,ENSP00000388464,NSUN5,ENST00000438747,ENSP00000388464,ENSP00000388464,ETTLSSGFFVAVIER,,,True,4.5,4.244780054144931,PSLQRLVYSTCSLCQ,,,True,5.5,-1.6260485747620113,LQQNPGAFRLAPALP,,,True,6.5,-1.2312840502928948,NP_594509.3,GAGGTIGFFVANLYH,0.9166666666666666,0.3333333333333333,,,,,,False,-0.2515177230502599,,NP_683759,,NP_594509.3,PNCRHVTYSTCSVHR,0.7083333333333334,0.4,0.2990997665018127,0.0,0.7176202285589542,0.0,0.2823797714410457,False,2.668523644939247,5.0,NP_683759,,NP_594509.3,AAPGNKTTHLAACFP,0.2666666666666666,0.2,,,,,,False,3.944564958134073,,NP_683759,
ENSG00000284320,SHMT1,ENST00000640392,ENSP00000492715,ENSP00000495756,SHMT1,ENST00000640392,ENSP00000492715,ENSP00000495756,KISATSIFFESMPYK,,,True,4.0,-0.3901065609847814,LREEVESFASLFPLP,,,True,6.0,1.755529240104583,AGVVPSPFEHCHVVT,,,True,6.5,7.184275229940204,NP_594037.1,KISAVSTYFESMPYR,0.7047619047619048,0.7333333333333333,0.4583670570264018,0.0,0.6815329273451541,0.0,0.3184670726548458,False,0.4817675930008788,4.0,NP_004160,,NP_594037.1,LQKEVAEWASSFPLA,0.4318181818181818,0.5333333333333333,,,,,,False,3.433104329228226,,NP_004160,,NP_594037.1,AGVIPSPFEYADVVT,0.7142857142857143,0.7333333333333333,,,,,,False,5.165527886851753,,NP_004160,
ENSG00000176974,SHMT1,ENST00000352886,ENSP00000345881,ENSP00000318868,SHMT1,ENST00000352886,ENSP00000345881,ENSP00000318868,KISATSIFFESMPYK,,,True,4.0,-0.3901065609847814,LREEVESFASLFPLP,,,True,6.0,1.755529240104583,AGVVPSPFEHCHVVT,,,True,6.5,7.184275229940204,NP_594037.1,KISAVSTYFESMPYR,0.7047619047619048,0.7333333333333333,0.4583670570264018,0.0,0.6815329273451541,0.0,0.3184670726548458,False,0.4817675930008788,4.0,NP_004160,XP_005256824,NP_594037.1,LQKEVAEWASSFPLA,0.4318181818181818,0.5333333333333333,,,,,,False,3.433104329228226,,NP_004160,XP_005256824,NP_594037.1,AGVIPSPFEYADVVT,0.7142857142857143,0.7333333333333333,,,,,,False,5.165527886851753,,NP_004160,XP_005256824
ENSG00000168806,LCMT2,ENST00000305641,ENSP00000307214,ENSP00000307214,LCMT2,ENST00000305641,ENSP00000307214,ENSP00000307214,GAVDMNEFYHCFLPA,,,True,4.5,1.405555481128312,EPASALCFESADYCI,,,True,5.0,4.216815773996446,NIEPFDEFEEWHLKC,,,True,5.0,-4.568176737790481,NP_596164.1,PFDEWEEFYFFLQHY,0.35,0.2,,,,,,False,-0.3059241802903564,,NP_055608,,NP_596164.1,ADGNWSDFPSLPYAS,0.3511904761904762,0.2,0.3040090366085262,0.0,0.2728710311338913,0.0,0.7271289688661088,False,3.5031694128526434,6.0,NP_055608,,NP_596164.1,MVEPFDEWEEFYFFL,0.5429292929292929,0.4666666666666667,,,,,,False,2.138450562215594,,NP_055608,
ENSG00000107937,GTPBP4,ENST00000360803,ENSP00000354040,ENSP00000354040,GTPBP4,ENST00000360803,ENSP00000354040,ENSP00000354040,SEDDQKIFTDLQSEG,,,True,5.5,-1.6208728304194675,LRTAAGEYDSVSESE,,,True,5.5,5.272607328734773,VVPSAKDFIDLTLSK,,,True,5.5,3.183250414655137,XP_001713127.1,LRSAVLYFMDLSEMC,0.4428571428571429,0.2,0.373603759530603,0.0,0.4546576268799915,0.0,0.5453423731200084,False,1.1113024908646336,5.5,NP_036473,XP_047280888,XP_001713127.1,RLEREGYYDSDQEIE,0.5357142857142857,0.4,,,,,,False,5.210092445460337,,NP_036473,XP_047280888,XP_001713127.1,DGKNVADFVDPEIEA,0.636904761904762,0.2,0.3281709369431981,0.0,0.2583125061785156,0.0,0.7416874938214845,False,5.946939409319281,5.5,NP_036473,XP_047280888
ENSG00000164815,ORC5,ENST00000447452,ENSP00000395747,ENSP00000297431,ORC5,ENST00000447452,ENSP00000395747,ENSP00000297431,PPEYSADFYAAYINI,,,True,4.5,3.81666764931118,TLELPHVFVNCVECF,,,True,5.5,-0.4870897605953498,KCTVSLDFIRAIART,,,True,5.5,2.22265336117972,NP_595372.1,VLDQIDDFAEASTIL,0.3499999999999999,0.2,0.8007658211888522,0.0,0.6926393110152167,0.0,0.3073606889847833,False,1.381667293820223,2.5,NP_002544,,NP_595372.1,LSKEENVWINLQDCF,0.4873737373737374,0.2666666666666666,,,,,,False,0.7738071351653599,,NP_002544,,NP_595372.1,VLDQIDDFAEASTIL,0.4583333333333333,0.2,0.8007658211888522,0.0,0.6926393110152167,0.0,0.3073606889847833,False,1.381667293820223,2.5,NP_002544,
ENSG00000090316,MAEA,ENST00000505177,ENSP00000422215,ENSP00000302830,MAEA,ENST00000505177,ENSP00000422215,ENSP00000302830,DLVNIEMFLTAKEVE,,,True,3.5,7.153474437945285,PDTHISPYKDLLDPA,,,True,5.5,3.572665748842325,FSLRIQEFIELIRQN,,,True,6.0,2.3082445139236243,NP_595162.1,SLKTPLCYLDANDDN,0.414021164021164,0.2,0.6839096718543985,0.0,0.3364551578113311,0.0,0.6635448421886688,False,2.716093255876697,4.0,NP_001017405,XP_006713912,NP_595162.1,VSTVKKKMKHLHDCE,0.4125,0.2666666666666666,,,,,,False,2.077345783218149,,NP_001017405,XP_006713912,NP_595162.1,LEVRLQRFIELIKSK,0.7333333333333334,0.4666666666666667,0.3423564904260084,0.0,0.3874750308521651,0.0,0.6125249691478348,False,5.633275460914972,8.0,NP_001017405,XP_006713912
ENSG00000130299,GTPBP3,ENST00000361619,ENSP00000354598,ENSP00000351644,GTPBP3,ENST00000361619,ENSP00000354598,ENSP00000351644,EEILDIIFQDFCVGK,,,True,5.5,-1.3371429460839446,ALAHVEAYIDFGEDD,,,True,6.0,1.5072344395917563,TGEDCVEFHVHGGPA,,,True,6.5,-0.4257102536545516,NP_593144.1,ENVFSVIFSKFCVGK,0.6333333333333333,0.5333333333333333,,,,,,False,9.946393868415226e-05,,NP_598399,,NP_593144.1,YRAFLEASIDFSEEH,0.75,0.4666666666666667,,,,,,False,2.9415218719108744,,NP_598399,,NP_593144.1,TGEDVVELQLHGGTA,0.5416666666666666,0.6666666666666666,,,,,,False,-1.1491263010733788,,NP_598399,
ENSG00000185238,PRMT3,ENST00000330796,ENSP00000329586,ENSP00000331879,PRMT3,ENST00000437750,ENSP00000397766,ENSP00000331879,QEDEDGVYFSSYGHY,,,True,3.5,0.6925126365097565,CLFCNRLFTSAEETF,,,True,4.0,2.613961199784256,FTSAEETFSHCKSEH,,,True,4.5,-1.153860627869998,NP_595572.1,KADNDSYYFESYAGN,0.4761904761904762,0.4,0.6068262947097143,0.0,0.5440821222667122,0.0,0.4559178777332878,False,0.2638746046317043,4.5,NP_005779,XP_047282184,NP_595572.1,LPDDSVLFSLGDELD,0.4583333333333333,0.2,,,,,,False,-1.0414511452034805,,NP_005779,XP_047282184,NP_595572.1,FTCLKDLWSHCKEAH,0.4734848484848484,0.4666666666666667,,,,,,False,2.0239144972055043,,NP_005779,XP_047282184
ENSG00000198130,HIBCH,ENST00000399855,ENSP00000398060,ENSP00000352706,HIBCH,ENST00000359678,ENSP00000352706,ENSP00000352706,ACMRGHDFHEGVRAV,,,True,4.5,2.366735790580661,RAGIATHFVDSEKLA,,,True,5.5,4.3196812372839855,EEDLNNHFKSLGSSD,,,True,5.5,1.4965491213844888,NP_596228.1,YMLKQPDFVEGVNAQ,0.5416666666666666,0.4,0.5377026448947908,0.0,0.3871493829655957,0.0,0.6128506170344042,False,2.751354615787666,4.5,NP_055177,XP_047299861,NP_596228.1,RTGIATHFVPKHMFP,0.4428571428571428,0.5333333333333333,,,,,,False,7.45021157121797,,NP_055177,XP_047299861,NP_596228.1,SKSHEYHFKDLENYF,0.6944444444444445,0.2666666666666666,0.671475670419873,0.0,0.1689897082510182,0.0,0.8310102917489818,True,7.002369592175012,6.5,NP_055177,XP_047299861
ENSG00000141994,DUS3L,ENST00000309061,ENSP00000311977,ENSP00000311977,DUS3L,ENST00000309061,ENSP00000311977,ENSP00000311977,TKEQFHQFLEAKGQE,,,True,4.5,0.2873327475948343,GNGDILSFEDANRAM,,,True,4.5,0.4067634457320405,GVQLEGAFPDTMTKC,,,True,4.5,-0.7600940242566385,NP_594572.1,RQGAGSSLLENPGRL,0.4444444444444445,0.2,,,,,,False,-0.1854334484293232,,NP_064560,XP_016882509,NP_594572.1,NERIDELPEDSLRTQ,0.3630952380952381,0.2,,,,,,False,-1.7439206201212514,,NP_064560,XP_016882509,NP_594572.1,KNLIGRIFNETNTSA,0.4694444444444444,0.2,0.4250910868271459,0.0,0.5431977210631548,0.0,0.4568022789368451,False,-1.4485852098708951,4.5,NP_064560,XP_016882509
ENSG00000121897,LIAS,ENST00000638422,ENSP00000491001,ENSP00000492260,LIAS,ENST00000638422,ENSP00000491001,ENSP00000492260,ECWGGGEYATATATI,,,True,4.5,0.9017170854097488,PLDASEPYNTAKAIA,,,True,5.0,0.6606957972542701,NGPDLQDFVSGDLAD,,,True,5.0,3.35194305620064,NP_595577.1,WGGKDKSRATATIML,0.3916666666666666,0.2666666666666666,,,,,,False,2.455989505140652,,NP_006850,,NP_595577.1,PLDPNEPENTAEAIK,0.7666666666666666,0.6666666666666666,,,,,,False,0.6606957972542701,,NP_006850,,NP_595577.1,EKLGFLYVASGPLVR,0.3869047619047618,0.2,,,,,,False,4.406505705764084,,NP_006850,
ENSG00000188375,H3-5,ENST00000340398,ENSP00000339835,ENSP00000339835,H3-5,ENST00000340398,ENSP00000339835,ENSP00000339835,DFNTDLRFQSAAVGA,,,True,5.5,6.296590380539518,ALREIRRYQKSTELL,,,True,7.5,1.839435587964551,LQEASEAYLVGLLED,,,True,7.5,-0.3059241802903564,NP_594683.1,DFKTDLRFQSSAIGA,0.8333333333333334,0.8,0.384299548404943,0.0,0.2819642246452502,0.0,0.7180357753547498,False,7.569664123229382,6.5,NP_001013721,,NP_594683.1,ALREIRRYQKSTELL,1.0,1.0,,,,,,False,1.839435587964551,,NP_001013721,,NP_594683.1,LQEAVEAYLVSLFED,0.6666666666666666,0.8,,,,,,False,-0.2905307679730785,,NP_001013721,
ENSG00000156239,N6AMT1,ENST00000303775,ENSP00000303584,ENSP00000303584,N6AMT1,ENST00000303775,ENSP00000303584,ENSP00000303584,GHVGRGAFSDVYEPA,,,True,5.5,2.2103262149438576,RGAFSDVYEPAEDTF,,,True,6.0,0.4863515877935446,GSGVVSAFLASMIGP,,,True,7.0,6.80877192119849,NP_594375.1,SQLRLKEFQDVYEPA,0.6333333333333333,0.4666666666666667,0.6059695473245296,0.0,0.3285802222182631,0.0,0.6714197777817369,False,6.84799358874449,4.5,NP_037372,,NP_594375.1,LKEFQDVYEPAEDTF,1.0,0.7333333333333333,,,,,,False,0.8032897866366189,,NP_037372,,NP_594375.1,GSGCASSFLKSGILK,0.6749999999999999,0.5333333333333333,,,,,,False,7.071327169662743,,NP_037372,
ENSG00000136045,PWP1,ENST00000412830,ENSP00000387365,ENSP00000387365,PWP1,ENST00000552760,ENSP00000448227,ENSP00000387365,YNQEEDSFYVHHDIL,,,True,5.0,-0.8359283854416475,DMKMGVLFCSSCCPD,,,True,5.5,0.3614476151864563,LSVEWLNFDPSPDDS,,,True,6.0,-1.564188128129604,NP_595889.1,YEPTEENLYVHHDFL,0.6944444444444445,0.5333333333333333,,,,,,False,0.9400608157511768,,NP_008993,,NP_595889.1,ADTTLKLWDLSTCNC,0.3484848484848484,0.2,,,,,,False,6.372206868862511,,NP_008993,,NP_595889.1,NYVAVGTFDPEIEIW,0.5666666666666667,0.2666666666666666,,,,,,False,0.9100283506587972,,NP_008993,
ENSG00000213782,DDX47,ENST00000352940,ENSP00000319578,ENSP00000350698,DDX47,ENST00000352940,ENSP00000319578,ENSP00000350698,EEEETKTFKDLGVTD,,,True,5.0,0.0597914658093293,AGNSFMIFCSTCNNT,,,True,5.5,6.011765682946313,RSGKAITFVTQYDVE,,,True,5.5,7.600397661626973,NP_593835.1,NNEAPKTFKELGVID,0.9,0.6,0.5325087225080524,0.0,0.659347262205242,0.0,0.3406527377947579,False,-1.10844207031065,6.0,NP_057439,,NP_593835.1,AGNSIIIFARTVNDT,0.6333333333333333,0.6,,,,,,False,6.065976924519625,,NP_057439,,NP_593835.1,RAGKSIALVTQYDLE,0.6666666666666666,0.6666666666666666,,,,,,False,1.2876766940004751,,NP_057439,
ENSG00000136003,ISCU,ENST00000311893,ENSP00000310623,ENSP00000310623,ISCU,ENST00000311893,ENSP00000310623,ENSP00000310623,VDARFKTFGCGSAIA,,,True,7.0,2.757375662575783,IKAALADYKLKQEPK,,,True,7.0,3.753746682387545,SSSLATEWVKGKTVE,,,True,7.5,9.401315586021772,NP_592967.1,EDVKFKTFGCGSAIA,1.0,0.8,,,,,,False,0.019651774132285,,NP_998760,,NP_592967.1,KDGVIEDVKFKTFGC,0.375,0.2,,,,,,False,3.959145277036681,,NP_998760,,NP_592967.1,SSSYVTTMVKGMTLE,0.6,0.6,,,,,,False,1.4893333525263177,,NP_998760,
ENSG00000103275,UBE2I,ENST00000355803,ENSP00000348056,ENSP00000380649,UBE2I,ENST00000355803,ENSP00000348056,ENSP00000380649,RMLFKDDYPSSPPKC,,,True,5.0,0.5902468505477109,ILEEDKDWRPAITIK,,,True,6.5,2.5773510787562066,PLFHPNVYPSGTVCL,,,True,6.5,0.8118401868190523,NP_593204.1,TMAFPEEYPTRPPKC,0.5666666666666667,0.5333333333333333,,,,,,False,-0.2159423932467428,,NP_003336,,NP_593204.1,ILNEEEGWKPAITIK,0.7055555555555556,0.6666666666666666,,,,,,False,2.9778638530083823,,NP_003336,,NP_593204.1,PLFHPNVYPSGTVCL,1.0,1.0,0.5691440449930926,0.0,0.2359032265052323,0.0,0.7640967734947677,True,0.8118401868190523,6.5,NP_003336,
ENSG00000071127,WDR1,ENST00000508079,ENSP00000425481,ENSP00000427687,WDR1,ENST00000508079,ENSP00000425481,ENSP00000427687,SDDNCAAFFEGPPFK,,,True,4.0,-0.1659861276978944,SHDGHINYWDSETGE,,,True,4.5,-0.2650494044657501,WSPDNEHFASGGMDM,,,True,5.5,3.2716559273753147,NP_593560.1,SDDNSINFFHGTPYR,0.6111111111111112,0.5333333333333333,,,,,,False,0.1971483160347751,,NP_059830,,NP_593560.1,SAGYSCKIWDANTGS,0.5,0.3333333333333333,,,,,,False,1.5450368642657186,,NP_059830,,NP_593560.1,YSPNDERFASAGADG,0.4583333333333333,0.5333333333333333,0.6350080995403,0.0,0.4437261825703094,0.0,0.5562738174296905,False,1.4047851996929834,5.5,NP_059830,
ENSG00000139133,ALG10,ENST00000541875,ENSP00000443142,ENSP00000266483,ALG10,ENST00000541875,ENSP00000443142,ENSP00000266483,VXEAGSMFFTLFAXF,transmembrane region,Helical,False,6.0,3.976793496726892,EFRKILQFLLAYSMS,topological domain,Cytoplasmic,True,6.0,2.4865883321599047,SPSKIKTFLSLVWKR,topological domain,Cytoplasmic,True,6.5,3.8130309527671327,NP_593221.1,YTDIGSTFFVLLAYD,0.6333333333333333,0.4,,,,,,False,1.4887436464479875,,NP_116223,XP_024304999,NP_593221.1,FNTIFHPFILADNRH,0.5873015873015873,0.2,,,,,,False,4.414203248297121,,NP_116223,XP_024304999,NP_593221.1,FSSSVSCFFSLWFRQ,0.5092592592592592,0.2666666666666666,0.5531545144077383,0.0,0.0992647702081611,0.0,0.9007352297918388,True,4.754147913520109,5.5,NP_116223,XP_024304999
ENSG00000065183,WDR3,ENST00000349139,ENSP00000308179,ENSP00000308179,WDR3,ENST00000349139,ENSP00000308179,ENSP00000308179,AKSEVMFFADATSHL,,,True,4.0,2.0219070552319303,EMEREAEYEESVAKE,,,True,4.0,0.7762597355978675,VKIWGLDFGDCHKSL,,,True,4.0,3.87083489183563,NP_595524.1,VGHDGTYFATASADH,0.5797619047619048,0.2,0.5793595302543398,0.0,0.2287289840258262,0.0,0.7712710159741737,True,-0.0116018310723449,5.0,NP_006775,,NP_595524.1,ESTLVSSYENAEADG,0.5416666666666666,0.2666666666666666,,,,,,False,2.3956079287027885,,NP_006775,,NP_595524.1,VKIWGLDFGDCHKSI,1.0,0.9333333333333332,0.2933139640649858,0.0,0.6178299928909885,0.0,0.3821700071090115,False,3.87083489183563,4.0,NP_006775,
ENSG00000101199,ARFGAP1,ENST00000519273,ENSP00000443716,ENSP00000359306,ARFGAP1,ENST00000519604,ENSP00000430500,ENSP00000359306,GNAKFREFLESQEDY,,,True,3.0,-1.9614641528456296,DQSFWETFGSAEPTK,,,True,4.0,0.9050031648632564,NSNIDQSFWETFGSA,,,True,4.0,-1.0887090592940656,NP_588186.2,ARNNGGSFLDQLSSN,0.3888888888888889,0.1333333333333333,0.3248638805821787,0.0,0.6687154988404881,0.0,0.3312845011595118,False,-0.0610995159559499,5.5,NP_060679,XP_006723886,NP_588186.2,GNSNAKTFLSTDPMF,0.5,0.3333333333333333,0.3623651211049825,0.0,0.4600743164838973,0.0,0.5399256835161027,False,4.294265682639727,5.0,NP_060679,XP_006723886,NP_588186.2,WSERQVKMMEVGGNS,0.3,0.2,,,,,,False,3.959183829826717,,NP_060679,XP_006723886
ENSG00000261236,BOP1,ENST00000569669,ENSP00000455106,ENSP00000455106,BOP1,ENST00000569669,ENSP00000455106,ENSP00000455106,PYEPAVDFFSGDVMI,,,True,4.0,4.554145445921829,RPRDLQPFPTCQALV,,,True,5.0,2.399267102516864,PRDPTPSFYDLWAQE,,,True,5.0,-0.5200787513425841,NP_596113.2,PYPDYDDFFTNTVRE,0.7000000000000001,0.4,0.2204660231381403,0.0,0.5112334238343401,0.0,0.4887665761656598,False,-0.5779990965529364,4.5,NP_056016,,NP_596113.2,TPSELRPFPTRCTNV,0.5666666666666667,0.4666666666666667,,,,,,False,4.051890127638472,,NP_056016,,NP_596113.2,ESQSNYADHDLWADD,0.5,0.2666666666666666,,,,,,False,1.1113796997385743,,NP_056016,
ENSG00000139343,SNRPF,ENST00000266735,ENSP00000266735,ENSP00000266735,SNRPF,ENST00000266735,ENSP00000266735,ENSP00000266735,QLANTEEYIDGALSG,,,True,5.0,4.499920374957688,WGMEYKGYLVSVDGY,,,True,6.5,-1.1878269407290516,IRCNNVLYIRGVEEE,,,True,7.0,-0.2385528880417368,NP_596101.1,QLLNAEELVDGVKTG,0.5166666666666667,0.5333333333333333,,,,,,False,3.723128081796261,,NP_003086,,NP_596101.1,WGQEYKGTLQSVDSY,0.5333333333333333,0.7333333333333333,,,,,,False,-2.1351096057683896,,NP_003086,,NP_596101.1,TGDLGEILIRCNNVL,0.3194444444444445,0.1333333333333333,,,,,,False,6.463285326392267,,NP_003086,
ENSG00000067225,PKM,ENST00000698741,ENSP00000513903,ENSP00000455901,PKM,ENST00000698741,ENSP00000513903,ENSP00000455901,HAAMADTFLEHMCRL,,,True,6.0,2.496953981659215,VKQKGADFLVTEVEN,,,True,6.0,-0.3922764153853616,KITLDNAYMEKCDEN,,,True,6.0,-1.2896912085993513,NP_594346.1,YPVEAVTYMAETARV,0.2630952380952381,0.2,,,,,,False,3.2635701300878712,,NP_001193725,XP_047288619,NP_594346.1,GETTKGSYPVEAVTY,0.3,0.1333333333333333,,,,,,False,4.969411736590232,,NP_001193725,XP_047288619,NP_594346.1,IFTTDDAYAEKCNDK,0.6527777777777778,0.4666666666666667,,,,,,False,3.55217392029002,,NP_001193725,XP_047288619
ENSG00000159131,GART,ENST00000381831,ENSP00000371253,ENSP00000371236,GART,ENST00000381831,ENSP00000371253,ENSP00000371236,LYKNRVEFDSAIDLV,,,True,3.0,1.2724485032953017,EPLFFLDYFSCGKLD,,,True,4.0,0.7296610985666603,EEVSCLCFTDGKTVA,,,True,4.5,4.443058769842768,NP_596304.1,SIMLNEEFGSAGKNV,0.6055555555555555,0.3333333333333333,0.7598691014968222,0.0,0.1300456976799704,0.0,0.8699543023200296,True,1.3391848423435089,4.5,NP_000810,,NP_596304.1,EPLIFLDYFATGSLD,0.5083333333333333,0.7333333333333333,,,,,,False,-0.4519447782145015,,NP_000810,,NP_596304.1,EELSILTFSDGYTCR,0.6749999999999999,0.5333333333333333,0.5497291610421773,0.0,0.3671066594277841,0.0,0.6328933405722158,False,0.787114812622975,4.0,NP_000810,
ENSG00000165916,PSMC3,ENST00000602866,ENSP00000473652,ENSP00000298852,PSMC3,ENST00000602866,ENSP00000473652,ENSP00000298852,TELTHEDYMEGILEV,,,True,4.0,0.0837815976968283,AKLVRDAFALAKEKA,,,True,5.5,3.2894086023550715,LARCTDDFNGAQCKA,,,True,5.5,0.706504439672502,XP_001713083.1,TKINHEHFMDGILEV,0.6180555555555555,0.6,0.6232291616389534,0.0,0.2936721212845018,0.0,0.7063278787154983,False,1.6996242538124302,5.5,NP_002795,,XP_001713083.1,AKLVRDAFALAKEKS,1.0,0.9333333333333332,,,,,,False,3.2894086023550715,,NP_002795,,XP_001713083.1,LARSTDEYNGAMLKS,0.5964285714285714,0.6,,,,,,False,0.0176735685237968,,NP_002795,
ENSG00000188603,CLN3,ENST00000637184,ENSP00000489952,ENSP00000490105,CLN3,ENST00000564091,ENSP00000454466,ENSP00000490105,CAGSRRRFSDSEGEE,topological domain,Cytoplasmic,True,6.0,0.9345359717578596,IPHNSSSRFDCNSVS,topological domain,Lumenal,False,6.5,4.753230752668376,LLWYXLFFWNTSLSH,topological domain,Lumenal,False,6.5,2.0338001872208022,NP_593598.1,LAISTVGSSDSSGIF,0.5277777777777778,0.4,,,,,,False,-0.7038793397451343,,NP_001035897,,NP_593598.1,SFLHLSSRYHSVSLP,0.5089285714285714,0.2666666666666666,,,,,,False,3.371342479608188,,NP_001035897,,NP_593598.1,SRSSISFFTVPYLRT,0.2845238095238095,0.2,,,,,,False,6.711525224376972,,NP_001035897,
ENSG00000172785,ZNG1A,ENST00000356521,ENSP00000348915,ENSP00000348915,ZNG1A,ENST00000356521,ENSP00000348915,ENSP00000348915,VAVILNEFGEGSALE,,,True,4.5,2.161225283788869,AELGSDIYLDGIITI,,,True,5.5,2.7315287284612464,DEEEDPAEEDCPELV,,,True,6.0,-1.4663818078993347,NP_596245.1,TLWSCLEEGEDEEFM,0.3388888888888888,0.2,,,,,,False,0.6421996381934237,,NP_060961,XP_047279549,NP_596245.1,DALKSDVKLDGIVTV,0.6833333333333332,0.5333333333333333,,,,,,False,0.6963653667292222,,NP_060961,XP_047279549,NP_596245.1,SLMEDVGGEELYEEW,0.3027777777777778,0.2666666666666666,,,,,,False,-0.6388185550129472,,NP_060961,XP_047279549
ENSG00000120705,ETF1,ENST00000499810,ENSP00000421288,ENSP00000353741,ETF1,ENST00000499810,ENSP00000421288,ENSP00000353741,YQGGDDEFFDLDDYG,,,True,3.0,-0.4516562073850244,AKMLADEFGTASNIK,,,True,4.0,8.051033371614954,SYGGENGFNQAIELS,,,True,5.5,-0.9735549241304956,NP_594680.1,EKKLIQRFFDEISLD,0.3999999999999999,0.2,,,,,,False,3.5433175566351576,,NP_004721,XP_047272888,NP_594680.1,SNMLAEEYGTASNIK,0.9047619047619048,0.7333333333333333,0.832971383513099,0.0,0.3096168004768636,0.0,0.6903831995231364,False,6.941819404687979,4.5,NP_004721,XP_047272888,NP_594680.1,SYGGDAGFNQAIELA,1.0,0.8,,,,,,False,-1.606901125977508,,NP_004721,XP_047272888
ENSG00000132383,RPA1,ENST00000254719,ENSP00000254719,ENSP00000254719,RPA1,ENST00000254719,ENSP00000254719,ENSP00000254719,ENQWVTCFQESAEAI,,,True,4.0,6.110135507304195,GQGDKPDYFSSVATV,,,True,4.0,-0.2071762065862831,IIGICKSYEDATKIT,,,True,5.0,1.0496751341109227,NP_595092.1,KLFSVNLLDESGEIR,0.4583333333333333,0.2666666666666666,,,,,,False,-0.2238629253171153,,NP_002936,,NP_595092.1,GMSETPDYFSLKGTI,0.5833333333333334,0.4666666666666667,0.418074487304406,0.0,0.2767925704921988,0.0,0.7232074295078013,False,1.6565997748460068,5.0,NP_002936,,NP_595092.1,GQLWLNVFDDVGKLI,0.3888888888888888,0.1333333333333333,0.5834009185054864,0.0,0.2614103972432398,0.0,0.7385896027567602,False,8.238183480556,7.0,NP_002936,
ENSG00000276726,DNAJA3,ENST00000612103,ENSP00000477570,ENSP00000477570,DNAJA3,ENST00000612103,ENSP00000477570,ENSP00000477570,FRKIFGEFSSSSFGD,,,True,4.5,0.5655236130173058,SSSSFGDFQTVFDQP,,,True,4.5,-0.3159605641751687,PFICTASFHTSAPLA,,,True,4.5,4.102811722509842,NP_587824.1,GAFKNGEFTGGDFEG,0.5333333333333333,0.2666666666666666,,,,,,False,0.0439110762815781,,NP_005138,,NP_587824.1,FIPPSFHMQTTCDSC,0.4791666666666667,0.2,,,,,,False,2.5576256377674365,,NP_005138,,NP_587824.1,GFAGASSFSSGFPGF,0.5,0.2666666666666666,0.4787627917543687,0.0,0.4346462320055933,0.0,0.5653537679944066,False,5.709752710388235,5.5,NP_005138,
ENSG00000103423,DNAJA3,ENST00000431375,ENSP00000393970,ENSP00000262375,DNAJA3,ENST00000431375,ENSP00000393970,ENSP00000262375,FRKIFGEFSSSSFGD,,,True,4.5,0.5655236130173058,SSSSFGDFQTVFDQP,,,True,4.5,-0.3159605641751687,PFICTASFHTSAPLA,,,True,4.5,4.102811722509842,NP_587824.1,GAFKNGEFTGGDFEG,0.5333333333333333,0.2666666666666666,,,,,,False,0.0439110762815781,,NP_005138,XP_047290831,NP_587824.1,FIPPSFHMQTTCDSC,0.4791666666666667,0.2,,,,,,False,2.5576256377674365,,NP_005138,XP_047290831,NP_587824.1,GFAGASSFSSGFPGF,0.5,0.2666666666666666,0.4787627917543687,0.0,0.4346462320055933,0.0,0.5653537679944066,False,5.709752710388235,5.5,NP_005138,XP_047290831
ENSG00000100029,PES1,ENST00000354694,ENSP00000346725,ENSP00000346725,PES1,ENST00000354694,ENSP00000346725,ENSP00000346725,VMATFTEFYTTLLGF,,,True,3.5,2.442846630997713,LLLPVAEYFSGVQLP,,,True,4.5,3.3525881465679817,IKERYPTFIDALRDL,,,True,4.5,3.4669453936918564,NP_596543.1,IMHTFLEFYQALMGF,0.5333333333333333,0.6,,,,,,False,3.6222367411416014,,NP_055118,,NP_596543.1,IMHTFLEFYQALMGF,0.3214285714285714,0.0666666666666666,,,,,,False,3.6222367411416014,,NP_055118,,NP_596543.1,IKERYPTFHDALKDI,0.6708333333333334,0.8,0.5919799832087592,0.0,0.7225054617128887,0.0,0.2774945382871113,False,3.6054284150068936,4.0,NP_055118,
ENSG00000080493,SLC4A4,ENST00000649996,ENSP00000497468,ENSP00000264485,SLC4A4,ENST00000649996,ENSP00000497468,ENSP00000264485,APFFASDFYDALNIQ,topological domain,Cytoplasmic,True,2.5,8.670231551628635,VLVGEVDFLDTPFIA,topological domain,Cytoplasmic,True,4.0,0.3938347147910678,TLMSDEVFHDIAYKA,topological domain,Cytoplasmic,True,5.0,4.877039751798128,NP_596793.1,LPYYKSDWIDACHYR,0.4943181818181818,0.3333333333333333,,,,,,False,6.514520272611548,,NP_001091954,XP_024310035,NP_596793.1,LPYYKSDWIDACHYR,0.4109848484848484,0.1333333333333333,,,,,,False,6.514520272611548,,NP_001091954,XP_024310035,NP_596793.1,TGPLLLVLHQIPQCV,0.4666666666666666,0.2666666666666666,,,,,,False,1.0651140677520594,,NP_001091954,XP_024310035
ENSG00000145331,TRMT10A,ENST00000394877,ENSP00000378343,ENSP00000273962,TRMT10A,ENST00000394877,ENSP00000378343,ENSP00000273962,VFEIILEYLETRDWQ,,,True,3.5,0.099096995480014,SSEMLPAFIETSNVD,,,True,4.5,9.331230222092737,EYLETRDWQEAFFTI,,,True,5.5,0.243768260134247,NP_593764.1,AKLPIDEYIKITDRK,0.5750000000000001,0.2666666666666666,,,,,,False,2.2511365635870937,,NP_689505,XP_047272374,NP_593764.1,YRDWEKAFMEVIPKR,0.4857142857142857,0.2,0.5675658670001557,0.0,0.5416756266296322,0.0,0.4583243733703677,False,4.079643561192825,6.5,NP_689505,XP_047272374,NP_593764.1,LWLEYRDWEKAFMEV,0.6,0.4666666666666667,,,,,,False,5.49571116213642,,NP_689505,XP_047272374
ENSG00000188566,NDOR1,ENST00000371521,ENSP00000360576,ENSP00000360576,NDOR1,ENST00000371521,ENSP00000360576,ENSP00000360576,VRPGSLAFPETPDTP,,,True,4.0,-2.076554367612624,EREKLLEFSSAQGQE,,,True,4.0,3.376031185384476,RWRDQDFYWEAEWQE,,,True,4.5,0.0516854654421756,NP_593046.2,IEYALDAFPVIRGRQ,0.3472222222222222,0.2,,,,,,False,3.1142329086654126,,NP_001137498,,NP_593046.2,HKERLQEFSSYKNID,0.6190476190476191,0.4,0.4108732541032749,0.0,0.3920062571472242,0.0,0.6079937428527759,False,8.240850672175405,6.0,NP_001137498,,NP_593046.2,RNKSMDFLFEKDWEK,0.4527777777777778,0.3333333333333333,,,,,,False,4.356511578586501,,NP_001137498,
ENSG00000184207,PGP,ENST00000333503,ENSP00000330918,ENSP00000330918,PGP,ENST00000333503,ENSP00000330918,ENSP00000330918,PGASLEVFGTAYCTA,,,True,5.0,3.9132484865382073,LEVFGTAYCTALYLR,,,True,5.5,1.8490506440446497,KKMVPDFYVDSIADL,,,True,5.5,3.6757351336426334,NP_596255.1,ADKKVFVLGEAGIED,0.425,0.2,,,,,,False,4.523249329366589,,NP_001035830,,NP_596255.1,EEIYPSAYSSATYVK,0.6666666666666666,0.3333333333333333,0.7165142921157251,0.0,0.369892351490257,0.0,0.630107648509743,False,7.219768973662015,5.0,NP_001035830,,NP_596255.1,APVVPDYYVESLAKL,0.8047619047619049,0.5333333333333333,0.4657901666546017,0.0,0.6001619251194812,0.0,0.3998380748805188,False,0.7438567966771643,5.5,NP_001035830,
ENSG00000138801,PAPSS1,ENST00000265174,ENSP00000265174,ENSP00000265174,PAPSS1,ENST00000265174,ENSP00000265174,ENSP00000265174,KKKKRMDYYDSEHHE,,,True,4.0,2.936756270698437,AWTVLTEYYKSLEKA,,,True,4.5,6.103774977771981,EHHEDFEFISGTRMR,,,True,4.5,3.003792934649673,NP_594718.1,EAPISPEIVVSSHTQ,0.1916666666666666,0.1333333333333333,,,,,,False,2.369635709681579,,NP_005434,XP_011530703,NP_594718.1,DRDQAREFHKKDGLP,0.4027777777777777,0.1333333333333333,,,,,,False,3.015504957413454,,NP_005434,XP_011530703,NP_594718.1,CVVAVTSFISPYRKD,0.6190476190476191,0.2666666666666666,0.3184417588813983,0.0,0.6260373083971407,0.0,0.3739626916028593,False,5.518838045691452,7.0,NP_005434,XP_011530703
ENSG00000089597,GANAB,ENST00000346178,ENSP00000340466,ENSP00000340466,GANAB,ENST00000346178,ENSP00000340466,ENSP00000340466,SWAXRSNFKTCEESS,,,True,4.0,6.131105184795323,PGAWEETFKTHSDSK,,,True,5.0,4.180307415267444,QMGAYQPFFRAHAHL,,,True,5.5,0.4297797074326244,NP_593490.1,QGAFRHQFKTAEQDG,0.5666666666666667,0.4,0.6773894456546191,0.0,0.2846030129963398,0.0,0.7153969870036603,False,2.0358651093245017,5.0,NP_938149,,NP_593490.1,NGMWDETFDNFHDSK,0.4444444444444444,0.5333333333333333,,,,,,False,3.1246041132570403,,NP_938149,,NP_593490.1,ETAIFYPFFRAHAHI,1.0,0.5333333333333333,,,,,,False,2.311649607828313,,NP_938149,
ENSG00000121073,SLC35B1,ENST00000514907,ENSP00000426961,ENSP00000240333,SLC35B1,ENST00000514907,ENSP00000426961,ENSP00000240333,EGAKQETFTFALTXT,transmembrane region,Helical,False,5.5,-0.5050168733617274,XDHMRAHYQTGSNHM,,,True,6.5,4.439622574989102,IITTTRKFFTILASV,,,True,6.5,3.1064395952621475,NP_595251.1,PSILKDMLLFACTGS,0.425,0.2,,,,,,False,1.219601646011052,,NP_005818,,NP_595251.1,GVSIFSYFQNTSSKG,0.2726190476190476,0.1333333333333333,,,,,,False,0.2216260971787058,,NP_005818,,NP_595251.1,TITLTRKIFTMLLSV,0.4916666666666667,0.6666666666666666,,,,,,False,2.24594288814372,,NP_005818,
ENSG00000164338,UTP15,ENST00000513824,ENSP00000424902,ENSP00000296792,UTP15,ENST00000509005,ENSP00000421669,ENSP00000296792,NSKEILTFKEHSDYV,,,True,5.0,-0.2993014219313315,SYKVVHSFDYAASIL,,,True,5.5,7.399855462842406,LEHTSDGFPENKKIE,,,True,6.0,-0.6755619171978963,NP_595197.1,CPYANTTFLSGSDDK,0.3611111111111111,0.2666666666666666,0.36455968494879,0.0,0.4740458068605666,0.0,0.5259541931394335,False,1.9475416269133548,4.5,NP_115551,XP_011541982,NP_595197.1,FDKALKSFCYSDALD,0.5277777777777778,0.2666666666666666,,,,,,False,2.418785275849215,,NP_115551,XP_011541982,NP_595197.1,TRLLSGGLDGHVKIY,0.2708333333333333,0.2666666666666666,,,,,,False,-0.3228791845620587,,NP_115551,XP_011541982
ENSG00000233418,DHX16,ENST00000451748,ENSP00000409091,ENSP00000389862,DHX16,ENST00000451748,ENSP00000409091,ENSP00000389862,TKAPEADYLEACVVS,,,True,4.0,3.0731380072127257,EEEETIEFVRATQLQ,,,True,4.0,-0.1135023180574254,TARFSTFFDDAPVFR,,,True,4.5,1.8753469333734367,NP_595686.2,TPQPEANYIQAAITT,0.6361111111111112,0.4,,,,,,False,5.3595130722753,,NP_003578,,NP_595686.2,LEAATNEFVEDYSSK,0.4444444444444444,0.3333333333333333,,,,,,False,-0.970377419322502,,NP_003578,,NP_595686.2,AEKFSAYFDEAPVFY,0.8047619047619049,0.5333333333333333,0.395287781617905,0.0,0.3744729413617074,0.0,0.6255270586382925,False,-1.5228175803405262,4.5,NP_003578,
ENSG00000233049,DHX16,ENST00000414052,ENSP00000406462,ENSP00000408956,DHX16,ENST00000414052,ENSP00000406462,ENSP00000408956,TKAPEADYLEACVVS,,,True,4.0,3.0731380072127257,EEEETIEFVRATQLQ,,,True,4.0,-0.1135023180574254,TARFSTFFDDAPVFR,,,True,4.5,1.8753469333734367,NP_595686.2,TPQPEANYIQAAITT,0.6361111111111112,0.4,,,,,,False,5.3595130722753,,NP_003578,,NP_595686.2,LEAATNEFVEDYSSK,0.4444444444444444,0.3333333333333333,,,,,,False,-0.970377419322502,,NP_003578,,NP_595686.2,AEKFSAYFDEAPVFY,0.8047619047619049,0.5333333333333333,0.395287781617905,0.0,0.3744729413617074,0.0,0.6255270586382925,False,-1.5228175803405262,4.5,NP_003578,
ENSG00000233561,DHX16,ENST00000449861,ENSP00000409558,ENSP00000390938,DHX16,ENST00000449861,ENSP00000409558,ENSP00000390938,TKAPEADYLEACVVS,,,True,4.0,3.0731380072127257,EEEETIEFVRATQLQ,,,True,4.0,-0.1135023180574254,TARFSTFFDDAPVFR,,,True,4.5,1.8753469333734367,NP_595686.2,TPQPEANYIQAAITT,0.6361111111111112,0.4,,,,,,False,5.3595130722753,,NP_003578,,NP_595686.2,LEAATNEFVEDYSSK,0.4444444444444444,0.3333333333333333,,,,,,False,-0.970377419322502,,NP_003578,,NP_595686.2,AEKFSAYFDEAPVFY,0.8047619047619049,0.5333333333333333,0.395287781617905,0.0,0.3744729413617074,0.0,0.6255270586382925,False,-1.5228175803405262,4.5,NP_003578,
ENSG00000231377,DHX16,ENST00000458094,ENSP00000393958,ENSP00000393958,DHX16,ENST00000458094,ENSP00000393958,ENSP00000393958,TKAPEADYLEACVVS,,,True,4.0,3.0731380072127257,EEEETIEFVRATQLQ,,,True,4.0,-0.1135023180574254,TARFSTFFDDAPVFR,,,True,4.5,1.8753469333734367,NP_595686.2,TPQPEANYIQAAITT,0.6361111111111112,0.4,,,,,,False,5.3595130722753,,NP_003578,,NP_595686.2,LEAATNEFVEDYSSK,0.4444444444444444,0.3333333333333333,,,,,,False,-0.970377419322502,,NP_003578,,NP_595686.2,AEKFSAYFDEAPVFY,0.8047619047619049,0.5333333333333333,0.395287781617905,0.0,0.3744729413617074,0.0,0.6255270586382925,False,-1.5228175803405262,4.5,NP_003578,
ENSG00000226171,DHX16,ENST00000445379,ENSP00000409038,ENSP00000396193,DHX16,ENST00000445379,ENSP00000409038,ENSP00000396193,TKAPEADYLEACVVS,,,True,4.0,3.0731380072127257,EEEETIEFVRATQLQ,,,True,4.0,-0.1135023180574254,TARFSTFFDDAPVFR,,,True,4.5,1.8753469333734367,NP_595686.2,TPQPEANYIQAAITT,0.6361111111111112,0.4,,,,,,False,5.3595130722753,,NP_003578,,NP_595686.2,LEAATNEFVEDYSSK,0.4444444444444444,0.3333333333333333,,,,,,False,-0.970377419322502,,NP_003578,,NP_595686.2,AEKFSAYFDEAPVFY,0.8047619047619049,0.5333333333333333,0.395287781617905,0.0,0.3744729413617074,0.0,0.6255270586382925,False,-1.5228175803405262,4.5,NP_003578,
ENSG00000206486,DHX16,ENST00000383576,ENSP00000373070,ENSP00000373071,DHX16,ENST00000383576,ENSP00000373070,ENSP00000373071,DTARFSTFFDGAPVF,,,True,4.0,12.259550818492048,TKAPEADYLEACVVS,,,True,4.0,3.0731380072127257,EEEETIEFVRATQLQ,,,True,4.0,-0.1135023180574254,NP_595686.2,DAEKFSAYFDEAPVF,0.5047619047619049,0.6,,,,,,False,9.7648306994015,,NP_003578,,NP_595686.2,TPQPEANYIQAAITT,0.6361111111111112,0.4,,,,,,False,5.3595130722753,,NP_003578,,NP_595686.2,LEAATNEFVEDYSSK,0.4444444444444444,0.3333333333333333,,,,,,False,-0.970377419322502,,NP_003578,
ENSG00000204560,DHX16,ENST00000376437,ENSP00000365620,ENSP00000365625,DHX16,ENST00000376437,ENSP00000365620,ENSP00000365625,TKAPEADYLEACVVS,,,True,4.0,3.0731380072127257,EEEETIEFVRATQLQ,,,True,4.0,-0.1135023180574254,TARFSTFFDDAPVFR,,,True,4.5,1.8753469333734367,NP_595686.2,TPQPEANYIQAAITT,0.6361111111111112,0.4,,,,,,False,5.3595130722753,,NP_003578,XP_011513241,NP_595686.2,LEAATNEFVEDYSSK,0.4444444444444444,0.3333333333333333,,,,,,False,-0.970377419322502,,NP_003578,XP_011513241,NP_595686.2,AEKFSAYFDEAPVFY,0.8047619047619049,0.5333333333333333,0.395287781617905,0.0,0.3744729413617074,0.0,0.6255270586382925,False,-1.5228175803405262,4.5,NP_003578,XP_011513241
ENSG00000109929,SC5D,ENST00000264027,ENSP00000264027,ENSP00000376539,SC5D,ENST00000527762,ENSP00000436290,ENSP00000376539,TWPEDDIFRQAISLL,transmembrane region,Helical,False,5.0,-0.1114841075184691,FDYNYGQYFTLWDRI,,,True,5.5,1.9490649563274656,HHTDHHMFFDYNYGQ,,,True,5.5,-1.034754495721066,NP_593135.1,PLARDNIVRQSISLF,0.6666666666666666,0.4666666666666667,,,,,,False,1.800817558414599,,NP_001020127,,NP_001018791.2,FNYNYGQFFTLFDRL,0.9166666666666666,0.7333333333333333,0.2767431841168487,0.0,0.4244986889091475,0.0,0.5755013110908525,False,1.8258009629006584,5.0,NP_001020127,,NP_001018791.2,HHAAHHMYFNYNYGQ,0.7658730158730158,0.7333333333333333,,,,,,False,-0.245398496920674,,NP_001020127,
ENSG00000114626,ABTB1,ENST00000483857,ENSP00000420748,ENSP00000232744,ABTB1,ENST00000232744,ENSP00000232744,ENSP00000232744,PFPCPDGFNSCPDIC,,,True,4.0,0.4963619045738087,RALLDDHFRESEEPA,,,True,4.0,-0.9466037579118032,KLVEREDFVEAVKEE,,,True,4.0,-0.5939312500133542,NP_593682.1,ITKQEEPIDSIYDIL,0.2718253968253968,0.2,,,,,,False,1.8411042002897504,,NP_742024,XP_016862774,NP_593682.1,HEIEVKHFAKEFESI,0.4916666666666667,0.2,,,,,,False,1.582763764377702,,NP_742024,XP_016862774,NP_593682.1,HLIDDPEFCELVKES,0.5064814814814814,0.4,0.4160035303875564,0.0,0.2163311977847586,0.0,0.7836688022152414,True,-1.7856864482975177,5.5,NP_742024,XP_016862774
ENSG00000122406,RPL5,ENST00000645300,ENSP00000495589,ENSP00000359345,RPL5,ENST00000645300,ENSP00000495589,ENSP00000359345,QPGAFTCYLDAGLAR,,,True,5.0,1.579821224205869,VAQKKASFLRAQERA,,,True,5.0,-0.7384881550006077,PDMMEEMYKKAHAAI,,,True,6.0,0.8228671814790796,NP_596399.1,GPRPFKVFLDVGLKR,0.5416666666666666,0.4666666666666667,0.4890717060116219,0.0,0.3056395113605967,0.0,0.6943604886394034,False,1.1239174310712068,6.5,NP_000960,,NP_596399.1,KIREDPSFQKSGKDA,0.4083333333333334,0.2,,,,,,False,-2.284177962017331,,NP_000960,,NP_596399.1,SDQLEDIYAEAYAKI,0.5333333333333333,0.4,0.6928349898095625,0.0,0.50579459823932,0.0,0.4942054017606799,False,-1.1996382146413516,4.0,NP_000960,
ENSG00000125166,GOT2,ENST00000245206,ENSP00000245206,ENSP00000245206,GOT2,ENST00000245206,ENSP00000245206,ENSP00000245206,PKTCGFDFTGAVEDI,,,True,4.5,3.146122777720519,WGNHTPIFRDAGMQL,,,True,4.5,2.888680209189816,KKRNLFAFFDMAYQG,,,True,5.5,10.827103755774306,NP_595481.1,IKGMLSDLTSAPDGS,0.5555555555555556,0.2666666666666666,,,,,,False,6.004508399077594,,NP_002071,,NP_595481.1,WGNHKNVFSRAGLTV,0.4333333333333333,0.4666666666666667,,,,,,False,0.7407655042644593,,NP_002071,,NP_595481.1,QKKNHFALLDMAYQG,0.6666666666666666,0.6666666666666666,,,,,,False,7.326482145323935,,NP_002071,
ENSG00000124198,ARFGEF2,ENST00000680871,ENSP00000505042,ENSP00000360985,ARFGEF2,ENST00000371917,ENSP00000360985,ENSP00000360985,ICDVFTQFYEALNEV,,,True,3.5,7.155760653241144,CNQGQTLFASADTAY,,,True,4.5,0.6128487179862079,LDFCEKEFVSALRTF,,,True,4.5,2.067351763752395,NP_594954.1,ILKQSWEFAESFNSD,0.525,0.2666666666666666,0.4475061201312539,0.0,0.4038884616131223,0.0,0.5961115383868777,False,4.6460185003515,4.0,NP_006411,XP_047295788,NP_594954.1,SLKHSKSFQSASTHS,0.5499999999999999,0.2666666666666666,0.5327749840406594,0.0,0.4725504744622534,0.0,0.5274495255377466,False,1.2517603607835524,4.0,NP_006411,XP_047295788,NP_594954.1,MSFNDIPFVNALRSF,0.6706349206349206,0.4666666666666667,,,,,,False,-0.4137154549800496,,NP_006411,XP_047295788
ENSG00000171858,RPS21,ENST00000343986,ENSP00000345957,ENSP00000345957,RPS21,ENST00000370592,ENSP00000359624,ENSP00000345957,MQNDAGEFVDLYVPR,,,True,5.5,3.4914396248832262,FNGQFKTYAICGAIR,,,True,6.5,-0.6220729809244946,TGRFNGQFKTYAICG,,,True,7.0,2.9233181440935825,NP_595852.1,MENEAGQLVDLYVPR,0.7333333333333334,0.7333333333333333,,,,,,False,5.32420090549858,,NP_001015,,NP_595852.1,IPGEKTTYAISGFVR,0.5694444444444444,0.4666666666666667,,,,,,False,3.286621748801829,,NP_001015,,NP_595852.1,GRQIPGEKTTYAISG,0.4333333333333333,0.4,,,,,,False,2.1057118048651104,,NP_001015,
ENSG00000169251,NMD3,ENST00000351193,ENSP00000307525,ENSP00000307525,NMD3,ENST00000351193,ENSP00000307525,ENSP00000307525,IHDGLDFYYSSKQHA,,,True,4.5,4.918021192050218,DTDDERQYQDFLEDL,,,True,5.0,-0.660315424107198,EIHDGLDFYYSSKQH,,,True,5.0,-2.9557429023634576,NP_593077.1,QSFQVEFYVNNTQCP,0.513888888888889,0.2,,,,,,False,-0.3826775248416102,,NP_057022,XP_005247568,NP_593077.1,QKAEDVKKQDIERQE,0.3,0.1333333333333333,,,,,,False,-0.7243048170588776,,NP_057022,XP_005247568,NP_593077.1,ETKDGIDFYFGQRAH,0.65,0.4666666666666667,,,,,,False,-0.9440957795232884,,NP_057022,XP_005247568
ENSG00000144744,UBA3,ENST00000361055,ENSP00000354340,ENSP00000354340,UBA3,ENST00000361055,ENSP00000354340,ENSP00000354340,HFNKIQDFNDTFYRQ,,,True,4.0,3.136457388981133,GPFTHPDFEPSTESL,,,True,5.0,0.5434277391091294,QWPKEQPFGEGVPLD,,,True,5.5,-0.5220701036263499,NP_592940.1,EVFEPLDGKNSNFEP,0.236111111111111,0.0666666666666666,,,,,,False,-1.2318128150098275,,NP_003959,XP_011532512,NP_592940.1,LDGKNSNFEPDNIRH,0.4027777777777778,0.2,,,,,,False,4.361166836673302,,NP_003959,XP_011532512,NP_592940.1,SLKKPGPFNLDAPEN,0.3472222222222221,0.2666666666666666,,,,,,False,4.305682999500885,,NP_003959,XP_011532512
ENSG00000083312,TNPO1,ENST00000680533,ENSP00000505688,ENSP00000336712,TNPO1,ENST00000680533,ENSP00000505688,ENSP00000336712,SLLDSEDYNTCEGAF,,,True,3.5,-1.0012680473918625,VIQDFIFFCDAVASW,,,True,4.5,-0.5939208304497642,DSFIENLFALAGDEE,,,True,5.0,-0.0857227996835916,NP_594385.1,AQELDRDFNGTRPLD,0.2801587301587301,0.1333333333333333,,,,,,False,-1.0384953109663313,,NP_002261,XP_005248558,NP_594385.1,CFDQIRPYCDALLVD,0.4345238095238095,0.2,0.6679911427479202,0.0,0.3786309688775067,0.0,0.6213690311224932,False,5.480318520741909,5.0,NP_002261,XP_005248558,NP_594385.1,DTFLETCYALATDVS,0.7195767195767195,0.4666666666666667,,,,,,False,4.806950530624501,,NP_002261,XP_005248558
ENSG00000039123,MTREX,ENST00000230640,ENSP00000230640,ENSP00000230640,MTREX,ENST00000230640,ENSP00000230640,ENSP00000230640,GDFREDNFNTAMQVL,,,True,4.5,6.657736836188006,RVLRRLGFATSSDVI,,,True,4.5,5.412093639057269,LEIDEETYLSSFKPH,,,True,4.5,-1.114586811187777,NP_593302.1,SNFREENFQRAMSAL,0.4666666666666666,0.5333333333333333,,,,,,False,1.1262333714813155,,NP_056175,,NP_593302.1,RVLRRLGFTTSDDVI,0.8333333333333334,0.8666666666666667,0.3026286424513739,0.0,0.9282585627895836,0.0,0.0717414372104162,False,5.316613165280421,4.5,NP_056175,,NP_593302.1,QELNEEEYVNSFKPS,0.5361111111111111,0.5333333333333333,,,,,,False,-1.4065974885519803,,NP_056175,
ENSG00000166794,PPIB,ENST00000681397,ENSP00000506584,ENSP00000300026,PPIB,ENST00000681397,ENSP00000506584,ENSP00000300026,KIEVEKPFAIAKEGG,,,True,5.5,2.618162304710757,DTNGSQFFITTVKTA,,,True,5.5,1.6455500401110932,KDTNGSQFFITTVKT,,,True,6.0,2.994019873291773,NP_596532.1,SRFPDENFKLSHQRP,0.2694444444444444,0.0666666666666666,,,,,,False,-1.7922924646723488,,NP_000933,,NP_596532.1,DSNGSQFFITTVKTP,1.0,0.8666666666666667,0.2450956050709632,0.0,0.1538463407814213,0.0,0.8461536592185787,True,1.6455500401110932,5.5,NP_000933,,NP_596532.1,PDSNGSQFFITTVKT,1.0,0.8666666666666667,,,,,,False,2.994019873291773,,NP_000933,
ENSG00000242372,EIF6,ENST00000675032,ENSP00000502429,ENSP00000502429,EIF6,ENST00000415116,ENSP00000415044,ENSP00000502429,AIGGSENFYSVFEGE,,,True,5.0,1.7297293347883325,DVLKVEVFRQTVADQ,,,True,7.0,0.7388321465380674,GMAVRASFENNCEIG,,,True,7.0,2.053002712466709,NP_588491.1,ALGGSENFYSVFEAE,1.0,0.8666666666666667,0.5537027064996293,0.0,0.0435860103560526,0.0,0.9564139896439474,True,2.4712296071117863,5.0,NP_001254739,,NP_588491.1,DVLDVEVFRQTVAGN,1.0,0.8,,,,,,False,-0.3061771217374999,,NP_001254739,,NP_588491.1,LVHPRTSIQEQDELS,0.3999999999999999,0.2,,,,,,False,-1.8103279838742128,,NP_001254739,
ENSG00000125454,SLC25A19,ENST00000416858,ENSP00000397818,ENSP00000397818,SLC25A19,ENST00000580273,ENSP00000463039,ENSP00000397818,ALSTGFMFFSYEFFC,transmembrane region,Helical; Name=6,False,6.0,3.2388343607462047,QKEGALGFFKGLSPS,,,True,6.0,2.590339646522821,ELVHRGSVYDAREFS,,,True,6.0,1.2313431224788969,NP_596636.2,LDTMRTKFASYAKTP,0.2833333333333332,0.2,0.3709977256481106,0.0,0.2102271146101051,0.0,0.7897728853898949,True,2.867433529868635,8.0,NP_001119593,XP_005257618,NP_596636.2,AEAGIKGFFPGLKFS,0.6428571428571429,0.4666666666666667,,,,,,False,1.2844537950948058,,NP_001119593,XP_005257618,NP_596636.2,VAELLYLVYGAAEFV,0.5555555555555555,0.3333333333333333,,,,,,False,9.161647882071188,,NP_001119593,XP_005257618
ENSG00000184640,SEPTIN9,ENST00000588575,ENSP00000468090,ENSP00000391249,SEPTIN9,ENST00000590059,ENSP00000466164,ENSP00000391249,ENTTHCEFAYLRDLL,,,True,6.0,1.4707552160016606,TVIDTPGFGDHINNE,,,True,6.0,3.021147787098277,STLINTLFKSKISRK,,,True,6.5,1.5144379511648989,NP_593159.1,DDENHCEFVFLRNFL,0.611111111111111,0.4666666666666667,,,,,,False,4.361193948236351,,NP_001106963,,NP_593159.1,NLIDTPGYGDQINND,0.7380952380952381,0.6666666666666666,0.4590312777045354,0.0,0.5580983401653553,0.0,0.4419016598346447,False,3.311992341421728,7.0,NP_001106963,,NP_593159.1,TLFSAHLMDSKGRLD,0.4388888888888889,0.2,,,,,,False,5.716453938428912,,NP_001106963,
ENSG00000096401,CDC5L,ENST00000371477,ENSP00000360532,ENSP00000360532,CDC5L,ENST00000371477,ENSP00000360532,ENSP00000360532,EKKPALGFYDTSEEN,,,True,3.0,3.1448765340389366,KKPALGFYDTSEENY,,,True,5.0,4.7280376442653775,PEDGMADYSDPSYVK,,,True,5.5,9.304780011532886,NP_593880.1,EKKPAIGFYDTSEED,1.0,0.8666666666666667,0.4219394043064901,0.0,0.7055378820753667,0.0,0.2944621179246333,False,3.636000376524296,3.0,NP_001244,XP_047275561,NP_593880.1,KKPAIGFYDTSEEDR,1.0,0.8,0.2514751366015092,0.0,0.5000045155948158,0.0,0.4999954844051842,False,2.8066735246866443,5.0,NP_001244,XP_047275561,NP_593880.1,KPKNDYELMEPRFAD,0.3083333333333333,0.0666666666666666,,,,,,False,2.6199543512366423,,NP_001244,XP_047275561
ENSG00000138814,PPP3CA,ENST00000394854,ENSP00000378323,ENSP00000378323,PPP3CA,ENST00000394854,ENSP00000378323,ENSP00000378323,PQHKITSFEEAKGLD,,,True,4.0,1.150937428482678,ECRHLTEYFTFKQEC,,,True,5.5,4.789538321430861,LGSEEDGFDGATAAA,,,True,5.5,-0.1316406550136608,NP_596178.1,IKNAINSFDDARKLD,0.5444444444444445,0.4,0.5897503960329925,0.0,0.6465934844496798,0.0,0.3534065155503202,False,3.0802617648065684,4.5,NP_000935,,NP_596178.1,ECAHLTDYFTFKLEC,0.6388888888888888,0.8,0.3399103681159507,0.0,0.2505351825454898,0.0,0.7494648174545102,False,4.789538321430861,5.5,NP_000935,,NP_596178.1,IKNAINSFDDARKLD,0.4388888888888888,0.2,0.5897503960329925,0.0,0.6465934844496798,0.0,0.3534065155503202,False,3.0802617648065684,4.5,NP_000935,
ENSG00000091483,FH,ENST00000683521,ENSP00000506864,ENSP00000355518,FH,ENST00000683521,ENSP00000506864,ENSP00000355518,SQSSNDTFPTAMHIA,,,True,4.5,3.653416511525796,AALTGLPFVTAPNKF,,,True,5.0,5.222202956795963,ETAIELGYLTAEQFD,,,True,5.0,-0.1540315888595385,NP_588397.3,SQSSNDTFPTVMHIA,0.8333333333333334,0.9333333333333332,0.7638254367359918,0.0,0.2553279418647193,0.0,0.7446720581352807,False,4.521680673121827,6.5,NP_000134,,NP_588397.3,HLRDSLMLVTALNPH,0.6,0.3333333333333333,,,,,,False,4.918024723054403,,NP_000134,,NP_588397.3,LGQEFSGYVTQVGYG,0.4527777777777777,0.2,0.366191943599099,0.0,0.4365702480913344,0.0,0.5634297519086655,False,-0.3427576873814228,7.5,NP_000134,
ENSG00000106636,YKT6,ENST00000679020,ENSP00000504623,ENSP00000223369,YKT6,ENST00000679020,ENSP00000504623,ENSP00000223369,QRSSVQEFMTFTSQL,,,True,5.5,0.4791780368675434,GTQSKAFYKTARKQN,,,True,6.0,-0.360361491626428,LGTQSKAFYKTARKQ,,,True,6.5,3.791613356667956,NP_596561.1,QRSSIGEFMNFFTKT,0.7000000000000001,0.5333333333333333,,,,,,False,1.941958080877084,,NP_006546,,NP_596561.1,STQSRMFYKSAKKQN,0.875,0.6666666666666666,0.4325594907715217,0.0,0.2942585267534896,0.0,0.7057414732465104,False,0.3390898860086789,6.0,NP_006546,,NP_596561.1,LSTQSRMFYKSAKKQ,0.575,0.6666666666666666,,,,,,False,3.944118642475604,,NP_006546,
ENSG00000075089,ACTR6,ENST00000188312,ENSP00000188312,ENSP00000188312,ACTR6,ENST00000188312,ENSP00000188312,ENSP00000188312,KEMYQVDFLDTNIII,,,True,4.0,2.6704320084785937,LISENDDFEDMVVTR,,,True,5.0,0.9890332681448112,ESMNEILFEEYQFQA,,,True,6.0,-5.49746716143416,NP_588104.1,GGKLLTNYLKEVISY,0.3658730158730159,0.1333333333333333,,,,,,False,6.560342324205683,,NP_071941,,NP_588104.1,CYVSQNFKEDMEICH,0.4416666666666666,0.2,,,,,,False,3.065781448649667,,NP_071941,,NP_588104.1,HNTIQLVFEEFQFDA,0.7916666666666666,0.4,0.5590583061291418,0.0,0.4656994254326375,0.0,0.5343005745673625,False,-1.302274966261271,6.5,NP_071941,
ENSG00000175792,RUVBL1,ENST00000472125,ENSP00000417370,ENSP00000318297,RUVBL1,ENST00000322623,ENSP00000318297,ENSP00000318297,VEEISELFYDAKSSA,,,True,2.0,-0.6107717615370069,VEAGDVIYIEANSGA,,,True,4.0,-2.828098694647915,TEVLMENFRRAIGLR,,,True,6.0,2.4009547310062294,NP_594783.1,IEECNDLFLDARRSA,0.5916666666666667,0.5333333333333333,0.7312785568847167,0.0,0.2743630132145001,0.0,0.7256369867854998,False,0.985486252682445,4.0,NP_003698,XP_016862845,NP_594783.1,VSTGDVIYIEANTGA,0.8666666666666667,0.8,0.9142387825570748,0.0,0.2507434594449401,0.0,0.7492565405550597,False,-2.199133215233613,4.0,NP_003698,XP_016862845,NP_594783.1,TEALMENFRRAIGLR,1.0,0.9333333333333332,,,,,,False,2.4009547310062294,,NP_003698,XP_016862845
ENSG00000141252,VPS53,ENST00000574029,ENSP00000459159,ENSP00000401435,VPS53,ENST00000681160,ENSP00000504905,ENSP00000401435,GQQILADFEEAFPSQ,,,True,3.5,1.0745510686911044,FEPHLYVYIESQDKN,,,True,4.5,2.724208111126086,MEEEELEFVEELEAV,,,True,5.0,-1.7130682308534344,NP_593341.1,FVKKTPQLEESSPIF,0.5416666666666666,0.2,,,,,,False,-0.9595827759237028,,NP_001121631,XP_047292301,NP_593341.1,DRLSLQVFVASLEQT,0.5666666666666667,0.2,,,,,,False,1.489437495897194,,NP_001121631,XP_047292301,NP_593341.1,IGNNEFKFVETLHEL,0.5,0.3333333333333333,0.4735577667430343,0.0,0.6829549697830853,0.0,0.3170450302169146,False,5.288737841113857,6.0,NP_001121631,XP_047292301
ENSG00000174851,YIF1A,ENST00000376901,ENSP00000366098,ENSP00000366098,YIF1A,ENST00000376901,ENSP00000366098,ENSP00000366098,APDPPPLFDDTSGGY,topological domain,Cytoplasmic,True,5.0,0.297266125281715,VSVSKLKYFFAVDTA,topological domain,Cytoplasmic,True,5.5,0.8154118500052552,GGGGGMAYHSGYGAH,topological domain,Cytoplasmic,True,6.0,1.6766270638162903,NP_596360.1,NMRVNTRYEPTAGFS,0.3809523809523809,0.1333333333333333,,,,,,False,8.274279388680473,,NP_065203,,NP_596360.1,SRRIYFLFFIAASQI,0.3333333333333333,0.1333333333333333,,,,,,False,4.987060632665506,,NP_065203,,NP_596360.1,TRYEPTAGFSGTSVP,0.3888888888888889,0.2,,,,,,False,5.4324967803506246,,NP_065203,
ENSG00000172766,NAA16,ENST00000379406,ENSP00000368716,ENSP00000368716,NAA16,ENST00000379406,ENSP00000368716,ENSP00000368716,ASLKTCDFFSPYENG,,,True,4.0,5.133183697492816,RNAENWCYYEGLEKA,,,True,4.0,1.8070503146768,CHEVERHFFEITDDQ,,,True,4.5,3.002702747086333,NP_588160.1,SLRTYLDLMSWEDSV,0.3282828282828282,0.1333333333333333,,,,,,False,-0.2177196104280291,,NP_078837,XP_006719929,NP_588160.1,YVQAAKCYINAHKLE,0.325,0.1333333333333333,,,,,,False,2.515638250552458,,NP_078837,XP_006719929,NP_588160.1,YYFLAQHFDHVGELE,0.4416666666666666,0.1333333333333333,,,,,,False,4.667892382474204,,NP_078837,XP_006719929
ENSG00000144535,DIS3L2,ENST00000273009,ENSP00000273009,ENSP00000315569,DIS3L2,ENST00000273009,ENSP00000273009,ENSP00000315569,PQQSLKSYNDSPDVI,,,True,4.0,4.296131618380763,QMGLPVDFSSAGALN,,,True,4.0,1.2898120915088154,LRINPKKFHEAFIPS,,,True,4.5,2.4022659221783567,NP_594510.1,GVIEGKSWDDAVGKP,0.4053030303030303,0.2,,,,,,False,2.5219391166499814,,NP_689596,,NP_594510.1,SMNFDFDASSSAAFN,0.625,0.4,,,,,,False,6.448332740403785,,NP_689596,,NP_594510.1,ASLTETKTEKAKVKP,0.425,0.1333333333333333,,,,,,False,2.778874258120827,,NP_689596,
ENSG00000092108,SCFD1,ENST00000676658,ENSP00000503347,ENSP00000390783,SCFD1,ENST00000676658,ENSP00000503347,ENSP00000390783,YESYYLNFISAISRS,,,True,4.5,0.1504109116330172,VPRNKNPFQEAIVFV,,,True,4.5,-1.7525615012757176,MASAPASYGSTTTKP,,,True,5.0,1.436041694895631,NP_588374.1,GIGGLENIISGVRNL,0.4666666666666666,0.2,,,,,,False,4.219256448463277,,NP_057190,,NP_588374.1,AMNKRQTFSEAIVCV,0.6333333333333333,0.4,0.5795170495174209,0.0,0.4224307826194033,0.0,0.5775692173805966,False,-1.6983269618503547,4.0,NP_057190,,NP_588374.1,NPKKRIIYGSTDILS,0.5416666666666666,0.2666666666666666,0.3801623679662987,0.0,0.5026876102755108,0.0,0.4973123897244892,False,4.046878155194011,6.0,NP_057190,
ENSG00000137513,NARS2,ENST00000281038,ENSP00000281038,ENSP00000281038,NARS2,ENST00000281038,ENSP00000281038,ENSP00000281038,NNFLIISYTEAVEIL,,,True,3.5,0.3911281448940024,MIEAEISFVDSLQDL,,,True,4.0,-0.4289367229051198,LDSRELNFGSSVEVQ,,,True,4.5,6.380322191580083,NP_595079.1,KPWKCMTYSEAIEEL,0.7416666666666667,0.3333333333333333,0.3557269324372396,0.0,0.6123630842032152,0.0,0.3876369157967848,False,0.1535672849039486,3.5,NP_078954,XP_011543555,NP_595079.1,MLEAEVAFMTSLSQL,0.375,0.5333333333333333,0.5421284189784227,0.0,0.5860504377171449,0.0,0.4139495622828551,False,-0.5043603539762,4.5,NP_078954,XP_011543555,NP_595079.1,EQSKKLSYGASVNIE,0.4880952380952381,0.3333333333333333,,,,,,False,2.588600645574314,,NP_078954,XP_011543555
ENSG00000136731,UGGT1,ENST00000259253,ENSP00000259253,ENSP00000259253,UGGT1,ENST00000259253,ENSP00000259253,ENSP00000259253,TSENESGFWDSFKWG,,,True,4.0,0.5653315804221287,SQEKFWNFVEASQNI,,,True,4.5,1.1642894755194644,LVVDKFLFVDADQIV,,,True,4.5,1.2478394674725082,NP_595281.1,EDLSSHKFFDKIKKS,0.4611111111111111,0.2,,,,,,False,2.091866999116756,,NP_064505,XP_047301081,NP_595281.1,LELHKVIYVDADQIV,0.501984126984127,0.2,0.6973737177274048,0.0,0.2858030313719463,0.0,0.7141969686280538,False,-0.0394553150746055,5.0,NP_064505,XP_047301081,NP_595281.1,LELHKVIYVDADQIV,0.8214285714285715,0.6,0.6973737177274048,0.0,0.2858030313719463,0.0,0.7141969686280538,False,-0.0394553150746055,5.0,NP_064505,XP_047301081
ENSG00000155957,TMBIM4,ENST00000633367,ENSP00000488909,ENSP00000350965,TMBIM4,ENST00000633367,ENSP00000488909,ENSP00000350965,SIEDDFNYGSSVASA,topological domain,Cytoplasmic,True,5.0,0.8491113274205943,RSSIEDDFNYGSSVA,topological domain,Cytoplasmic,True,5.5,3.2062080021026933,YIILQXDFSKFGAGX,topological domain;transmembrane region,Cytoplasmic;Helical,False,7.5,2.114987650774103,NP_588431.1,APPAYSEYNESATEN,0.3333333333333333,0.1333333333333333,0.5240911772676744,0.0,0.391866091174561,0.0,0.608133908825439,False,2.9636121498117705,4.0,NP_057140,,NP_588431.1,APPAYSEYNESATEN,0.2714285714285714,0.0666666666666666,0.5240911772676744,0.0,0.391866091174561,0.0,0.608133908825439,False,2.9636121498117705,4.0,NP_057140,,NP_588431.1,TFQSKWDFSRLGGFL,0.5666666666666667,0.2666666666666666,,,,,,False,1.161284728630029,,NP_057140,
ENSG00000104408,EIF3E,ENST00000678042,ENSP00000503596,ENSP00000220849,EIF3E,ENST00000678042,ENSP00000503596,ENSP00000220849,YKDPITEFVECLYVN,,,True,3.5,5.673708350270447,KHGFRQEYLDTLYRY,,,True,4.5,1.6552793430022024,LVFPLLEFLSVKEIY,,,True,5.0,4.916399377999481,NP_595367.1,YSDPVTSFISALYTE,0.4583333333333333,0.4666666666666667,0.5685077112326975,0.0,0.3235158872158669,0.0,0.6764841127841331,False,3.607525110114991,4.0,NP_001559,,NP_595367.1,CLRECEEVLKTDFFL,0.5083333333333333,0.2,,,,,,False,1.3548791846828228,,NP_001559,,NP_595367.1,LIFPLLEFLSLRQTH,0.775,0.6,0.3188151027216062,0.0,0.3660557575214511,0.0,0.6339442424785489,False,4.134207820949713,6.0,NP_001559,
ENSG00000107021,TBC1D13,ENST00000372648,ENSP00000361731,ENSP00000361731,TBC1D13,ENST00000372648,ENSP00000361731,ENSP00000361731,LCPDISFFQRATDYP,,,True,5.5,1.9264154536738392,NEIVGPLYYTFATDP,,,True,6.0,6.626616795864988,VSREDVTFEDHPLNP,,,True,6.0,-0.4743328542217004,NP_594819.2,TLPDLSFFQGKSEIN,0.4777777777777777,0.4,,,,,,False,4.511881304395596,,NP_060671,XP_005252117,NP_594819.2,NEILAPLYYVLATDP,0.6666666666666666,0.7333333333333333,,,,,,False,6.6047867120628645,,NP_060671,XP_005252117,NP_594819.2,VLATDPTYENYYLCE,0.6468253968253969,0.3333333333333333,,,,,,False,-2.787258021117728,,NP_060671,XP_005252117
ENSG00000110871,COQ5,ENST00000288532,ENSP00000288532,ENSP00000288532,COQ5,ENST00000288532,ENSP00000288532,ENSP00000288532,RFPSQEEFKDMIEDA,,,True,4.5,0.7237502545214034,AAETHFGFETVSEEE,,,True,6.0,4.583064382056909,DDDKFDIYTIAFGIR,,,True,6.0,0.1184209691231314,NP_587834.1,SHMTHFGFKDVPEDE,0.6527777777777778,0.3333333333333333,0.749503519163758,0.0,0.4249912068563887,0.0,0.5750087931436113,False,4.193075451767244,5.5,NP_115690,,NP_587834.1,SHMTHFGFKDVPEDE,0.6722222222222222,0.5333333333333333,0.749503519163758,0.0,0.4249912068563887,0.0,0.5750087931436113,False,4.193075451767244,5.5,NP_115690,,NP_587834.1,PDNSIDMYTIAFGIR,0.8666666666666667,0.6666666666666666,,,,,,False,3.2804619594248643,,NP_115690,
ENSG00000281289,LSS,ENST00000630343,ENSP00000486113,ENSP00000486113,LSS,ENST00000630343,ENSP00000486113,ENSP00000486113,DGGWGEDFESCEERR,,,True,2.5,4.425684072506907,DIMIDYTYVECTSAV,,,True,3.5,-0.7661581467020684,GGHHRPEFSSCLQKA,,,True,4.0,0.9199633999196468,NP_593702.2,LVQSLPDFEKLVDIP,0.513888888888889,0.2,,,,,,False,2.114528510309279,,NP_001001438,,NP_593702.2,NIMVEYSYPECTTSV,0.5273809523809524,0.5333333333333333,0.4926344707550429,0.0,0.839117005782124,0.0,0.160882994217876,False,2.9363162300117533,4.0,NP_001001438,,NP_593702.2,NSLGAWPFSNITQGY,0.4623015873015872,0.2,,,,,,False,4.89142344195385,,NP_001001438,
ENSG00000163161,ERCC3,ENST00000285398,ENSP00000285398,ENSP00000285398,ERCC3,ENST00000285398,ENSP00000285398,ENSP00000285398,IPMDLFDFYEQMDKD,,,True,3.5,2.4730098642053417,DDTVYMEYHSSRSKA,,,True,3.5,2.573924653994057,VAPDGHIFLEAFSPV,,,True,4.0,-1.7825877597439674,NP_593474.1,ACQFLIDYHEKRGDK,0.4519841269841271,0.2,,,,,,False,1.3028709993440264,,NP_000113,XP_011509096,NP_593474.1,DNMAYVEYNKSANKQ,0.5555555555555555,0.4,,,,,,False,6.352451649656527,,NP_000113,XP_011509096,NP_593474.1,NPIDGRIILEAFSPL,0.8333333333333334,0.6,,,,,,False,-2.5900136734680763,,NP_000113,XP_011509096
ENSG00000111361,EIF2B1,ENST00000537073,ENSP00000444183,ENSP00000416250,EIF2B1,ENST00000537073,ENSP00000444183,ENSP00000416250,DDKELIEYFKSQMKE,,,True,5.0,5.541573936776317,ASLEYSDYSKCKKIM,,,True,6.0,1.082672479844819,AKAQNKPFYVVAESF,,,True,6.5,5.443458900385446,NP_588203.1,GEFDIVQVYKKFLQD,0.3464285714285713,0.0666666666666666,,,,,,False,0.4532706547852715,,NP_001405,,NP_588203.1,SLHDVGDFEQCKRHL,0.5166666666666667,0.2,,,,,,False,0.1249893780935742,,NP_001405,,NP_588203.1,AKHAHKPFYAVAESH,0.8333333333333334,0.6666666666666666,,,,,,False,5.465617118837112,,NP_001405,
ENSG00000145833,DDX46,ENST00000452510,ENSP00000416534,ENSP00000346236,DDX46,ENST00000452510,ENSP00000416534,ENSP00000346236,ALQRISEYSEAAITI,,,True,4.0,11.172001010507731,LLELLGHYQESGSVI,,,True,5.0,5.009327217839388,ESGSVIIFVDKQEHA,,,True,5.0,1.2029695908024514,NP_587856.1,VFVDRQESADALLSD,0.4305555555555555,0.1333333333333333,,,,,,False,-0.7902482200241813,,NP_055644,,NP_587856.1,KYSYEKRYQERDREY,0.4333333333333333,0.2,,,,,,False,-0.8413066962045807,,NP_055644,,NP_587856.1,LDVRTLVFVDRQESA,0.8583333333333334,0.4,,,,,,False,2.7763414231610186,,NP_055644,
ENSG00000151093,OXSM,ENST00000452098,ENSP00000392334,ENSP00000280701,OXSM,ENST00000452098,ENSP00000392334,ENSP00000280701,GQFNEQNFVSKSDIK,,,True,6.0,1.2666765204351145,AVLVLEEYEHAVQRR,,,True,6.0,5.379827289385454,VQPEEISYINAHATS,,,True,6.0,-0.0261499113045262,NP_596487.1,AIGDAFNFIKLGHAD,0.3541666666666667,0.1333333333333333,,,,,,False,6.942737221320614,,NP_060367,XP_006713280,NP_596487.1,AALVLEELEHAKNRN,0.625,0.6666666666666666,,,,,,False,9.512601369238809,,NP_060367,XP_006713280,NP_596487.1,LSASQLDYINAHATS,0.8333333333333334,0.5333333333333333,,,,,,False,-0.5172737537898852,,NP_060367,XP_006713280
ENSG00000134900,TPP2,ENST00000376052,ENSP00000365220,ENSP00000365233,TPP2,ENST00000376052,ENSP00000365220,ENSP00000365233,KSTVLRNYKEAQEYG,,,True,4.0,4.178910981953815,EAQEYGSFGTAEMLN,,,True,4.0,2.238498274509693,LDSLAETFWETTKWT,,,True,4.0,1.6950936593700918,NP_594951.1,LKYLQSSYKNSLEVQ,0.5833333333333334,0.2,,,,,,False,4.855750428838928,,NP_003282,XP_047286536,NP_594951.1,VAQEWSTFGSLDLLS,0.45,0.4,0.3273226113597711,0.0,0.3149308903772252,0.0,0.6850691096227749,False,1.947486835014348,6.5,NP_003282,XP_047286536,NP_594951.1,NYWHDIVFVETVKRV,0.5416666666666666,0.2666666666666666,0.4567170709049722,0.0,0.5386966608182253,0.0,0.4613033391817747,False,-1.0986071125072083,5.5,NP_003282,XP_047286536
ENSG00000162623,TYW3,ENST00000457880,ENSP00000407025,ENSP00000359904,TYW3,ENST00000457880,ENSP00000407025,ENSP00000359904,FLNMRDQFFTTSSCA,,,True,4.0,1.7065761909735948,LNMRDQFFTTSSCAG,,,True,5.5,2.460544985793254,KLMVTEEYIDFLLNV,,,True,6.0,3.571712724177369,NP_594475.1,TASEKLQFYITREYM,0.5297619047619048,0.2,,,,,,False,0.483683804850645,,NP_612476,XP_006710410,NP_594475.1,INSHPDWVTTSSCSG,0.6401515151515151,0.4666666666666667,,,,,,False,0.6044508361794122,,NP_612476,XP_006710410,NP_594475.1,QFYITREYMCFLFKR,0.4777777777777778,0.3333333333333333,,,,,,False,0.3556282826115722,,NP_612476,XP_006710410
ENSG00000121211,MND1,ENST00000509752,ENSP00000427559,ENSP00000240488,MND1,ENST00000509752,ENSP00000427559,ENSP00000240488,RTRMMEIFSETKDVF,,,True,4.0,5.294734261341875,LKAEVEKYKDCDPQV,,,True,5.5,0.9291527021125464,ERIGTSNYYWAFPSK,,,True,6.0,1.380323666642197,NP_592991.1,RRRLEAIFHDSKDFF,0.576388888888889,0.4666666666666667,0.5837433952895973,0.0,0.4039230860925188,0.0,0.5960769139074812,False,-0.180433185934082,3.5,NP_115493,XP_005263332,NP_592991.1,KNENTKKYMEAANLW,0.3111111111111111,0.1333333333333333,0.5954134818344158,0.0,0.6552125444724677,0.0,0.3447874555275322,False,7.750383260221035,5.5,NP_115493,XP_005263332,NP_592991.1,EKIGTSNYYWSFPSD,0.875,0.8,,,,,,False,1.15077246245367,,NP_115493,XP_005263332
ENSG00000160075,SSU72,ENST00000291386,ENSP00000291386,ENSP00000291386,SSU72,ENST00000291386,ENSP00000291386,ENSP00000291386,DKPNVYDFKTTYDQM,,,True,3.5,3.7980265780690887,IDELLQEFEEKSGRT,,,True,5.0,2.14509772715725,RGFSVRSFGTGTHVK,,,True,6.0,8.103042757473666,NP_594076.1,FPSIMADFQSNHPKL,0.3845238095238095,0.1333333333333333,0.2301818465439241,0.0,0.5756193692958114,0.0,0.4243806307041887,False,2.65001602488106,6.0,NP_054907,,NP_594076.1,YDEIYKELEAQDSRL,0.325,0.3333333333333333,,,,,,False,-0.8465680048679153,,NP_054907,,NP_594076.1,AGYQVDSFGTGSAVR,0.75,0.5333333333333333,0.5423028013413013,0.0,0.5036963393369689,0.0,0.4963036606630311,False,4.966701338994754,5.5,NP_054907,
ENSG00000225682,DXO,ENST00000427690,ENSP00000406143,ENSP00000394167,DXO,ENST00000427690,ENSP00000406143,ENSP00000394167,YAFLPIWYVEAMTQD,,,True,4.5,-0.6144987173338486,GFRNPDGFVSSLKTF,,,True,6.0,0.2289813058217024,FCAAFLSFAQSTVVQ,,,True,6.5,2.425403175123755,NP_594904.1,AENPNLHYVELKTSK,0.5833333333333334,0.2666666666666666,0.4546225982010081,0.0,0.4740450557262976,0.0,0.5259549442737024,False,-0.299589190720727,6.5,NP_005501,,NP_594904.1,SFLTWRGLITKIMCA,0.2916666666666667,0.1333333333333333,,,,,,False,2.6389009358214413,,NP_005501,,NP_594904.1,RKKLLKYWAQSFLLG,0.5091991341991342,0.2,,,,,,False,5.328318051429687,,NP_005501,
ENSG00000236765,DXO,ENST00000458308,ENSP00000400173,ENSP00000401315,DXO,ENST00000458308,ENSP00000400173,ENSP00000401315,YAFLPIWYVEAMTQD,,,True,4.5,-0.6144987173338486,GFRNPDGFVSSLKTF,,,True,6.0,0.2289813058217024,STQPPTCYVELKTSK,,,True,6.5,-0.7511342286209092,NP_594904.1,AENPNLHYVELKTSK,0.5833333333333334,0.2666666666666666,0.4546225982010081,0.0,0.4740450557262976,0.0,0.5259549442737024,False,-0.299589190720727,6.5,NP_005501,,NP_594904.1,SFLTWRGLITKIMCA,0.2916666666666667,0.1333333333333333,,,,,,False,2.6389009358214413,,NP_005501,,NP_594904.1,AENPNLHYVELKTSK,0.7708333333333334,0.6,0.4546225982010081,0.0,0.4740450557262976,0.0,0.5259549442737024,False,-0.299589190720727,6.5,NP_005501,
ENSG00000224313,DXO,ENST00000443250,ENSP00000415675,ENSP00000395262,DXO,ENST00000443250,ENSP00000415675,ENSP00000395262,YAFLPIWYVEAMTQD,,,True,4.5,-0.6144987173338486,GFRNPDGFVSSLKTF,,,True,6.0,0.2289813058217024,FCAAFLSFAQSTVVQ,,,True,6.5,2.425403175123755,NP_594904.1,AENPNLHYVELKTSK,0.5833333333333334,0.2666666666666666,0.4546225982010081,0.0,0.4740450557262976,0.0,0.5259549442737024,False,-0.299589190720727,6.5,NP_005501,,NP_594904.1,SFLTWRGLITKIMCA,0.2916666666666667,0.1333333333333333,,,,,,False,2.6389009358214413,,NP_005501,,NP_594904.1,RKKLLKYWAQSFLLG,0.5091991341991342,0.2,,,,,,False,5.328318051429687,,NP_005501,
ENSG00000206346,DXO,ENST00000399936,ENSP00000382818,ENSP00000382819,DXO,ENST00000399936,ENSP00000382818,ENSP00000382819,YAFLPIWYVEAMTQD,,,True,4.5,-0.6144987173338486,GFRNPDGFVSSLKTF,,,True,6.0,0.2289813058217024,FCAAFLSFAQSTVVQ,,,True,6.5,2.425403175123755,NP_594904.1,AENPNLHYVELKTSK,0.5833333333333334,0.2666666666666666,0.4546225982010081,0.0,0.4740450557262976,0.0,0.5259549442737024,False,-0.299589190720727,6.5,NP_005501,,NP_594904.1,SFLTWRGLITKIMCA,0.2916666666666667,0.1333333333333333,,,,,,False,2.6389009358214413,,NP_005501,,NP_594904.1,RKKLLKYWAQSFLLG,0.5091991341991342,0.2,,,,,,False,5.328318051429687,,NP_005501,
ENSG00000234798,DXO,ENST00000419797,ENSP00000391532,ENSP00000391349,DXO,ENST00000419797,ENSP00000391532,ENSP00000391349,YAFLPIWYVEAMTQD,,,True,4.5,-0.6144987173338486,GFRNPDGFVSSLKTF,,,True,6.0,0.2289813058217024,FCAAFLSFAQSTVVQ,,,True,6.5,2.425403175123755,NP_594904.1,AENPNLHYVELKTSK,0.5833333333333334,0.2666666666666666,0.4546225982010081,0.0,0.4740450557262976,0.0,0.5259549442737024,False,-0.299589190720727,6.5,NP_005501,,NP_594904.1,SFLTWRGLITKIMCA,0.2916666666666667,0.1333333333333333,,,,,,False,2.6389009358214413,,NP_005501,,NP_594904.1,RKKLLKYWAQSFLLG,0.5091991341991342,0.2,,,,,,False,5.328318051429687,,NP_005501,
ENSG00000178445,GLDC,ENST00000638661,ENSP00000491369,ENSP00000370737,GLDC,ENST00000321612,ENSP00000370737,ENSP00000370737,HQLQHDLFFDTLKIQ,,,True,4.5,0.9689600230401396,TEGKVEDFTELVERA,,,True,4.5,-0.9409052524859662,DKAELDRFCDAMISI,,,True,5.0,8.137300974139928,NP_592832.2,KIVNKSHFFDTLTIE,0.5708333333333333,0.4,0.3714408558008836,0.0,0.3673438322641816,0.0,0.6326561677358185,False,3.0235231345281406,3.5,NP_000161,,NP_592832.2,VNYSESEFTTLANNV,0.5333333333333333,0.2,0.4729731756761715,0.0,0.1164205603778952,0.0,0.8835794396221047,True,9.862291098978837,5.5,NP_000161,,NP_592832.2,SMYEMDRFCDALISI,1.0,0.6666666666666666,0.4644652022191753,0.0,0.2440064980121542,0.0,0.7559935019878458,False,7.1099541747386485,5.0,NP_000161,
ENSG00000204348,DXO,ENST00000375349,ENSP00000364498,ENSP00000337759,DXO,ENST00000375349,ENSP00000364498,ENSP00000337759,YAFLPIWYVEAMTQD,,,True,4.5,-0.6144987173338486,GFRNPDGFVSSLKTF,,,True,6.0,0.2289813058217024,FCAAFLSFAQSTVVQ,,,True,6.5,2.425403175123755,NP_594904.1,AENPNLHYVELKTSK,0.5833333333333334,0.2666666666666666,0.4546225982010081,0.0,0.4740450557262976,0.0,0.5259549442737024,False,-0.299589190720727,6.5,NP_005501,XP_047274219,NP_594904.1,SFLTWRGLITKIMCA,0.2916666666666667,0.1333333333333333,,,,,,False,2.6389009358214413,,NP_005501,XP_047274219,NP_594904.1,RKKLLKYWAQSFLLG,0.5091991341991342,0.2,,,,,,False,5.328318051429687,,NP_005501,XP_047274219
ENSG00000101367,MAPRE1,ENST00000375571,ENSP00000364721,ENSP00000364721,MAPRE1,ENST00000375571,ENSP00000364721,ENSP00000364721,FVQWFKKFFDANYDG,,,True,4.0,5.301968770321312,DLEKERDFYFGKLRN,,,True,5.5,0.8454622964806483,GGMAVNVYSTSVTSD,,,True,5.5,0.6514559867784696,NP_593678.1,KGYAMIQIFDSIYQD,0.5750000000000001,0.2,,,,,,False,3.757136034408994,,NP_036457,XP_011526998,NP_593678.1,GLERERDFYFNKLRE,0.8333333333333334,0.7333333333333333,,,,,,False,3.028568442766948,,NP_036457,XP_011526998,NP_593678.1,SANNNNVSSTANTAA,0.625,0.3333333333333333,,,,,,False,1.395216299292786,,NP_036457,XP_011526998
ENSG00000124003,MOGAT1,ENST00000446656,ENSP00000406674,ENSP00000406674,MOGAT1,ENST00000446656,ENSP00000406674,ENSP00000406674,IPYLMWLYFDWHTPE,transmembrane region,Helical,False,5.5,1.559553078193967,FSVNYSDFKDLFPGF,transmembrane region,Helical,False,5.5,1.8011132642420014,VSKKSVSYMVSKEGG,,,True,6.0,-0.587067490249631,XP_001713160.1,HSVSLTLTASWYTVL,0.35,0.2,,,,,,False,5.720185193156878,,NP_477513,,XP_001713160.1,FASEGADFSKLFPGI,0.6333333333333333,0.4666666666666667,,,,,,False,0.3648993200680301,,NP_477513,,XP_001713160.1,IDVPKKSHPTNQEIY,0.3551587301587302,0.1333333333333333,,,,,,False,0.0847609962287274,,NP_477513,
ENSG00000187097,ENTPD5,ENST00000557325,ENSP00000451810,ENSP00000335246,ENTPD5,ENST00000557325,ENSP00000451810,ENSP00000335246,EGTDGHTFRSACLPR,,,True,4.0,0.9745144332980318,LEQTPRGYLTSFEMF,,,True,5.0,-0.6257484501214443,FLCMDLSYITALLKD,,,True,5.0,0.1591904381190433,NP_593447.1,QPKFTETFTDSPIYL,0.425,0.1333333333333333,0.3617921735827418,0.0,0.5112215369806605,0.0,0.4887784630193394,False,0.825541960236295,4.5,NP_001240,XP_016877305,NP_593447.1,DIELPSGYRSEGEVV,0.475,0.2666666666666666,,,,,,False,6.291292795276723,,NP_001240,XP_016877305,NP_593447.1,YAWITINYLLGTLGG,0.4027777777777778,0.1333333333333333,,,,,,False,0.9275781746637256,,NP_001240,XP_016877305
ENSG00000117543,DPH5,ENST00000370109,ENSP00000359127,ENSP00000359127,DPH5,ENST00000370109,ENSP00000359127,ENSP00000359127,VRRCSRVYLEAYTSV,,,True,4.5,0.3773925556425956,CGLQLYKFGETVSIV,,,True,5.0,4.15658914577572,DTWRPESFFDKVKKN,,,True,5.5,3.626113701290084,NP_588441.1,VKKCQRIYLEAYTSI,0.9583333333333334,0.6666666666666666,0.6173991536688826,0.0,0.6848304840968965,0.0,0.3151695159031035,False,0.9974047748556454,4.5,NP_001070862,XP_005270995,NP_588441.1,CGLQLYKFGQTVSLV,0.9,0.8666666666666667,,,,,,False,5.26503121608637,,NP_001070862,XP_005270995,NP_588441.1,NNYRPQSFYDHIKEN,0.7172619047619048,0.4666666666666667,0.2508664350222811,0.0,0.6587509435450072,0.0,0.3412490564549928,False,2.981957536660441,5.5,NP_001070862,XP_005270995
ENSG00000177192,PUS1,ENST00000443358,ENSP00000392451,ENSP00000365837,PUS1,ENST00000443358,ENSP00000392451,ENSP00000365837,RDVQDETYRLSAETL,,,True,5.5,2.59898859854926,RNVGSSQFKTIEDDL,,,True,6.0,3.06597548942866,EDMRKMSFQRCARTD,,,True,6.5,5.144436813214713,NP_588446.1,EVLKLKNYRISADRL,0.638888888888889,0.3333333333333333,,,,,,False,6.238738111797536,,NP_079491,,NP_588446.1,DSYNEEDFSYLSDIG,0.369047619047619,0.1333333333333333,,,,,,False,-0.1844067708806386,,NP_079491,,NP_588446.1,DDPKKVALARAARTD,0.3333333333333333,0.4666666666666667,,,,,,False,3.763340053062729,,NP_079491,
ENSG00000102390,PBDC1,ENST00000373358,ENSP00000362456,ENSP00000362456,PBDC1,ENST00000373358,ENSP00000362456,ENSP00000362456,DDQIYSEFRKNFETL,,,True,6.0,0.2743216429754239,FNGIVEDFNYGTLLR,,,True,6.5,0.1756097663588771,EGYNKAVYISVQDKE,,,True,6.5,2.060686654496456,NP_596094.1,IYWSLLEMRKGSELK,0.6666666666666666,0.2666666666666666,,,,,,False,3.482177779231745,,NP_057584,,NP_596094.1,YEKKVDDYNFGTLLR,0.8214285714285715,0.5333333333333333,,,,,,False,0.4472234903572589,,NP_057584,,NP_596094.1,AVEQAQIYWSLLEMR,0.5212121212121212,0.1333333333333333,0.6013648403421524,0.0,0.2286728831200494,0.0,0.7713271168799506,True,4.290807023506325,6.0,NP_057584,
ENSG00000108055,SMC3,ENST00000361804,ENSP00000354720,ENSP00000354720,SMC3,ENST00000361804,ENSP00000354720,ENSP00000354720,NFECEPAFYTCVEVT,,,True,2.5,4.174181703749291,LDVRDTAYPETNDAI,,,True,4.5,1.7700910917887922,RGALTGGYYDTRKSR,,,True,5.0,0.2661585373024315,NP_593260.1,QGFKSYKDYTVIEPL,0.3416666666666666,0.2,,,,,,False,3.9933092482537407,,NP_005436,,NP_593260.1,LRPKAVTYPDASDAL,0.5555555555555556,0.3333333333333333,0.6322278739058703,0.0,0.2938792620443604,0.0,0.7061207379556397,False,3.1531989405509986,3.5,NP_005436,,NP_593260.1,ERLKLEGYYGPLCEL,0.3928571428571428,0.2,,,,,,False,4.595523645027413,,NP_005436,
ENSG00000160014,CALM3,ENST00000602169,ENSP00000499372,ENSP00000291295,CALM3,ENST00000291295,ENSP00000291295,ENSP00000291295,TEEQIAEFKEAFSLF,,,True,2.5,-0.1510777514594402,FDKDGNGYISAAELR,,,True,4.5,3.7046499684055214,DGNGTIDFPEFLTMM,,,True,5.0,-0.6089383524188972,NP_593340.1,TDEQIAEFREAFSLF,0.9,0.8666666666666667,0.7435082894583476,0.0,0.4626387919842151,0.0,0.5373612080157849,False,0.3264994579984485,2.5,NP_005175,,NP_593340.1,FDKDGNGYITVEELT,0.7000000000000001,0.7333333333333333,0.5501601329205729,0.0,0.4315847731773525,0.0,0.5684152268226476,False,-0.0627990367919089,6.5,NP_005175,,NP_593340.1,DGNGTIDFTEFLTMM,0.7999999999999999,0.9333333333333332,0.3926816013748516,0.0,0.3887312651228344,0.0,0.6112687348771655,False,-0.8080310454902682,5.0,NP_005175,
ENSG00000169188,APEX2,ENST00000374987,ENSP00000364126,ENSP00000364126,APEX2,ENST00000374987,ENSP00000364126,ENSP00000364126,SASHVGPFIDSYRCF,,,True,5.5,-0.1394696463793734,CTRFLPEFAGTQLKI,,,True,6.0,3.02666358474657,EKELRTSFWKSVLAG,,,True,6.0,0.4555956472658804,NP_595522.1,IDRKTANWIDSEGRC,0.404040404040404,0.2,,,,,,False,1.612085150420233,,NP_055296,,NP_595522.1,YLDLKEEYEGKKLSN,0.5047619047619047,0.2,,,,,,False,0.6243686946500941,,NP_055296,,NP_595522.1,RLEYRRAFYKALRER,0.3976190476190476,0.2666666666666666,,,,,,False,1.156941304493121,,NP_055296,
ENSG00000197275,RAD54B,ENST00000336148,ENSP00000336606,ENSP00000336606,RAD54B,ENST00000336148,ENSP00000336606,ENSP00000336606,GVISPDDFSSGRCFQ,,,True,5.0,1.6939586496819037,KENRQNDFQNCKPRH,,,True,5.5,1.717285685479136,TGDSLEKFIVSRDCQ,,,True,5.5,1.320461268105893,NP_593038.2,MNASSRDISLGAARL,0.4166666666666667,0.2666666666666666,,,,,,False,3.906660967724974,,NP_036547,,NP_593038.2,IARCAEDFQEFTSNK,0.4027777777777777,0.2,0.3940714622800887,0.0,0.5612210570087501,0.0,0.4387789429912498,False,1.5869357048344972,5.0,NP_036547,,NP_593038.2,KTWEGDGFLVREDSN,0.4944444444444444,0.2,,,,,,False,0.4674524131725412,,NP_036547,
ENSG00000005007,UPF1,ENST00000262803,ENSP00000262803,ENSP00000262803,UPF1,ENST00000262803,ENSP00000262803,ENSP00000262803,PSSQTLTFLDTEEAE,,,True,3.5,-0.1231374629996721,SAFPSNIFYEGSLQN,,,True,4.5,-1.6446289809088634,DSYLGDEFKSQIDVA,,,True,4.5,4.515739349368959,NP_593080.1,LSASGTSFLNRTEAS,0.5361111111111111,0.3333333333333333,,,,,,False,0.6508914820761503,,NP_002902,XP_016882595,NP_593080.1,SEFPSNTFYEGTLQN,0.7999999999999999,0.8,0.4591718671209688,0.0,0.2566292886501149,0.0,0.7433707113498851,False,-2.080035894794256,3.5,NP_002902,XP_016882595,NP_593080.1,NATDFEDFRSQVGDD,0.5944444444444444,0.2,0.4616802747566695,0.0,0.4659481869954349,0.0,0.5340518130045651,False,-0.1895564445568017,5.5,NP_002902,XP_016882595
ENSG00000131269,ABCB7,ENST00000669573,ENSP00000499543,ENSP00000362492,ABCB7,ENST00000669573,ENSP00000499543,ENSP00000362492,KDPPVILYDEATSSL,topological domain,Mitochondrial matrix,False,4.5,-0.3274556632705145,GKGNSGQFLDAAKAL,topological domain,Mitochondrial matrix,False,5.0,5.654351320495216,YDGFLKTYETASLKS,topological domain,Mitochondrial matrix,False,5.0,3.717509753437829,NP_594288.2,KNPEILFFDEATSAL,0.75,0.5333333333333333,0.4362905082299437,0.0,0.3405968394663771,0.0,0.6594031605336229,False,0.6519182943712887,4.0,NP_001258625,,NP_594288.2,PKASNDEIVEAAKKA,0.5083333333333333,0.2666666666666666,,,,,,False,3.456487448591834,,NP_001258625,,NP_594288.2,YEKHLSAYEKANVKV,0.5083333333333333,0.4,,,,,,False,4.461606434225777,,NP_001258625,
ENSG00000198900,TOP1,ENST00000361337,ENSP00000354522,ENSP00000354522,TOP1,ENST00000361337,ENSP00000354522,ENSP00000354522,LPENVKFYYDGKVMK,,,True,5.0,2.0683808831606245,DFTQMSQYFKAQTEA,,,True,5.0,5.632934602073093,NKTQREKFAWAIDMA,,,True,6.0,1.048187431232874,NP_596209.1,LPKNVKLIYDGNPVN,0.4107142857142857,0.5333333333333333,,,,,,False,4.6821779635043566,,NP_003277,,NP_596209.1,EVEVDPQVFKNLKIF,0.3694444444444444,0.2,,,,,,False,2.717544965997641,,NP_003277,,NP_596209.1,SKTIRDKFNWAADTP,0.7777777777777778,0.5333333333333333,,,,,,False,5.035426607914788,,NP_003277,
ENSG00000196290,NIF3L1,ENST00000426253,ENSP00000412761,ENSP00000386394,NIF3L1,ENST00000426253,ENSP00000412761,ENSP00000386394,NDFASLSFAESWDNV,,,True,3.5,-1.9431849973850408,ICNSSRSFMDLKALL,,,True,6.0,1.390743761993232,LLSSLNDFASLSFAE,,,True,6.0,5.150886606453492,NP_588455.1,ESIYNPKLADSWDNT,0.5555555555555555,0.3333333333333333,,,,,,False,0.4764346645418685,,NP_001129511,,NP_588455.1,EDPQQRSLLKLAAEG,0.5499999999999999,0.2666666666666666,,,,,,False,3.926296971352995,,NP_001129511,,NP_588455.1,GSVVMNTDADLYFTG,0.3833333333333333,0.2666666666666666,,,,,,False,6.180345144524631,,NP_001129511,
ENSG00000221823,PPP3R1,ENST00000234310,ENSP00000234310,ENSP00000234310,PPP3R1,ENST00000234310,ENSP00000234310,ENSP00000234310,DGNGEVDFKEFIEGV,,,True,4.0,-0.8213413291561077,GEVDFKEFIEGVSQF,,,True,4.0,-3.696631860133317,GSLSVEEFMSLPELQ,,,True,4.5,1.851177749484838,NP_588476.1,DGGGDVDFQEFINSL,0.7000000000000001,0.6,0.3175931805118026,0.0,0.2009596893520713,0.0,0.7990403106479287,True,1.0464701630952715,5.0,NP_000936,,NP_588476.1,GDVDFQEFINSLSVF,0.6666666666666666,0.6,,,,,,False,1.2117551447296906,,NP_000936,,NP_588476.1,GSIDRNEFLSIPSVA,0.6666666666666666,0.4,0.4373453522129235,0.0,0.1929461598989118,0.0,0.8070538401010882,True,3.036913600442046,5.5,NP_000936,
ENSG00000180198,RCC1,ENST00000398958,ENSP00000381931,ENSP00000362938,RCC1,ENST00000398958,ENSP00000381931,ENSP00000362938,GSRGHVRFQDAFCGA,,,True,5.5,0.2188050022119673,FCGAYFTFAISHEGH,,,True,5.5,1.2789984297184118,RVFLWGSFRDNNGVI,,,True,6.0,3.7420182379744458,NP_596026.1,FTWGTFRCSDGVLGY,0.2546296296296296,0.2666666666666666,,,,,,False,3.918388097174116,,NP_001260,,NP_596026.1,GAGSYHSFAIDNKGR,0.5750000000000001,0.4,,,,,,False,0.692394073171354,,NP_001260,,NP_596026.1,CCFTWGTFRCSDGVL,0.5194444444444445,0.4666666666666667,,,,,,False,4.375975171293699,,NP_001260,
ENSG00000111725,PRKAB1,ENST00000541640,ENSP00000441369,ENSP00000229328,PRKAB1,ENST00000541640,ENSP00000441369,ENSP00000229328,GEHQYKFFVDGQWTH,,,True,5.5,1.926339188356512,TGGGKEVYLSGSFNN,,,True,6.5,1.187066051827447,VKKTDFEVFDALMVD,,,True,6.5,10.17561975162186,NP_588485.1,GTQRFKFLVDGIWCC,0.8333333333333334,0.4666666666666667,,,,,,False,2.5096365333945068,,NP_006244,,NP_588485.1,RGGGEVVYVTGSFSR,0.7416666666666667,0.5333333333333333,0.6847051285243627,0.0,0.1082391496771363,0.0,0.8917608503228636,True,0.4935903771361836,6.5,NP_006244,,NP_588485.1,LEVEANEKLGASIDE,0.2805555555555555,0.1333333333333333,,,,,,False,5.51246414353264,,NP_006244,
ENSG00000283100,SIRT2,ENST00000635078,ENSP00000489426,ENSP00000489602,SIRT2,ENST00000635078,ENSP00000489426,ENSP00000489602,LVEAHGTFYTSHCVS,,,True,4.0,3.169057072611873,LEKYHLPYPEAIFEI,,,True,5.0,-1.602868352627046,VKPDIVFFGESLPAR,,,True,5.0,-0.0560427116972637,NP_588147.1,LIEAHGSFQYSRCIE,0.4607142857142857,0.5333333333333333,,,,,,False,-1.6394121389120857,,NP_036369,,NP_588147.1,LQRFNLPYAEAVFDL,0.7916666666666666,0.4666666666666667,0.5333666516465602,0.0,0.7181278952007434,0.0,0.2818721047992565,False,-1.5106187682557224,5.0,NP_036369,,NP_588147.1,IKPMIVFYGEGLPMR,0.7380952380952381,0.6666666666666666,0.4951730871006609,0.0,0.3940412263821459,0.0,0.6059587736178541,False,1.841988639113284,6.0,NP_036369,
ENSG00000068903,SIRT2,ENST00000414941,ENSP00000404309,ENSP00000249396,SIRT2,ENST00000414941,ENSP00000404309,ENSP00000249396,LVEAHGTFYTSHCVS,,,True,4.0,3.169057072611873,LEKYHLPYPEAIFEI,,,True,5.0,-1.602868352627046,VKPDIVFFGESLPAR,,,True,5.0,-0.0560427116972637,NP_588147.1,LIEAHGSFQYSRCIE,0.4607142857142857,0.5333333333333333,,,,,,False,-1.6394121389120857,,NP_036369,XP_011524957,NP_588147.1,LQRFNLPYAEAVFDL,0.7916666666666666,0.4666666666666667,0.5333666516465602,0.0,0.7181278952007434,0.0,0.2818721047992565,False,-1.5106187682557224,5.0,NP_036369,XP_011524957,NP_588147.1,IKPMIVFYGEGLPMR,0.7380952380952381,0.6666666666666666,0.4951730871006609,0.0,0.3940412263821459,0.0,0.6059587736178541,False,1.841988639113284,6.0,NP_036369,XP_011524957
ENSG00000100796,PPP4R3A,ENST00000554684,ENSP00000450864,ENSP00000450864,PPP4R3A,ENST00000554684,ENSP00000450864,ENSP00000450864,DKPSKDDFQTAQLLA,,,True,4.0,0.446941870672367,IKKLLELFHVCEDLE,,,True,5.0,2.911094179550922,LEDEEEMWFNTDEDD,,,True,5.5,3.0883640057634945,XP_001713123.1,IVRSEADNETILLKT,0.4416666666666666,0.2666666666666666,,,,,,False,0.4639699559699293,,NP_001271209,XP_047287517,XP_001713123.1,IDRLIELFPLCEDLE,0.6607142857142857,0.6666666666666666,,,,,,False,0.8669412888556961,,NP_001271209,XP_047287517,XP_001713123.1,SVLNSFIFFNQADII,0.425,0.1333333333333333,,,,,,False,5.655709347552053,,NP_001271209,XP_047287517
ENSG00000134697,GNL2,ENST00000373062,ENSP00000362153,ENSP00000362153,GNL2,ENST00000373062,ENSP00000362153,ENSP00000362153,HILDTESFETTFGPK,,,True,4.5,-0.6159330515255041,SWENAEDFLEKLAFR,,,True,5.0,2.317265002512264,LEEELESFSDEEEEE,,,True,5.5,2.987771079358852,NP_593896.1,RVLESEPFENTFGPK,0.6428571428571429,0.6,,,,,,False,0.08083475303732,,NP_037417,XP_024302359,NP_593896.1,GWNDSTEFLAKLAKK,0.6916666666666668,0.4,,,,,,False,0.8106509065267048,,NP_037417,XP_024302359,NP_593896.1,SVAELAKESDEKQNA,0.4666666666666666,0.3333333333333333,,,,,,False,4.66697276021125,,NP_037417,XP_024302359
ENSG00000275176,ACACA,ENST00000631953,ENSP00000488139,ENSP00000478577,ACACA,ENST00000619487,ENSP00000478577,ENSP00000478577,ELSIRGDFRTTVEYL,,,True,3.5,1.0858511971717937,HNQVESIFLSAIDMY,,,True,4.0,4.5450701279814645,AAGGLHEFADSQFGH,,,True,4.0,3.0213872895100646,NP_593271.1,ELSIRGDFRTTVEYL,1.0,1.0,0.3643804074464727,0.0,0.4119079138154393,0.0,0.5880920861845607,False,1.0858511971717937,3.5,NP_942131,,NP_593271.1,QRGIPRIYLAANSGA,0.6130952380952381,0.2,,,,,,False,-0.4469585112823346,,NP_942131,,NP_593271.1,TAGGIHEFADSQFGH,1.0,0.8666666666666667,0.481413626151298,0.0,0.4162144342918453,0.0,0.5837855657081547,False,1.477441283734484,4.0,NP_942131,
ENSG00000278540,ACACA,ENST00000618053,ENSP00000482064,ENSP00000483300,ACACA,ENST00000616317,ENSP00000483300,ENSP00000483300,ELSIRGDFRTTVEYL,,,True,3.5,1.0858511971717937,HNQVESIFLSAIDMY,,,True,4.0,4.5450701279814645,AAGGLHEFADSQFGH,,,True,4.0,3.0213872895100646,NP_593271.1,ELSIRGDFRTTVEYL,1.0,1.0,0.3643804074464727,0.0,0.4119079138154393,0.0,0.5880920861845607,False,1.0858511971717937,3.5,NP_942131,XP_011523003,NP_593271.1,QRGIPRIYLAANSGA,0.6130952380952381,0.2,,,,,,False,-0.4469585112823346,,NP_942131,XP_011523003,NP_593271.1,TAGGIHEFADSQFGH,1.0,0.8666666666666667,0.481413626151298,0.0,0.4162144342918453,0.0,0.5837855657081547,False,1.477441283734484,4.0,NP_942131,XP_011523003
ENSG00000101365,IDH3B,ENST00000466494,ENSP00000487187,ENSP00000370223,IDH3B,ENST00000380851,ENSP00000370232,ENSP00000370223,LRHLNLEYHSSMIAD,,,True,4.5,2.797705957675006,RTRDMGGYSTTTDFI,,,True,5.0,2.3341998472391032,MKLGDGLFLQCCEEV,,,True,5.5,-0.7619370419476372,NP_594397.1,SLKIITEYKSKRIAQ,0.6333333333333333,0.3333333333333333,,,,,,False,7.072154711444547,,NP_008830,,NP_594397.1,LIKNIPGFKTRHDNV,0.5499999999999999,0.2,,,,,,False,2.16071805347449,,NP_008830,,NP_594397.1,TGDFTHAILERMESL,0.2583333333333333,0.1333333333333333,,,,,,False,-0.4755552972470146,,NP_008830,
ENSG00000276910,GTF2H2,ENST00000628423,ENSP00000486014,ENSP00000486014,GTF2H2,ENST00000628423,ENSP00000486014,ENSP00000486014,LEYFVEEYFDQNPIS,,,True,4.5,0.4455040878337662,VILDESHYKELLTHH,,,True,6.0,0.2202135270796874,DQDAKPSFSMAHLDG,,,True,6.0,0.1557727787879746,NP_587800.1,ASEFVLEFFEQNPIS,0.8166666666666668,0.6,0.4204597913948531,0.0,0.6142770146995884,0.0,0.3857229853004116,False,-0.7955960004707046,4.5,NP_001506,,NP_587800.1,VVISEQHFRELLLES,0.6083333333333333,0.4,0.61413994947856,0.0,0.143383210395455,0.0,0.8566167896045449,True,-0.1895908306763046,6.5,NP_001506,,NP_587800.1,LPIECPSCSLVLILS,0.4629629629629629,0.2,,,,,,False,4.401971442138496,,NP_001506,
ENSG00000145736,GTF2H2,ENST00000330280,ENSP00000328901,ENSP00000274400,GTF2H2,ENST00000330280,ENSP00000328901,ENSP00000274400,LEYFVEEYFDQNPIS,,,True,4.5,0.4455040878337662,VILDESHYKELLTHH,,,True,6.0,0.2202135270796874,DQDAKPSFSMAHLDG,,,True,6.0,0.1557727787879746,NP_587800.1,ASEFVLEFFEQNPIS,0.8166666666666668,0.6,0.4204597913948531,0.0,0.6142770146995884,0.0,0.3857229853004116,False,-0.7955960004707046,4.5,NP_001506,XP_047273088,NP_587800.1,VVISEQHFRELLLES,0.6083333333333333,0.4,0.61413994947856,0.0,0.143383210395455,0.0,0.8566167896045449,True,-0.1895908306763046,6.5,NP_001506,XP_047273088,NP_587800.1,LPIECPSCSLVLILS,0.4629629629629629,0.2,,,,,,False,4.401971442138496,,NP_001506,XP_047273088
ENSG00000144115,THNSL2,ENST00000674334,ENSP00000501453,ENSP00000501453,THNSL2,ENST00000674334,ENSP00000501453,ENSP00000501453,APASAAKFPEAVLAA,,,True,5.0,2.689171050584916,TTQFLQYFLEKREKH,,,True,5.5,1.0060864399986282,GGGGGMWYVSTRGVA,,,True,6.0,5.42053563131225,NP_594579.1,GGSSNFSFEEAVLKG,0.6333333333333333,0.4,0.6147316497975457,0.0,0.4034348391312915,0.0,0.5965651608687085,False,0.9244716509860826,4.0,NP_060741,XP_011531256,NP_594579.1,LGNLFEFFLTRKNGN,0.4499999999999999,0.1333333333333333,,,,,,False,5.576742789184292,,NP_060741,XP_011531256,NP_594579.1,YEKADSTQVSPSGPI,0.3761904761904762,0.2,,,,,,False,4.08890538915983,,NP_060741,XP_011531256
ENSG00000121691,CAT,ENST00000241052,ENSP00000241052,ENSP00000241052,CAT,ENST00000241052,ENSP00000241052,ENSP00000241052,DPDMVWDFWSLRPES,,,True,5.0,4.108242115729446,YSGEVRRFNTANDDN,,,True,5.0,2.0782539979905392,FYIQVMTFNQAETFP,,,True,5.5,0.4621667421728116,NP_587682.1,YRYNIFDLTKVWPHK,0.3083333333333333,0.1333333333333333,,,,,,False,4.288414988086904,,NP_001743,,NP_587682.1,KTPMVARFSTVGGER,0.513888888888889,0.2666666666666666,0.4190647519850543,0.0,0.2928718277131579,0.0,0.7071281722868421,False,3.4552952585046754,8.0,NP_001743,,NP_587682.1,QRVGRFTLNQNPTNF,0.611111111111111,0.2666666666666666,,,,,,False,0.9029920315849544,,NP_001743,
ENSG00000136824,SMC2,ENST00000374793,ENSP00000363925,ENSP00000363925,SMC2,ENST00000374793,ENSP00000363925,ENSP00000363925,WQKVNKDFGSIFSTL,,,True,5.5,3.3336774763452386,NVLFKTKFVDGVSTV,,,True,5.5,1.2777204038720804,TVLDGLEFKVALGNT,,,True,5.5,-1.0463818869472634,NP_596180.1,WREVNSSFGEIFDEL,0.5,0.5333333333333333,0.3480375830632304,0.0,0.7188673327820871,0.0,0.2811326672179128,False,2.888881370796371,5.0,NP_001036016,XP_011516455,NP_596180.1,NRLFHVRFMDGSSVV,0.7666666666666666,0.5333333333333333,0.4914943433161707,0.0,0.1879241705858311,0.0,0.8120758294141688,True,4.797631041476663,6.0,NP_001036016,XP_011516455,NP_596180.1,EFTDGLEIHVKIGSI,0.4458333333333333,0.4,,,,,,False,-1.355335372057939,,NP_001036016,XP_011516455
ENSG00000086848,ALG9,ENST00000532425,ENSP00000432442,ENSP00000482437,ALG9,ENST00000524671,ENSP00000436798,ENSP00000482437,ISLAYRPFLDASRSS,topological domain,Lumenal,False,5.0,0.3929245307337179,LDLYPEFYRIATDPT,topological domain,Lumenal,False,5.5,0.9201033443348776,RGQLPKPFAEGPLAT,topological domain,Lumenal,False,5.5,-2.2150308189356265,NP_594684.1,IPVMVYPFIDTKQTP,0.6166666666666667,0.2666666666666666,0.4356761829517495,0.0,0.4791985729565709,0.0,0.5208014270434291,False,2.937285720831907,5.0,NP_079016,XP_006718976,NP_594684.1,LRLTSASFRVIDDCD,0.4166666666666667,0.2666666666666666,,,,,,False,0.1740537704289988,,NP_079016,XP_006718976,NP_594684.1,VLACFSAFCETNLIL,0.3916666666666666,0.2,0.2842653366804453,0.0,0.547601009825516,0.0,0.4523989901744841,False,1.935154111558304,5.0,NP_079016,XP_006718976
ENSG00000009830,POMT2,ENST00000683907,ENSP00000507754,ENSP00000261534,POMT2,ENST00000683551,ENSP00000506751,ENSP00000261534,XSGPGDGFFSSAFQA,,,True,4.5,3.6758926995155496,SRNLHSHYHEAPMTR,,,True,4.5,4.040660668266948,CLTXMVKYNSCADRP,,,True,5.0,12.38339259782646,NP_594135.1,WDEAHFGKFASYYLK,0.513095238095238,0.2,,,,,,False,2.986890539779772,,NP_037514,XP_047287269,NP_594135.1,CLSRYHVYHKAPFTF,0.4083333333333334,0.3333333333333333,,,,,,False,3.755730740758058,,NP_037514,XP_047287269,NP_594135.1,RQRFPSKHSEIEDEV,0.375,0.1333333333333333,,,,,,False,1.628908615935089,,NP_037514,XP_047287269
ENSG00000101343,CRNKL1,ENST00000536226,ENSP00000440733,ENSP00000366557,CRNKL1,ENST00000536226,ENSP00000440733,ENSP00000366557,WRSFEEEFGTASDKE,,,True,3.0,0.0727011173013448,SDAGWEEYFDYIFPE,,,True,4.5,-3.508016863596642,PVPRSCLFSESFVVS,,,True,5.0,4.684379166918127,NP_596573.1,FEFEEMEYGKARSIY,0.5380952380952381,0.2666666666666666,,,,,,False,-0.8475389490246984,,NP_057736,,NP_596573.1,EDGSFEEYLDYLFPD,0.8333333333333334,0.5333333333333333,0.4231307348566866,0.0,0.0999009986603248,0.0,0.9000990013396751,True,-3.652633097704634,5.0,NP_057736,,NP_596573.1,IWLNYCLFEEIDVKD,0.5833333333333334,0.3333333333333333,0.3495086987098385,0.0,0.6051866886203734,0.0,0.3948133113796266,False,-0.2419057194110991,6.5,NP_057736,
ENSG00000226589,VARS1,ENST00000457796,ENSP00000403359,ENSP00000403359,VARS1,ENST00000457796,ENSP00000403359,ENSP00000403359,DEFVDMDFGTGAVKI,,,True,4.0,5.774318983102216,DEDVLDTWFSSGLFP,,,True,4.5,8.829710284346103,EDVLDTWFSSGLFPL,,,True,5.0,2.4853995271251272,NP_595435.1,DIIVDMEFGTGAVKI,0.9,0.8,0.6639534306438999,0.0,0.3002018282554528,0.0,0.6997981717445473,False,6.056253391314325,4.5,NP_006286,,NP_595435.1,DEDVLDTWFSSGLWP,1.0,0.9333333333333332,,,,,,False,8.715848677590357,,NP_006286,,NP_595435.1,EDVLDTWFSSGLWPF,0.8484848484848485,0.8666666666666667,0.5062403200238886,0.0,0.5847544629382968,0.0,0.4152455370617032,False,3.415450536789544,5.0,NP_006286,
ENSG00000231116,VARS1,ENST00000435657,ENSP00000415316,ENSP00000415316,VARS1,ENST00000435657,ENSP00000415316,ENSP00000415316,DEFVDMDFGTGAVKI,,,True,4.0,5.774318983102216,DEDVLDTWFSSGLFP,,,True,4.5,8.829710284346103,RALIAARYGEAGEGP,,,True,5.0,3.486115353341348,NP_595435.1,DIIVDMEFGTGAVKI,0.9,0.8,0.6639534306438999,0.0,0.3002018282554528,0.0,0.6997981717445473,False,6.056253391314325,4.5,NP_006286,,NP_595435.1,DEDVLDTWFSSGLWP,1.0,0.9333333333333332,,,,,,False,8.715848677590357,,NP_006286,,NP_595435.1,TLLKVPGYDEPVEVG,0.3928571428571428,0.2666666666666666,0.5889851007566034,0.0,0.3973535203836355,0.0,0.6026464796163645,False,5.958440377671465,6.0,NP_006286,
ENSG00000224264,VARS1,ENST00000422694,ENSP00000401121,ENSP00000401121,VARS1,ENST00000422694,ENSP00000401121,ENSP00000401121,DEFVDMDFGTGAVKI,,,True,4.0,5.774318983102216,DEDVLDTWFSSGLFP,,,True,4.5,8.829710284346103,RALIAARYGEAGEGP,,,True,5.0,3.486115353341348,NP_595435.1,DIIVDMEFGTGAVKI,0.9,0.8,0.6639534306438999,0.0,0.3002018282554528,0.0,0.6997981717445473,False,6.056253391314325,4.5,NP_006286,,NP_595435.1,DEDVLDTWFSSGLWP,1.0,0.9333333333333332,,,,,,False,8.715848677590357,,NP_006286,,NP_595435.1,TLLKVPGYDEPVEVG,0.3928571428571428,0.2666666666666666,0.5889851007566034,0.0,0.3973535203836355,0.0,0.6026464796163645,False,5.958440377671465,6.0,NP_006286,
ENSG00000231945,VARS1,ENST00000425144,ENSP00000390673,ENSP00000390673,VARS1,ENST00000425144,ENSP00000390673,ENSP00000390673,DEFVDMDFGTGAVKI,,,True,4.0,5.774318983102216,DEDVLDTWFSSGLFP,,,True,4.5,8.829710284346103,EDVLDTWFSSGLFPL,,,True,5.0,2.4853995271251272,NP_595435.1,DIIVDMEFGTGAVKI,0.9,0.8,0.6639534306438999,0.0,0.3002018282554528,0.0,0.6997981717445473,False,6.056253391314325,4.5,NP_006286,,NP_595435.1,DEDVLDTWFSSGLWP,1.0,0.9333333333333332,,,,,,False,8.715848677590357,,NP_006286,,NP_595435.1,EDVLDTWFSSGLWPF,0.8484848484848485,0.8666666666666667,0.5062403200238886,0.0,0.5847544629382968,0.0,0.4152455370617032,False,3.415450536789544,5.0,NP_006286,
ENSG00000204394,VARS1,ENST00000375663,ENSP00000364815,ENSP00000364815,VARS1,ENST00000375663,ENSP00000364815,ENSP00000364815,DEFVDMDFGTGAVKI,,,True,4.0,5.774318983102216,DEDVLDTWFSSGLFP,,,True,4.5,8.829710284346103,EDVLDTWFSSGLFPL,,,True,5.0,2.4853995271251272,NP_595435.1,DIIVDMEFGTGAVKI,0.9,0.8,0.6639534306438999,0.0,0.3002018282554528,0.0,0.6997981717445473,False,6.056253391314325,4.5,NP_006286,XP_047275254,NP_595435.1,DEDVLDTWFSSGLWP,1.0,0.9333333333333332,,,,,,False,8.715848677590357,,NP_006286,XP_047275254,NP_595435.1,EDVLDTWFSSGLWPF,0.8484848484848485,0.8666666666666667,0.5062403200238886,0.0,0.5847544629382968,0.0,0.4152455370617032,False,3.415450536789544,5.0,NP_006286,XP_047275254
ENSG00000122008,POLK,ENST00000503479,ENSP00000421997,ENSP00000241436,POLK,ENST00000503479,ENSP00000421997,ENSP00000241436,VHIDMDAFYAAVEMR,,,True,4.0,2.314418637096149,VSTAEEIFAIAKELL,,,True,4.5,-0.4129950587182818,RSISPLLFEESPSDV,,,True,4.5,-2.840814050491871,NP_587767.2,VHVDCDAFYASIEEL,0.875,0.6,,,,,,False,-0.5635238666883123,,NP_057302,,NP_587767.2,NVNQKKINEIIYEAS,0.3416666666666666,0.2,,,,,,False,1.34395042052804,,NP_057302,,NP_587767.2,KKINEIIYEASKGSK,0.4464285714285714,0.2,,,,,,False,-0.0522121246189427,,NP_057302,
ENSG00000114978,MOB1A,ENST00000396049,ENSP00000379364,ENSP00000379364,MOB1A,ENST00000396049,ENSP00000379364,ENSP00000379364,SAGPRYEYHWADGTN,,,True,5.5,2.148732862726419,QLDDETLFPSKIGVP,,,True,6.0,5.277818258283952,IAVNTVDFFNQINML,,,True,6.5,3.855925520589192,NP_595191.1,NAGPSYEYYWQDDKI,0.4865079365079365,0.5333333333333333,,,,,,False,1.5777491708018951,,NP_060691,,NP_595191.1,KLDDKKLFPTEIGVE,0.7333333333333334,0.6,,,,,,False,3.83889813311926,,NP_060691,,NP_595191.1,IAMNTMDFYTQINML,0.7380952380952381,0.7333333333333333,0.3293337471908306,0.0,0.4531774540914506,0.0,0.5468225459085493,False,3.92678690204485,5.0,NP_060691,
ENSG00000105723,GSK3A,ENST00000398249,ENSP00000381301,ENSP00000222330,GSK3A,ENST00000398249,ENSP00000381301,ENSP00000222330,IVRLRYFFYSSGEKK,,,True,3.5,3.2936692745088854,LIFGATDYTSSIDVW,,,True,4.0,7.321890796931903,AVLKLCDFGSAKQLV,,,True,4.0,4.569695971928325,NP_593134.1,RHLPELFNFSPFELS,0.4761904761904762,0.2,,,,,,False,5.088217975579125,,NP_063937,,NP_593134.1,LIFGATDYTHAIDIW,0.6875,0.8,,,,,,False,3.320153535452756,,NP_063937,,NP_593134.1,GILKLCDFGSAKILV,0.7083333333333334,0.8,0.5435201284123374,0.0,0.240439680008466,0.0,0.7595603199915341,True,7.366478985870552,4.0,NP_063937,
ENSG00000096171,VARS1,ENST00000211402,ENSP00000211402,ENSP00000211402,VARS1,ENST00000211402,ENSP00000211402,ENSP00000211402,DEFVDMDFGTGAVKI,,,True,4.0,5.774318983102216,DEDVLDTWFSSGLFP,,,True,4.5,8.829710284346103,EDVLDTWFSSGLFPL,,,True,5.0,2.4853995271251272,NP_595435.1,DIIVDMEFGTGAVKI,0.9,0.8,0.6639534306438999,0.0,0.3002018282554528,0.0,0.6997981717445473,False,6.056253391314325,4.5,NP_006286,,NP_595435.1,DEDVLDTWFSSGLWP,1.0,0.9333333333333332,,,,,,False,8.715848677590357,,NP_006286,,NP_595435.1,EDVLDTWFSSGLWPF,0.8484848484848485,0.8666666666666667,0.5062403200238886,0.0,0.5847544629382968,0.0,0.4152455370617032,False,3.415450536789544,5.0,NP_006286,
ENSG00000198522,GPN1,ENST00000515877,ENSP00000424678,ENSP00000476446,GPN1,ENST00000515877,ENSP00000424678,ENSP00000476446,MSLVLDEFYSSLRVV,,,True,4.0,9.855888018186894,WMQDFEAFQDALNQE,,,True,4.0,0.1488157168530092,TEALASSFPTVVIYV,,,True,6.0,7.973492277537786,NP_595297.1,MSLMLEEFYRHLDFV,0.3902777777777777,0.6,,,,,,False,2.9382132305064825,,NP_009197,,NP_595297.1,WMTDFEEFQQAVTKD,0.4666666666666666,0.5333333333333333,,,,,,False,-2.205128548572999,,NP_009197,,NP_595297.1,CDTLASSWPTCIAYV,0.4549663299663299,0.5333333333333333,,,,,,False,6.401588172460444,,NP_009197,
ENSG00000274829,PARN,ENST00000615183,ENSP00000478668,ENSP00000478668,PARN,ENST00000615183,ENSP00000478668,ENSP00000478668,SAEGFPSYDTASEQL,,,True,4.0,-0.2424788355891521,LCTFKYDYTDSKYIT,,,True,4.5,2.2237700462415986,LPADLSEFKEMTTCV,,,True,5.0,1.6591225502507427,NP_596054.1,HEAGKDSYDTALLFV,0.7083333333333334,0.4,0.4643629121770113,0.0,0.305698187999923,0.0,0.694301812000077,False,0.6072813331582092,5.0,NP_002573,,NP_596054.1,NERSTDDLTSSILDA,0.4166666666666667,0.2,,,,,,False,0.2284924738551739,,NP_002573,,NP_596054.1,VPETILEFSELCLSS,0.5416666666666666,0.2666666666666666,0.4315712787740258,0.0,0.4315986728036365,0.0,0.5684013271963634,False,1.59917480692291,5.5,NP_002573,
ENSG00000140694,PARN,ENST00000651865,ENSP00000498567,ENSP00000387911,PARN,ENST00000651865,ENSP00000498567,ENSP00000387911,SAEGFPSYDTASEQL,,,True,4.0,-0.2424788355891521,LCTFKYDYTDSKYIT,,,True,4.5,2.2237700462415986,LPADLSEFKEMTTCV,,,True,5.0,1.6591225502507427,NP_596054.1,HEAGKDSYDTALLFV,0.7083333333333334,0.4,0.4643629121770113,0.0,0.305698187999923,0.0,0.694301812000077,False,0.6072813331582092,5.0,NP_002573,,NP_596054.1,NERSTDDLTSSILDA,0.4166666666666667,0.2,,,,,,False,0.2284924738551739,,NP_002573,,NP_596054.1,VPETILEFSELCLSS,0.5416666666666666,0.2666666666666666,0.4315712787740258,0.0,0.4315986728036365,0.0,0.5684013271963634,False,1.59917480692291,5.5,NP_002573,
ENSG00000111300,NAA25,ENST00000261745,ENSP00000261745,ENSP00000261745,NAA25,ENST00000261745,ENSP00000261745,ENSP00000261745,DWQFYLTYFDSVFRL,,,True,4.0,-0.993913681091732,ILERLGKYQEALDVI,,,True,4.5,9.072774620390256,LLENLVFFVETISVI,,,True,4.5,6.788680761733029,NP_595632.1,LLTRATTYYPSSVTS,0.5059523809523809,0.2,,,,,,False,6.360781702656907,,NP_079229,XP_047285513,NP_595632.1,PLSQLTKYTEIINDL,0.4527777777777777,0.3333333333333333,0.4991126225767618,0.0,0.3262794550633255,0.0,0.6737205449366744,False,7.990973293198389,7.5,NP_079229,XP_047285513,NP_595632.1,IEASARFFPEEHESA,0.419047619047619,0.2,,,,,,False,2.706088411351694,,NP_079229,XP_047285513
ENSG00000179115,FARSA,ENST00000314606,ENSP00000320309,ENSP00000320309,FARSA,ENST00000314606,ENSP00000320309,ENSP00000320309,TEMPTDNFIESSFWN,,,True,4.0,-2.1159900695363474,LMGVLREFFTKLGIT,,,True,5.0,6.509671055654542,WVSKGSAFSTSISKQ,,,True,5.0,0.8269321822521059,NP_594078.1,EEMPTNNFVESGFWN,0.9583333333333334,0.7333333333333333,0.4736649994686676,0.0,0.2624679664839301,0.0,0.7375320335160699,False,-2.1872995809135665,4.5,NP_004452,,NP_594078.1,VREEFRKFFFELGFE,0.5111111111111112,0.3333333333333333,,,,,,False,1.2738088198575923,,NP_004452,,NP_594078.1,RKLVLRTHTTAVSAN,0.3875,0.1333333333333333,,,,,,False,6.447528614675743,,NP_004452,
ENSG00000111669,TPI1,ENST00000229270,ENSP00000229270,ENSP00000484435,TPI1,ENST00000229270,ENSP00000229270,ENSP00000484435,EDGEEAEFHFAALYI,,,True,3.5,3.5278985539416494,HSERRHVFGESDELI,,,True,4.0,1.456282866576989,GASLKPEFVDIINAK,,,True,5.5,4.392709094304698,NP_588024.1,GASLKPEFHNIVNVH,0.2916666666666667,0.2,,,,,,False,7.725138648408535,,NP_001152759,,NP_588024.1,HSERRTIFKESDEFV,0.725,0.6666666666666666,0.600676705090018,0.0,0.6061753268056005,0.0,0.3938246731943995,False,1.7567673711988456,4.0,NP_001152759,,NP_588024.1,GASLKPEFHNIVNVH,0.6319444444444445,0.6666666666666666,,,,,,False,7.725138648408535,,NP_001152759,
ENSG00000132740,IGHMBP2,ENST00000545146,ENSP00000456366,ENSP00000255078,IGHMBP2,ENST00000675615,ENSP00000502413,ENSP00000255078,EIHPLTFFNTCLDTS,,,True,4.0,4.355802752252707,QKSVTVAFDESHDFQ,,,True,4.0,1.262490810570651,AFDESHDFQLSLDRE,,,True,4.5,-1.1610625990871897,NP_588369.1,VKWASEFFHQWVDFL,0.4571969696969697,0.2,,,,,,False,-1.7776644613709611,,NP_002171,XP_047282837,NP_588369.1,ARLLPSILDHSLDVL,0.4583333333333333,0.2,,,,,,False,4.270433747165612,,NP_002171,XP_047282837,NP_588369.1,VVSIRQDFQSSKKKR,0.5499999999999999,0.2666666666666666,0.1817295100840306,0.0,0.4319695715304827,0.0,0.5680304284695172,False,-0.4059988505011192,5.0,NP_002171,XP_047282837
ENSG00000126581,BECN1,ENST00000593205,ENSP00000466766,ENSP00000355231,BECN1,ENST00000593205,ENSP00000466766,ENSP00000355231,VPYGNHSYLESLTDK,,,True,4.5,-1.6123754043752805,FDHAMVAFLDCVQQF,,,True,4.5,1.751102134776414,TNSGEEPFIETPRQD,,,True,4.5,-2.8490962249948635,XP_001713051.1,MYFNYDNFLSSQTVH,0.611111111111111,0.2,0.2396136788623922,0.0,0.4805083125817213,0.0,0.5194916874182787,False,4.181556169769315,5.0,NP_003757,XP_016880753,XP_001713051.1,FDQGMVAFLDYLHQF,0.6190476190476191,0.6666666666666666,0.3965215476736096,0.0,0.529625891431339,0.0,0.470374108568661,False,0.31859301618783,7.0,NP_003757,XP_016880753,XP_001713051.1,PSAVLPYAIENDRIG,0.3452380952380952,0.2,,,,,,False,3.890678434245625,,NP_003757,XP_016880753
ENSG00000123374,CDK2,ENST00000553376,ENSP00000452514,ENSP00000266970,CDK2,ENST00000553376,ENSP00000452514,ENSP00000266970,ILLGCKYYSTAVDIW,,,True,4.5,1.899206308085338,LHQDLKKFMDASALT,,,True,5.0,2.926514248098332,GAIKLADFGLARAFG,,,True,5.5,3.3835289608552657,NP_595629.1,VLLGSRHYSTGVDIW,0.7083333333333334,0.6666666666666666,0.6436396261231414,0.0,0.2996835373493957,0.0,0.7003164626506042,False,1.9402372540067327,5.5,NP_001789,,NP_595629.1,LDMDLKKYMDRISET,0.5797619047619048,0.5333333333333333,,,,,,False,3.197102165024144,,NP_001789,,NP_595629.1,GNLKLADFGLARSFG,0.875,0.8,,,,,,False,2.7074215157538606,,NP_001789,
ENSG00000020922,MRE11,ENST00000323929,ENSP00000325863,ENSP00000325863,MRE11,ENST00000323929,ENSP00000325863,ENSP00000325863,QVSKGVDFESSEDDD,,,True,3.5,0.3331620191750493,MGEAVQEFVDKEEKD,,,True,4.5,1.094095139925343,SDVEEDIFPTTSKTD,,,True,4.5,0.7521745772952685,NP_592935.1,STTKRKDYEELPEEV,0.3880952380952381,0.2,0.3780009536475143,0.0,0.4039868629515041,0.0,0.5960131370484959,False,-1.4481748698587085,5.0,NP_005582,XP_047282924,NP_592935.1,LGEAVVNFVEKDDRD,0.6222222222222222,0.5333333333333333,,,,,,False,-0.3700700665871823,,NP_005582,XP_047282924,NP_592935.1,APKHCGILNITGKDF,0.4027777777777778,0.2,,,,,,False,0.299341491836762,,NP_005582,XP_047282924
ENSG00000150768,DLAT,ENST00000679815,ENSP00000504880,ENSP00000280346,DLAT,ENST00000679614,ENSP00000506007,ENSP00000280346,SKQTIPHYYLSIDVN,,,True,5.5,5.987525519742837,TDKATVGFESLEECY,,,True,6.0,-0.3456109824609235,APVPTGVFTDIPISN,,,True,6.5,2.4617474455659285,NP_587755.1,SKNMNPHYYVTVSVN,0.5750000000000001,0.5333333333333333,,,,,,False,5.093490813215151,,NP_001922,,NP_587755.1,TDKAQIDFEQQDEGY,0.4055555555555556,0.5333333333333333,,,,,,False,-0.3011312191089482,,NP_001922,,NP_587755.1,KIEPGDVLCEIETDK,0.3481481481481481,0.2,,,,,,False,-0.8425505574742204,,NP_001922,
ENSG00000114120,SLC25A36,ENST00000453248,ENSP00000391521,ENSP00000320688,SLC25A36,ENST00000453248,ENSP00000391521,ENSP00000320688,IKQKLLEYKTASTME,,,True,4.0,2.823178612150812,EGTKYRSFFQTLSLL,,,True,5.0,-0.0731540457396537,VAPSRAIYFAAYSNC,,,True,5.5,1.3066036737733664,NP_594067.1,QWVLYEKFKHAVAIR,0.4083333333333334,0.1333333333333333,,,,,,False,1.103831334957212,,NP_001098117,XP_047304396,NP_594067.1,IPARSINFFSYGNGK,0.3412698412698413,0.1333333333333333,0.3327825601555434,0.0,0.4510340344638115,0.0,0.5489659655361885,False,4.670800903484161,6.0,NP_001098117,XP_047304396,NP_594067.1,GQENSQIHLMAAAIA,0.3833333333333333,0.1333333333333333,,,,,,False,3.799574318792785,,NP_001098117,XP_047304396
ENSG00000115556,PLCD4,ENST00000450993,ENSP00000388631,ENSP00000388631,PLCD4,ENST00000450993,ENSP00000388631,ENSP00000388631,EGEEFVQFYKALTKR,,,True,4.0,0.8835439492789325,HFYEISSFSETKAKR,,,True,4.5,2.2936659881284065,HSKEHYHFYEISSFS,,,True,5.0,1.3891472484851908,NP_594734.1,MEFLEETFQKADADH,0.4333333333333333,0.2,,,,,,False,-1.374248644879572,,NP_116115,XP_047302034,NP_594734.1,RRARELSNSETLSPY,0.625,0.2666666666666666,,,,,,False,1.2275480792117082,,NP_116115,XP_047302034,NP_594734.1,RKKSEQDFFKMLSSR,0.4555555555555555,0.2,,,,,,False,1.392802626635859,,NP_116115,XP_047302034
ENSG00000143315,PIGM,ENST00000368090,ENSP00000357069,ENSP00000357069,PIGM,ENST00000368090,ENSP00000357069,ENSP00000357069,TDIDYQVFTDAARFV,,,True,4.5,3.0402902649787467,SPYFYMLYLTAESKW,,,True,5.0,-0.1023625310106949,AVLLFXEFLEHTYFY,,,True,5.5,1.8607576025385657,NP_596260.1,TDIDYFVFSDASKYV,0.775,0.6666666666666666,0.571862283584546,0.0,0.2152431501558977,0.0,0.7847568498441023,True,1.0606316670523577,4.5,NP_660150,,NP_596260.1,ILSIALLYLIEKKSV,0.425,0.2,,,,,,False,3.503442689631636,,NP_660150,,NP_596260.1,YYLYGSPFLEHTYLY,0.8095238095238096,0.5333333333333333,0.3059824839538387,0.0,0.5096206940913818,0.0,0.4903793059086181,False,1.429027627028595,6.5,NP_660150,
ENSG00000123505,AMD1,ENST00000451850,ENSP00000389988,ENSP00000357880,AMD1,ENST00000451850,ENSP00000389988,ENSP00000357880,GGMEAAHFFEGTEKL,,,True,3.5,3.009522924769785,WYLYTLDFPESRVIS,,,True,4.0,-2.321987324404182,NFQEEIEFLNAIFPN,,,True,5.0,-0.9034141837213032,NP_596179.1,SEEFNTSSFEGPEKL,0.5416666666666666,0.4,,,,,,False,-0.6674509308178596,,NP_001625,,NP_596179.1,EEFIVYDFPGYDLIF,0.4384920634920635,0.2666666666666666,,,,,,False,-1.181598765134636,,NP_001625,,NP_596179.1,DQENSEEFNTSSFEG,0.4583333333333333,0.2,0.4557438170947566,0.0,0.4255228137533764,0.0,0.5744771862466235,False,-1.0822359963637944,3.5,NP_001625,
ENSG00000175220,ARHGAP1,ENST00000311956,ENSP00000310491,ENSP00000310491,ARHGAP1,ENST00000311956,ENSP00000310491,ENSP00000310491,PSDEMPDFPKSDDSK,,,True,4.5,1.9597318487546933,LKHTLDQYVESDYTL,,,True,5.5,5.205936050503339,QVLKYDDFLKSTQKS,,,True,6.0,-0.6835993506452894,NP_593281.1,LPPIVYEFDRNVEPA,0.3666666666666667,0.0666666666666666,,,,,,False,2.244773752107743,,NP_004299,XP_024304288,NP_593281.1,MDYYLHKNVKAVYVI,0.386111111111111,0.2,,,,,,False,9.076146109371352,,NP_004299,XP_024304288,NP_593281.1,HMDSGIDYAVSLQKL,0.4464285714285714,0.2666666666666666,,,,,,False,-0.6593433552947643,,NP_004299,XP_024304288
ENSG00000184575,XPOT,ENST00000332707,ENSP00000327821,ENSP00000327821,XPOT,ENST00000332707,ENSP00000327821,ENSP00000327821,HTSVTLEFFETVVRY,,,True,3.0,1.6131503293822491,SDDQLFIYETAGVLI,,,True,5.0,5.74696481560116,QCGCSEVYLDCLQTF,,,True,5.0,0.2758869107216686,NP_596516.1,DSRSFKQFFQKFIQA,0.5583333333333332,0.1333333333333333,,,,,,False,3.2964312542035694,,NP_009166,XP_047284149,NP_596516.1,FNSQLYLFETVGVLI,0.6666666666666666,0.5333333333333333,0.6668494623628597,0.0,0.3383211671205145,0.0,0.6616788328794855,False,6.352251206518561,7.0,NP_009166,XP_047284149,NP_596516.1,TKYKPSTRLICLQTL,0.3083333333333333,0.3333333333333333,,,,,,False,1.613934989650717,,NP_009166,XP_047284149
ENSG00000067596,DHX8,ENST00000650571,ENSP00000496923,ENSP00000262415,DHX8,ENST00000650571,ENSP00000496923,ENSP00000262415,NDLLSFDFMDAPPME,,,True,3.5,2.4038672742844485,AVKFSQYFYEAPIFT,,,True,3.5,1.3421417769147443,TKEPETDYLDASLIT,,,True,3.5,1.5300156298977787,NP_593253.1,NDLLNFDFMDPPPAQ,0.8095238095238096,0.7333333333333333,0.3364579689678773,0.0,0.3211526124381815,0.0,0.6788473875618185,False,4.528111714671493,5.5,NP_004932,,NP_593253.1,AERFSSYFYKCPIFT,0.7000000000000001,0.6666666666666666,,,,,,False,3.2451861548638123,,NP_004932,,NP_593253.1,TKQPEADYLDAALMT,1.0,0.7333333333333333,0.5265435115381711,0.0,0.1793662291368415,0.0,0.8206337708631586,True,3.6664098320160017,4.0,NP_004932,
ENSG00000197713,RPE,ENST00000354506,ENSP00000346501,ENSP00000352401,RPE,ENST00000354506,ENSP00000346501,ENSP00000352401,KQLGQDPFFDMHMMV,,,True,5.5,3.77868721374399,VHWLRTQFPSLDIEV,,,True,7.0,6.6836822114778265,GANQYTFHLEATENP,,,True,7.5,1.6917979979259137,NP_594005.1,HYTKEEAFFDCHLMV,0.5231481481481481,0.4,0.5069326394314918,0.0,0.4277270303161534,0.0,0.5722729696838466,False,-0.0420917668284183,3.5,NP_954699,,NP_594005.1,VEFLRKKYPTLNVEV,0.5964285714285714,0.4666666666666667,0.3007559327078994,0.0,0.3991119047544946,0.0,0.6008880952455053,False,1.1023611047753836,8.0,NP_954699,,NP_594005.1,GASLFCFHYEATEKH,0.8095238095238096,0.5333333333333333,,,,,,False,0.3252560602200405,,NP_954699,
ENSG00000126012,KDM5C,ENST00000429877,ENSP00000409757,ENSP00000385394,KDM5C,ENST00000687695,ENSP00000508631,ENSP00000385394,ESTSPKTFLESKEEL,,,True,3.5,-1.9614641528456296,LTPEEEEYATSGWNL,,,True,4.0,0.5088805973176386,GFNQGYNFAEAVNFC,,,True,4.5,5.247665935817314,NP_593431.1,DYHCISSFLQSSNEL,0.6083333333333333,0.3333333333333333,,,,,,False,6.879148969292772,,NP_001269551,,NP_596174.1,SSFESVNFATVNWIK,0.5,0.2666666666666666,0.5315307510845735,0.0,0.076910766862017,0.0,0.923089233137983,True,2.058603041209155,6.5,NP_001269551,,NP_593431.1,ADTWLENYKEALGSD,0.5380952380952381,0.2,0.8289382655365412,0.0,0.4226444450881257,0.0,0.5773555549118743,False,5.861435186454765,4.5,NP_001269551,
ENSG00000138138,ATAD1,ENST00000308448,ENSP00000339017,ENSP00000339017,ATAD1,ENST00000308448,ENSP00000339017,ENSP00000339017,STLTDKWYGESQKLA,topological domain,Cytoplasmic,True,6.0,-0.4375448834605729,TIFGAVTYFTIKWMV,transmembrane region;topological domain,Helical;Cytoplasmic,False,6.0,4.522255475364425,ALLCVREYVNSTSEE,topological domain,Cytoplasmic,True,6.0,1.0687198601851546,NP_588013.1,GLLTDKWFGESNKLV,0.9166666666666666,0.6666666666666666,0.4608943654054052,0.0,0.6362728591731528,0.0,0.3637271408268472,False,0.3900279934091448,5.5,NP_116199,XP_016872337,NP_588013.1,SNKLVDALFTLARKL,0.2749999999999999,0.1333333333333333,,,,,,False,5.663767345789111,,NP_116199,XP_016872337,NP_588013.1,DIGGMDEHVNQLLQD,0.4583333333333333,0.2,,,,,,False,1.4703028713776312,,NP_116199,XP_016872337
ENSG00000100764,PSMC1,ENST00000261303,ENSP00000261303,ENSP00000261303,PSMC1,ENST00000261303,ENSP00000261303,ENSP00000261303,MKVTNEDFKKSKENV,,,True,5.0,1.1699279222759011,PKLVRELFRVAEEHA,,,True,5.5,3.0657291454343065,YLLMEEEFIRNQEQM,,,True,6.0,-0.929294668099703,NP_595480.1,MRVVMDDFRQAREKV,0.6416666666666667,0.4,,,,,,False,5.638035288887317,,NP_002793,,NP_595480.1,PRLVRQLFNAAEEHS,0.6666666666666666,0.6666666666666666,,,,,,False,2.1845819258936565,,NP_002793,,NP_595480.1,HLLMEEEYVQNQERL,0.7297619047619048,0.6,,,,,,False,0.1399045861552308,,NP_002793,
ENSG00000076248,UNG,ENST00000242576,ENSP00000242576,ENSP00000242576,UNG,ENST00000242576,ENSP00000242576,ENSP00000242576,KERGWEQFTDAVVSW,,,True,4.5,0.3915196412448998,ARNVPVGFGESWKKH,,,True,5.5,0.6104519705703885,GQKTLYSFFSPSPAR,,,True,5.5,10.110578936220987,NP_587889.1,SGKGWETFTSAVLQV,0.5083333333333333,0.4666666666666667,0.4802342720779157,0.0,0.2518762924475675,0.0,0.7481237075524325,False,-0.1994321452430928,4.5,NP_550433,,NP_587889.1,PLSAHRGFFECHHFK,0.3773148148148148,0.2,0.3824128583893712,0.0,0.7442169449632511,0.0,0.2557830550367489,False,2.3127689489326824,4.0,NP_550433,,NP_587889.1,IGQAHGLCFSVRPGI,0.2962962962962963,0.2,,,,,,False,1.5091166427102238,,NP_550433,
ENSG00000076242,MLH1,ENST00000673673,ENSP00000500979,ENSP00000231790,MLH1,ENST00000673673,ENSP00000500979,ENSP00000231790,KAEMLADYFSLEIDE,,,True,5.5,7.7405897576360125,TTSKLQSFEDLASIS,,,True,5.5,6.755858375693999,KCAYRASYSDGKLKA,,,True,5.5,0.5779880779871062,NP_596199.1,RRDMLKDYFSISVTS,0.875,0.4,0.3098953799781597,0.0,0.5456172309575709,0.0,0.4543827690424291,False,5.093408258390477,5.5,NP_000240,XP_047304108,NP_596199.1,STSKIDNFNDLQHLQ,0.5069444444444445,0.4,0.5868756827859988,0.0,0.3107704802968767,0.0,0.6892295197031232,False,4.626280514177235,7.0,NP_000240,XP_047304108,NP_596199.1,IHAWKAFYVDGALAP,0.5277777777777778,0.4,0.4285743774477845,0.0,0.1983258365733894,0.0,0.8016741634266105,True,9.39639681659047,6.0,NP_000240,XP_047304108
ENSG00000151229,SLC2A13,ENST00000280871,ENSP00000280871,ENSP00000280871,SLC2A13,ENST00000380858,ENSP00000370239,ENSP00000280871,TEDIFWAYNFCPTPY,topological domain,Extracellular,False,6.0,0.4135596521713056,NQTIDEEYDSIKNNI,topological domain,Cytoplasmic,True,6.0,4.666181042809933,DIFWAYNFCPTPYSW,topological domain,Extracellular,False,7.0,9.5513757662809,NP_593858.2,TGLIIAATNFVFTIV,0.5583333333333333,0.4,,,,,,False,2.049444850742225,,NP_443117,XP_016874254,NP_593320.1,FSEDMREIPSLPNEE,0.5178571428571429,0.2,,,,,,False,6.5299798816492185,,NP_443117,XP_016874254,NP_593858.2,AYNTLARIYPTAHPY,0.3273809523809524,0.1333333333333333,,,,,,False,13.006553862643404,,NP_443117,XP_016874254
ENSG00000079459,FDFT1,ENST00000615631,ENSP00000481481,ENSP00000481481,FDFT1,ENST00000615631,ENSP00000481481,ENSP00000481481,LYQPDWRFMESKEKD,,,True,5.0,-0.1682284766956847,LSQVTEDYVQTGEHG,,,True,5.0,1.203830567210457,GGGGGMEFVKCLGHP,,,True,5.5,-0.9152641540813355,NP_595363.1,ESLFPRRFREMYEKA,0.6,0.3333333333333333,0.4516904471894355,0.0,0.4683509208337608,0.0,0.5316490791662392,False,1.397054610287526,6.5,NP_001274671,,NP_595363.1,KLPILRDFYKTIEVE,0.5928571428571429,0.2,,,,,,False,7.515957880087733,,NP_001274671,,NP_595363.1,SLANRIEEIRCLCQY,0.3694444444444444,0.2,,,,,,False,-0.4767820084205783,,NP_001274671,
ENSG00000284967,FDFT1,ENST00000710772,ENSP00000518475,ENSP00000518478,FDFT1,ENST00000710772,ENSP00000518475,ENSP00000518478,LYQPDWRFMESKEKD,,,True,5.0,-0.1682284766956847,LSQVTEDYVQTGEHG,,,True,5.0,1.203830567210457,GGGGGMEFVKCLGHP,,,True,5.5,-0.9152641540813355,NP_595363.1,ESLFPRRFREMYEKA,0.6,0.3333333333333333,0.4516904471894355,0.0,0.4683509208337608,0.0,0.5316490791662392,False,1.397054610287526,6.5,NP_001274671,,NP_595363.1,KLPILRDFYKTIEVE,0.5928571428571429,0.2,,,,,,False,7.515957880087733,,NP_001274671,,NP_595363.1,SLANRIEEIRCLCQY,0.3694444444444444,0.2,,,,,,False,-0.4767820084205783,,NP_001274671,
ENSG00000076924,XAB2,ENST00000358368,ENSP00000351137,ENSP00000351137,XAB2,ENST00000358368,ENSP00000351137,ENSP00000351137,LPARRAEYFDGSEPV,,,True,3.0,3.3875821573057325,LEESLGTFQSTKAVY,,,True,4.5,6.916710683466005,PREIINTYTEAVQTV,,,True,4.5,0.2787950348834909,NP_596612.1,EFARFYENFDDLEQS,0.5833333333333334,0.4,,,,,,False,4.449068491104928,,NP_064581,,NP_596612.1,VTKIRCTFNSALRAL,0.4666666666666666,0.2,0.7278518779954819,0.0,0.5250212859771267,0.0,0.4749787140228733,False,1.1607190261824616,5.0,NP_064581,,NP_596612.1,SEKVVQVYTDAIKNV,0.5888888888888889,0.2666666666666666,0.8111074849668292,0.0,0.3929215182216133,0.0,0.6070784817783866,False,3.6505884257698535,5.5,NP_064581,
ENSG00000204221,WDR46,ENST00000432933,ENSP00000399454,ENSP00000399454,WDR46,ENST00000432933,ENSP00000399454,ENSP00000399454,LLAEEPGFLEGEDGE,,,True,4.0,-0.6339416125512993,ATASETGFLTYLDVS,,,True,5.5,0.5942720377963755,SETGFLTYLDVSVGK,,,True,6.0,0.3339314990297024,NP_594170.1,TSIGNAGYLKYQDVS,0.5333333333333334,0.2,,,,,,False,-0.7359227961505144,,NP_005443,,NP_594170.1,TSIGNAGYLKYQDVS,0.7047619047619048,0.4,,,,,,False,-0.7359227961505144,,NP_005443,,NP_594170.1,GNAGYLKYQDVSTGQ,0.3999999999999999,0.4666666666666667,0.5766862511225764,0.0,0.3227800112169698,0.0,0.6772199887830301,False,0.4573282248652228,7.0,NP_005443,
ENSG00000226916,WDR46,ENST00000457382,ENSP00000405614,ENSP00000405614,WDR46,ENST00000457382,ENSP00000405614,ENSP00000405614,LLAEEPGFLEGEDGE,,,True,4.0,-0.6339416125512993,ATASETGFLTYLDVS,,,True,5.5,0.5942720377963755,SETGFLTYLDVSVGK,,,True,6.0,0.3339314990297024,NP_594170.1,TSIGNAGYLKYQDVS,0.5333333333333334,0.2,,,,,,False,-0.7359227961505144,,NP_005443,,NP_594170.1,TSIGNAGYLKYQDVS,0.7047619047619048,0.4,,,,,,False,-0.7359227961505144,,NP_005443,,NP_594170.1,GNAGYLKYQDVSTGQ,0.3999999999999999,0.4666666666666667,0.5766862511225764,0.0,0.3227800112169698,0.0,0.6772199887830301,False,0.4573282248652228,7.0,NP_005443,
ENSG00000236222,WDR46,ENST00000432609,ENSP00000402869,ENSP00000402869,WDR46,ENST00000432609,ENSP00000402869,ENSP00000402869,LLAEEPGFLEGEDGE,,,True,4.0,-0.6339416125512993,ATASETGFLTYLDVS,,,True,5.5,0.5942720377963755,SETGFLTYLDVSVGK,,,True,6.0,0.3339314990297024,NP_594170.1,TSIGNAGYLKYQDVS,0.5333333333333334,0.2,,,,,,False,-0.7359227961505144,,NP_005443,,NP_594170.1,TSIGNAGYLKYQDVS,0.7047619047619048,0.4,,,,,,False,-0.7359227961505144,,NP_005443,,NP_594170.1,GNAGYLKYQDVSTGQ,0.3999999999999999,0.4666666666666667,0.5766862511225764,0.0,0.3227800112169698,0.0,0.6772199887830301,False,0.4573282248652228,7.0,NP_005443,
ENSG00000206284,WDR46,ENST00000383208,ENSP00000372695,ENSP00000372695,WDR46,ENST00000383208,ENSP00000372695,ENSP00000372695,LLAEEPGFLEGEDGE,,,True,4.0,-0.6339416125512993,ATASETGFLTYLDVS,,,True,5.5,0.5942720377963755,SETGFLTYLDVSVGK,,,True,6.0,0.3339314990297024,NP_594170.1,TSIGNAGYLKYQDVS,0.5333333333333334,0.2,,,,,,False,-0.7359227961505144,,NP_005443,,NP_594170.1,TSIGNAGYLKYQDVS,0.7047619047619048,0.4,,,,,,False,-0.7359227961505144,,NP_005443,,NP_594170.1,GNAGYLKYQDVSTGQ,0.3999999999999999,0.4666666666666667,0.5766862511225764,0.0,0.3227800112169698,0.0,0.6772199887830301,False,0.4573282248652228,7.0,NP_005443,
ENSG00000227057,WDR46,ENST00000374617,ENSP00000363746,ENSP00000363746,WDR46,ENST00000374617,ENSP00000363746,ENSP00000363746,LLAEEPGFLEGEDGE,,,True,4.0,-0.6339416125512993,ATASETGFLTYLDVS,,,True,5.5,0.5942720377963755,SETGFLTYLDVSVGK,,,True,6.0,0.3339314990297024,NP_594170.1,TSIGNAGYLKYQDVS,0.5333333333333334,0.2,,,,,,False,-0.7359227961505144,,NP_005443,XP_047275479,NP_594170.1,TSIGNAGYLKYQDVS,0.7047619047619048,0.4,,,,,,False,-0.7359227961505144,,NP_005443,XP_047275479,NP_594170.1,GNAGYLKYQDVSTGQ,0.3999999999999999,0.4666666666666667,0.5766862511225764,0.0,0.3227800112169698,0.0,0.6772199887830301,False,0.4573282248652228,7.0,NP_005443,XP_047275479
ENSG00000119723,COQ6,ENST00000394026,ENSP00000377594,ENSP00000333946,COQ6,ENST00000394026,ENSP00000377594,ENSP00000333946,SDADHTDFIDTAGAM,,,True,3.0,3.649349433313717,VSMDEEKFVDAVNSA,,,True,4.0,3.6329787187930873,TDLLKRLYSTSASPL,,,True,5.5,3.242024528216532,NP_595401.2,LTNHTRMFFDKIGAW,0.3666666666666667,0.2666666666666666,,,,,,False,2.205744851997728,,NP_872282,XP_011535109,NP_595401.2,PEETFVKFLNASFRL,0.4861111111111111,0.2,,,,,,False,1.8320511056521307,,NP_872282,XP_011535109,NP_595401.2,RTLGLSLFDRSASLK,0.5499999999999999,0.3333333333333333,,,,,,False,7.307187596943481,,NP_872282,XP_011535109
ENSG00000163811,WDR43,ENST00000407426,ENSP00000384302,ENSP00000384302,WDR43,ENST00000407426,ENSP00000384302,ENSP00000384302,EKSAVMSFTVTDEPV,,,True,5.5,1.1595648688951707,DEENGEDRDTASEKE,,,True,5.5,0.021686247431197,VLTVHASYLSTLPDL,,,True,5.5,4.67969868734164,NP_593621.2,TGEVRTSFTVPSSSR,0.6428571428571429,0.2666666666666666,,,,,,False,4.8011352173488175,,NP_055946,,NP_593621.2,FRKAGGSKDNAEDEE,0.4555555555555555,0.2666666666666666,,,,,,False,0.0598804167228339,,NP_055946,,NP_593621.2,SREFSGLYLSTVFKN,0.4722222222222222,0.2666666666666666,0.4574209654423372,0.0,0.4732164391888914,0.0,0.5267835608111087,False,1.2966501448372043,6.0,NP_055946,
ENSG00000101452,DHX35,ENST00000373325,ENSP00000362422,ENSP00000252011,DHX35,ENST00000373325,ENSP00000362422,ENSP00000252011,EVGYCIRFDDCTDQL,,,True,4.5,0.9675254295635856,GDGDVLAFLTGQEEV,,,True,4.5,0.0318494434985791,DADKFRDFFNQNETS,,,True,5.5,0.0841144964264156,NP_593629.1,LCGYSIQFDHNVSEK,0.2625,0.3333333333333333,,,,,,False,0.3521792328628468,,NP_068750,XP_011527274,NP_593629.1,PPGDILVFLSGRKEI,0.5750000000000001,0.4666666666666667,0.5798462429242129,0.0,0.2868282179742189,0.0,0.7131717820257811,False,1.4477603210940695,6.5,NP_068750,XP_011527274,NP_593629.1,DANKLSQFFGQDKVC,0.5333333333333333,0.4,,,,,,False,9.856500712413483,,NP_068750,XP_011527274
ENSG00000228875,CSNK2B,ENST00000439572,ENSP00000410942,ENSP00000415237,CSNK2B,ENST00000617578,ENSP00000483938,ENSP00000415237,GLRGNEFFCEVDEDY,,,True,5.5,1.010449510797123,EKYQQGDFGYCPRVY,,,True,6.0,3.155831745498039,LNEQVPHYRQALDMI,,,True,6.0,1.787266734486603,NP_594606.1,GLKGNEFFCEVDEDF,1.0,0.8666666666666667,0.4418066518785667,0.0,0.2246372688511169,0.0,0.775362731148883,True,1.010449510797123,5.5,NP_001311,,NP_594606.1,EKYKKCDFGHCPRVL,0.875,0.6666666666666666,,,,,,False,3.4364693572208465,,NP_001311,,NP_594606.1,LSHEVPHYSQSLDLI,0.6666666666666666,0.6,,,,,,False,0.90157944783684,,NP_001311,
ENSG00000224398,CSNK2B,ENST00000422261,ENSP00000413092,ENSP00000407018,CSNK2B,ENST00000619468,ENSP00000480237,ENSP00000407018,GLRGNEFFCEVDEDY,,,True,5.5,1.010449510797123,EKYQQGDFGYCPRVY,,,True,6.0,3.155831745498039,LNEQVPHYRQALDMI,,,True,6.0,1.787266734486603,NP_594606.1,GLKGNEFFCEVDEDF,1.0,0.8666666666666667,0.4418066518785667,0.0,0.2246372688511169,0.0,0.775362731148883,True,1.010449510797123,5.5,NP_001311,,NP_594606.1,EKYKKCDFGHCPRVL,0.875,0.6666666666666666,,,,,,False,3.4364693572208465,,NP_001311,,NP_594606.1,LSHEVPHYSQSLDLI,0.6666666666666666,0.6,,,,,,False,0.90157944783684,,NP_001311,
ENSG00000206406,CSNK2B,ENST00000400116,ENSP00000382984,ENSP00000372925,CSNK2B,ENST00000621953,ENSP00000478364,ENSP00000372925,GLRGNEFFCEVDEDY,,,True,5.5,1.010449510797123,EKYQQGDFGYCPRVY,,,True,6.0,3.155831745498039,LNEQVPHYRQALDMI,,,True,6.0,1.787266734486603,NP_594606.1,GLKGNEFFCEVDEDF,1.0,0.8666666666666667,0.4418066518785667,0.0,0.2246372688511169,0.0,0.775362731148883,True,1.010449510797123,5.5,NP_001311,,NP_594606.1,EKYKKCDFGHCPRVL,0.875,0.6666666666666666,,,,,,False,3.4364693572208465,,NP_001311,,NP_594606.1,LSHEVPHYSQSLDLI,0.6666666666666666,0.6,,,,,,False,0.90157944783684,,NP_001311,
ENSG00000136100,VPS36,ENST00000611132,ENSP00000484968,ENSP00000367299,VPS36,ENST00000611132,ENSP00000484968,ENSP00000367299,PNKEPGPFQSSKNSY,,,True,5.5,3.609626594396036,NSYIKLSFKEHGQIE,,,True,6.0,-1.4529774334072405,LPLRLRVFDSGVMVI,,,True,6.0,13.41525595451841,NP_596667.1,VQHTSRYFRSSPKIR,0.4619047619047619,0.2,0.2734725247188924,0.0,0.3682784459290253,0.0,0.6317215540709746,False,1.5668150958862117,6.0,NP_057159,,NP_596667.1,YFGDEKSFRHNNGTL,0.3722222222222222,0.1333333333333333,,,,,,False,-1.4232861784565989,,NP_057159,,NP_596667.1,VGITTSKMNSGLILF,0.3361111111111111,0.1333333333333333,,,,,,False,7.257386655009057,,NP_057159,
ENSG00000198056,PRIM1,ENST00000706566,ENSP00000516451,ENSP00000350491,PRIM1,ENST00000706566,ENSP00000516451,ENSP00000350491,YVKVFEHFLENLDKS,,,True,5.5,1.364780919756555,HDELQQSFQKSHNSL,,,True,6.0,2.5409720256855675,FDIDMTDYDDVRRCC,,,True,6.0,2.3334309014725263,NP_593765.1,KVPTVNDLLQELDKN,0.3722222222222222,0.3333333333333333,,,,,,False,2.196400687803891,,NP_000937,,NP_593765.1,QSNKGHGFSTSLNPY,0.4666666666666666,0.2,0.2838875390125501,0.0,0.3706586028062823,0.0,0.6293413971937176,False,4.38991430676558,5.5,NP_000937,,NP_593765.1,FDIDMTDYDDVRTCC,0.7999999999999999,0.9333333333333332,0.5031768526890391,0.0,0.1546041752123219,0.0,0.845395824787678,True,2.3448505227307583,5.0,NP_000937,
ENSG00000027001,MIPEP,ENST00000382172,ENSP00000371607,ENSP00000371607,MIPEP,ENST00000382172,ENSP00000371607,ENSP00000371607,IAHPEPAFREAAEEA,,,True,3.5,3.118204307785388,KCPSVDDFVSALVSD,,,True,4.0,2.567827001604901,PEHIRRNFTSAGDHI,,,True,4.0,0.9581092359299102,NP_593013.1,LFAGNPLSREAGEKF,0.5416666666666666,0.3333333333333333,,,,,,False,-1.165324053846225,,NP_005923,XP_011533400,NP_593013.1,SSLYGLRFVPADISP,0.5345238095238095,0.2666666666666666,,,,,,False,3.5214283374991724,,NP_005923,XP_011533400,NP_593013.1,KKELNLNFLPSFDVW,0.4761904761904762,0.2,,,,,,False,2.9497672625135483,,NP_005923,XP_011533400
ENSG00000144381,HSPD1,ENST00000388968,ENSP00000373620,ENSP00000340019,HSPD1,ENST00000388968,ENSP00000373620,ENSP00000340019,SKGQKCEFQDAYVLL,,,True,3.5,1.0158382247331308,YDAMAGDFVNMVEKG,,,True,6.5,3.558394392660446,VAVKAPGFGDNRKNQ,,,True,7.0,2.868858108224412,NP_592894.1,VKSQKVEFENPLILL,0.528968253968254,0.4666666666666667,,,,,,False,5.392611230781018,,NP_955472,,NP_592894.1,YDIAKDRFVDLNEIG,0.5444444444444444,0.4,0.3610115126530188,0.0,0.2238324446273453,0.0,0.7761675553726547,True,1.7140355724559873,6.5,NP_955472,,NP_592894.1,VAIKAPGFGDNRRNM,0.9,0.8,0.3875945950220854,0.0,0.4926003103234692,0.0,0.5073996896765308,False,2.868858108224412,7.0,NP_955472,
ENSG00000100353,EIF3D,ENST00000216190,ENSP00000216190,ENSP00000216190,EIF3D,ENST00000216190,ENSP00000216190,ENSP00000216190,QRVGSKLFFDKRDNS,,,True,4.5,0.7672914409858433,ECCGALEYYDKAFDR,,,True,5.0,6.646629106163115,QQFKPNEFASQINLS,,,True,6.0,4.535683737096345,NP_594625.1,THQSGKLFFDKREGG,0.9,0.4666666666666667,,,,,,False,0.0351753002365168,,NP_003744,,NP_594625.1,DSYGYIYPYDKSFDK,0.5476190476190476,0.4,,,,,,False,0.1705424031958075,,NP_003744,,NP_594625.1,VAYKPADLASQMNLS,0.7222222222222222,0.5333333333333333,,,,,,False,4.78908368284977,,NP_003744,
ENSG00000224774,CSNK2B,ENST00000432290,ENSP00000415615,ENSP00000415303,CSNK2B,ENST00000615589,ENSP00000478717,ENSP00000415303,GLRGNEFFCEVDEDY,,,True,5.5,1.010449510797123,EKYQQGDFGYCPRVY,,,True,6.0,3.155831745498039,LNEQVPHYRQALDMI,,,True,6.0,1.787266734486603,NP_594606.1,GLKGNEFFCEVDEDF,1.0,0.8666666666666667,0.4418066518785667,0.0,0.2246372688511169,0.0,0.775362731148883,True,1.010449510797123,5.5,NP_001311,,NP_594606.1,EKYKKCDFGHCPRVL,0.875,0.6666666666666666,,,,,,False,3.4364693572208465,,NP_001311,,NP_594606.1,LSHEVPHYSQSLDLI,0.6666666666666666,0.6,,,,,,False,0.90157944783684,,NP_001311,
ENSG00000204435,CSNK2B,ENST00000677536,ENSP00000502967,ENSP00000365042,CSNK2B,ENST00000677536,ENSP00000502967,ENSP00000365042,GLRGNEFFCEVDEDY,,,True,5.5,1.010449510797123,EKYQQGDFGYCPRVY,,,True,6.0,3.155831745498039,LNEQVPHYRQALDMI,,,True,6.0,1.787266734486603,NP_594606.1,GLKGNEFFCEVDEDF,1.0,0.8666666666666667,0.4418066518785667,0.0,0.2246372688511169,0.0,0.775362731148883,True,1.010449510797123,5.5,NP_001311,,NP_594606.1,EKYKKCDFGHCPRVL,0.875,0.6666666666666666,,,,,,False,3.4364693572208465,,NP_001311,,NP_594606.1,LSHEVPHYSQSLDLI,0.6666666666666666,0.6,,,,,,False,0.90157944783684,,NP_001311,
ENSG00000116353,MECR,ENST00000463412,ENSP00000436831,ENSP00000263702,MECR,ENST00000263702,ENSP00000263702,ENSP00000263702,SQVPLQDYQSALEAS,,,True,3.5,3.554463287954928,LEASMKPFISSKQIL,,,True,5.5,2.9337987937428367,HGPAASSYSASAEPA,,,True,6.0,7.763404693367274,NP_594891.1,KAIAYSEYGNPKEVL,0.3484126984126984,0.1333333333333333,,,,,,False,7.348937623472924,,NP_057095,XP_011539841,NP_594891.1,AVSYNVPKCSKNQVN,0.3814814814814815,0.2,,,,,,False,4.834915731111726,,NP_057095,XP_011539841,NP_594891.1,VCSSKPSAVAGNEGL,0.3333333333333333,0.2,,,,,,False,0.1887331943110539,,NP_057095,XP_011539841
ENSG00000230700,CSNK2B,ENST00000424502,ENSP00000396772,ENSP00000400188,CSNK2B,ENST00000612713,ENSP00000483731,ENSP00000400188,GLRGNEFFCEVDEDY,,,True,5.5,1.010449510797123,EKYQQGDFGYCPRVY,,,True,6.0,3.155831745498039,LNEQVPHYRQALDMI,,,True,6.0,1.787266734486603,NP_594606.1,GLKGNEFFCEVDEDF,1.0,0.8666666666666667,0.4418066518785667,0.0,0.2246372688511169,0.0,0.775362731148883,True,1.010449510797123,5.5,NP_001311,,NP_594606.1,EKYKKCDFGHCPRVL,0.875,0.6666666666666666,,,,,,False,3.4364693572208465,,NP_001311,,NP_594606.1,LSHEVPHYSQSLDLI,0.6666666666666666,0.6,,,,,,False,0.90157944783684,,NP_001311,
ENSG00000232960,CSNK2B,ENST00000428483,ENSP00000395546,ENSP00000390900,CSNK2B,ENST00000611721,ENSP00000482874,ENSP00000390900,GLRGNEFFCEVDEDY,,,True,5.5,1.010449510797123,EKYQQGDFGYCPRVY,,,True,6.0,3.155831745498039,LNEQVPHYRQALDMI,,,True,6.0,1.787266734486603,NP_594606.1,GLKGNEFFCEVDEDF,1.0,0.8666666666666667,0.4418066518785667,0.0,0.2246372688511169,0.0,0.775362731148883,True,1.010449510797123,5.5,NP_001311,,NP_594606.1,EKYKKCDFGHCPRVL,0.875,0.6666666666666666,,,,,,False,3.4364693572208465,,NP_001311,,NP_594606.1,LSHEVPHYSQSLDLI,0.6666666666666666,0.6,,,,,,False,0.90157944783684,,NP_001311,
ENSG00000131979,GCH1,ENST00000395514,ENSP00000378890,ENSP00000419045,GCH1,ENST00000395514,ENSP00000378890,ENSP00000419045,MQFFTKGYQETISDV,,,True,5.0,-2.7670808260928417,RAASAMQFFTKGYQE,,,True,6.0,5.375775566257702,DPKTREEFLTLIRSG,,,True,6.5,1.5952207650546388,NP_593481.1,MLYFTKGYEQNLTEV,0.5,0.4666666666666667,,,,,,False,-0.062227864786916,,NP_000152,XP_016876707,NP_593481.1,RYAKAMLYFTKGYEQ,0.6547619047619048,0.6,,,,,,False,4.92489000171688,,NP_000152,XP_016876707,NP_593481.1,SHKTREEFFRLIGKF,0.411111111111111,0.5333333333333333,,,,,,False,1.8515857065326893,,NP_000152,XP_016876707
ENSG00000178952,TUFM,ENST00000313511,ENSP00000322439,ENSP00000322439,TUFM,ENST00000313511,ENSP00000322439,ENSP00000322439,INAAHVEYSTAARHY,,,True,5.0,4.259141435709972,VVTGIEMFHKSLERA,,,True,5.5,1.217577507881994,SHFMPVMFSLTWDMA,,,True,6.0,1.4444051858990683,NP_595746.1,ISSAHVEYETANRHY,0.8333333333333334,0.7333333333333333,0.681282108759832,0.0,0.1831328137087366,0.0,0.8168671862912634,True,0.3524804679849979,5.0,NP_003312,,NP_595746.1,TVTGIEMFKKQLDAA,0.5222222222222223,0.6666666666666666,,,,,,False,1.533871267870707,,NP_003312,,NP_595746.1,DKYRPQLYSRTSDVT,0.5880952380952381,0.2666666666666666,,,,,,False,7.040821375376591,,NP_003312,
ENSG00000042753,AP2S1,ENST00000601649,ENSP00000470898,ENSP00000263270,AP2S1,ENST00000601498,ENSP00000470176,ENSP00000263270,RRYAGLYFCICVDVN,,,True,5.5,2.949122823659187,VNDNNLAYLEAIHNF,,,True,5.5,1.8998129582833536,YLEAIHNFVEVLNEY,,,True,6.5,6.597943596890086,NP_596138.1,RRYAGLYFCFCVDST,0.8333333333333334,0.8,,,,,,False,-0.5405217468252602,,NP_004060,,NP_596138.1,STDNDLAILEMIHFF,0.5916666666666667,0.6,,,,,,False,1.4703987352221417,,NP_004060,,NP_596138.1,NQKFQANFLEWENSK,0.662878787878788,0.2666666666666666,0.32833725476148,0.0,0.4600305608826798,0.0,0.5399694391173202,False,-0.8758333114340283,6.5,NP_004060,
ENSG00000133275,CSNK1G2,ENST00000255641,ENSP00000255641,ENSP00000255641,CSNK1G2,ENST00000255641,ENSP00000255641,ENSP00000255641,RYVRRLDFFEKPDYD,,,True,3.5,1.178842178210776,HAIHIIDFGLAKEYI,,,True,4.5,1.6246138774473315,YDYLRKLFTDLFDRS,,,True,5.5,0.2140799392088693,NP_595380.1,TYVRSLEFDEEPDYA,0.5166666666666667,0.6,,,,,,False,0.5197173551268772,,NP_001310,XP_016881787,NP_595380.1,NMVYMVDFGMAKYYR,0.6857142857142858,0.4,,,,,,False,3.072259808829045,,NP_001310,XP_016881787,NP_595380.1,YAFLQELFDDVLRAN,0.4472222222222222,0.3333333333333333,0.5676339907229926,0.0,0.2642290711463559,0.0,0.7357709288536441,False,1.091190254682107,7.0,NP_001310,XP_016881787
ENSG00000146282,RARS2,ENST00000691725,ENSP00000509453,ENSP00000358549,RARS2,ENST00000691725,ENSP00000509453,ENSP00000358549,GCGYLNDFNTACLQE,,,True,4.0,2.5978160794088305,LRFDEVLYKSSQDFQ,,,True,5.0,-0.5875894659442956,QKEEVADFQLSVDSL,,,True,5.0,-0.1755299179676389,NP_596077.1,VRGRERDIQLARLAL,0.4583333333333333,0.2666666666666666,,,,,,False,1.865261227520128,,NP_064716,XP_011534251,NP_596077.1,PALETSISKDSADLN,0.5,0.2,,,,,,False,4.972401708936461,,NP_064716,XP_011534251,NP_596077.1,YDEYDGESQVSLELM,0.425,0.2,,,,,,False,-2.235566951878554,,NP_064716,XP_011534251
ENSG00000119048,UBE2B,ENST00000507277,ENSP00000425137,ENSP00000265339,UBE2B,ENST00000507277,ENSP00000425137,ENSP00000265339,FGPEGTPFEDGTFKL,,,True,5.5,1.0050385662919186,KMFHPNVYADGSICL,,,True,6.0,1.5503686246887471,TPFEDGTFKLVIEFS,,,True,6.5,0.3487795665047649,NP_592876.1,IGPADTPFEDGTFKL,1.0,0.8,0.6573846744136232,0.0,0.250644350231145,0.0,0.7493556497688549,False,0.3534248035286114,5.5,NP_003328,,NP_592876.1,TMFHPNVYANGELCL,0.7777777777777777,0.7333333333333333,,,,,,False,-1.4159950541823922,,NP_003328,,NP_592876.1,TPFEDGTFKLVLSFD,0.8333333333333334,0.8,,,,,,False,-0.084324109243691,,NP_003328,
ENSG00000206562,METTL6,ENST00000458728,ENSP00000400885,ENSP00000373300,METTL6,ENST00000453819,ENSP00000412006,ENSP00000373300,DDFLAQLFMDTGYEE,,,True,4.5,4.690497688991901,LEEDPNIFAYACDFS,,,True,4.5,-1.2340803436135923,EVVNEYVFRETVNKK,,,True,4.5,4.811253376550204,NP_595764.1,KRNETRFFKDRHWLD,0.296969696969697,0.1333333333333333,,,,,,False,2.714630982143904,,NP_689609,XP_047303406,NP_595764.1,CYNENRVFPFVNDIT,0.5178571428571429,0.1333333333333333,,,,,,False,1.4528787457671524,,NP_689609,XP_047303406,NP_595764.1,KPGGHLVFRDYCDGD,0.5357142857142857,0.2,0.6039774762238613,0.0,0.3094693350993667,0.0,0.6905306649006333,False,-3.905645626851508,5.5,NP_689609,XP_047303406
ENSG00000105402,NAPA,ENST00000263354,ENSP00000263354,ENSP00000263354,NAPA,ENST00000263354,ENSP00000263354,ENSP00000263354,YEELFPAFSDSRECK,,,True,3.5,-2.001985461814733,KVKNSQSFFSGLFGG,,,True,4.5,1.6565997748460068,EEQNVDSYTESVKEY,,,True,4.5,-2.3353511614304696,NP_594169.1,TKAALGAYEDAGEWY,0.6130952380952381,0.2,0.6004144538874853,0.0,0.6220239297422692,0.0,0.3779760702577308,False,4.00939995186272,4.0,NP_003818,XP_011525738,NP_594169.1,QGTGGFALFGGGNKY,0.2916666666666667,0.1333333333333333,,,,,,False,6.056904089504656,,NP_003818,XP_011525738,NP_594169.1,KDDAASTYVEAFKSY,0.5750000000000001,0.2666666666666666,0.465905848917156,0.0,0.8649796330748649,0.0,0.135020366925135,False,3.566701277801365,5.0,NP_003818,XP_011525738
ENSG00000163751,CPA3,ENST00000296046,ENSP00000296046,ENSP00000296046,CPA3,ENST00000296046,ENSP00000296046,ENSP00000296046,NERRKAIFTDCGIHA,,,True,4.5,4.803201458276007,EIKVYITFHSYSQML,,,True,6.0,0.3249053447124366,AANMMVDFRVSEKES,,,True,6.5,2.765847497966591,NP_595408.1,NHEMFTSFTDIFFKS,0.375,0.2666666666666666,0.2506008838143915,0.0,0.3943332105043745,0.0,0.6056667894956256,False,1.142771752964308,6.0,NP_001861,,NP_595408.1,KVVGFLDVHSYSQSV,0.5972222222222222,0.3333333333333333,,,,,,False,-2.954635535162238,,NP_001861,,NP_595408.1,YNFDHVDLRLKEENF,0.4083333333333334,0.2666666666666666,,,,,,False,-0.6092096088338799,,NP_001861,
ENSG00000065150,IPO5,ENST00000651721,ENSP00000499125,ENSP00000499125,IPO5,ENST00000651721,ENSP00000499125,ENSP00000499125,LLKTQTDFNDMEDDD,,,True,4.5,3.124442198086564,DELEDDDFDSNAVAG,,,True,4.5,3.973067978411903,VKRQDEDYDEQVEES,,,True,5.0,-1.919357040841294,NP_588502.1,AATSKPDFTIIDDEV,0.4166666666666667,0.2,,,,,,False,0.0781664456598353,,NP_002262,XP_047286255,NP_588502.1,DDLDQDESDANHVVA,0.525,0.4,,,,,,False,2.338956785489533,,NP_002262,XP_047286255,NP_588502.1,AEIARSIYDCQGEWP,0.4675925925925925,0.2666666666666666,,,,,,False,0.8670118736898119,,NP_002262,XP_047286255
ENSG00000068438,FTSJ1,ENST00000396894,ENSP00000380103,ENSP00000326948,FTSJ1,ENST00000396894,ENSP00000380103,ENSP00000326948,PTRIIVPFVTCGDLS,,,True,4.0,1.4637541943846828,LYSQLQVFFSSVLCA,,,True,4.5,2.62147066146425,QPPISPPYQEACTLK,,,True,4.5,-1.9110746538101973,NP_594746.1,NAHEIAPFIACGDLD,0.7916666666666666,0.4666666666666667,,,,,,False,1.2565066960331208,,NP_036412,XP_047297898,NP_594746.1,PGSWSQVLSRELLKN,0.2166666666666666,0.2666666666666666,,,,,,False,4.057425000694181,,NP_036412,XP_047297898,NP_594746.1,QPPTAPPYKRAIELK,0.5,0.6,,,,,,False,4.395430808177978,,NP_036412,XP_047297898
ENSG00000134987,WDR36,ENST00000513710,ENSP00000424628,ENSP00000424628,WDR36,ENST00000513710,ENSP00000424628,ENSP00000424628,QDGTLQSFSTVHEKF,,,True,5.5,6.006990921383805,VIIHNIKFNETLMKF,,,True,5.5,2.135696180433001,MLDRKRDFELAQAYL,,,True,5.5,3.201153717280126,NP_587878.1,IKVSGTEFSTLLHGN,0.5416666666666666,0.2,0.6090911118986595,0.0,0.1095137723218601,0.0,0.8904862276781399,True,4.8515879534570185,6.5,NP_644810,XP_047272685,NP_587878.1,NRLTSFDFSDTGRWL,0.3694444444444444,0.1333333333333333,0.3132723179739125,0.0,0.3475874449867842,0.0,0.6524125550132158,False,3.708760552264096,4.5,NP_644810,XP_047272685,NP_587878.1,RLSKRRDFELVQACM,0.8333333333333334,0.5333333333333333,,,,,,False,0.7242422524595145,,NP_644810,XP_047272685
ENSG00000072958,AP1M1,ENST00000291439,ENSP00000291439,ENSP00000388996,AP1M1,ENST00000291439,ENSP00000291439,ENSP00000388996,SVKFEIPYFTTSGIQ,,,True,5.0,1.016478949813541,VQVFSEYFKELEEES,,,True,5.5,-1.4143662506010064,DELMDFGYPQTTDSK,,,True,5.5,0.9369873449769144,NP_595781.1,QLKFAIPYFTTSGIQ,1.0,0.8,0.2839488956846188,0.0,0.6885944943563898,0.0,0.3114055056436102,False,4.831271188085305,5.0,NP_001123996,,NP_595781.1,ADVFIDYFKELQEES,1.0,0.6666666666666666,0.4334589329975402,0.0,0.5620214702946889,0.0,0.4379785297053112,False,0.7809706296718355,5.0,NP_001123996,,NP_595781.1,DEIMDFGFPQTTETK,0.8166666666666668,0.7333333333333333,,,,,,False,0.8685227162844382,,NP_001123996,
ENSG00000125630,POLR1B,ENST00000537335,ENSP00000437914,ENSP00000444136,POLR1B,ENST00000537335,ENSP00000437914,ENSP00000444136,GSVYKSEFIDLSEKI,,,True,4.5,1.6786180513889266,WPAEDMPFTESGMVP,,,True,4.5,3.380355217134486,DGAPHRSYSECYPVL,,,True,4.5,2.7629953418417883,NP_595819.2,GTVYKGESFDLSQKR,0.4833333333333333,0.6,,,,,,False,0.6498582688622351,,NP_001269701,,NP_595819.2,WPTVDMPFTESGMQP,1.0,0.8,0.4961982547563366,0.0,0.4347714769405791,0.0,0.565228523059421,False,1.6019896627745212,5.0,NP_001269701,,NP_595819.2,FANRGTSYSQYGLSI,0.394047619047619,0.2,,,,,,False,0.6809677231350145,,NP_001269701,
ENSG00000047315,POLR2B,ENST00000381227,ENSP00000370625,ENSP00000312735,POLR2B,ENST00000381227,ENSP00000370625,ENSP00000312735,VASGVVEYIDTLEEE,,,True,3.5,0.9131862497378354,EIGDATPFNDAVNVQ,,,True,4.0,10.068180280006851,PHVGVSDFCETKKAY,,,True,4.5,1.4957325357174494,NP_593101.2,VSSGLIEYLDAEEEE,0.75,0.6,0.708400939563043,0.0,0.4367442367460136,0.0,0.5632557632539864,False,3.282928787625969,3.0,NP_000929,,NP_593101.2,ILASIIPFPDHNQSP,0.4107142857142857,0.2,0.2387507617231866,0.0,0.3195997704166106,0.0,0.6804002295833894,False,2.93057993713769,6.5,NP_000929,,NP_593101.2,PHITTMEGFETRKAF,0.4277777777777777,0.4,,,,,,False,0.870164014643738,,NP_000929,
ENSG00000115657,ABCB6,ENST00000265316,ENSP00000265316,ENSP00000265316,ABCB6,ENST00000265316,ENSP00000265316,ENSP00000265316,FENVHFSYADGRETL,topological domain,Cytoplasmic,True,4.5,5.147450778533672,VPQDTVLFNDTIADN,topological domain,Cytoplasmic,True,5.0,-2.3103222683782243,GMVTVGNYCEAEGPV,topological domain,Lumenal,False,5.0,1.0879586174932407,NP_588371.3,WIIVLISCADSKALP,0.4212962962962963,0.2666666666666666,,,,,,False,5.2014437127945525,,NP_005680,,NP_588371.3,VPQDSTLFNDTILYN,0.7916666666666666,0.7333333333333333,0.5429680503936839,0.0,0.3040573040816277,0.0,0.6959426959183723,False,-1.95775933698672,4.5,NP_005680,,NP_588371.3,GAYKKMWFQQAMGKT,0.3227272727272727,0.2,,,,,,False,0.2158797854088598,,NP_005680,
ENSG00000136709,WDR33,ENST00000322313,ENSP00000325377,ENSP00000325377,WDR33,ENST00000322313,ENSP00000325377,ENSP00000325377,FSPTDNKFATCSDDG,,,True,4.0,1.3365335492430983,FPPDHREFSEGDGRG,,,True,4.5,-2.0315557878711363,EDFGPEENFDASEEA,,,True,4.5,0.2176093167196186,NP_592884.1,FSPNDSKFVTASDDG,0.6666666666666666,0.7333333333333333,0.5912934102500018,0.0,0.381818386179672,0.0,0.6181816138203279,False,2.146107707580696,4.0,NP_060853,XP_005263754,NP_592884.1,TGSSTGEFTLWNGLT,0.3780303030303031,0.2,,,,,,False,-3.924718873387632,,NP_060853,XP_005263754,NP_592884.1,AAIEEDDNYEPDENP,0.5031746031746032,0.1333333333333333,,,,,,False,1.8160431615226609,,NP_060853,XP_005263754
ENSG00000113013,HSPA9,ENST00000677066,ENSP00000502902,ENSP00000297185,HSPA9,ENST00000677066,ENSP00000502902,ENSP00000297185,PTKKSQVFSTAADGQ,,,True,4.0,4.370630923694903,TETKMEEFKDQLPAD,,,True,5.0,1.9614282655699031,VITVPAYFNDSQRQA,,,True,5.5,0.8518787059258671,NP_593459.1,PTRKSQVFSTAADGQ,1.0,0.9333333333333332,0.5837629223870865,0.0,0.3784797769191278,0.0,0.6215202230808722,False,4.370630923694903,4.0,NP_004125,,NP_593459.1,LKVFESVYKNQNQGN,0.3158730158730159,0.1333333333333333,,,,,,False,1.613934989650717,,NP_004125,,NP_593459.1,VVTVPAYFNDSQRQA,1.0,0.9333333333333332,0.3648532176803905,0.0,0.2354331822330568,0.0,0.7645668177669431,True,0.7658061013796037,5.5,NP_004125,
ENSG00000135821,GLUL,ENST00000642379,ENSP00000494022,ENSP00000356537,GLUL,ENST00000642379,ENSP00000494022,ENSP00000356537,NARRLTGFHETSNIN,,,True,4.5,9.19015076499308,EELPEWNFDGSSTLQ,,,True,5.5,0.9180160260347664,ETSNINDFSAGVANR,,,True,6.0,2.0673759018674502,NP_593400.1,NDLRLTGRHETGSID,0.6083333333333333,0.6,,,,,,False,4.747537002818075,,NP_002056,,NP_593400.1,DQLRVWNFDGSSTGQ,1.0,0.6666666666666666,,,,,,False,4.737906632607298,,NP_002056,,NP_593400.1,ETGSIDKFTYGVADR,0.4523809523809524,0.5333333333333333,,,,,,False,2.3670535965773505,,NP_002056,
ENSG00000196839,ADA,ENST00000696005,ENSP00000512324,ENSP00000361965,ADA,ENST00000696005,ENSP00000512324,ENSP00000361965,NTDDPLIFKSTLDTD,,,True,4.0,-0.1306085150466134,LPGHVQAYQEAVKSG,,,True,5.5,-1.0554442289475177,IKRIAYEFVEMKAKE,,,True,5.5,4.821632931264654,NP_595071.1,PELFQEVYKLAAEKG,0.3464285714285715,0.0666666666666666,,,,,,False,3.301246993969985,,NP_000013,,NP_595071.1,SEAAHETFAEALKRN,0.5416666666666666,0.2,0.5187688883630724,0.0,0.5072258474106446,0.0,0.4927741525893554,False,-1.7252598948196074,4.0,NP_000013,,NP_595071.1,AELPVREFLEAGVPF,0.5,0.2,0.5980249128483348,0.0,0.2671072331308438,0.0,0.7328927668691562,False,-0.4358883791242388,3.5,NP_000013,
ENSG00000108010,GLRX3,ENST00000331244,ENSP00000330836,ENSP00000330836,GLRX3,ENST00000331244,ENSP00000330836,ENSP00000330836,TGVEYETFDILEDEE,,,True,6.5,-0.264311324483817,WPTYPQLYVSGELIG,,,True,6.5,1.284944081351409,RHASSGSFLPSANEH,,,True,6.5,7.5816335798793455,NP_596647.1,QNVQYGFFNILADDS,0.638888888888889,0.4,,,,,,False,4.331799811239584,,NP_006532,,NP_596647.1,WPTFPQLYIKGEFVG,0.625,0.6666666666666666,,,,,,False,3.4378937387781807,,NP_006532,,NP_596647.1,YIQPLISQISSTNAS,0.4416666666666666,0.2,,,,,,False,6.507849576353647,,NP_006532,
ENSG00000132932,ATP8A2,ENST00000684283,ENSP00000507994,ENSP00000371070,ATP8A2,ENST00000684283,ENSP00000507994,ENSP00000371070,YEEWLKVYQEASTIL,topological domain,Cytoplasmic,True,4.5,4.907306280036622,PCSDSCDFDDPRLLK,topological domain,Cytoplasmic,True,5.0,1.807334989072629,SEPQAMCYVETANLD,topological domain,Cytoplasmic,True,5.5,9.90658516567338,NP_596486.1,YQRWSTVFETAASSL,0.4916666666666667,0.3333333333333333,0.607244371172233,0.0,0.3199852020517585,0.0,0.6800147979482414,False,8.507052379811682,4.5,NP_057613,XP_011533409,NP_596486.1,IEIPLRDFNDPTQPE,0.6277777777777777,0.2666666666666666,0.3143485476394598,0.0,0.2403590245593239,0.0,0.759640975440676,True,4.909162601118148,5.5,NP_057613,XP_011533409,NP_596486.1,SEPEGLCYIETANLD,0.9583333333333334,0.7333333333333333,0.4505222031132601,0.0,0.4429003511557004,0.0,0.5570996488442995,False,6.554898309715231,5.0,NP_057613,XP_011533409
ENSG00000187555,USP7,ENST00000344836,ENSP00000343535,ENSP00000343535,USP7,ENST00000344836,ENSP00000343535,ENSP00000343535,NENPWTIFLETVDPE,,,True,4.0,-0.0722564668626277,RSDRREDYYDIQLSI,,,True,5.0,3.096705655202428,EQLDGDNKYDAGEHG,,,True,5.5,-0.6095370905102254,NP_588211.1,EMPSNVIFYETMDVS,0.8095238095238096,0.3333333333333333,0.5305388363771938,0.0,0.2966131654927356,0.0,0.7033868345072644,False,2.346138603006171,3.0,NP_003461,,NP_588211.1,ESARSEDYWDIQLNV,0.8636363636363636,0.6,0.4547411741440456,0.0,0.5176203661843515,0.0,0.4823796338156485,False,3.0648710914314683,5.0,NP_003461,,NP_595341.1,ETLTGDNKYYAEGHG,0.5396825396825397,0.6666666666666666,,,,,,False,1.5078041012417993,,NP_003461,
ENSG00000073536,NLE1,ENST00000442241,ENSP00000413572,ENSP00000413572,NLE1,ENST00000588019,ENSP00000466764,ENSP00000413572,GSDDFTLFLWSPAED,,,True,6.0,-1.6211280376607125,SGDTTVRFWDLSTET,,,True,6.0,2.63458625198778,WGGDGLLYSASQDRT,,,True,6.5,-2.1549265325703137,NP_588384.1,ASDDLQLILWDPQKS,0.4666666666666666,0.4666666666666667,,,,,,False,1.7112783668392093,,NP_060566,,NP_588384.1,SGDFTARLWDCDTQT,0.6481481481481481,0.6,,,,,,False,0.0942105823988199,,NP_060566,,NP_588384.1,WGGQNWIYSSSYDKT,0.7916666666666666,0.5333333333333333,0.2833918216088738,0.0,0.319794575983844,0.0,0.6802054240161559,False,3.2158911364250207,5.0,NP_060566,
ENSG00000177971,IMP3,ENST00000314852,ENSP00000326981,ENSP00000385217,IMP3,ENST00000314852,ENSP00000326981,ENSP00000385217,GSLELCDFVTASSFC,,,True,3.5,3.491412308960773,VTRSMEDFVTWVDSS,,,True,5.0,-0.7848000977491049,DVVTDPAFLVTRSME,,,True,6.0,0.2794247349670956,NP_594903.1,VTRSLEDFVTWTDTS,0.6212121212121212,0.3333333333333333,0.3982515665373012,0.0,0.3528262895484486,0.0,0.6471737104515514,False,-0.4672782249976857,5.0,NP_060755,,NP_594903.1,VTRSLEDFVTWTDTS,1.0,0.8,0.3982515665373012,0.0,0.3528262895484486,0.0,0.6471737104515514,False,-0.4672782249976857,5.0,NP_060755,,NP_594903.1,HVITDPAYLVTRSLE,0.9047619047619048,0.7333333333333333,,,,,,False,0.4464931518803914,,NP_060755,
ENSG00000167508,MVD,ENST00000301012,ENSP00000301012,ENSP00000301012,MVD,ENST00000301012,ENSP00000301012,ENSP00000301012,HVASVNNFPTAAGLA,,,True,5.0,5.320376265272602,LDDTVAEFVAAVWHG,,,True,5.0,3.219742066493024,DTFPPISYLNAISWR,,,True,6.0,-0.3028811461270138,NP_594027.1,HVVSENNFPTAAGLA,1.0,0.8666666666666667,0.5592042942223626,0.0,0.1491701061525806,0.0,0.8508298938474194,True,4.451960770420344,5.0,NP_002452,XP_011521390,NP_594027.1,GYAAFCEAIARLYDL,0.3892857142857142,0.1333333333333333,,,,,,False,1.0379502306939292,,NP_002452,XP_011521390,NP_594027.1,DTFPPIFYLNDTSRA,0.5555555555555556,0.6666666666666666,,,,,,False,0.6414309727061775,,NP_002452,XP_011521390
ENSG00000112640,PPP2R5D,ENST00000394110,ENSP00000377669,ENSP00000417963,PPP2R5D,ENST00000394110,ENSP00000377669,ENSP00000417963,DVVTEAIYPEAVTMF,,,True,4.0,0.2339738831185114,AHKRAEEFLTASQEA,,,True,4.0,6.3287048964099455,MEMNQKLFDDCTQQY,,,True,4.5,-1.2110560217481576,NP_593298.1,VTLLPIIYPSLYKTA,0.425,0.2,0.5987885773679927,0.0,0.3414178874571155,0.0,0.6585821125428845,False,2.1226441005681456,8.0,NP_006236,,NP_593298.1,DSISSASFLSVPQST,0.5416666666666666,0.2,0.5160827384726551,0.0,0.2314204519837748,0.0,0.7685795480162251,True,1.8772801858103272,6.0,NP_006236,,NP_593298.1,ADFFNGLVEDYKQAI,0.4773809523809524,0.2,,,,,,False,-3.346708917414277,,NP_006236,
ENSG00000135624,CCT7,ENST00000258091,ENSP00000258091,ENSP00000258091,CCT7,ENST00000258091,ENSP00000258091,ENSP00000258091,PQIIIRAFRTATQLA,,,True,5.0,2.2087511666006767,VLGRCQVFEETQIGG,,,True,5.0,5.886933985746243,IGGERYNFFTGCPKA,,,True,5.0,2.729648679352201,NP_596355.1,SHLIIRGYRKAAQLA,0.5380952380952381,0.5333333333333333,,,,,,False,5.630061463930922,,NP_006420,,NP_596355.1,HLGTCDTFEERQIGG,0.6333333333333333,0.6666666666666666,,,,,,False,4.841972035068773,,NP_006420,,NP_596355.1,IGGDRFNLFEGCPKA,0.6333333333333333,0.7333333333333333,,,,,,False,0.2736673820975748,,NP_006420,
ENSG00000015413,DPEP1,ENST00000570029,ENSP00000455916,ENSP00000376807,DPEP1,ENST00000421184,ENSP00000397313,ENSP00000376807,VHRMCRMYPETFLYV,,,True,5.5,0.653375456452701,SAGIRQAFREGKVAS,,,True,5.5,-0.6727315192142085,MVNFYNNYISCTNKA,,,True,5.5,5.095823695647428,NP_594193.1,VKRMALYYPKTFSLT,0.4261904761904762,0.4666666666666667,,,,,,False,2.809192007925672,,NP_004404,,NP_594193.1,GQTDIFRLRQGHVGG,0.5333333333333333,0.2,,,,,,False,3.883703319939584,,NP_004404,,NP_594193.1,KFDFLRNHISSMMGI,0.4333333333333333,0.2666666666666666,,,,,,False,6.086304907241432,,NP_004404,
ENSG00000152484,USP12,ENST00000282344,ENSP00000282344,ENSP00000282344,USP12,ENST00000282344,ENSP00000282344,ENSP00000282344,SESGYILFYQSRDGG,,,True,4.5,-1.1518841720911253,FPLELRLFNTSGDAT,,,True,4.5,2.354342129273018,ISSKDEDFLDLSVDV,,,True,5.0,-0.6836171126621935,NP_596207.1,QATAYVLFYTAADEE,0.6749999999999999,0.3333333333333333,0.6156830027414232,0.0,0.2840639754526262,0.0,0.7159360245473738,False,4.3995406601218905,3.0,NP_872294,XP_005266339,NP_596207.1,FTNEMRLFTTTEDAE,0.7000000000000001,0.5333333333333333,0.4164110922043234,0.0,0.4848649060305424,0.0,0.5151350939694576,False,3.61204871058317,4.5,NP_872294,XP_005266339,NP_596207.1,ITSRDESFLDLSIDI,0.7916666666666666,0.6666666666666666,0.6135353396260173,0.0,0.3468781594984032,0.0,0.6531218405015967,False,4.764817185177268,5.5,NP_872294,XP_005266339
ENSG00000102383,ZDHHC15,ENST00000373367,ENSP00000362465,ENSP00000362465,ZDHHC15,ENST00000373367,ENSP00000362465,ENSP00000362465,NEDDNQDYPEGSSSL,topological domain,Cytoplasmic,True,3.5,-2.713952189308044,EAFCTPVFTSGPEKN,topological domain,Cytoplasmic,True,5.0,1.655403923341172,XQQPNQKFHLSYTDK,topological domain,Cytoplasmic,True,6.5,-0.3219651061453913,NP_595701.1,SIGEGVEYPLNANAL,0.3027777777777777,0.2,,,,,,False,7.142077703699891,,NP_659406,XP_016884785,NP_595701.1,MQIIALSLMSGVQWL,0.2833333333333334,0.1333333333333333,,,,,,False,4.281499409176927,,NP_659406,XP_016884785,NP_595701.1,TEEKNDKLYKSSVPA,0.3142857142857143,0.2,,,,,,False,-0.0690673948176161,,NP_659406,XP_016884785
ENSG00000203879,GDI1,ENST00000630693,ENSP00000486715,ENSP00000394071,GDI1,ENST00000447750,ENSP00000394071,ENSP00000394071,KRKQNDVFGEAEQGG,,,True,4.5,-1.0322353813150065,DGCESQVFCSCSYDA,,,True,4.5,1.7078622515662851,SYDATTHFETTCNDI,,,True,5.0,5.7650315758155966,NP_593749.1,YIYPLYGLGELPQGF,0.375,0.2666666666666666,,,,,,False,3.1487072549407134,,NP_001484,,NP_593749.1,YIEFKQIAGSYVYRD,0.244047619047619,0.2,,,,,,False,-1.485667930318045,,NP_001484,,NP_593749.1,SVDATSHFETLTCDV,0.5694444444444444,0.6,0.4900408271314329,0.0,0.2452894540602904,0.0,0.7547105459397095,False,2.751562217089571,6.5,NP_001484,
ENSG00000090061,CCNK,ENST00000389879,ENSP00000374529,ENSP00000374529,CCNK,ENST00000389879,ENSP00000374529,ENSP00000374529,DHTKPCWYWDKKDLA,,,True,5.5,1.899556744748201,PPPPPSSYMTGMSTT,,,True,5.5,1.9240831730840529,GMSTTSSYMSGEGYQ,,,True,5.5,4.119453813240072,NP_596149.1,VDEQTKEYWRWRDVI,0.2878787878787878,0.2,,,,,,False,-0.0442529877125297,,NP_001092872,XP_047287795,NP_596149.1,VAPGTPSSLASVSTQ,0.3333333333333333,0.2666666666666666,,,,,,False,-1.2584553848312967,,NP_001092872,XP_047287795,NP_596149.1,IDQKNGSHASSVAPG,0.3333333333333333,0.1333333333333333,,,,,,False,-0.5524674572973045,,NP_001092872,XP_047287795
ENSG00000067992,PDK3,ENST00000648777,ENSP00000497727,ENSP00000498864,PDK3,ENST00000648777,ENSP00000497727,ENSP00000498864,NKSAWRHYKTTPEAD,,,True,5.0,1.4738524926591765,QSWYMQSFLELLEYE,,,True,5.0,1.7992939337749905,ADVVKDAYETAKMLC,,,True,5.5,6.00766795491303,NP_593879.1,FEILKNSLRATVEFH,0.3166666666666666,0.1333333333333333,,,,,,False,0.1289741457496872,,NP_001135858,,NP_593879.1,KAAYGRSMEEIIELK,0.4833333333333333,0.2666666666666666,,,,,,False,-0.8654383009577009,,NP_001135858,,NP_593879.1,PHDIVSANSTTPMAG,0.4444444444444445,0.2,,,,,,False,5.675421462242693,,NP_001135858,
ENSG00000131459,GFPT2,ENST00000253778,ENSP00000253778,ENSP00000253778,GFPT2,ENST00000253778,ENSP00000253778,ENSP00000253778,VGDKAVEFFFASDAS,,,True,3.5,3.2574953010846253,VMGRGYNYATCLEGA,,,True,4.5,4.43282702656785,RETEDITFSTLVERV,,,True,5.0,0.157255729769746,NP_596011.1,GVPGPIEYFFASDAT,0.9047619047619048,0.4666666666666667,,,,,,False,0.256949344118503,,NP_005101,,NP_596011.1,IIGRGYHYATALEGA,0.6875,0.7333333333333333,0.5506475289255498,0.0,0.4282281904625283,0.0,0.5717718095374716,False,5.816027780929491,4.5,NP_005101,,NP_596011.1,GGSTTRTIETLEMEI,0.4333333333333333,0.2,,,,,,False,4.442839211134714,,NP_005101,
ENSG00000262788,UTP4,ENST00000575702,ENSP00000458843,ENSP00000458843,UTP4,ENST00000575702,ENSP00000458843,ENSP00000458843,DSAGKVQFWDSATGT,,,True,4.0,3.9260195072336943,KIYKPLLFMDLLDER,,,True,5.5,0.3289596005586395,KTLLYNPFPPTNESD,,,True,6.0,0.1486908825167742,NP_596540.1,LDKAFGAFFDSKHPS,0.4444444444444444,0.2,0.551712519207546,0.0,0.4452648896630428,0.0,0.5547351103369571,False,2.8954724576415054,4.5,NP_116219,,NP_596540.1,VAPKARLFMLWNDHE,0.4696969696969697,0.3333333333333333,,,,,,False,-0.1189824141487405,,NP_116219,,NP_596540.1,ENISHAAISPDGELI,0.2222222222222222,0.1333333333333333,,,,,,False,0.1036279897987863,,NP_116219,
ENSG00000141076,UTP4,ENST00000314423,ENSP00000327179,ENSP00000327179,UTP4,ENST00000314423,ENSP00000327179,ENSP00000327179,DSAGKVQFWDSATGT,,,True,4.0,3.9260195072336943,IAAGSIDYISVFDVK,,,True,5.5,5.724543967757771,KIYKPLLFMDLLDER,,,True,5.5,0.3289596005586395,NP_596540.1,LDKAFGAFFDSKHPS,0.4444444444444444,0.2,0.551712519207546,0.0,0.4452648896630428,0.0,0.5547351103369571,False,2.8954724576415054,4.5,NP_116219,XP_005256262,NP_596540.1,AVSSDGDYFAVADTV,0.7083333333333334,0.2666666666666666,,,,,,False,4.397900567684008,,NP_116219,XP_005256262,NP_596540.1,VAPKARLFMLWNDHE,0.4696969696969697,0.3333333333333333,,,,,,False,-0.1189824141487405,,NP_116219,XP_005256262
ENSG00000182774,RPS17,ENST00000558397,ENSP00000452889,ENSP00000498019,RPS17,ENST00000558397,ENSP00000452889,ENSP00000498019,YTRLGNDFHTNKRVC,,,True,6.0,3.473931211342354,EMLKLLDFGSLSNLQ,,,True,6.0,7.834293307609332,QPTVGMNFKTPRGPV,,,True,7.0,5.000065074359046,NP_595245.1,YPRLTLDFQTNKRIV,0.8333333333333334,0.6,0.2252495561486499,0.0,0.5838147983388856,0.0,0.4161852016611144,False,-1.3354313812327865,6.5,NP_001012,,NP_588012.1,DMLKALGYDSIPTVV,0.2658730158730158,0.3333333333333333,0.4730606215466322,0.0,0.4879536567103983,0.0,0.5120463432896016,False,6.806025836722591,7.0,NP_001012,,NP_595245.1,YPRLTLDFQTNKRIV,0.2722222222222222,0.2666666666666666,0.2252495561486499,0.0,0.5838147983388856,0.0,0.4161852016611144,False,-1.3354313812327865,6.5,NP_001012,
ENSG00000101444,AHCY,ENST00000217426,ENSP00000217426,ENSP00000217426,AHCY,ENST00000217426,ENSP00000217426,ENSP00000217426,KGETDEEYLWCIEQT,,,True,4.5,-0.9237455325497624,ACQEGNIFVTTTGCI,,,True,5.5,-1.7131410068503603,CIEQTLYFKDGPLNM,,,True,5.5,-0.0336349135765725,NP_595580.1,KGETEEEYLWCIEQQ,1.0,0.8666666666666667,,,,,,False,-0.2903993307027497,,NP_000678,XP_047295918,NP_595580.1,AVKEGQIFVTTTGCR,1.0,0.7333333333333333,0.2917194275735218,0.0,0.3784650208015424,0.0,0.6215349791984576,False,-0.8818451624534331,5.5,NP_000678,XP_047295918,NP_595580.1,VHNLYKMFKENKLKV,0.5333333333333333,0.2,0.3855795627474731,0.0,0.807057169473089,0.0,0.1929428305269109,False,0.3802912541411857,6.5,NP_000678,XP_047295918
ENSG00000064601,CTSA,ENST00000419493,ENSP00000408533,ENSP00000493613,CTSA,ENST00000419493,ENSP00000408533,ENSP00000493613,FSYSDDKFYATNDTE,,,True,4.5,0.3647378504524917,NFMGDEWFVDSLNQK,,,True,4.5,2.276404193015764,CSQNKCNFYDNKDLE,,,True,4.5,-1.016184735080098,NP_594425.1,LFFAKFPQYAHLDFH,0.3345238095238095,0.2,,,,,,False,2.2612569512550347,,NP_000299,,NP_594425.1,DRHLFFWFFESRNDP,0.7055555555555556,0.2666666666666666,0.34737191798662,0.0,0.820361938598203,0.0,0.1796380614017969,False,5.305529265856099,4.0,NP_000299,,NP_594425.1,VSDRLDNIFDDDEDE,0.5111111111111111,0.2666666666666666,,,,,,False,6.663421500258734,,NP_000299,
ENSG00000226784,PGAM4,ENST00000458128,ENSP00000412189,ENSP00000412189,PGAM4,ENST00000458128,ENSP00000412189,ENSP00000412189,LRDAGYEFDICLTSV,,,True,5.0,1.4448228859479617,PMEPDHPFYSNISKD,,,True,5.0,0.3381203428909268,LENRFSCWYDADLSP,,,True,5.5,7.88613264139024,NP_594889.1,LKSRGYKFDIAFTSA,0.7000000000000001,0.5333333333333333,,,,,,False,6.142743558377222,,NP_001025062,,NP_594889.1,TAERVLPYYKSTIVP,0.3630952380952381,0.2,,,,,,False,8.966376200036063,,NP_001025062,,NP_594889.1,KLNLFTGWKDPALSE,0.3261904761904762,0.4,,,,,,False,10.186074831855771,,NP_001025062,
ENSG00000143748,NVL,ENST00000469968,ENSP00000419420,ENSP00000281701,NVL,ENST00000281701,ENSP00000281701,ENSP00000281701,QGEEDNEYTESYSDD,,,True,3.0,-2.508863773800881,DDSSMEDYPDPQSAN,,,True,4.0,4.526312569458342,LCIELNDFIVALSSV,,,True,5.0,2.811605185004962,NP_595792.1,IASNEPEITQHSALE,0.3791666666666666,0.1333333333333333,,,,,,False,0.0439110762815781,,NP_002524,XP_047277574,NP_595792.1,IQRYLNAHPDPLSPE,0.625,0.2666666666666666,,,,,,False,5.077069838154856,,NP_002524,XP_047277574,NP_595792.1,LAICPQDFIEALAKV,0.6416666666666667,0.5333333333333333,0.5323509594986416,0.0,0.5223604461475532,0.0,0.4776395538524468,False,-0.315090451124033,3.5,NP_002524,XP_047277574
ENSG00000113161,HMGCR,ENST00000681567,ENSP00000506708,ENSP00000287936,HMGCR,ENST00000680160,ENSP00000505315,ENSP00000287936,LLAVKYIFFEQTETE,transmembrane region;topological domain,Helical;Cytoplasmic,False,4.5,4.000098213896387,GPTNEDLYISCTMPS,topological domain,Cytoplasmic,True,5.0,3.452141771479219,PSVSLWQFYLSKMIS,topological domain;transmembrane region,Lumenal;Helical,False,6.0,7.837038656153949,NP_588235.1,RAGRAKIWLDSPEGQ,0.404040404040404,0.1333333333333333,,,,,,False,7.534733225351091,,NP_000850,,NP_588235.1,DNVDGNLQLSVSMPS,0.5083333333333333,0.3333333333333333,,,,,,False,3.788678519981752,,NP_000850,,NP_588235.1,CNFGIKQFFLFAAVM,0.4861111111111111,0.2,,,,,,False,10.075702025482247,,NP_000850,
ENSG00000292192,NSDHL,ENST00000709998,ENSP00000517980,ENSP00000517982,NSDHL,ENST00000709998,ENSP00000517980,ENSP00000517982,ALAGTFHYYSCERAK,,,True,5.0,4.154055230567455,ANDPEKNFLTTAIRP,,,True,5.5,6.977713343292081,STLGGKAFHITNDEP,,,True,5.5,-0.2153333959008102,NP_596741.1,QFSCANRYFNIQKAE,0.3027777777777778,0.1333333333333333,,,,,,False,5.175597897588992,,NP_057006,,NP_596741.1,VLVIGSGFLGGHIIR,0.3888888888888889,0.2,,,,,,False,4.712403301005846,,NP_057006,,NP_596741.1,PTANGQVFFITNGQV,0.4444444444444445,0.4,,,,,,False,-0.4157823908089575,,NP_057006,
ENSG00000147383,NSDHL,ENST00000440023,ENSP00000391854,ENSP00000359297,NSDHL,ENST00000440023,ENSP00000391854,ENSP00000359297,ALAGTFHYYSCERAK,,,True,5.0,4.154055230567455,ANDPEKNFLTTAIRP,,,True,5.5,6.977713343292081,STLGGKAFHITNDEP,,,True,5.5,-0.2153333959008102,NP_596741.1,QFSCANRYFNIQKAE,0.3027777777777778,0.1333333333333333,,,,,,False,5.175597897588992,,NP_057006,XP_016885053,NP_596741.1,VLVIGSGFLGGHIIR,0.3888888888888889,0.2,,,,,,False,4.712403301005846,,NP_057006,XP_016885053,NP_596741.1,PTANGQVFFITNGQV,0.4444444444444445,0.4,,,,,,False,-0.4157823908089575,,NP_057006,XP_016885053
ENSG00000128829,EIF2AK4,ENST00000263791,ENSP00000263791,ENSP00000263791,EIF2AK4,ENST00000263791,ENSP00000263791,ENSP00000263791,EDSEGQDYVETVIPS,,,True,3.5,1.6955587081100305,DLKPVNIFLDSDDHV,,,True,4.0,1.1130503191396992,WQKKMGPFLTSQEKE,,,True,4.5,2.4537309907727387,NP_595991.2,AMNKVYDLVQSAIRE,0.5666666666666667,0.2,,,,,,False,8.955251483403673,,NP_001013725,,NP_595991.2,IEALKAIFMDDFEEL,0.6333333333333333,0.2,,,,,,False,0.4566126350662321,,NP_001013725,,NP_595991.2,LFEMCMTFSTSMERI,0.5499999999999999,0.2666666666666666,0.2718029285048551,0.0,0.5183991818994412,0.0,0.4816008181005588,False,0.3007159333492828,4.0,NP_001013725,
ENSG00000134759,ELP2,ENST00000358232,ENSP00000350967,ENSP00000350967,ELP2,ENST00000358232,ENSP00000350967,ENSP00000350967,VGGNTLGFYDCQFNE,,,True,3.5,-0.6355200908531535,EGAEWLHFASCGEDH,,,True,3.5,1.0379186977906776,GPRGLLAFGTSCSVV,,,True,5.0,5.168492853234329,NP_588047.1,CMPSRIGFLSCADEK,0.375,0.2,0.2493934974494381,0.0,0.6522674711613606,0.0,0.3477325288386394,False,4.356470860495527,4.0,NP_060725,,NP_588047.1,CMPSRIGFLSCADEK,0.4583333333333334,0.2,0.2493934974494381,0.0,0.6522674711613606,0.0,0.3477325288386394,False,4.356470860495527,4.0,NP_060725,,NP_588047.1,NDELLLAVGTEAGKI,0.4583333333333333,0.3333333333333333,,,,,,False,7.038139779594646,,NP_060725,
ENSG00000111445,RFC5,ENST00000454402,ENSP00000408295,ENSP00000408295,RFC5,ENST00000454402,ENSP00000408295,ENSP00000408295,IRGPILSFASTRTIF,,,True,4.5,2.4005769913333466,DWMLNQDFTTAYRNI,,,True,4.5,1.9974584097214747,LFVHRVDFPSSVRIH,,,True,5.0,0.366393943695551,XP_001713099.1,VREQIKNFASTRQIF,0.6611111111111111,0.6,0.4338119558047183,0.0,0.5692426479800737,0.0,0.4307573520199263,False,2.779367723808194,5.5,NP_031396,,XP_001713099.1,KSIMNDEFVIAFNTI,0.3583333333333333,0.2666666666666666,,,,,,False,4.039615594388482,,NP_031396,,XP_001713099.1,IISTLEKFISSNRVP,0.5083333333333333,0.2666666666666666,0.4592747858242965,0.0,0.2443054079435071,0.0,0.7556945920564929,False,8.890241623247555,6.0,NP_031396,
ENSG00000100591,AHSA1,ENST00000553374,ENSP00000451475,ENSP00000216479,AHSA1,ENST00000553374,ENSP00000451475,ENSP00000216479,KITLKETFLTSPEEL,,,True,4.0,-0.9486365018572016,RKGKLIFFYEWSVKL,,,True,5.5,0.2828563401077142,DGNVSGEFTDLVPEK,,,True,5.5,3.2145402458205745,NP_595881.1,QTHGDDVYLSTEEHN,0.4797619047619048,0.1333333333333333,0.389561420428075,0.0,0.3059837117433505,0.0,0.6940162882566495,False,0.6395514974307375,4.5,NP_036243,,NP_595881.1,PQGAFSLFHGNVVGK,0.2083333333333333,0.2,,,,,,False,0.9904641113042644,,NP_036243,,NP_595881.1,TFDQADSYTTLRMIM,0.3047619047619048,0.1333333333333333,0.5507251845509369,0.0,0.4266270184260794,0.0,0.5733729815739206,False,6.0931957712044,6.5,NP_036243,
ENSG00000114573,ATP6V1A,ENST00000703904,ENSP00000515542,ENSP00000273398,ATP6V1A,ENST00000703904,ENSP00000515542,ENSP00000273398,YMRALDEYYDKHFTE,,,True,5.0,3.5657479818064344,VSPPGGDFSDPVTSA,,,True,5.0,2.5519903283534817,LEDMQNAFRSLEDGG,,,True,5.5,1.2592397535365936,NP_593425.1,GEKEIVEHYETLHKK,0.3874999999999999,0.1333333333333333,,,,,,False,3.191583704828016,,NP_001681,XP_047304262,NP_593425.1,VSPPGGDFSDPVTSA,1.0,1.0,0.3129375441896425,0.0,0.1414487882802889,0.0,0.858551211719711,True,2.5519903283534817,5.0,NP_001681,XP_047304262,NP_593425.1,IELAKKAIRSLKNYD,0.6944444444444445,0.3333333333333333,,,,,,False,4.784867016003911,,NP_001681,XP_047304262
ENSG00000088930,XRN2,ENST00000377191,ENSP00000366396,ENSP00000366396,XRN2,ENST00000377191,ENSP00000366396,ENSP00000366396,DDWVFMCFFVGNDFL,,,True,5.0,4.2931254485601205,HDFILELYQTGSTEP,,,True,5.5,2.7240807487483307,CITPGTEFMDNLAKC,,,True,5.5,0.8219134925633708,NP_594155.1,DDWVFFIFFVGNDFL,0.7916666666666666,0.8666666666666667,,,,,,False,5.7721366729006,,NP_036387,,NP_594155.1,VLREDVFFQQGSTKK,0.5499999999999999,0.2666666666666666,,,,,,False,0.1660062662058268,,NP_036387,,NP_594155.1,CITPGTPFMDTLAKS,0.6428571428571429,0.8,0.5219389675547879,0.0,0.2643141260331392,0.0,0.7356858739668607,False,1.4388680689339357,5.0,NP_036387,
ENSG00000111640,GAPDH,ENST00000229239,ENSP00000229239,ENSP00000229239,GAPDH,ENST00000229239,ENSP00000229239,ENSP00000229239,YMVYMFQYDSTHGKF,,,True,6.0,7.099079840543306,SDTHSSTFDAGAGIA,,,True,6.0,5.495102261010065,RLVTRAAFNSGKVDI,,,True,6.0,3.3878471544208715,NP_596154.1,YMAYMFKYDSTHGRF,0.8666666666666667,0.8,0.2203746278601289,0.0,0.7355439366326189,0.0,0.2644560633673811,False,6.915463607630716,6.5,NP_002037,,NP_596154.1,GDNHSSIFDASAGIQ,0.625,0.6666666666666666,,,,,,False,5.2232361035128045,,NP_002037,,NP_596154.1,KTIQVVAINDPFIDL,0.4107142857142857,0.2,,,,,,False,5.453804638264423,,NP_002037,
ENSG00000203791,EEF1AKMT2,ENST00000466270,ENSP00000451190,ENSP00000357829,EEF1AKMT2,ENST00000466270,ENSP00000451190,ENSP00000357829,ELQTFREYGDTGEIW,,,True,3.5,1.2918518262701892,KEELLNEFSEGWSTV,,,True,4.0,1.4964962441149268,TSWAQAIFSTSASRV,,,True,5.0,3.65328780157833,NP_595254.1,EVSNFTEFNDEGEVW,0.5499999999999999,0.4666666666666667,,,,,,False,4.0595048416089305,,NP_997719,,NP_595254.1,VPVFEFQGSTGSSTS,0.45,0.2666666666666666,,,,,,False,3.1510218073226244,,NP_997719,,NP_595254.1,VQWLEDHISTSFREV,0.4041666666666666,0.3333333333333333,,,,,,False,1.215616272835046,,NP_997719,
ENSG00000141551,CSNK1D,ENST00000398519,ENSP00000381531,ENSP00000324464,CSNK1D,ENST00000398519,ENSP00000381531,ENSP00000324464,DFGLAKKYRDARTHQ,,,True,5.0,4.229607222346909,NLVYIIDFGLAKKYR,,,True,6.0,2.01280552718164,RKIGSGSFGDIYLGT,,,True,6.0,1.595250338241738,NP_595760.1,DFGLAKKYRDHKTHL,0.7916666666666666,0.8,0.4126883629478056,0.0,0.5850976076425729,0.0,0.414902392357427,False,4.229607222346909,7.0,NP_001884,XP_047291336,NP_595760.1,NQVNIIDFGLAKKYR,1.0,0.8666666666666667,,,,,,False,1.185232650311923,,NP_001884,XP_047291336,NP_595760.1,RKIGSGSFGDIYLGT,1.0,1.0,0.466240835158633,0.0,0.2796294132879897,0.0,0.7203705867120103,False,1.595250338241738,6.0,NP_001884,XP_047291336
ENSG00000011485,PPP5C,ENST00000012443,ENSP00000012443,ENSP00000012443,PPP5C,ENST00000012443,ENSP00000012443,ENSP00000012443,LKTQANDYFKAKDYE,,,True,4.0,3.582637628746432,CGDTHGQFYDLLNIF,,,True,5.5,6.457022588932848,TAQMYELFSEVFEWL,,,True,5.5,-1.2152176235850545,NP_596740.1,YGLAINDASKAIECD,0.3999999999999999,0.2666666666666666,,,,,,False,0.377574953176429,,NP_006238,,NP_596740.1,CGDTHGQYFDLLNIF,0.8214285714285715,0.8666666666666667,0.5436035919961965,0.0,0.0778765985696076,0.0,0.9221234014303924,True,6.8169722189416495,6.0,NP_006238,,NP_596740.1,NERTFNIFSETFSLL,0.5833333333333334,0.3333333333333333,0.3525522432486909,0.0,0.3651910885984722,0.0,0.6348089114015277,False,-0.3092530261079356,4.5,NP_006238,
ENSG00000049759,NEDD4L,ENST00000400345,ENSP00000383199,ENSP00000383199,NEDD4L,ENST00000635997,ENSP00000490696,ENSP00000383199,DLPPYETFEDLREKL,,,True,4.5,0.7951913856654675,MESVDSEYYNSLKWI,,,True,5.0,2.3890183901791784,VQKQMNAFLEGFTEL,,,True,5.0,1.6358472322865467,NP_594396.1,ILQKKVTLQDMESMD,0.4666666666666666,0.2,,,,,,False,-0.836413495573983,,NP_001138439,XP_047293365,NP_594396.1,MESMDAEYYRSLVWI,0.5833333333333334,0.7333333333333333,,,,,,False,-1.6822300880478387,,NP_001138439,XP_047293365,NP_594396.1,IEEQFNAFHEGFSEL,0.6458333333333334,0.6,0.6561844856112352,0.0,0.4827663625355972,0.0,0.5172336374644028,False,-1.7374075497249524,4.0,NP_001138439,XP_047293365
ENSG00000180817,PPA1,ENST00000373230,ENSP00000362327,ENSP00000362329,PPA1,ENST00000373232,ENSP00000362329,ENSP00000362329,DDPDAANYNDINDVK,,,True,5.0,5.502373042097474,VKRLKPGYLEATVDW,,,True,5.0,-0.8037882416963069,EFAFNAEFKDKDFAI,,,True,5.5,0.2556532694751756,NP_593636.1,NDPLAPKLNDIEDVE,0.625,0.5333333333333333,,,,,,False,7.329490473855154,,NP_066952,,NP_593636.1,GECKNRKYAEEVVRE,0.3583333333333334,0.2,,,,,,False,-0.6079185101779756,,NP_066952,,NP_593636.1,SFAFSGECKNRKYAE,0.4621693121693122,0.4,,,,,,False,0.9300510096644162,,NP_066952,
ENSG00000140263,SORD,ENST00000674405,ENSP00000501421,ENSP00000267814,SORD,ENST00000674405,ENSP00000501421,ENSP00000267814,KLPDNVTFEEGALIE,,,True,5.0,2.3770846494829883,YNLSPSIFFCATPPD,,,True,5.5,1.8836834047259303,EVDIKGVFRYCNTWP,,,True,6.0,-0.3440215408027743,NP_595120.1,KLPKQISVEEGALFE,0.6666666666666666,0.6,,,,,,False,3.748358501251512,,NP_003095,,NP_595120.1,YNLCPHMEFAATPPY,0.4333333333333333,0.6,,,,,,False,2.6187300138712954,,NP_003095,,NP_595120.1,AVEPGCVCRLCDYCR,0.3736772486772486,0.2666666666666666,,,,,,False,-0.5142264930599345,,NP_003095,
ENSG00000198034,RPS4X,ENST00000316084,ENSP00000362744,ENSP00000362744,RPS4X,ENST00000316084,ENSP00000362744,ENSP00000362744,DITYPAGFMDVISID,,,True,6.0,0.8077278193816274,KITDFIKFDTGNLCM,,,True,6.5,-0.8534059937371502,ITPEEAKYKLCKVRK,,,True,7.0,0.2632692605467767,NP_595677.1,DSTFPTGFMDVISVE,1.0,0.6666666666666666,0.7381519297911742,0.0,0.4431711548159059,0.0,0.556828845184094,False,4.930655896088437,5.5,NP_000998,,NP_595677.1,KIESFIKFDTSAQVM,0.6,0.6,0.3245426274048359,0.0,0.3407245639231909,0.0,0.6592754360768092,False,8.012106203994417,6.0,NP_000998,,NP_595677.1,ITAEEAKYKLCKVKR,1.0,0.8,,,,,,False,0.2632692605467767,,NP_000998,
ENSG00000066777,ARFGEF1,ENST00000262215,ENSP00000262215,ENSP00000262215,ARFGEF1,ENST00000262215,ENSP00000262215,ENSP00000262215,CNQGQTLFASADTAY,,,True,4.5,0.6128487179862079,HDFSGKDFVSALRMF,,,True,4.5,1.5634787291279169,FPATIDSFQDAVKCL,,,True,4.5,1.1717896128293108,NP_594555.1,MKENPSAFANADTAY,0.6527777777777778,0.4666666666666667,,,,,,False,2.047051092902461,,NP_006412,XP_047277222,NP_594555.1,LSFINLKFVDALRRL,0.6333333333333333,0.4,0.3819620490490845,0.0,0.4794882536278324,0.0,0.5205117463721676,False,0.6354668744330491,5.5,NP_006412,XP_047277222,NP_594555.1,TVAIYDSWQFARKFN,0.5984848484848485,0.4,,,,,,False,1.634471224232578,,NP_006412,XP_047277222
ENSG00000068654,POLR1A,ENST00000263857,ENSP00000263857,ENSP00000263857,POLR1A,ENST00000263857,ENSP00000263857,ENSP00000263857,SPLQQMTFETSFQFL,,,True,5.0,-0.4084193310414722,FASVSETFETKVDDY,,,True,5.0,2.9747927715835347,LIAIDRSFLSTLPGQ,,,True,5.0,0.7493765475364552,NP_596300.1,SLPSFVPYETSAKSG,0.580952380952381,0.2666666666666666,0.2717152420837738,0.0,0.0894261005663138,0.0,0.910573899433686,True,4.278755122762698,6.5,NP_056240,,NP_596300.1,WLTCKDTFYTRDEYQ,0.5857142857142857,0.2,,,,,,False,1.8143171251617245,,NP_056240,,NP_596300.1,FSKPPDSALDTVPKV,0.5833333333333334,0.2666666666666666,,,,,,False,0.4537397386816365,,NP_056240,
ENSG00000102882,MAPK3,ENST00000263025,ENSP00000263025,ENSP00000263025,MAPK3,ENST00000263025,ENSP00000263025,ENSP00000263025,EPVAEEPFTFAMELD,,,True,4.5,-0.4247906195374292,AHPYLEQYYDPTDEP,,,True,5.0,6.62318284410294,ERLKELIFQETARFQ,,,True,5.5,1.542320840581432,NP_594009.1,KYIKSLPFTPKVSFK,0.3714285714285714,0.2,,,,,,False,-0.8168992407146302,,NP_002737,,NP_594009.1,KHPYVAAYHDASDEP,0.4583333333333333,0.5333333333333333,0.6449712340316602,0.0,0.3293790490799547,0.0,0.6706209509200453,False,1.5593884588117863,3.5,NP_002737,,NP_594009.1,ELEDVYIVQELMETD,0.4166666666666667,0.2666666666666666,,,,,,False,0.5380894370741982,,NP_002737,
ENSG00000130177,CDC16,ENST00000360383,ENSP00000353549,ENSP00000353549,CDC16,ENST00000360383,ENSP00000353549,ENSP00000353549,WKTAEKWFLDALEKI,,,True,3.5,1.841703827571114,FENAVDYFHTALGLR,,,True,4.0,1.9192247005339225,VCRKLKKYAEALDYH,,,True,4.5,2.504272129452504,NP_593301.1,DQLVSNHLLTADEEW,0.425,0.2,,,,,,False,3.7977348684846888,,NP_003894,XP_016876319,NP_593301.1,LSTNDANVHTAIALV,0.4027777777777778,0.2666666666666666,,,,,,False,-0.1693762458770834,,NP_003894,XP_016876319,NP_593301.1,ALMVDAKCYEAFDQL,0.582010582010582,0.2666666666666666,,,,,,False,1.6655258326220563,,NP_003894,XP_016876319
ENSG00000198839,ZNF277,ENST00000361822,ENSP00000354501,ENSP00000354501,ZNF277,ENST00000361822,ENSP00000354501,ENSP00000354501,STVGGVGYGDSKDCI,,,True,4.5,-2.6818395489800726,TWDQLEYYFPTYEND,,,True,5.0,4.910412602229755,FEEQENYFLLCDVLP,,,True,5.5,-0.7143225652958185,NP_594770.1,CPFDCEFAGDSISFI,0.3333333333333333,0.2666666666666666,,,,,,False,-0.7074755497320536,,NP_068834,XP_011514070,NP_594770.1,CIFCTNFYEPVFCFE,0.2425925925925925,0.1333333333333333,,,,,,False,2.701341362879937,,NP_068834,XP_011514070,NP_594770.1,NELESFRCLCCHVPC,0.3777777777777777,0.2666666666666666,,,,,,False,2.4513412513722908,,NP_068834,XP_011514070
ENSG00000113712,CSNK1A1,ENST00000261798,ENSP00000261798,ENSP00000261798,CSNK1A1,ENST00000261798,ENSP00000261798,ENSP00000261798,NYCRGLRFEEAPDYM,,,True,4.5,1.6291221556080089,NQLFLIDFGLAKKYR,,,True,6.0,2.729178656087503,RKIGSGSFGDIYLAI,,,True,6.0,1.595250338241738,NP_593184.1,ADTKEQKYQRIRDTK,0.3297619047619047,0.0666666666666666,,,,,,False,0.0507989155964815,,NP_001020276,,NP_593184.1,NVVTMIDFGLAKKYR,1.0,0.7333333333333333,,,,,,False,3.6711773475952407,,NP_001020276,,NP_593184.1,RKIGSGSFGQIYLGL,0.8333333333333334,0.8,,,,,,False,1.3395970687665624,,NP_001020276,
ENSG00000145982,FARS2,ENST00000324331,ENSP00000316335,ENSP00000274680,FARS2,ENST00000324331,ENSP00000316335,ENSP00000274680,ENYAENDFYDLVRTI,,,True,4.5,0.2442336482169437,QDRIGWAFGLGLERL,,,True,6.5,1.9345426541608617,GDELEIRWVDCYFPF,,,True,6.5,4.028778199732139,NP_587774.1,NDFNPNDFYEIIRDV,0.8166666666666668,0.3333333333333333,0.300716734315001,0.0,0.3905012872668844,0.0,0.6094987127331156,False,-0.9965976981420746,5.0,NP_006558,XP_011512549,NP_587774.1,NNYIGWAFGIGLERL,0.9166666666666666,0.7333333333333333,,,,,,False,1.8216748371345304,,NP_006558,XP_011512549,NP_587774.1,AEQVRYRWTYDSFPF,0.3452380952380952,0.3333333333333333,,,,,,False,6.426193616195094,,NP_006558,XP_011512549
ENSG00000197858,GPAA1,ENST00000703631,ENSP00000515409,ENSP00000347206,GPAA1,ENST00000703622,ENSP00000515406,ENSP00000347206,TEAWLEAYHDVNVTG,topological domain,Lumenal,False,6.0,7.706204262051491,DLLGTEAWLEAYHDV,topological domain,Lumenal,False,6.5,5.178602414724862,LAEGWQLFLAALAQG,topological domain,Cytoplasmic,True,6.5,-0.7480616473656208,NP_593498.1,WKDHIGQYNEAGVAL,0.3944444444444444,0.1333333333333333,0.7260499246075546,0.0,0.4641947101746713,0.0,0.5358052898253286,False,1.6980908741039225,5.0,NP_003792,,NP_593498.1,NGPLVPFWLWAKEYE,0.398989898989899,0.2,,,,,,False,3.6390021876423697,,NP_003792,,NP_593498.1,NYMPSILILAASFML,0.611111111111111,0.2666666666666666,,,,,,False,0.112333110010511,,NP_003792,
ENSG00000058262,SEC61A1,ENST00000483956,ENSP00000514247,ENSP00000243253,SEC61A1,ENST00000699272,ENSP00000514252,ENSP00000243253,YLSPPESFGSVLEDP,topological domain;transmembrane region,Lumenal;Helical,False,5.5,2.582950783718074,LVSLLGTWSDTSSGG,topological domain,Lumenal,False,6.0,5.281126378934865,FMLGSCAFFSKTWIE,transmembrane region;topological domain,Helical;Cytoplasmic,False,6.0,2.635967191870458,NP_595226.1,RMILAANRGTLMELG,0.3361111111111111,0.1333333333333333,,,,,,False,3.6645059539813074,,NP_037468,,NP_595226.1,FVYVMFTWDNKAAAL,0.3694444444444444,0.2,,,,,,False,13.420265075545936,,NP_037468,,NP_595226.1,FTMFACALFSKLWIE,0.8333333333333334,0.6,,,,,,False,5.848916125573791,,NP_037468,
ENSG00000099341,PSMD8,ENST00000700293,ENSP00000514924,ENSP00000215071,PSMD8,ENST00000700293,ENSP00000514924,ENSP00000215071,MAQLKCYYFDYKEQL,,,True,5.0,-4.3778612143061,KAYEKILFTEATRIL,,,True,5.0,-0.9293621358985352,AVNGAAGFSSSGPAA,,,True,5.5,3.561080359063478,NP_596750.2,ASQVIPFYHDSLVPS,0.2291666666666666,0.2,0.4516282204793356,0.0,0.4211220283523832,0.0,0.5788779716476167,False,3.4730014759418024,5.0,NP_002803,,NP_596750.2,SNATSLLYLENTKET,0.3742063492063492,0.2,0.442222527849659,0.0,0.7479267389051325,0.0,0.2520732610948674,False,-0.7073955536383636,7.5,NP_002803,,NP_596750.2,SIRQLLSYTSELEQI,0.2380952380952381,0.0666666666666666,,,,,,False,3.1593831070605822,,NP_002803,
ENSG00000143457,GOLPH3L,ENST00000271732,ENSP00000271732,ENSP00000271732,GOLPH3L,ENST00000271732,ENSP00000271732,ENSP00000271732,SDVLENVFSSLTDDK,,,True,5.5,1.5235421280627983,KEGYTSFWNDCISSG,,,True,6.0,3.449452531139753,SSLTDDKYDVAMNRA,,,True,6.5,5.605838648794776,XP_001713053.1,VAAVLQVFTHLDSLL,0.5125000000000001,0.2,,,,,,False,5.296558870208933,,NP_060648,XP_047280241,XP_001713053.1,KQGYLSFWNDSISYS,0.7916666666666666,0.6666666666666666,,,,,,False,5.992433332754156,,NP_060648,XP_047280241,XP_001713053.1,KDVNRKRFPLADRVV,0.3345238095238095,0.0666666666666666,,,,,,False,4.855226597011427,,NP_060648,XP_047280241
ENSG00000110700,RPS13,ENST00000525634,ENSP00000435777,ENSP00000435777,RPS13,ENST00000525634,ENSP00000435777,ENSP00000435777,VLPPNWKYESSTASA,,,True,6.5,4.064950207386515,DDVKEQIYKLAKKGL,,,True,7.0,0.1262751326461039,HGVAQVRFVTGNKIL,,,True,7.5,1.6584823363948058,NP_593900.1,ALPPTWKYESATASA,0.875,0.8,0.5153005459085734,0.0,0.3641647926901233,0.0,0.6358352073098767,False,4.917972289921495,6.0,NP_001008,,NP_593900.1,ILIESRIHRLARYYR,0.5607142857142857,0.2,,,,,,False,1.5142182223546203,,NP_001008,,NP_593900.1,HGIPQVRFITGQKIM,0.9583333333333334,0.6666666666666666,0.5056122883385514,0.0,0.0918732960583763,0.0,0.9081267039416236,True,1.5499729394818589,7.5,NP_001008,
ENSG00000158793,NIT1,ENST00000368009,ENSP00000356988,ENSP00000356988,NIT1,ENST00000368009,ENSP00000356988,ENSP00000356988,TPDKQQNFKTCAELV,,,True,4.0,3.73027461134985,AGAEILTYPSAFGSI,,,True,5.0,2.5726538393203446,ILTYPSAFGSITGPA,,,True,7.0,3.54780323626293,NP_595500.1,SGSILKNLAICKELI,0.4166666666666667,0.2666666666666666,,,,,,False,2.489935262200304,,NP_005591,XP_005245272,NP_595500.1,MGAHIITYPSAFTEK,0.7666666666666666,0.6,0.545031777154461,0.0,0.6323968288011642,0.0,0.3676031711988358,False,2.995313053113228,4.5,NP_005591,XP_005245272,NP_595500.1,AVAQLNSSGSILKNL,0.3916666666666666,0.2,,,,,,False,4.689312222128695,,NP_005591,XP_005245272
ENSG00000110367,DDX6,ENST00000534980,ENSP00000442266,ENSP00000478754,DDX6,ENST00000534980,ENSP00000442266,ENSP00000478754,TSTKGNEFEDYCLKR,,,True,5.5,-3.469972910841085,QEHRNRVFHDFRNGL,,,True,6.0,6.699047706804423,NVVINFDFPKLAETY,,,True,6.5,5.83594669922292,NP_596324.1,TKTRGTEFEDYYLKR,1.0,0.7333333333333333,0.5296155167347002,0.0,0.2232148689899555,0.0,0.7767851310100445,True,1.27065246413708,5.5,NP_001244120,XP_016872740,NP_596324.1,QSHRNRVFHNFRNGV,0.861111111111111,0.8,,,,,,False,6.639256240995094,,NP_001244120,XP_016872740,NP_596324.1,NVVINFDFPKNAETY,0.75,0.9333333333333332,,,,,,False,5.299218376676654,,NP_001244120,XP_016872740
ENSG00000196459,TRAPPC2,ENST00000359680,ENSP00000352708,ENSP00000507474,TRAPPC2,ENST00000359680,ENSP00000352708,ENSP00000507474,IKFSMNPFYEPNSPI,,,True,5.0,4.030685129095885,VDKFNEWFVSAFVTA,,,True,5.0,2.0283284524047565,EDGIKNFFTDVYDLY,,,True,5.5,2.755195345750156,NP_595722.1,IKTLMSPFYQPNQPI,0.7333333333333334,0.6666666666666666,,,,,,False,7.099423309005523,,NP_001122307,,NP_595722.1,IDQFHEMYISAYVTP,0.6630952380952381,0.4666666666666667,0.6500677860216255,0.0,0.3732959519065367,0.0,0.6267040480934633,False,1.6938261373814971,5.0,NP_001122307,,NP_595722.1,ADNIKLFFQELHELY,0.475,0.4666666666666667,0.1493472577212867,0.0,0.6269887351577114,0.0,0.3730112648422886,False,-0.6732493978994902,5.5,NP_001122307,
ENSG00000130822,PNCK,ENST00000370150,ENSP00000359169,ENSP00000405950,PNCK,ENST00000370150,ENSP00000359169,ENSP00000405950,NLLYATPFEDSKIMV,,,True,5.0,6.669647746908847,LCGYPPFYDESDPEL,,,True,5.5,-0.7910877288710123,SKIMVSDFGLSKIQA,,,True,6.0,3.997422893797943,NP_593464.1,DFGLSHFYEDSQYYM,0.4365079365079365,0.2,0.3579389268773492,0.0,0.2495768789762588,0.0,0.7504231210237412,False,1.4609074620085487,5.5,NP_001034671,,NP_593464.1,DFGLSHFYEDSQYYM,0.5507936507936508,0.2666666666666666,0.3579389268773492,0.0,0.2495768789762588,0.0,0.7504231210237412,False,1.4609074620085487,5.5,NP_001034671,,NP_593464.1,SDLLIADFGLSHFYE,0.8333333333333334,0.4,,,,,,False,0.3545610724514713,,NP_001034671,
ENSG00000181222,POLR2A,ENST00000674977,ENSP00000502190,ENSP00000502190,POLR2A,ENST00000674977,ENSP00000502190,ENSP00000502190,GPLMKCSFEETVDVL,,,True,3.5,2.730304740589081,AGPTGMFFGSAPSPM,,,True,4.5,2.5250145814205665,EVMNLLMFLSTWDGK,,,True,4.5,5.053662584746078,NP_595673.1,GALMRCSFEETVEIL,0.9,0.7333333333333333,0.4448632346768598,0.0,0.4924968006254137,0.0,0.5075031993745862,False,-0.5848006892348931,3.5,NP_000928,,NP_595673.1,SPGYTSPFSSAMSPG,0.5714285714285715,0.3333333333333333,0.5668092361012281,0.0,0.21054644441521,0.0,0.7894535555847899,True,2.5745931465623646,4.5,NP_000928,,NP_595673.1,NMIEEDVFLKTIEGH,0.6083333333333333,0.2666666666666666,,,,,,False,0.1798189082901663,,NP_000928,
ENSG00000284832,POLR2A,ENST00000643490,ENSP00000494840,ENSP00000494840,POLR2A,ENST00000643490,ENSP00000494840,ENSP00000494840,GPLMKCSFEETVDVL,,,True,3.5,2.730304740589081,AGPTGMFFGSAPSPM,,,True,4.5,2.5250145814205665,DKMDDDVFLRCIESN,,,True,4.5,-1.3254399577288207,NP_595673.1,GALMRCSFEETVEIL,0.9,0.7333333333333333,0.4448632346768598,0.0,0.4924968006254137,0.0,0.5075031993745862,False,-0.5848006892348931,3.5,NP_000928,,NP_595673.1,SPGYTSPFSSAMSPG,0.5714285714285715,0.3333333333333333,0.5668092361012281,0.0,0.21054644441521,0.0,0.7894535555847899,True,2.5745931465623646,4.5,NP_000928,,NP_595673.1,NMIEEDVFLKTIEGH,0.6999999999999998,0.4,,,,,,False,0.1798189082901663,,NP_000928,
ENSG00000167861,HID1,ENST00000425042,ENSP00000413520,ENSP00000413520,HID1,ENST00000425042,ENSP00000413520,ENSP00000413520,LKLLLTCFSEAMYLP,,,True,4.5,5.013547742671268,DPDWRGFFWSTVPGA,,,True,5.0,6.246904063554979,VEATDDAFWDQFWAD,,,True,5.0,1.3275720523222654,NP_593484.1,PTVLQDVFSDSPLVL,0.3472222222222222,0.2,0.4428886300354424,0.0,0.2872838997591804,0.0,0.7127161002408197,False,2.8701991152797564,5.0,NP_085133,XP_047291716,NP_593484.1,EEWHQKFWWSLRKKR,0.4401515151515151,0.2,,,,,,False,4.83059512541485,,NP_085133,XP_047291716,NP_593484.1,ASQPDIPLDDEVWVS,0.2650793650793651,0.2,,,,,,False,3.328892202379037,,NP_085133,XP_047291716
ENSG00000288602,C8orf44-SGK3,ENST00000519289,ENSP00000429022,ENSP00000429022,C8orf44-SGK3,ENST00000519289,ENSP00000429022,ENSP00000429022,LEIQNHPFFESLSWA,,,True,3.5,-1.585831604055672,GHVVLTDFGLCKEGI,,,True,4.5,6.131622104395524,ISDTTTTFCGTPEYL,,,True,4.5,1.2064900886901222,NP_594840.1,EEVMKHPFFDGIDWK,0.5555555555555556,0.4,0.5499202477453358,0.0,0.2235208603676318,0.0,0.7764791396323683,True,1.0986448633918464,3.5,NP_001191102,,NP_594840.1,GHIALCDFGLSKANL,0.5833333333333334,0.5333333333333333,,,,,,False,3.232761552843645,,NP_001191102,,NP_594840.1,VGTTTRTFCGTTDYL,0.8888888888888888,0.6,,,,,,False,0.9295867755402876,,NP_001191102,
ENSG00000104205,SGK3,ENST00000521198,ENSP00000430463,ENSP00000430463,SGK3,ENST00000521198,ENSP00000430463,ENSP00000430463,LEIQNHPFFESLSWA,,,True,3.5,-1.585831604055672,GHVVLTDFGLCKEGI,,,True,4.5,6.131622104395524,ISDTTTTFCGTPEYL,,,True,4.5,1.2064900886901222,NP_594840.1,EEVMKHPFFDGIDWK,0.5555555555555556,0.4,0.5499202477453358,0.0,0.2235208603676318,0.0,0.7764791396323683,True,1.0986448633918464,3.5,NP_001028750,,NP_594840.1,GHIALCDFGLSKANL,0.5833333333333334,0.5333333333333333,,,,,,False,3.232761552843645,,NP_001028750,,NP_594840.1,VGTTTRTFCGTTDYL,0.8888888888888888,0.6,,,,,,False,0.9295867755402876,,NP_001028750,
ENSG00000115761,NOL10,ENST00000695464,ENSP00000511944,ENSP00000371101,NOL10,ENST00000695464,ENSP00000511944,ENSP00000371101,LPIKSVHFQDSLDLI,,,True,4.0,-0.8095015134407627,AGEEFRSFKDSATKQ,,,True,4.0,3.205664164866384,EIKAGEEFRSFKDSA,,,True,5.0,1.303714610150823,NP_587709.1,TDAGSVEFWDPRDRS,0.4458874458874458,0.3333333333333333,0.4223465509842932,0.0,0.0969070422823648,0.0,0.9030929577176352,True,2.187758440661517,3.5,NP_079170,,NP_587709.1,PAPRWCSFLDNITEE,0.611111111111111,0.2666666666666666,0.1872827026146865,0.0,0.7111982318634306,0.0,0.2888017681365694,False,2.946034847069906,5.5,NP_079170,,NP_587709.1,SLNPAPRWCSFLDNI,0.4595959595959596,0.2,,,,,,False,9.459561905139656,,NP_079170,
ENSG00000166123,GPT2,ENST00000340124,ENSP00000345282,ENSP00000345282,GPT2,ENST00000340124,ENSP00000345282,ENSP00000345282,SNVELASFHSTSKGY,,,True,5.0,4.415506327620066,FAWEEKLFLLADEVY,,,True,5.5,4.391621824746433,PADPDNIYLTTGASD,,,True,5.5,0.1386334930349391,NP_595176.1,NNIYQNKFHSFRRKL,0.5111111111111111,0.2666666666666666,0.2530316961150008,0.0,0.3823995575502632,0.0,0.6176004424497368,False,2.085228106672016,7.5,NP_597700,XP_047290768,NP_595176.1,FAKAKGIVLLADEVY,0.7083333333333334,0.6,,,,,,False,3.8501772396910217,,NP_597700,XP_047290768,NP_595176.1,DCEPSDIYLTSGASH,0.875,0.5333333333333333,0.4763546014878194,0.0,0.3477342111427013,0.0,0.6522657888572987,False,0.0581136202300072,5.0,NP_597700,XP_047290768
ENSG00000143363,PRUNE1,ENST00000368937,ENSP00000357933,ENSP00000271620,PRUNE1,ENST00000368937,ENSP00000357933,ENSP00000271620,VSALALAFYLAKTTE,,,True,5.0,2.618824805327675,LQEALSAYFDSMKIP,,,True,5.0,4.408629433582389,LLADLHAFCQAHSYD,,,True,6.0,2.6457594638466,NP_594390.1,SELHQTATNLAVLAL,0.3361111111111111,0.2,,,,,,False,0.0498805692909854,,NP_067045,XP_005245450,NP_594390.1,KDWVRDEFFDTLKEK,0.5833333333333334,0.2,0.4208842967076573,0.0,0.309424916685307,0.0,0.690575083314693,False,4.069238510255961,3.5,NP_067045,XP_005245450,NP_594390.1,WEDELKSFAEVQNSD,0.3027777777777777,0.2,0.6818187566822911,0.0,0.4775572101411027,0.0,0.5224427898588974,False,6.567126372475282,5.5,NP_067045,XP_005245450
ENSG00000020426,MNAT1,ENST00000554002,ENSP00000451379,ENSP00000261245,MNAT1,ENST00000261245,ENSP00000261245,ENSP00000261245,YNKREEDFPSLREYN,,,True,5.0,3.330051435579,DFPSLREYNDFLEEV,,,True,5.0,2.9986693840078806,EEVEEIVFNLTNNVD,,,True,5.5,6.959201706902675,NP_596334.1,FSGIDYDLESLKKLE,0.5,0.2,,,,,,False,2.541625606643468,,NP_002422,XP_016876821,NP_596334.1,EFDSLQAYNDYLEEV,0.6964285714285715,0.6666666666666666,0.4539406634571261,0.0,0.2690504437615766,0.0,0.7309495562384233,False,-0.7448462159193112,5.5,NP_002422,XP_016876821,NP_596334.1,QVEQQIIFDLATSGK,0.5277777777777778,0.2,,,,,,False,-0.2930125454652842,,NP_002422,XP_016876821
ENSG00000278191,CARS1,ENST00000612826,ENSP00000482336,ENSP00000482336,CARS1,ENST00000612826,ENSP00000482336,ENSP00000482336,EAELNKNFYDKKTAI,,,True,5.0,0.4986570388281248,YVSNGSVYFDTAKFA,,,True,5.0,6.0482702967582105,YLQVLSEFREGVRKI,,,True,5.0,6.063359207460598,NP_594564.1,AFEKGGHFYAKLEPW,0.4041666666666666,0.2666666666666666,,,,,,False,0.7603998272691103,,NP_001014437,,NP_594564.1,PVTDGSVYFDTEAFE,0.7916666666666666,0.6,0.5775751721461808,0.0,0.2731748371112258,0.0,0.7268251628887743,False,1.211647671814688,4.0,NP_001014437,,NP_594564.1,YIRAVSSFRDRVREL,0.4888888888888889,0.4,,,,,,False,2.8843655938312307,,NP_001014437,
ENSG00000110619,CARS1,ENST00000397111,ENSP00000380300,ENSP00000369897,CARS1,ENST00000397111,ENSP00000380300,ENSP00000369897,EAELNKNFYDKKTAI,,,True,5.0,0.4986570388281248,YVSNGSVYFDTAKFA,,,True,5.0,6.0482702967582105,YLQVLSEFREGVRKI,,,True,5.0,6.063359207460598,NP_594564.1,AFEKGGHFYAKLEPW,0.4041666666666666,0.2666666666666666,,,,,,False,0.7603998272691103,,NP_001014437,XP_047283630,NP_594564.1,PVTDGSVYFDTEAFE,0.7916666666666666,0.6,0.5775751721461808,0.0,0.2731748371112258,0.0,0.7268251628887743,False,1.211647671814688,4.0,NP_001014437,XP_047283630,NP_594564.1,YIRAVSSFRDRVREL,0.4888888888888889,0.4,,,,,,False,2.8843655938312307,,NP_001014437,XP_047283630
ENSG00000037897,METTL1,ENST00000324871,ENSP00000314441,ENSP00000314441,METTL1,ENST00000324871,ENSP00000314441,ENSP00000314441,LVELSPLFPDTLILG,,,True,5.0,2.966363678871139,RAQAQVEFADIGCGY,,,True,5.5,-0.4142396614215332,WSELYPEFFAPLTQN,,,True,6.0,1.726729610494381,NP_588028.1,TVALGPQFPDTLVLG,0.725,0.6666666666666666,0.4423841417700759,0.0,0.2335354100939028,0.0,0.7664645899060971,True,1.2392670854808077,5.0,NP_005362,XP_005268930,NP_588028.1,ESNKKVEIVDIGCGY,0.6666666666666666,0.5333333333333333,,,,,,False,0.7444797318957642,,NP_005362,XP_005268930,NP_588028.1,ARNGGKKFVACYERI,0.2361111111111111,0.1333333333333333,,,,,,False,1.3311159505270618,,NP_005362,XP_005268930
ENSG00000168118,RAB4A,ENST00000366690,ENSP00000355651,ENSP00000355651,RAB4A,ENST00000366690,ENSP00000355651,ENSP00000355651,DADREVTFLEASRFA,,,True,4.0,1.8925471258675424,AQENELMFLETSALT,,,True,4.5,-0.4817054344428695,RMGSGIQYGDAALRQ,,,True,5.0,5.357553633626361,NP_594796.1,SFEELSSWLSDIRAM,0.3345959595959596,0.1333333333333333,,,,,,False,8.167371752838863,,NP_004569,,NP_594796.1,GSNVEECFLSVVSTI,0.3564814814814814,0.2,0.6636071329570606,0.0,0.218877638280007,0.0,0.781122361719993,True,5.249649349255281,6.0,NP_004569,,NP_594796.1,DQSLGIQYGDLSFRR,0.625,0.4666666666666667,0.5983283893211931,0.0,0.3614408581965947,0.0,0.6385591418034052,False,1.2658773958077272,7.0,NP_004569,
ENSG00000093009,CDC45,ENST00000407835,ENSP00000385240,ENSP00000405726,CDC45,ENST00000437685,ENSP00000405726,ENSP00000405726,QPDEDTIFFVCDTHR,,,True,4.0,-0.1730882478422057,VSDFRKEFYEVVQSQ,,,True,4.5,-0.1374579106438856,DGSGTDHFIQALDSL,,,True,4.5,0.6727563666468361,NP_594693.1,EDIKFIILLNCGTMV,0.4166666666666667,0.2,,,,,,False,-0.3045898782423509,,NP_001171481,XP_047297490,NP_594693.1,FASILSEYYEKGSWY,0.5047619047619049,0.2,,,,,,False,3.377193822101761,,NP_001171481,XP_047297490,NP_594693.1,NQEWLHNFYDAYDAL,0.503968253968254,0.2666666666666666,0.7458441833720876,0.0,0.3562218440703829,0.0,0.6437781559296171,False,8.632687354894886,2.5,NP_001171481,XP_047297490
ENSG00000151576,QTRT2,ENST00000472599,ENSP00000420806,ENSP00000420682,QTRT2,ENST00000472599,ENSP00000420806,ENSP00000420682,HHEVLTEYKEGVGKF,,,True,5.0,5.848478412449891,QKALQPDWFQCLSDG,,,True,6.0,2.227865325028323,GMPESLLYCSLHDPV,,,True,6.5,0.9178594123623568,NP_594391.3,EALKVTERKEDTQDY,0.3388888888888889,0.2666666666666666,,,,,,False,0.6538686759707069,,NP_001243764,XP_047304890,NP_594391.3,IHFYHPDFIRCKIID,0.3111111111111111,0.2,,,,,,False,2.470818760019013,,NP_001243764,XP_047304890,NP_594391.3,EFDIPALYVGLEDCL,0.625,0.2666666666666666,,,,,,False,-1.3423564592899595,,NP_001243764,XP_047304890
ENSG00000148950,IMMP1L,ENST00000529749,ENSP00000432001,ENSP00000278200,IMMP1L,ENST00000529749,ENSP00000432001,ENSP00000278200,LTTSPSDFFKSHSYV,,,True,4.0,0.2026178881645521,IQNSDIVFAENLSRH,,,True,6.0,-2.118284795565276,TTSPSDFFKSHSYVP,,,True,6.0,6.908941380801902,NP_596226.1,LDKLHGRFARSCSVG,0.4166666666666667,0.2666666666666666,,,,,,False,3.442652871313443,,NP_659418,XP_016872795,NP_596226.1,LDKLHGRFARSCSVG,0.4416666666666666,0.2,,,,,,False,3.442652871313443,,NP_659418,XP_016872795,NP_596226.1,GDNIAHSLDSRNYGP,0.2222222222222222,0.2,,,,,,False,6.538230270079771,,NP_659418,XP_016872795
ENSG00000114686,MRPL3,ENST00000264995,ENSP00000264995,ENSP00000264995,MRPL3,ENST00000264995,ENSP00000264995,ENSP00000264995,NLPFPTYFPDGDEEE,,,True,4.5,1.7341176284210431,EELPEDLYDENVCQP,,,True,5.5,-2.395332453243817,ATSILEFYRELGLPP,,,True,6.5,2.8186730846385126,NP_593885.1,PNKSAVYVTDTINRS,0.1916666666666666,0.1333333333333333,,,,,,False,6.843876557980034,,NP_009139,,NP_593885.1,KKGMTNAWDEKTGMQ,0.2386363636363636,0.1333333333333333,,,,,,False,1.7813146552106085,,NP_009139,,NP_593885.1,NIYPKMHVREFRVRD,0.3125,0.1333333333333333,,,,,,False,-0.2024916679839523,,NP_009139,
ENSG00000132768,DPH2,ENST00000255108,ENSP00000255108,ENSP00000255108,DPH2,ENST00000255108,ENSP00000255108,ENSP00000255108,ESSPAASFLSSRSWQ,,,True,4.0,3.0081399243562914,GWAPGQPFSSCCPDT,,,True,5.0,1.5639301744690233,FILGDTAYGSCCVDV,,,True,5.5,0.5628616527873004,NP_596384.1,VYSPAAAFLQSKSWS,0.7083333333333334,0.6,,,,,,False,1.711489779519087,,NP_001375,,NP_596384.1,HYSLVNQFLSFDPLS,0.3277777777777778,0.2,0.3981549196948916,0.0,0.3388616644325288,0.0,0.6611383355674711,False,3.333637292219321,7.0,NP_001375,,NP_596384.1,QILADTNYGSCCVDE,0.7777777777777778,0.7333333333333333,0.584509898065144,0.0,0.3718669691832014,0.0,0.6281330308167986,False,0.7495313113713401,5.5,NP_001375,
ENSG00000070831,CDC42,ENST00000400259,ENSP00000383118,ENSP00000499457,CDC42,ENST00000400259,ENSP00000383118,ENSP00000499457,QKGLKNVFDEAILAA,,,True,4.5,-0.4194991431798769,EPYTLGLFDTAGQED,,,True,5.0,4.9638438087691945,RDLKAVKYVECSALT,,,True,5.5,2.452195909840045,NP_593536.1,QKGLKNVFDEAIVAA,0.875,0.9333333333333332,0.5089351721001558,0.0,0.3204794333833536,0.0,0.6795205666166464,False,-0.4194991431798769,4.5,NP_001034891,,NP_593536.1,EPYTLGLFDTAGQED,1.0,1.0,0.4748495177691867,0.0,0.2106297327990134,0.0,0.7893702672009866,True,4.9638438087691945,5.0,NP_001034891,,NP_593536.1,RELGAVKYVECSALT,1.0,0.8666666666666667,0.2502481081080589,0.0,0.8552884429229132,0.0,0.1447115570770868,False,1.917736716846581,5.5,NP_001034891,
ENSG00000178252,WDR6,ENST00000395474,ENSP00000378857,ENSP00000477389,WDR6,ENST00000395474,ENSP00000378857,ENSP00000477389,AFLPPGDFLVCGDRR,,,True,4.5,-0.5367283225462668,GGHRSWAFSDTEAAM,,,True,5.0,5.044450422598178,GIIFSMSYLESKGLL,,,True,5.0,-2.008620359531535,NP_595473.1,GMIRNNDFLIIYGIG,0.5555555555555556,0.2,,,,,,False,3.466263014555562,,NP_060501,XP_047303327,NP_595473.1,NSLHNYFFAEAHASS,0.3861111111111111,0.1333333333333333,0.4082753702789815,0.0,0.4647962026951855,0.0,0.5352037973048145,False,1.6721961819157074,4.5,NP_060501,XP_047303327,NP_595473.1,AKNGEMSIIDNKGKK,0.4583333333333333,0.2666666666666666,,,,,,False,0.4399651809984666,,NP_060501,XP_047303327
ENSG00000198042,MAK16,ENST00000518389,ENSP00000430403,ENSP00000353246,MAK16,ENST00000360128,ENSP00000353246,ENSP00000353246,DESDISDFEDMDKLD,,,True,4.5,2.6022627138357106,YNFPIHAFDKALEQQ,,,True,5.5,1.416632777625451,RVRLSKNYEKALEQI,,,True,6.0,-0.4691993413143814,NP_593145.1,DEEEISDLEDWLGSD,0.4292929292929293,0.5333333333333333,,,,,,False,-0.465958434087481,,NP_115898,,NP_593145.1,RIKLSKNYAKALEQI,0.4325396825396825,0.3333333333333333,,,,,,False,-0.4867389560626406,,NP_115898,,NP_593145.1,RIKLSKNYAKALEQI,0.7916666666666666,0.8,,,,,,False,-0.4867389560626406,,NP_115898,
ENSG00000130939,UBE4B,ENST00000253251,ENSP00000253251,ENSP00000343001,UBE4B,ENST00000253251,ENSP00000253251,ENSP00000343001,NARAEIDYSDAPDEF,,,True,3.0,0.3406299697111066,HTGATSEFYDKFTIR,,,True,4.0,1.967803539849934,SPAPTPSFWSSVPVM,,,True,4.5,4.001737261479148,NP_593630.1,STIKAHLLSDATDPF,0.4583333333333333,0.3333333333333333,,,,,,False,3.921318941447644,,NP_001099032,,NP_593630.1,STGQSTQFYDKFNIR,0.7333333333333334,0.6,,,,,,False,5.779928878057364,,NP_001099032,,NP_593630.1,TIFMLKLFTSSIPKA,0.5166666666666667,0.2666666666666666,0.278462851432006,0.0,0.5864942427637884,0.0,0.4135057572362116,False,3.4608837778182098,5.5,NP_001099032,
ENSG00000239857,GET4,ENST00000265857,ENSP00000265857,ENSP00000265857,GET4,ENST00000265857,ENSP00000265857,ENSP00000265857,ASVEKGDYYEAHQMY,,,True,3.0,-1.0741867009323929,CANMLVEYSTSRGFR,,,True,5.0,3.686261760827945,TLWKEQNYCESRYHF,,,True,5.5,0.3684010289887692,NP_587883.1,EGRLREDPYEGHQML,0.5952380952380952,0.4,,,,,,False,-1.3801108812227492,,NP_057033,,NP_587883.1,YVKRLLEWSKSAGPQ,0.6636363636363636,0.3333333333333333,,,,,,False,10.767520836568002,,NP_057033,,NP_587883.1,NEKSARAYGETMYYW,0.3666666666666667,0.2,0.5240666440280198,0.0,0.5672631592077455,0.0,0.4327368407922545,False,2.1213520367845744,5.5,NP_057033,
ENSG00000108387,SEPTIN4,ENST00000672673,ENSP00000500383,ENSP00000321674,SEPTIN4,ENST00000672673,ENSP00000500383,ENSP00000321674,TIVDTPGFGDAVNNT,,,True,4.0,3.10722039164454,FGIKIYQFPDCDSDE,,,True,4.0,3.745506170363104,PWGKLDPYDSSEDDK,,,True,5.0,4.4957159928193215,NP_593566.1,TVIDTPGFGDFINNS,0.7777777777777777,0.6666666666666666,0.5282519008663649,0.0,0.3388631860659181,0.0,0.6611368139340819,False,3.021147787098277,6.0,NP_004565,,NP_593566.1,SYMRQDQQPDRRKII,0.3,0.2,,,,,,False,4.14539026095624,,NP_004565,,NP_593566.1,QHESYMRQDQQPDRR,0.2333333333333333,0.1333333333333333,,,,,,False,0.5736087274733364,,NP_004565,
ENSG00000168397,ATG4B,ENST00000405546,ENSP00000383964,ENSP00000384259,ATG4B,ENST00000405546,ENSP00000383964,ENSP00000384259,RFAEFEDFPETSEPV,,,True,3.0,-1.107833571097628,DVERLERFFDSEDED,,,True,3.5,6.493563405041834,DTLRFAEFEDFPETS,,,True,4.5,2.6372784086032883,NP_594771.1,IVQIFDSEPQPVETH,0.2761904761904762,0.2,,,,,,False,1.2883160549453958,,NP_037457,XP_047299695,NP_594771.1,YFADIVQIFDSEPQP,0.5095238095238096,0.2666666666666666,,,,,,False,0.4117132754001159,,NP_037457,XP_047299695,NP_594771.1,FEANQKYFADIVQIF,0.3107142857142857,0.1333333333333333,0.2611380680407598,0.0,0.4420841201185315,0.0,0.5579158798814685,False,-0.0255531925688984,6.5,NP_037457,XP_047299695
ENSG00000130724,CHMP2A,ENST00000600006,ENSP00000472097,ENSP00000472097,CHMP2A,ENST00000600006,ENSP00000472097,ENSP00000310440,GDEEDEEESDAVVSQ,,,True,6.0,-0.3882605007441235,IQKIMMEFERQAEIM,,,True,6.5,5.87736514674495,MDMKEEMMNDAIDDA,,,True,7.0,0.6733713418349365,NP_593871.3,LEEDDEEEADELVNK,0.6749999999999999,0.4666666666666667,,,,,,False,-1.6506822900949776,,NP_940818,,NP_593871.3,MARITQQFERENEIM,0.7999999999999999,0.4666666666666667,,,,,,False,1.2266175853585817,,NP_940818,,NP_593871.3,QEMIDENMDDALEED,0.5388888888888889,0.3333333333333333,,,,,,False,-0.8482622369219763,,NP_940818,
ENSG00000104907,TRMT1,ENST00000437766,ENSP00000416149,ENSP00000416149,TRMT1,ENST00000437766,ENSP00000416149,ENSP00000416149,PYGSPATFLDAAVQA,,,True,4.0,3.282954226583604,EGAAKIAFPSANEVF,,,True,4.0,5.001347823402896,SLWLSLTFRSARVLS,,,True,4.5,2.4761249968975747,NP_596547.1,PYGSAAPFLDAAVQS,0.8095238095238096,0.8,0.3646236056958198,0.0,0.0311927549397251,0.0,0.9688072450602748,True,6.360796018210424,4.5,NP_060192,,NP_596547.1,TFRPDSEFASKKEGY,0.3916666666666666,0.2,,,,,,False,2.0868841575462005,,NP_060192,,NP_596547.1,GASASLTEGSAIIPF,0.4694444444444444,0.3333333333333333,,,,,,False,3.767961371816747,,NP_060192,
ENSG00000188976,NOC2L,ENST00000327044,ENSP00000317992,ENSP00000317992,NOC2L,ENST00000327044,ENSP00000317992,ENSP00000317992,SEEEEGPFHSLPDVL,,,True,4.0,4.365135625246264,NDQSLLNFSDSDSSE,,,True,4.5,1.0006219009442407,KDEDRKQFKDLFDLN,,,True,5.5,0.351777180010305,NP_594268.1,WQKLLETNHSLTTLQ,0.3499999999999999,0.2,,,,,,False,4.139269329504235,,NP_056473,,NP_594268.1,KNLPNENTQDSTSES,0.6,0.2666666666666666,,,,,,False,-2.208859330021986,,NP_056473,,NP_594268.1,LKSDDIELDDLSEEE,0.4388888888888889,0.2,,,,,,False,-0.6452853564839015,,NP_056473,
ENSG00000138231,DBR1,ENST00000260803,ENSP00000260803,ENSP00000260803,DBR1,ENST00000260803,ENSP00000260803,ENSP00000260803,PSDQASEFSASFSDV,,,True,5.0,3.3423102031684047,EHHVCGEYEEQDDVE,,,True,5.0,5.6452612662384585,ASEFSASFSDVRILP,,,True,5.5,3.9382558302659567,NP_593470.2,KESCKKEPSLSSSDQ,0.5297619047619048,0.3333333333333333,,,,,,False,-0.6552733316235331,,NP_057300,,NP_593470.2,EEGSNNEQEEKQDKK,0.6666666666666666,0.3333333333333333,,,,,,False,-1.3043038739764965,,NP_057300,,NP_593470.2,EDDGKLSCSSKDVTS,0.3546296296296296,0.1333333333333333,,,,,,False,0.9636733690653976,,NP_057300,
ENSG00000064419,TNPO3,ENST00000265388,ENSP00000265388,ENSP00000265388,TNPO3,ENST00000265388,ENSP00000265388,ENSP00000265388,EIIEDLAFYSSTVVS,,,True,3.5,3.075672931703551,KMKIQTSFYELPTDS,,,True,4.5,-0.8315387571608155,VPEETDDFGEFRMRV,,,True,4.5,1.6186486808981455,NP_595725.2,HLQDWTAMYRRRVLT,0.4333333333333333,0.2,,,,,,False,-0.3973343665372869,,NP_036602,,NP_595725.2,WTAQHSEFLELQLNY,0.4166666666666667,0.2,0.4668479085407102,0.0,0.271191536652116,0.0,0.7288084633478841,False,0.8144360382593274,5.5,NP_036602,,NP_595725.2,IPDVIDDFFRLMMDA,0.4166666666666667,0.3333333333333333,,,,,,False,7.33245806441235,,NP_036602,
ENSG00000174243,DDX23,ENST00000703181,ENSP00000515225,ENSP00000310723,DDX23,ENST00000308025,ENSP00000310723,ENSP00000310723,TKEDSAVFYELKQAI,,,True,5.0,-1.529980460239765,KSGVAITFLTKEDSA,,,True,5.5,6.197858898110157,SPGRGKDFKSRKDRD,,,True,6.0,4.034374033280702,NP_587984.1,GPEDTDVYYDLRVLL,0.5436507936507937,0.3333333333333333,0.6750281067961165,0.0,0.2534902997076035,0.0,0.7465097002923964,False,-0.6095370905102254,5.0,NP_004809,,NP_587984.1,KSGTAITFLGPEDTD,0.5873015873015873,0.6666666666666666,,,,,,False,6.562178281151711,,NP_004809,,NP_587984.1,EKAARPKFLSKAERA,0.35,0.2,,,,,,False,6.557406953581145,,NP_004809,
ENSG00000144182,LIPT1,ENST00000393471,ENSP00000377114,ENSP00000377115,LIPT1,ENST00000393471,ENSP00000377114,ENSP00000377115,LCSTDGTFLSSLLKS,,,True,4.5,1.322718502741732,MGNINLTFFTTKKKY,,,True,4.5,1.018323816416773,DLLLDGQFKISGTAS,,,True,6.0,0.3427078281042879,NP_595591.1,ESGFANTFLISGIHS,0.6666666666666666,0.3333333333333333,,,,,,False,4.855303864663506,,NP_660198,,NP_595591.1,CFLLHKSHSTTTKPL,0.4375,0.2,,,,,,False,0.5561783245104838,,NP_660198,,NP_595591.1,IVLAQSQRKISGSAY,0.6083333333333333,0.4666666666666667,,,,,,False,1.2246804915727274,,NP_660198,
ENSG00000253710,ALG11,ENST00000523764,ENSP00000429497,ENSP00000430236,ALG11,ENST00000649340,ENSP00000497184,ENSP00000430236,DQEFEVTFLSSVEKL,,,True,3.0,0.3614476151864563,LAESEEDYAETIAHI,,,True,3.5,-1.27497470054258,EDLGVQEYVEFKINI,,,True,5.5,2.726058920864629,NP_587708.1,EAYHKALTLSPQEQL,0.3678571428571429,0.2666666666666666,,,,,,False,2.922421703137695,,NP_001004127,,NP_587708.1,HASTISEYAEAYHKA,0.525,0.2666666666666666,0.7834648394385426,0.0,0.2590179630835916,0.0,0.7409820369164084,False,7.395581514717444,4.5,NP_001004127,,NP_587708.1,LTLSPQEQLEMRINA,0.5083333333333333,0.4,,,,,,False,2.447174938721671,,NP_001004127,
ENSG00000108474,PIGL,ENST00000470116,ENSP00000463754,ENSP00000225609,PIGL,ENST00000463810,ENSP00000485657,ENSP00000225609,PDDEAMFFAPTVLGL,topological domain,Cytoplasmic,True,6.0,3.828350619535831,ARLRHWVYLLCFSAG,topological domain,Cytoplasmic,True,6.5,3.693178946577827,HPDDEAMFFAPTVLG,topological domain,Cytoplasmic,True,6.5,2.629670006987134,NP_593887.1,PDDESMFFGPTIDYL,0.5555555555555556,0.6666666666666666,,,,,,False,0.4323366643219621,,NP_004269,,NP_593887.1,NQHSTRVHVLCLSNG,0.75,0.3333333333333333,,,,,,False,-0.6002292904419955,,NP_004269,,NP_593887.1,HPDDESMFFGPTIDY,0.7916666666666666,0.6666666666666666,,,,,,False,6.867572850233628,,NP_004269,
ENSG00000172732,MUS81,ENST00000529857,ENSP00000431979,ENSP00000307853,MUS81,ENST00000529857,ENSP00000431979,ENSP00000307853,EAKILQHFGDGLCRM,,,True,5.5,4.2857204508438045,PLCSLLTFSDFNAGA,,,True,6.0,3.938339207709924,LNPNGHHFLTKEELL,,,True,6.0,1.788791927610199,XP_001713161.1,CQVRSLELGDALWVA,0.303030303030303,0.2,,,,,,False,6.9991344149906425,,NP_079404,XP_011543571,XP_001713161.1,SFQRKHTVSNFSVSK,0.4861111111111111,0.2,,,,,,False,2.492746726952362,,NP_079404,XP_011543571,XP_001713161.1,SILCALYMLNKHEFA,0.5476190476190476,0.2,,,,,,False,3.50758988777839,,NP_079404,XP_011543571
ENSG00000109182,CWH43,ENST00000514053,ENSP00000425157,ENSP00000226432,CWH43,ENST00000226432,ENSP00000226432,ENSP00000226432,LNETGADFITILESD,,,True,5.0,1.7219367562990011,FNPRFGSYKEGHNYE,,,True,5.5,5.1389212721382025,NQVIFLGYITSAPGS,,,True,6.0,2.5436346784608856,NP_594060.2,LISNAPWFILVSKCS,0.3893939393939394,0.2,,,,,,False,3.4339789453168708,,NP_079363,XP_011512057,NP_594060.2,EKGEHLSYAEAAAVG,0.375,0.2,0.5379511696104791,0.0,0.7077217386606404,0.0,0.2922782613393596,False,6.393768033369543,4.5,NP_079363,XP_011512057,NP_594060.2,RPLVFLGYVVSNVGQ,0.5416666666666666,0.4,,,,,,False,1.2471494866158122,,NP_079363,XP_011512057
ENSG00000100347,SAMM50,ENST00000350028,ENSP00000345445,ENSP00000345445,SAMM50,ENST00000350028,ENSP00000345445,ENSP00000345445,GLGEEAEFVEVEPEA,,,True,5.0,0.557421343753008,DSVFSASFWGGMLVP,,,True,6.0,3.5759986187878545,KVTFQFSYGTKETSY,,,True,6.5,2.461736086664615,NP_594600.1,VKEKPRLYVETGTDV,0.2464285714285714,0.1333333333333333,0.611839597305356,0.0,0.6767725546281478,0.0,0.3232274453718523,False,-0.5149448163662879,5.0,NP_056195,,NP_594600.1,ASFLKSEFWGQKAVA,0.3916666666666666,0.3333333333333333,,,,,,False,4.582828679859444,,NP_056195,,NP_594600.1,LLSGNVSYGTRNRST,0.7000000000000001,0.3333333333333333,,,,,,False,0.9295723583518584,,NP_056195,
ENSG00000149273,RPS3,ENST00000531188,ENSP00000434643,ENSP00000434643,RPS3,ENST00000531188,ENSP00000434643,ENSP00000434643,SGDPVNYYVDTAVRH,,,True,5.5,4.897128117851531,VVQKRFGFPEGSVEL,,,True,5.5,-0.4100926924778407,QRAKSMKFVDGLMIH,,,True,6.0,3.532936302746637,NP_596763.1,SGQPAVDFIDSATRH,0.3333333333333333,0.4666666666666667,0.3792073777199418,0.0,0.1532879017685525,0.0,0.8467120982314474,True,4.948979520895355,3.5,NP_000996,,NP_596763.1,LVQKRFKFAENTVEL,0.3916666666666666,0.6666666666666666,0.3202029590383425,0.0,0.7904711210209048,0.0,0.2095288789790952,False,0.1026367678847796,7.0,NP_000996,,NP_596763.1,ARAKSMKFADGFMIH,0.8333333333333334,0.8,0.5146086549612444,0.0,0.3675989942121505,0.0,0.6324010057878494,False,3.4696938842546805,6.0,NP_000996,
ENSG00000148835,TAF5,ENST00000692195,ENSP00000510076,ENSP00000358854,TAF5,ENST00000692195,ENSP00000510076,ENSP00000358854,EDLETDDFTTATGHI,,,True,2.5,0.5679601646155321,YYSGLKHFIECSLDC,,,True,4.5,1.8916888212374388,GNETMLDFRTSKFVL,,,True,4.5,7.0209922480510905,NP_587902.1,FGPFGHYFATASHDQ,0.3869047619047618,0.2,0.5179803431450175,0.0,0.2329914232249687,0.0,0.7670085767750312,True,3.95267508922856,5.5,NP_008882,,NP_587902.1,MDKEMEKIVEMDLEE,0.3916666666666666,0.1333333333333333,,,,,,False,2.690699489947157,,NP_008882,,NP_587902.1,SVVTPFSAKTSTFNE,0.4833333333333333,0.2666666666666666,,,,,,False,3.349264901486467,,NP_008882,
ENSG00000164346,NSA2,ENST00000610426,ENSP00000483484,ENSP00000483484,NSA2,ENST00000610426,ENSP00000483484,ENSP00000483484,RYGYRLDYHEKKRKK,,,True,6.0,-1.1578643751620945,GGMPQNEYIELHRKR,,,True,6.5,-1.2583447128839194,EKKRKKESREAHERS,,,True,6.5,2.4454594782227925,NP_588561.1,KHGRRFDHEERKRKK,0.6083333333333333,0.5333333333333333,,,,,,False,4.120350982033959,,NP_055701,,NP_588561.1,QEKRRKEKIQMKKTI,0.4666666666666666,0.1333333333333333,,,,,,False,2.883307121015369,,NP_055701,,NP_588561.1,KTIKQHEERNATQRG,0.5666666666666667,0.2666666666666666,,,,,,False,0.7228735567363946,,NP_055701,
ENSG00000132423,COQ3,ENST00000254759,ENSP00000254759,ENSP00000254759,COQ3,ENST00000369240,ENSP00000358243,ENSP00000254759,HVIDLETFLQCCCQV,,,True,5.5,0.6518398486353693,RYPWARLYSTSQTTV,,,True,5.5,6.972521091435032,LKPGGSLFITTINKT,,,True,5.5,6.150587161451472,NP_588239.2,GSQLPTTFDVVTCME,0.2638888888888889,0.2,,,,,,False,0.5450212057469067,,NP_059117,XP_047274827,NP_588239.2,PNGRLVLSTISRTLL,0.4083333333333334,0.2,,,,,,False,4.715815050151539,,NP_059117,XP_047274827,NP_588239.2,VKPNGRLVLSTISRT,0.4583333333333333,0.4666666666666667,,,,,,False,1.4870173474352013,,NP_059117,XP_047274827
ENSG00000086189,DIMT1,ENST00000680062,ENSP00000505824,ENSP00000199320,DIMT1,ENST00000680062,ENSP00000505824,ENSP00000199320,VLKTDLPFFDTCVAN,,,True,4.0,1.839250288807766,LKTDLPFFDTCVANL,,,True,5.0,3.999322135978523,KLLLHRPFFRCAILM,,,True,5.5,7.244763825478701,NP_596122.1,VIKTDLPYFDVCVSN,0.7380952380952381,0.7333333333333333,0.5893808430129125,0.0,0.2044978185114021,0.0,0.7955021814885979,True,2.0344788067728192,6.0,NP_055288,,NP_596122.1,IKTDLPYFDVCVSNT,0.6130952380952381,0.6666666666666666,,,,,,False,2.157936385426946,,NP_055288,,NP_596122.1,VIKTDLPYFDVCVSN,0.4325396825396825,0.1333333333333333,0.5893808430129125,0.0,0.2044978185114021,0.0,0.7955021814885979,True,2.0344788067728192,6.0,NP_055288,
ENSG00000137055,PLAA,ENST00000397292,ENSP00000380460,ENSP00000380460,PLAA,ENST00000397292,ENSP00000380460,ENSP00000380460,VFPNCRDFVTTAEDR,,,True,3.5,4.956398190841742,AILSETEFLSCANDA,,,True,3.5,9.189689197339945,SDGIIRVFTESEDRT,,,True,4.0,-0.4509630542246814,NP_596478.2,FEGKEYDYVFDVDVA,0.376984126984127,0.1333333333333333,,,,,,False,5.222015056020494,,NP_001026859,,NP_596478.2,LCQIPGGFASCSNDG,0.5694444444444445,0.3333333333333333,0.4633873770510966,0.0,0.7461121285707324,0.0,0.2538878714292675,False,3.361711649989528,5.0,NP_001026859,,NP_596478.2,ALNSETIITGSWDST,0.5694444444444445,0.2666666666666666,,,,,,False,1.0759701370697112,,NP_001026859,
ENSG00000153922,CHD1,ENST00000511067,ENSP00000479403,ENSP00000483667,CHD1,ENST00000511067,ENSP00000479403,ENSP00000483667,EELDQKTFSICKERM,,,True,4.5,-1.6739714046888938,NQSKTTPFKDCKVLK,,,True,4.5,0.4500426828293573,ASPEDVEYYNCQQEL,,,True,4.5,-1.270144391119979,NP_593660.1,VRRGEYLLSVVREHP,0.375,0.1333333333333333,,,,,,False,2.62803247948922,,NP_001261,XP_047272629,NP_594967.1,SRRGNRPYPSSAVES,0.3392857142857142,0.1333333333333333,0.4124593625463003,0.0,0.3512172168171995,0.0,0.6487827831828006,False,4.1115538981519,6.0,NP_001261,XP_047272629,NP_593660.1,VNYNEQEFYDDFEDE,0.4277777777777777,0.1333333333333333,,,,,,False,0.2556532694751756,,NP_001261,XP_047272629
ENSG00000148459,PDSS1,ENST00000376215,ENSP00000365388,ENSP00000365388,PDSS1,ENST00000376215,ENSP00000365388,ENSP00000365388,LIDDVLDFTSCSDQM,,,True,2.5,-0.6842147929500872,LKEMSEYYFDGKGKA,,,True,5.0,0.933149597540074,AHYLEKTFKKTASLI,,,True,6.0,3.8052489966620846,NP_595276.1,LMDDVLDYTSKDDTL,0.6380952380952382,0.6,,,,,,False,0.5421729458676758,,NP_055132,XP_016871500,NP_595276.1,LEECSKYYTIAQGKQ,0.3083333333333333,0.4666666666666667,,,,,,False,0.2938763744114879,,NP_055132,XP_016871500,NP_595276.1,DYYIEKSFLKTASLI,0.625,0.6666666666666666,,,,,,False,3.387818721788663,,NP_055132,XP_016871500
ENSG00000147439,BIN3,ENST00000276416,ENSP00000276416,ENSP00000276416,BIN3,ENST00000276416,ENSP00000276416,ENSP00000276416,YGSRLDYFQPSFESL,,,True,6.0,4.390798486008882,LLEEMPRFYGSRLDY,,,True,6.5,3.869857753219605,ELRPVREDFEAKNRQ,,,True,6.5,4.837266241920533,NP_595489.1,IALRVPYLDPSFEAL,0.6666666666666666,0.4666666666666667,,,,,,False,3.037733925920264,,NP_061158,,NP_595489.1,IANTIDAFYGDAGSK,0.3472222222222222,0.2,,,,,,False,7.793249859650046,,NP_061158,,NP_595489.1,YYRQVVEDLDADTVK,0.5555555555555556,0.3333333333333333,,,,,,False,4.582108096777657,,NP_061158,
ENSG00000126088,UROD,ENST00000652165,ENSP00000498295,ENSP00000246337,UROD,ENST00000652165,ENSP00000498295,ENSP00000246337,AGRYLPEFRETRAAQ,,,True,4.0,2.1802851460956774,ETRAAQDFFSTCRSP,,,True,4.0,4.711260320082775,DPEHVGAFVDAVHKH,,,True,4.5,4.121612206801974,NP_588085.2,AGRYLPEYHKLRAKQ,0.3964285714285714,0.6666666666666666,,,,,,False,3.1302758040410925,,NP_000365,,NP_588085.2,KLGYVMDAISLTREK,0.375,0.2,,,,,,False,2.7095070627537416,,NP_000365,,NP_588085.2,AKSWLFRYPEASHKL,0.3904761904761905,0.2,0.7160785039648426,0.0,0.52103484959854,0.0,0.47896515040146,False,12.792660647822396,6.5,NP_000365,
ENSG00000125954,CHURC1-FNTB,ENST00000549987,ENSP00000447121,ENSP00000447121,CHURC1-FNTB,ENST00000549987,ENSP00000447121,ENSP00000447121,PGKSRDFYHTCYCLS,,,True,5.0,1.8141671560373416,KPGKSRDFYHTCYCL,,,True,5.0,-0.3823318252234532,LVDGCYSFWQAGLLP,,,True,5.5,2.375509209442118,NP_594251.1,PPKRPDQYHTCYCLL,0.7333333333333334,0.6666666666666666,0.4751684514755561,0.0,0.5442168118322535,0.0,0.4557831881677465,False,4.556937372275023,5.0,NP_001189488,,NP_594251.1,KPPKRPDQYHTCYCL,0.7333333333333334,0.7333333333333333,,,,,,False,-0.348076455845196,,NP_001189488,,NP_594251.1,HTSDGWSYKPSILHS,0.3226190476190476,0.1333333333333333,,,,,,False,0.2122135421427329,,NP_001189488,
ENSG00000110880,CORO1C,ENST00000261401,ENSP00000261401,ENSP00000394496,CORO1C,ENST00000261401,ENSP00000261401,ENSP00000394496,DLFQDDLYPDTAGPE,,,True,4.5,4.450621250325165,SNGVLLPFYDPDTSI,,,True,5.0,7.835549329579955,AALEAEEWFEGKNAD,,,True,5.0,8.30064598843194,NP_593175.1,ESFQSDIYPPAPSGK,0.3928571428571428,0.3333333333333333,,,,,,False,-0.6307315955180081,,NP_001098707,,NP_593175.1,GSGILMPFWDDGTKV,0.6691919191919192,0.4,,,,,,False,3.332926516108398,,NP_001098707,,NP_593175.1,PSLTAEEWASGKDAQ,0.4444444444444444,0.5333333333333333,,,,,,False,7.437387467374748,,NP_001098707,
ENSG00000114021,NIT2,ENST00000394140,ENSP00000377696,ENSP00000377696,NIT2,ENST00000394140,ENSP00000377696,ENSP00000377696,DVPGKITFQESKTLS,,,True,4.0,-2.8847823106701105,EEDAGKLYNTCAVFG,,,True,5.0,3.243125305320432,TLSPGDSFSTFDTPY,,,True,5.5,1.5749897309285992,NP_594154.1,DIPGGVSFRESDSLS,0.6166666666666667,0.5333333333333333,0.4197924751914991,0.0,0.3787839219035187,0.0,0.6212160780964813,False,-2.4475576546991658,4.0,NP_064587,,NP_594154.1,ERKDGKLYNTAMVFD,0.8333333333333334,0.6,0.5804986527728732,0.0,0.3282643234790144,0.0,0.6717356765209856,False,-0.8723268146692104,5.5,NP_064587,,NP_594154.1,IEESSPSYQALSSMA,0.2797619047619047,0.0666666666666666,,,,,,False,-1.5014281403376717,,NP_064587,
ENSG00000148688,RPP30,ENST00000371703,ENSP00000360768,ENSP00000389182,RPP30,ENST00000371703,ENSP00000360768,ENSP00000389182,FPKTEKLFHIACTHL,,,True,5.5,1.3462527538679276,AINHIVDFKEKKQEI,,,True,5.5,1.048505049945547,GGGGMAVFADLDLRA,,,True,6.5,2.68099695687704,NP_593330.1,DFTQRLPFYLKHTFM,0.3595238095238096,0.1333333333333333,,,,,,False,-0.1325580829056148,,NP_001098016,,NP_593330.1,FDILSIDFTQRLPFY,0.4095238095238095,0.1333333333333333,,,,,,False,0.1686335780379885,,NP_001098016,,NP_593330.1,PEQKIKIYSRITLTI,0.4214285714285714,0.0666666666666666,,,,,,False,0.4748900315332354,,NP_001098016,
ENSG00000104884,ERCC2,ENST00000684458,ENSP00000508260,ENSP00000375809,ERCC2,ENST00000391945,ENSP00000375809,ENSP00000375809,IQRNKLLFIETQDGA,,,True,4.0,-1.5914604547222782,TSVALEKYQEACENG,,,True,4.0,2.0208625894129115,ELRKLLNFYEKQEGE,,,True,4.5,2.470615878125312,NP_593025.1,VWKYKLILVETPDPH,0.7083333333333334,0.3333333333333333,,,,,,False,-1.240243777314049,,NP_000391,XP_011524913,NP_593025.1,KQSDSKKLQDEYQKL,0.3805555555555556,0.1333333333333333,,,,,,False,-0.1332819505186532,,NP_000391,XP_011524913,NP_593025.1,MDVPTCEFHDNLEDL,0.4305555555555555,0.1333333333333333,0.3544479046685425,0.0,0.2596976443154415,0.0,0.7403023556845585,False,0.0885711827002665,4.0,NP_000391,XP_011524913
ENSG00000165280,VCP,ENST00000678650,ENSP00000503426,ENSP00000351777,VCP,ENST00000678650,ENSP00000503426,ENSP00000351777,LAVTMDDFRWALSQS,,,True,5.0,3.4447128889909653,ESNLRKAFEEAEKNA,,,True,5.0,-0.1235736242163518,PELLTMWFGESEANV,,,True,5.0,-1.072436754401824,NP_593287.2,LGVTMDNFRFALGSS,0.5555555555555556,0.6666666666666666,,,,,,False,4.479009444896708,,NP_009057,,NP_593287.2,ESNLRKAFEEAEKNS,1.0,0.9333333333333332,0.5111582978741104,0.0,0.6142882139265247,0.0,0.3857117860734753,False,-0.1235736242163518,5.0,NP_009057,,NP_593287.2,PELLSMWFGESESNV,0.875,0.8666666666666667,0.3351366128616203,0.0,0.7822477069087411,0.0,0.2177522930912588,False,-1.50554043015028,4.5,NP_009057,
ENSG00000278174,NSF,ENST00000628506,ENSP00000486400,ENSP00000478614,NSF,ENST00000611398,ENSP00000478614,ENSP00000478614,EANIRKLFADAEEEQ,,,True,3.5,1.0139147730829805,LQVTRGDFLASLEND,,,True,5.0,0.8866365935980625,CQAMKKIFDDAYKSQ,,,True,5.0,1.1136469690728783,NP_594690.1,EENVRKLFADAEREY,0.8333333333333334,0.7333333333333333,0.6143654125949963,0.0,0.4722027859194787,0.0,0.5277972140805214,False,3.119105244440671,5.0,NP_006169,,NP_594690.1,IKVNRNDFLNALSEV,0.4861111111111111,0.4,,,,,,False,0.2246225719762538,,NP_006169,,NP_594690.1,VAHVNRVFEDSYKSP,0.7333333333333334,0.3333333333333333,0.3794040054696178,0.0,0.3906073610762987,0.0,0.6093926389237013,False,3.008852973925837,5.5,NP_006169,
ENSG00000225073,DDX39B,ENST00000442717,ENSP00000409162,ENSP00000390999,DDX39B,ENST00000442717,ENSP00000409162,ENSP00000390999,DEIDISSYIEQTRGG,,,True,6.0,0.0954675443553745,CHTRELAFQISKEYE,,,True,6.0,0.6703696895833078,PNVKVAVFFGGLSIK,,,True,6.0,0.7952614491126043,NP_594261.1,TAVFVLSTLQQIEPV,0.4166666666666667,0.1333333333333333,,,,,,False,0.1959002091840921,,NP_004631,,NP_594261.1,CHTRELAFQIKNEYA,0.8333333333333334,0.8,,,,,,False,1.5233917721182877,,NP_004631,,NP_594261.1,PDVRTAVFYGGINIK,0.7658730158730159,0.6,,,,,,False,6.750758192370711,,NP_004631,
ENSG00000225859,DDX39B,ENST00000432433,ENSP00000408609,ENSP00000405560,DDX39B,ENST00000432433,ENSP00000408609,ENSP00000405560,DEIDISSYIEQTRGG,,,True,6.0,0.0954675443553745,CHTRELAFQISKEYE,,,True,6.0,0.6703696895833078,PNVKVAVFFGGLSIK,,,True,6.0,0.7952614491126043,NP_594261.1,TAVFVLSTLQQIEPV,0.4166666666666667,0.1333333333333333,,,,,,False,0.1959002091840921,,NP_004631,,NP_594261.1,CHTRELAFQIKNEYA,0.8333333333333334,0.8,,,,,,False,1.5233917721182877,,NP_004631,,NP_594261.1,PDVRTAVFYGGINIK,0.7658730158730159,0.6,,,,,,False,6.750758192370711,,NP_004631,
ENSG00000230624,DDX39B,ENST00000433291,ENSP00000408191,ENSP00000387994,DDX39B,ENST00000433291,ENSP00000408191,ENSP00000387994,DEIDISSYIEQTRGG,,,True,6.0,0.0954675443553745,CHTRELAFQISKEYE,,,True,6.0,0.6703696895833078,PNVKVAVFFGGLSIK,,,True,6.0,0.7952614491126043,NP_594261.1,TAVFVLSTLQQIEPV,0.4166666666666667,0.1333333333333333,,,,,,False,0.1959002091840921,,NP_004631,,NP_594261.1,CHTRELAFQIKNEYA,0.8333333333333334,0.8,,,,,,False,1.5233917721182877,,NP_004631,,NP_594261.1,PDVRTAVFYGGINIK,0.7658730158730159,0.6,,,,,,False,6.750758192370711,,NP_004631,
ENSG00000237889,DDX39B,ENST00000457121,ENSP00000408832,ENSP00000399542,DDX39B,ENST00000457121,ENSP00000408832,ENSP00000399542,DEIDISSYIEQTRGG,,,True,6.0,0.0954675443553745,PNVKVAVFFGGLSIK,,,True,6.0,0.7952614491126043,CHTRELAFQISKEYE,,,True,6.0,0.6703696895833078,NP_594261.1,TAVFVLSTLQQIEPV,0.4166666666666667,0.1333333333333333,,,,,,False,0.1959002091840921,,NP_004631,,NP_594261.1,PDVRTAVFYGGINIK,0.7658730158730159,0.6,,,,,,False,6.750758192370711,,NP_004631,,NP_594261.1,CHTRELAFQIKNEYA,0.8333333333333334,0.8,,,,,,False,1.5233917721182877,,NP_004631,
ENSG00000229496,DDX39B,ENST00000416183,ENSP00000405964,ENSP00000391463,DDX39B,ENST00000416183,ENSP00000405964,ENSP00000391463,DEIDISSYIEQTRGG,,,True,6.0,0.0954675443553745,CHTRELAFQISKEYE,,,True,6.0,0.6703696895833078,PNVKVAVFFGGLSIK,,,True,6.0,0.7952614491126043,NP_594261.1,TAVFVLSTLQQIEPV,0.4166666666666667,0.1333333333333333,,,,,,False,0.1959002091840921,,NP_004631,,NP_594261.1,CHTRELAFQIKNEYA,0.8333333333333334,0.8,,,,,,False,1.5233917721182877,,NP_004631,,NP_594261.1,PDVRTAVFYGGINIK,0.7658730158730159,0.6,,,,,,False,6.750758192370711,,NP_004631,
ENSG00000235439,DDX39B,ENST00000428291,ENSP00000388382,ENSP00000399030,DDX39B,ENST00000428291,ENSP00000388382,ENSP00000399030,DEIDISSYIEQTRGG,,,True,6.0,0.0954675443553745,CHTRELAFQISKEYE,,,True,6.0,0.6703696895833078,PNVKVAVFFGGLSIK,,,True,6.0,0.7952614491126043,NP_594261.1,TAVFVLSTLQQIEPV,0.4166666666666667,0.1333333333333333,,,,,,False,0.1959002091840921,,NP_004631,,NP_594261.1,CHTRELAFQIKNEYA,0.8333333333333334,0.8,,,,,,False,1.5233917721182877,,NP_004631,,NP_594261.1,PDVRTAVFYGGINIK,0.7658730158730159,0.6,,,,,,False,6.750758192370711,,NP_004631,
ENSG00000215425,DDX39B,ENST00000432466,ENSP00000409810,ENSP00000383152,DDX39B,ENST00000432466,ENSP00000409810,ENSP00000383152,DEIDISSYIEQTRGG,,,True,6.0,0.0954675443553745,CHTRELAFQISKEYE,,,True,6.0,0.6703696895833078,PNVKVAVFFGGLSIK,,,True,6.0,0.7952614491126043,NP_594261.1,TAVFVLSTLQQIEPV,0.4166666666666667,0.1333333333333333,,,,,,False,0.1959002091840921,,NP_004631,,NP_594261.1,CHTRELAFQIKNEYA,0.8333333333333334,0.8,,,,,,False,1.5233917721182877,,NP_004631,,NP_594261.1,PDVRTAVFYGGINIK,0.7658730158730159,0.6,,,,,,False,6.750758192370711,,NP_004631,
ENSG00000198563,DDX39B,ENST00000428450,ENSP00000405707,ENSP00000379475,DDX39B,ENST00000428450,ENSP00000405707,ENSP00000379475,DEIDISSYIEQTRGG,,,True,6.0,0.0954675443553745,CHTRELAFQISKEYE,,,True,6.0,0.6703696895833078,PNVKVAVFFGGLSIK,,,True,6.0,0.7952614491126043,NP_594261.1,TAVFVLSTLQQIEPV,0.4166666666666667,0.1333333333333333,,,,,,False,0.1959002091840921,,NP_004631,,NP_594261.1,CHTRELAFQIKNEYA,0.8333333333333334,0.8,,,,,,False,1.5233917721182877,,NP_004631,,NP_594261.1,PDVRTAVFYGGINIK,0.7658730158730159,0.6,,,,,,False,6.750758192370711,,NP_004631,
ENSG00000063177,RPL18,ENST00000549370,ENSP00000449067,ENSP00000447001,RPL18,ENST00000084795,ENSP00000084795,ENSP00000447001,GREVYRHFGKAPGTP,,,True,6.5,2.8382751046829897,VRSKGRKFERARGRR,,,True,7.0,0.7999975830930435,PHSHTKPYVRSKGRK,,,True,7.5,-0.3674497586284186,NP_596397.1,VRSEGRKFERARGRR,0.4666666666666666,0.3333333333333333,,,,,,False,0.7999975830930435,,NP_000970,,NP_596397.1,VRSEGRKFERARGRR,1.0,0.9333333333333332,,,,,,False,0.7999975830930435,,NP_000970,,NP_596397.1,PHKHKAPYVRSEGRK,1.0,0.7333333333333333,,,,,,False,-0.3331943892501614,,NP_000970,
ENSG00000037474,NSUN2,ENST00000264670,ENSP00000264670,ENSP00000264670,NSUN2,ENST00000264670,ENSP00000264670,ENSP00000264670,PEGEWGQFMDALREP,,,True,4.5,1.3980101195687775,GEEFDCAFRLAQEGI,,,True,4.5,-0.4243743508030736,RKLSSETYSQAKDLA,,,True,5.5,0.7277073673582608,NP_593189.2,PNDEFDSFMEYMRKP,0.5190476190476191,0.4,0.4175315922521534,0.0,0.3926308809223153,0.0,0.6073691190776848,False,-4.299644504582928,5.5,NP_060225,,NP_593189.2,CGYRHHAFELKNHFE,0.4666666666666666,0.2,,,,,,False,6.425635286836103,,NP_060225,,NP_594695.3,SELPQLKRSQGVDNW,0.3999999999999999,0.2666666666666666,,,,,,False,0.7063911505542876,,NP_060225,
ENSG00000185627,PSMD13,ENST00000532097,ENSP00000436186,ENSP00000436186,PSMD13,ENST00000532097,ENSP00000436186,ENSP00000436186,GMKDRLEFWCTDVKS,,,True,5.5,-1.389544631372158,IGNHASYYKDALRFL,,,True,5.5,5.467517810796866,VTSVHSRFYDLSSKY,,,True,6.0,5.056235349499638,NP_593594.1,LVGTQHEWLHDLVIA,0.1748737373737373,0.1333333333333333,,,,,,False,4.117080328691059,,NP_002808,,NP_593594.1,NELDEEKYKDAYVYS,0.475,0.2666666666666666,0.6770237193746337,0.0,0.1898710506992538,0.0,0.8101289493007461,True,-0.1610036909628319,4.0,NP_002808,,NP_593594.1,HTELVERAVDLSVAA,0.2916666666666667,0.3333333333333333,,,,,,False,2.124146452446884,,NP_002808,
ENSG00000124614,RPS10,ENST00000644700,ENSP00000495142,ENSP00000497917,RPS10,ENST00000644700,ENSP00000495142,ENSP00000497917,IAIYELLFKEGVMVA,,,True,5.5,4.964764227957526,GEADRDTYRRSAVPP,,,True,6.5,2.081665513483453,EQFAWRHFYWYLTNE,,,True,7.0,-2.5878082392439987,NP_595605.1,KAIHQALFQQGVLVA,0.6833333333333332,0.5333333333333333,,,,,,False,2.928650307606503,,NP_001005,,NP_595605.1,SSAADAGYRRAEKKD,0.4194444444444445,0.2666666666666666,,,,,,False,-0.839386829850376,,NP_001005,,NP_595605.1,TRYNWGWFYYTLTNE,0.4506493506493507,0.4666666666666667,,,,,,False,1.3217302326363431,,NP_001005,
ENSG00000164024,METAP1,ENST00000296411,ENSP00000296411,ENSP00000296411,METAP1,ENST00000296411,ENSP00000296411,ENSP00000296411,GHGIHKLFHTAPNVP,,,True,4.5,7.973180991205297,KLGIQGSYFCSQECF,,,True,5.0,-0.9778824105443296,HGDLNETFFVGEVDD,,,True,5.5,0.2389832862426728,NP_596097.1,GHGINQLFHCSPSIP,0.5648148148148148,0.6,,,,,,False,-1.224794232725398,,NP_055958,XP_047305841,NP_596097.1,LNDGVKSYFCGQECF,0.8333333333333334,0.5333333333333333,,,,,,False,-0.2993511059276199,,NP_055958,XP_047305841,NP_596097.1,HGDLNETYYVGDKAK,0.5761904761904763,0.6,,,,,,False,-0.1323859650243612,,NP_055958,XP_047305841
ENSG00000273841,TAF9,ENST00000693414,ENSP00000509848,ENSP00000370193,TAF9,ENST00000693414,ENSP00000509848,ENSP00000370193,QCRADQSFTSPPPRD,,,True,6.5,2.3885227943139595,MLEFAFRYVTTILDD,,,True,7.0,7.443116123824483,SSHAKKATVDADDVR,,,True,7.5,3.840202432079932,NP_592893.1,ASQINHSFTGPPPKE,0.8333333333333334,0.4,,,,,,False,1.0998384290287024,,NP_001015892,,NP_592893.1,LLTFAHRYTQQLIQD,0.35,0.4,,,,,,False,6.739785588291635,,NP_001015892,,NP_592893.1,HSRGQNAPISVEDVR,0.4345238095238095,0.3333333333333333,,,,,,False,5.554164924918538,,NP_001015892,
ENSG00000276262,NSF,ENST00000620290,ENSP00000481714,ENSP00000481714,NSF,ENST00000620290,ENSP00000481714,ENSP00000481714,EANIRKLFADAEEEQ,,,True,3.5,1.0139147730829805,LQVTRGDFLASLEND,,,True,5.0,0.8866365935980625,CQAMKKIFDDAYKSQ,,,True,5.0,1.1136469690728783,NP_594690.1,EENVRKLFADAEREY,0.8333333333333334,0.7333333333333333,0.6143654125949963,0.0,0.4722027859194787,0.0,0.5277972140805214,False,3.119105244440671,5.0,NP_006169,,NP_594690.1,IKVNRNDFLNALSEV,0.4861111111111111,0.4,,,,,,False,0.2246225719762538,,NP_006169,,NP_594690.1,VAHVNRVFEDSYKSP,0.7333333333333334,0.3333333333333333,0.3794040054696178,0.0,0.3906073610762987,0.0,0.6093926389237013,False,3.008852973925837,5.5,NP_006169,
ENSG00000073969,NSF,ENST00000398238,ENSP00000381293,ENSP00000381293,NSF,ENST00000398238,ENSP00000381293,ENSP00000381293,EANIRKLFADAEEEQ,,,True,3.5,1.0139147730829805,LQVTRGDFLASLEND,,,True,5.0,0.8866365935980625,CQAMKKIFDDAYKSQ,,,True,5.0,1.1136469690728783,NP_594690.1,EENVRKLFADAEREY,0.8333333333333334,0.7333333333333333,0.6143654125949963,0.0,0.4722027859194787,0.0,0.5277972140805214,False,3.119105244440671,5.0,NP_006169,,NP_594690.1,IKVNRNDFLNALSEV,0.4861111111111111,0.4,,,,,,False,0.2246225719762538,,NP_006169,,NP_594690.1,VAHVNRVFEDSYKSP,0.7333333333333334,0.3333333333333333,0.3794040054696178,0.0,0.3906073610762987,0.0,0.6093926389237013,False,3.008852973925837,5.5,NP_006169,
ENSG00000167553,TUBA1C,ENST00000541364,ENSP00000443475,ENSP00000301072,TUBA1C,ENST00000541364,ENSP00000443475,ENSP00000301072,EGMEEGEFSEAREDM,,,True,1.5,-1.0048140805118635,DDSFNTFFSETGAGK,,,True,4.0,0.7315429334352164,IGGGDDSFNTFFSET,,,True,5.5,-1.0431435183555018,NP_595106.1,EGMEEGEFSEAREDL,1.0,0.9333333333333332,0.5513144876745084,0.0,0.1932507784842485,0.0,0.8067492215157515,True,-1.0048140805118635,1.5,NP_116093,,NP_595106.1,DGGFSTFFSETGQGK,0.7999999999999999,0.7333333333333333,0.3797634410073651,0.0,0.4084238803185365,0.0,0.5915761196814635,False,0.608278940008409,4.5,NP_116093,,NP_595106.1,SQNSDGGFSTFFSET,0.7083333333333334,0.5333333333333333,0.4326566614273817,0.0,0.3582687724363014,0.0,0.6417312275636986,False,-0.2673097667659984,6.0,NP_116093,
ENSG00000276463,TAF9,ENST00000616867,ENSP00000477750,ENSP00000478935,TAF9,ENST00000616867,ENSP00000477750,ENSP00000478935,QCRADQSFTSPPPRD,,,True,6.5,2.3885227943139595,MLEFAFRYVTTILDD,,,True,7.0,7.443116123824483,SSHAKKATVDADDVR,,,True,7.5,3.840202432079932,NP_592893.1,ASQINHSFTGPPPKE,0.8333333333333334,0.4,,,,,,False,1.0998384290287024,,NP_001015892,,NP_592893.1,LLTFAHRYTQQLIQD,0.35,0.4,,,,,,False,6.739785588291635,,NP_001015892,,NP_592893.1,HSRGQNAPISVEDVR,0.4345238095238095,0.3333333333333333,,,,,,False,5.554164924918538,,NP_001015892,
ENSG00000112972,HMGCS1,ENST00000325110,ENSP00000322706,ENSP00000322706,HMGCS1,ENST00000325110,ENSP00000322706,ENSP00000322706,GKLSIQCYLSALDRC,,,True,4.5,4.190123470504188,KTNLMQLFEESGNTD,,,True,5.0,5.257210044423094,EIYFPSQYVDQAELE,,,True,6.0,6.088863154855433,NP_593859.1,GHFSLECYVKALDGA,0.7083333333333334,0.4666666666666667,,,,,,False,3.9133703428880176,,NP_001091742,XP_047273091,NP_593859.1,KSVLMQLFGDNHNVE,0.5277777777777778,0.4666666666666667,0.4289100110497169,0.0,0.644727112862949,0.0,0.355272887137051,False,9.807481539908911,6.5,NP_001091742,XP_047273091,NP_593859.1,VLYTPNQYVEQAALE,0.6916666666666668,0.6,0.3444872238919906,0.0,0.5662854006576293,0.0,0.4337145993423707,False,5.267060846494164,7.0,NP_001091742,XP_047273091
ENSG00000131238,PPT1,ENST00000641319,ENSP00000493128,ENSP00000493153,PPT1,ENST00000641083,ENSP00000493369,ENSP00000493153,VDSEWFGFYRSGQAK,,,True,5.5,0.950083213078194,DSEWFGFYRSGQAKE,,,True,6.0,6.371100106541958,MEDVENSFFLNVNSQ,,,True,6.0,6.14107010862429,NP_595325.2,SHSQFMGFFSAYMIA,0.4166666666666667,0.2,0.5986057300704725,0.0,0.5334998577398377,0.0,0.4665001422601623,False,4.985041427313041,4.0,NP_000301,,NP_595325.2,DSLSNGFYALGLSQG,0.4166666666666667,0.4,,,,,,False,-0.3502463774166161,,NP_000301,,NP_595325.2,EESTRPSNFLSTYFV,0.4107142857142857,0.2666666666666666,,,,,,False,1.7172189225580294,,NP_000301,
ENSG00000211456,SACM1L,ENST00000418611,ENSP00000396387,ENSP00000373713,SACM1L,ENST00000418611,ENSP00000396387,ENSP00000373713,LAYVXKDFVDAPRLV,topological domain,Cytoplasmic,True,4.0,2.638751289876205,HITPEKFYVEACDDG,topological domain,Cytoplasmic,True,4.0,0.0769268651909413,LNVDGFYFSTTYDLT,topological domain,Cytoplasmic,True,4.5,2.2840415249019457,NP_596541.1,RKGAFNDFVNSAKRY,0.6361111111111111,0.2,,,,,,False,3.838621207580717,,NP_054735,,NP_596541.1,RGSVPAFWAEVNNLR,0.3914141414141414,0.1333333333333333,,,,,,False,9.576973637830818,,NP_054735,,NP_596541.1,LKTGPFYFSYTWDLT,0.7857142857142857,0.6,,,,,,False,2.544679193541161,,NP_054735,
ENSG00000100714,MTHFD1,ENST00000697168,ENSP00000513156,ENSP00000498336,MTHFD1,ENST00000697168,ENSP00000513156,ENSP00000498336,KVVGDVAYDEAKERA,,,True,4.0,-2.015578678978633,LSEEVELYGETKAKV,,,True,4.5,-0.6495629750432717,TESEVMKYITSLNED,,,True,5.5,4.701557625667605,NP_595256.1,RLTGDIDFENAKEVA,0.4277777777777777,0.4,,,,,,False,3.955868267812707,,NP_005947,,NP_595256.1,AKSELEFYGSHKAKV,0.4583333333333333,0.5333333333333333,0.3469058622639337,0.0,0.2743185020164342,0.0,0.7256814979835656,False,5.585172546473061,7.5,NP_005947,,NP_595256.1,GCANLAKHISNARKY,0.4444444444444444,0.1333333333333333,,,,,,False,8.527776994112878,,NP_005947,
ENSG00000100410,PHF5A,ENST00000216252,ENSP00000216252,ENSP00000216252,PHF5A,ENST00000216252,ENSP00000216252,ENSP00000216252,GSSKTDLFYERKKYG,,,True,7.0,-1.3384412006900612,RICDECNYGSYQGRC,,,True,7.5,-2.9386099966549546,GGPGVSDAYYCKECT,,,True,7.5,0.3311633753678422,NP_593792.1,GSSRTDWFYERKKFK,0.8030303030303031,0.7333333333333333,,,,,,False,2.855854830753719,,NP_116147,,NP_593792.1,GCPRVINLGSSRTDW,0.3083333333333333,0.2,,,,,,False,4.242939785648855,,NP_116147,,NP_593792.1,GAPGVSDCYYCSECT,0.8333333333333334,0.8,,,,,,False,0.5741671447207914,,NP_116147,
ENSG00000205339,IPO7,ENST00000379719,ENSP00000369042,ENSP00000369042,IPO7,ENST00000379719,ENSP00000369042,ENSP00000369042,VIFPLMCYTDADEEL,,,True,4.0,3.823352822814011,IDQCIPLFVEAALER,,,True,4.5,4.047294652322657,PGNVSKEYNEFAEVF,,,True,5.0,8.987641247478981,NP_588103.1,FVFPQLCMSEEDEEL,0.375,0.4666666666666667,,,,,,False,-0.681664603015398,,NP_006382,,NP_588103.1,QDNDLPVRIQAALAL,0.4666666666666666,0.3333333333333333,,,,,,False,6.447298893574128,,NP_006382,,NP_588103.1,SADVVDDFDEFEHFQ,0.5,0.2,0.5174723864282085,0.0,0.8953616320742973,0.0,0.1046383679257026,False,5.903373877647426,5.5,NP_006382,
ENSG00000196850,PPTC7,ENST00000354300,ENSP00000346255,ENSP00000346255,PPTC7,ENST00000354300,ENSP00000346255,ENSP00000346255,GCGFGKDFRKGLLKK,,,True,6.5,0.3429028617001222,RSDEQQHYFNTPFQL,,,True,6.5,0.2771619470372152,SDEQQHYFNTPFQLS,,,True,6.5,2.870751425035621,NP_594320.2,VFNNSDEFQPSPLTL,0.4095238095238095,0.1333333333333333,,,,,,False,-1.3350394199233775,,NP_644812,XP_024304638,NP_594320.2,YVHKYAAYSSTSFQK,0.375,0.2666666666666666,0.2867230129695318,0.0,0.5773891921371006,0.0,0.4226108078628994,False,0.6467043322698968,6.0,NP_644812,XP_024304638,NP_594320.2,SPAQVLQFNMPYQLA,0.6,0.4666666666666667,,,,,,False,3.920873035762831,,NP_644812,XP_024304638
ENSG00000186591,UBE2H,ENST00000355621,ENSP00000347836,ENSP00000347836,UBE2H,ENST00000355621,ENSP00000347836,ENSP00000347836,SSMSDFSEDEAQDME,,,True,6.5,0.3327383049456092,SESSMSDFSEDEAQD,,,True,6.5,2.2950738314522585,LYDLTNIFESFLPQL,,,True,7.0,0.5174594648860421,NP_596617.1,ITLNDSSDDDTMSSI,0.4444444444444444,0.2,,,,,,False,0.8264733102292535,,NP_003335,,NP_596617.1,ADITLNDSSDDDTMS,0.4722222222222221,0.2,,,,,,False,4.940806249693495,,NP_003335,,NP_596617.1,MFDMINIFEVFLPQL,0.75,0.6666666666666666,,,,,,False,0.8071391183143496,,NP_003335,
ENSG00000082898,XPO1,ENST00000677476,ENSP00000503789,ENSP00000384863,XPO1,ENST00000677476,ENSP00000503789,ENSP00000384863,QPQQVHTFYEAVGYM,,,True,3.0,-1.1001463186308689,EVEETEIFKICLEYW,,,True,4.0,-1.2445095793813714,LNMINKDFEEYPEHR,,,True,4.5,-5.208056419553226,XP_001713070.1,TPQQTHTFYEACGYM,1.0,0.8,0.6055959665971943,0.0,0.4961265184808526,0.0,0.5038734815191473,False,-1.9581656370826503,3.0,NP_003391,XP_047301715,XP_001713070.1,RINEREIFKICLEYW,1.0,0.7333333333333333,,,,,,False,-0.2330343417823513,,NP_003391,XP_047301715,XP_001713070.1,LEMISKDFSEYPEHR,0.8333333333333334,0.8,0.3082702115311991,0.0,0.4096666784903575,0.0,0.5903333215096425,False,-5.300290233420286,4.5,NP_003391,XP_047301715
ENSG00000138442,WDR12,ENST00000261015,ENSP00000261015,ENSP00000261015,WDR12,ENST00000261015,ENSP00000261015,ENSP00000261015,EEVVEIEYVEKYTAP,,,True,4.5,2.062070403378707,EAVSSVLWSDAEEIC,,,True,5.0,2.7268881532684786,VDGSGTKFCSGSWDK,,,True,6.0,3.800854213097622,NP_594822.1,ITKAPLLCVEKLTDL,0.5046296296296297,0.2666666666666666,,,,,,False,-1.5172064271875882,,NP_060726,,NP_594822.1,YDGIARVWDKSGEIK,0.3833333333333333,0.2,,,,,,False,4.534143295869156,,NP_060726,,NP_594822.1,DKSGEIKFQSTGCGS,0.2962962962962963,0.2,0.4921978425389004,0.0,0.4180307546235644,0.0,0.5819692453764356,False,1.762545079073963,6.0,NP_060726,
ENSG00000149084,HSD17B12,ENST00000638034,ENSP00000490701,ENSP00000278353,HSD17B12,ENST00000638034,ENSP00000490701,ENSP00000278353,SYEYPEYFLDVPDLD,,,True,5.0,0.4440050818545347,ILXTFVDFFSQCLHE,,,True,5.0,3.747600950694656,KGAILXTFVDFFSQC,,,True,5.5,4.072406808977015,NP_593697.1,GEEVKKQGIDVWCFN,0.2444444444444444,0.2,,,,,,False,4.476779063864677,,NP_057226,XP_024304339,NP_593697.1,ASFVYKTFFAKGVKL,0.4166666666666667,0.1333333333333333,,,,,,False,2.9154252956435203,,NP_057226,XP_024304339,NP_593697.1,VIGIVFTILKFTSFA,0.5083333333333333,0.2666666666666666,,,,,,False,2.6681597517025444,,NP_057226,XP_024304339
ENSG00000008311,AASS,ENST00000679864,ENSP00000505958,ENSP00000403768,AASS,ENST00000679864,ENSP00000505958,ENSP00000403768,NVAGGISFLDAVTSM,,,True,3.5,0.2211176122773525,FNELPCEYVEPHELK,,,True,5.0,1.2504785489351482,DAVTSMDFFPGLNLE,,,True,5.0,5.705369511192553,NP_596411.1,HCLVDMGFLDETAQE,0.4666666666666666,0.2,,,,,,False,1.2851587679617005,,NP_005754,XP_047275666,NP_596411.1,LDETAQEYLSPEAPA,0.5,0.2666666666666666,0.5630940520756049,0.0,0.2553783872423565,0.0,0.7446216127576435,False,7.869759309405211,6.0,NP_005754,XP_047275666,NP_596411.1,ETAKPYFIYPGYAFV,0.2380952380952381,0.1333333333333333,,,,,,False,3.658186575696215,,NP_005754,XP_047275666
ENSG00000159720,ATP6V0D1,ENST00000564788,ENSP00000455695,ENSP00000290949,ATP6V0D1,ENST00000564191,ENSP00000456695,ENSP00000290949,DTPLAAFFQDCISEQ,,,True,4.0,2.373175686503729,AYEPLASFLDFITYS,,,True,5.5,2.9875306561049224,RNTLYKAYLESFYKF,,,True,5.5,-0.7248804636778353,NP_594237.1,ETPLAPYFKDCLSAD,0.7714285714285714,0.5333333333333333,0.4160109688235743,0.0,0.4966354667658743,0.0,0.5033645332341257,False,2.283436808982976,4.0,NP_004682,XP_011521748,NP_594237.1,ADETLSKFMDYITYA,0.638095238095238,0.5333333333333333,0.4432432947615201,0.0,0.1428307974079737,0.0,0.8571692025920262,True,3.4063681381227244,5.5,NP_004682,XP_011521748,NP_594237.1,RNTLYKAYLEDFYNF,0.8333333333333334,0.8666666666666667,,,,,,False,0.5055597326602962,,NP_004682,XP_011521748
ENSG00000163382,NAXE,ENST00000368234,ENSP00000357217,ENSP00000357218,NAXE,ENST00000368234,ENSP00000357217,ENSP00000357218,DQELFNEYQFSVDQL,,,True,5.0,-2.483327344665178,YQLNLPPYPDTECVY,,,True,5.5,7.02426452651749,KGDVREPFHSILSVL,,,True,6.0,6.785688776812589,NP_594292.1,DAELMSAGAFSIDQL,0.3333333333333333,0.5333333333333333,,,,,,False,2.800008602764346,,NP_658985,,NP_594292.1,FNLSLPPYPGIDQVV,0.3305555555555555,0.4666666666666667,,,,,,False,6.786878817958609,,NP_658985,,NP_594292.1,KGPVRDPFGSILAAI,0.6527777777777778,0.6,0.4976920160573759,0.0,0.3680136568963409,0.0,0.6319863431036591,False,4.042814122670121,7.0,NP_658985,
ENSG00000138326,RPS24,ENST00000440692,ENSP00000414321,ENSP00000494231,RPS24,ENST00000440692,ENSP00000414321,ENSP00000494231,REKLAKMYKTTPDVI,,,True,5.0,7.761904768203221,VFGFRTHFGGGKTTG,,,True,7.0,1.341934459428995,DVIFVFGFRTHFGGG,,,True,7.0,3.18856758498472,NP_595896.1,REKLAQMYKTDSECV,0.7055555555555556,0.6,,,,,,False,3.2654009030647435,,NP_001135755,,NP_594253.1,AFGLRTHYGGGRTTG,0.9047619047619048,0.7333333333333333,,,,,,False,1.341934459428995,,NP_001135755,,NP_594253.1,SAVQAFGLRTHYGGG,0.8333333333333334,0.5333333333333333,,,,,,False,6.271421103789067,,NP_001135755,
ENSG00000104808,DHDH,ENST00000221403,ENSP00000221403,ENSP00000221403,DHDH,ENST00000221403,ENSP00000221403,ENSP00000221403,MEAIWTRFFPASEAL,,,True,5.5,1.9659969647067768,PGEVHGSFTCSITVQ,,,True,6.0,5.061470089205291,KHDIPKAYGSYEELA,,,True,6.5,-2.097268560289226,NP_593980.1,AEGFWIRFYPIVKAA,0.5630952380952381,0.4,,,,,,False,1.0560693413741038,,NP_055290,XP_016882087,NP_593980.1,HNGDIGDYTTAVTLV,0.4130952380952381,0.2,0.3820809422007257,0.0,0.2590706093530716,0.0,0.7409293906469284,False,0.99115562941273,4.0,NP_055290,XP_016882087,NP_593980.1,APCKPKAYGSYEELV,1.0,0.6666666666666666,0.4364642590320702,0.0,0.4639971412568588,0.0,0.5360028587431411,False,-2.5325882547735787,6.5,NP_055290,XP_016882087
ENSG00000149554,CHEK1,ENST00000438015,ENSP00000388648,ENSP00000435371,CHEK1,ENST00000438015,ENSP00000388648,ENSP00000435371,PSDSCQEYSDWKEKK,,,True,4.5,-2.646976039694583,IQYLFLEYCSGGELF,,,True,4.5,0.9178594123623568,SSEENVKYSSSQPEP,,,True,5.5,1.2471837684673557,NP_588070.1,ILEKDPSLSQFCENE,0.3194444444444444,0.1333333333333333,,,,,,False,0.6752727786246427,,NP_001265,XP_024304105,NP_588070.1,WRWVVLEFAQGGDLF,0.4722222222222222,0.4,,,,,,False,3.531997064934165,,NP_001265,XP_024304105,NP_588070.1,HVVQHPWLTSSTPFR,0.4462121212121212,0.2,,,,,,False,1.4876669313440185,,NP_001265,XP_024304105
ENSG00000115421,PAPOLG,ENST00000238714,ENSP00000238714,ENSP00000238714,PAPOLG,ENST00000238714,ENSP00000238714,ENSP00000238714,LTYDIQSFTDTVYRQ,,,True,4.5,1.5279321160581656,RHVERSDFFQSFFEK,,,True,5.0,1.8102277246903424,DTDNGTPFNSPASKS,,,True,5.5,7.134681933794041,NP_595362.1,KATKKRSTADTAHST,0.475,0.2,,,,,,False,7.310425442796223,,NP_075045,XP_005264557,NP_595362.1,KHVSRDNFFQDLEPM,0.4277777777777778,0.4,,,,,,False,1.0093436021615787,,NP_075045,XP_005264557,NP_595362.1,AIALAHPFNKGFDKV,0.4444444444444444,0.2666666666666666,,,,,,False,3.323187431424925,,NP_075045,XP_005264557
ENSG00000099901,RANBP1,ENST00000430524,ENSP00000401564,ENSP00000384925,RANBP1,ENST00000430524,ENSP00000401564,ENSP00000384925,FKMRAKLFRFASEND,,,True,5.5,6.912947391677154,AQKFKTKFEECRKEI,,,True,5.5,-0.1714455795676978,NAENAQKFKTKFEEC,,,True,6.5,4.504586846218444,NP_595122.1,FKMRAKLFRFDKAAS,0.5694444444444444,0.6666666666666666,,,,,,False,6.535529277874002,,NP_001265569,,NP_595122.1,GDARLLKHKETGKTR,0.4791666666666667,0.2,,,,,,False,5.292608844960712,,NP_001265569,,NP_595122.1,VKLSAVETKTNEEEE,0.4666666666666666,0.3333333333333333,,,,,,False,3.448258182845938,,NP_001265569,
ENSG00000236251,HSPA1L,ENST00000456772,ENSP00000408347,ENSP00000408347,HSPA1L,ENST00000456772,ENSP00000408347,ENSP00000408347,SLYEGIDFYTSITRA,,,True,3.0,0.550853860315178,EELCADLFRGTLEPV,,,True,5.0,3.828854925940783,VQRLLQDYFNGRDLN,,,True,5.0,3.490225434049895,NP_593704.1,SLYEGIDFYTSITRA,1.0,1.0,0.1960969302038419,0.0,0.3185142252975496,0.0,0.6814857747024504,False,0.550853860315178,3.0,NP_005518,,NP_593704.1,EELCADLFRNTMEPV,0.8333333333333334,0.8666666666666667,,,,,,False,3.828854925940783,,NP_005518,,NP_593704.1,IQKLVSDFFNGKEPC,0.8166666666666668,0.4,,,,,,False,2.755557558711591,,NP_005518,
ENSG00000226704,HSPA1L,ENST00000426095,ENSP00000409151,ENSP00000409151,HSPA1L,ENST00000426095,ENSP00000409151,ENSP00000409151,SLYEGIDFYTSITRA,,,True,3.0,0.550853860315178,VQRLLQDYFNGRDLN,,,True,5.0,3.490225434049895,EELCADLFRGTLEPV,,,True,5.0,3.828854925940783,NP_593704.1,SLYEGIDFYTSITRA,1.0,1.0,0.1960969302038419,0.0,0.3185142252975496,0.0,0.6814857747024504,False,0.550853860315178,3.0,NP_005518,,NP_593704.1,IQKLVSDFFNGKEPC,0.8166666666666668,0.4,,,,,,False,2.755557558711591,,NP_005518,,NP_593704.1,EELCADLFRNTMEPV,0.8333333333333334,0.8666666666666667,,,,,,False,3.828854925940783,,NP_005518,
ENSG00000234258,HSPA1L,ENST00000417601,ENSP00000396486,ENSP00000396486,HSPA1L,ENST00000417601,ENSP00000396486,ENSP00000396486,SLYEGIDFYTSITRA,,,True,3.0,0.550853860315178,VQRLLQDYFNGRDLN,,,True,5.0,3.490225434049895,EELCADLFRGTLEPV,,,True,5.0,3.828854925940783,NP_593704.1,SLYEGIDFYTSITRA,1.0,1.0,0.1960969302038419,0.0,0.3185142252975496,0.0,0.6814857747024504,False,0.550853860315178,3.0,NP_005518,,NP_593704.1,IQKLVSDFFNGKEPC,0.8166666666666668,0.4,,,,,,False,2.755557558711591,,NP_005518,,NP_593704.1,EELCADLFRNTMEPV,0.8333333333333334,0.8666666666666667,,,,,,False,3.828854925940783,,NP_005518,
ENSG00000206383,HSPA1L,ENST00000383390,ENSP00000372881,ENSP00000372881,HSPA1L,ENST00000383390,ENSP00000372881,ENSP00000372881,SLYEGIDFYTSITRA,,,True,3.0,0.550853860315178,EELCADLFRGTLEPV,,,True,5.0,3.828854925940783,VQRLLQDYFNGRDLN,,,True,5.0,3.490225434049895,NP_593704.1,SLYEGIDFYTSITRA,1.0,1.0,0.1960969302038419,0.0,0.3185142252975496,0.0,0.6814857747024504,False,0.550853860315178,3.0,NP_005518,,NP_593704.1,EELCADLFRNTMEPV,0.8333333333333334,0.8666666666666667,,,,,,False,3.828854925940783,,NP_005518,,NP_593704.1,IQKLVSDFFNGKEPC,0.8166666666666668,0.4,,,,,,False,2.755557558711591,,NP_005518,
ENSG00000204390,HSPA1L,ENST00000375654,ENSP00000364805,ENSP00000364805,HSPA1L,ENST00000375654,ENSP00000364805,ENSP00000364805,SLYEGIDFYTSITRA,,,True,3.0,0.550853860315178,VQRLLQDYFNGRDLN,,,True,5.0,3.490225434049895,EELCADLFRGTLEPV,,,True,5.0,3.828854925940783,NP_593704.1,SLYEGIDFYTSITRA,1.0,1.0,0.1960969302038419,0.0,0.3185142252975496,0.0,0.6814857747024504,False,0.550853860315178,3.0,NP_005518,,NP_593704.1,IQKLVSDFFNGKEPC,0.8166666666666668,0.4,,,,,,False,2.755557558711591,,NP_005518,,NP_593704.1,EELCADLFRNTMEPV,0.8333333333333334,0.8666666666666667,,,,,,False,3.828854925940783,,NP_005518,
ENSG00000124207,CSE1L,ENST00000396192,ENSP00000379495,ENSP00000262982,CSE1L,ENST00000396192,ENSP00000379495,ENSP00000262982,DIEDTPGYQTAFSQL,,,True,4.0,-2.911448064748395,TIPDEEHFIDIEDTP,,,True,4.5,-0.3872907685904118,IRRPAEKFLESVEGN,,,True,4.5,1.53022478775958,NP_595530.1,NNLLRNGPQDAESLN,0.5674603174603174,0.2666666666666666,,,,,,False,-1.368730116928759,,NP_001307,,NP_595530.1,NQLNSQQLIDIFPTI,0.4761904761904762,0.2666666666666666,,,,,,False,1.1007840641657705,,NP_001307,,NP_595530.1,IFPTILRFLEMPSFV,0.5333333333333333,0.2666666666666666,0.3609685238289117,0.0,0.4083501762630255,0.0,0.5916498237369745,False,2.3523580926335,7.0,NP_001307,
ENSG00000091127,PUS7,ENST00000481939,ENSP00000418794,ENSP00000417402,PUS7,ENST00000481939,ENSP00000418794,ENSP00000417402,EEEESESFADMMKHG,,,True,5.0,0.1063239307994242,QDGLQNDFLSISEDV,,,True,5.0,1.409517961863536,EEEEDGLSEECEEEE,,,True,6.0,-2.474378398369776,NP_595812.1,SMDCLGKIARLLKVP,0.35,0.1333333333333333,,,,,,False,8.06218161690701,,NP_061915,XP_016867856,NP_595812.1,EFIQSLHKLSVGEIT,0.5041666666666667,0.2,,,,,,False,2.5465234012274984,,NP_061915,XP_016867856,NP_595812.1,LPVSSKLSARPIEED,0.3869047619047618,0.2666666666666666,,,,,,False,2.020632221092521,,NP_061915,XP_016867856
ENSG00000105486,LIG1,ENST00000263274,ENSP00000263274,ENSP00000263274,LIG1,ENST00000699869,ENSP00000514665,ENSP00000263274,ETEGEFVFATSLDTK,,,True,3.5,1.3249159795363494,FVETEGEFVFATSLD,,,True,4.5,0.8831754537173815,DIEQIAEFLEQSVKD,,,True,5.0,0.0451214295657896,NP_593318.2,PSTGDFTFAKHSDQK,0.4458333333333333,0.4,,,,,,False,0.3048898834366272,,NP_000225,,NP_593318.2,FQPSTGDFTFAKHSD,0.5347222222222222,0.4,,,,,,False,2.8972671438030995,,NP_000225,,NP_593318.2,SIESIEEFLEESVKD,0.9,0.7333333333333333,,,,,,False,0.2580361522107688,,NP_000225,
ENSG00000130348,QRSL1,ENST00000369046,ENSP00000358042,ENSP00000358042,QRSL1,ENST00000369046,ENSP00000358042,ENSP00000358042,ANDFVNAFNSGVDVL,,,True,5.0,5.318025729747067,RRLIANDFVNAFNSG,,,True,5.5,7.232409532096693,PIAVKDNFSTSGIET,,,True,5.5,5.280908820479104,NP_595361.1,AKYNTIAFGNCLDEK,0.4722222222222221,0.2666666666666666,,,,,,False,0.0954634465161741,,NP_060762,XP_011534226,NP_595361.1,DPRGDIDFIVTPSFF,0.375,0.1333333333333333,,,,,,False,-1.5501703273604432,,NP_060762,XP_011534226,NP_595361.1,MLAFANSFDTVGIAA,0.4583333333333333,0.3333333333333333,0.5390382392432789,0.0,0.3421097358685693,0.0,0.6578902641314306,False,7.909745797440703,6.5,NP_060762,XP_011534226
ENSG00000075785,RAB7A,ENST00000676214,ENSP00000501618,ENSP00000265062,RAB7A,ENST00000676214,ENSP00000501618,ENSP00000265062,YSKNNIPYFETSAKE,,,True,4.5,-0.5559330764670387,QETEVELYNEFPEPI,,,True,5.0,-1.5313460138607056,FQSLGVAFYRGADCC,,,True,5.5,2.4088478372279134,NP_596307.1,QARGEIPYFETSAKE,1.0,0.6666666666666666,0.4607317242214145,0.0,0.6432125650919512,0.0,0.3567874349080487,False,-0.5386588794153757,4.5,NP_004628,,NP_596307.1,GVGKTSIMNQYVNRK,0.3547619047619048,0.0666666666666666,,,,,,False,1.2827287957819555,,NP_004628,,NP_596307.1,FQSLGVAFYRGADCC,1.0,1.0,,,,,,False,2.4088478372279134,,NP_004628,
ENSG00000292339,ASMTL,ENST00000711197,ENSP00000518600,ENSP00000518600,ASMTL,ENST00000711197,ENSP00000518600,ENSP00000518600,GKKAEDLFQDAYYQS,,,True,4.5,1.069338510147146,EDLFQDAYYQSPETR,,,True,4.5,-0.9239273497443216,TAFNLSRFSSACDVG,,,True,5.0,11.009876997345158,NP_594969.2,SPRRKQLFEQMGFPN,0.4499999999999999,0.1333333333333333,,,,,,False,3.2394677436549606,,NP_004183,XP_005274840,NP_594969.2,TDEFLEAYVRCGEGS,0.4731481481481481,0.3333333333333333,,,,,,False,2.380913670229187,,NP_004183,XP_005274840,NP_594969.2,FLEAYVRCGEGSDKA,0.2962962962962963,0.1333333333333333,,,,,,False,0.6847339377418102,,NP_004183,XP_005274840
ENSG00000169093,ASMTL,ENST00000381317,ENSP00000370718,ENSP00000370718,ASMTL,ENST00000381317,ENSP00000370718,ENSP00000370718,GKKAEDLFQDAYYQS,,,True,4.5,1.069338510147146,EDLFQDAYYQSPETR,,,True,4.5,-0.9239273497443216,TAFNLSRFSSACDVG,,,True,5.0,11.009876997345158,NP_594969.2,SPRRKQLFEQMGFPN,0.4499999999999999,0.1333333333333333,,,,,,False,3.2394677436549606,,NP_004183,XP_005274491,NP_594969.2,TDEFLEAYVRCGEGS,0.4731481481481481,0.3333333333333333,,,,,,False,2.380913670229187,,NP_004183,XP_005274491,NP_594969.2,FLEAYVRCGEGSDKA,0.2962962962962963,0.1333333333333333,,,,,,False,0.6847339377418102,,NP_004183,XP_005274491
ENSG00000116120,FARSB,ENST00000281828,ENSP00000281828,ENSP00000281828,FARSB,ENST00000281828,ENSP00000281828,ENSP00000281828,HDMAAAGFTEALTFA,,,True,4.0,1.759091792016916,TVNTRNIFIECTGTD,,,True,4.5,0.1597430731956545,RTYTDEEFDELCFEF,,,True,5.0,-0.3715817241864685,NP_594442.1,DMLCLEGIAQALNVF,0.3999999999999999,0.2,,,,,,False,10.522266785782811,,NP_005678,XP_011508768,NP_594442.1,SVDTRDIFIDVTATD,0.513888888888889,0.6,0.7005754975454357,0.0,0.1985442431054926,0.0,0.8014557568945073,True,2.524035221242823,6.0,NP_005678,XP_011508768,NP_594442.1,REYTTQEFDELCFQF,1.0,0.7333333333333333,0.2723729356947412,0.0,0.1733661379858752,0.0,0.8266338620141247,True,-0.4039051665327055,5.5,NP_005678,XP_011508768
ENSG00000112335,SNX3,ENST00000349379,ENSP00000296991,ENSP00000230085,SNX3,ENST00000349379,ENSP00000296991,ENSP00000230085,AYGPPSNFLEIDVSN,,,True,6.5,0.4872149922323571,DEIIDKSYTPSKIRH,,,True,6.5,0.8472770478876848,FRGDDGIFDDNFIEE,,,True,6.5,0.8077016437917233,NP_596480.1,MYDVPENILEIDVIN,0.8333333333333334,0.6,,,,,,False,1.1411094150337115,,NP_003786,,NP_596480.1,HGIGRNMFTTYEIVC,0.3023809523809524,0.2,0.3252753616156444,0.0,0.171743059195231,0.0,0.8282569408047691,True,3.817477869499487,7.0,NP_003786,,NP_596480.1,GKIFTQRFRDDVIEE,0.3611111111111111,0.3333333333333333,,,,,,False,4.899303625870498,,NP_003786,
ENSG00000008988,RPS20,ENST00000618656,ENSP00000478703,ENSP00000009589,RPS20,ENST00000519807,ENSP00000429374,ENSP00000009589,GGGGGMAFKDTGKTP,,,True,5.5,-0.1043285589160348,IHKRLIDLHSPSEIV,,,True,8.5,9.8365470822037,EPGVEVEVTIADAGG,,,True,9.0,2.2563131058366475,NP_588436.1,VRLPTKILKITTRKT,0.2333333333333333,0.1333333333333333,,,,,,False,-0.0148782803916345,,NP_001014,,NP_588436.1,IHKRLIDLHSPSEIV,1.0,1.0,,,,,,False,9.8365470822037,,NP_001014,,NP_588436.1,STVHRIRITLTSRNV,0.3416666666666666,0.0666666666666666,,,,,,False,1.464511935149988,,NP_001014,
ENSG00000112031,MTRF1L,ENST00000414771,ENSP00000414383,ENSP00000356202,MTRF1L,ENST00000448966,ENSP00000415113,ENSP00000356202,WHFETLEYFPSELGG,,,True,5.5,-0.4182759296003775,SLKEYADYESLVEII,,,True,5.5,2.1242230217069222,LVQSLKEYADYESLV,,,True,5.5,-1.8921602955747847,NP_592987.1,TFMQGEEKFDEFLEK,0.4055555555555556,0.2,,,,,,False,0.3096787191936214,,NP_061914,,NP_592987.1,VHNAYSKFKSLSEQI,0.5833333333333334,0.3333333333333333,0.4748540179320943,0.0,0.3560864118472129,0.0,0.6439135881527871,False,3.8680424196184937,6.5,NP_061914,,NP_592987.1,LVEMYFQYANFKGWN,0.5111111111111111,0.2666666666666666,,,,,,False,2.912915318007842,,NP_061914,
ENSG00000104129,DNAJC17,ENST00000220496,ENSP00000220496,ENSP00000220496,DNAJC17,ENST00000560645,ENSP00000452716,ENSP00000220496,PGTAVVEFATVKAAE,,,True,6.0,1.996967526396996,ESEEEEESRSTRTLE,,,True,6.5,1.1491773769120834,SVLSERDYESLVMMR,,,True,6.5,3.947534207050357,NP_587857.2,FETLSSAYSAINAEK,0.3630952380952381,0.1333333333333333,,,,,,False,1.453226180899766,,NP_060633,XP_047288744,NP_587857.2,QKQKENERKATSTMN,0.5750000000000001,0.2666666666666666,,,,,,False,-0.4026725917858376,,NP_060633,XP_047288744,NP_587857.2,KDTTVEDYEEITIMR,0.625,0.3333333333333333,0.5523207613901617,0.0,0.4514549580893793,0.0,0.5485450419106207,False,3.616008840025655,5.5,NP_060633,XP_047288744
ENSG00000120697,ALG5,ENST00000680795,ENSP00000506082,ENSP00000239891,ALG5,ENST00000680488,ENSP00000505795,ENSP00000239891,ESIAQRSYFRTLLMY,topological domain,Lumenal,False,6.0,0.3599496300088022,MMDEALSYLEKRQKR,topological domain,Lumenal,False,6.0,1.5103827350170247,RHEEEKFFLNAKGQK,topological domain,Lumenal,False,6.5,0.9104324720031628,NP_596707.1,AAVVKRSFIRNFLMH,0.5833333333333334,0.3333333333333333,,,,,,False,2.1575234605046205,,NP_037470,,NP_596707.1,MLQETVDHLEKYYRS,0.5178571428571429,0.3333333333333333,,,,,,False,0.2619037818770342,,NP_037470,,NP_596707.1,ARGQYAIFADADGAS,0.4861111111111111,0.2,0.686069431906474,0.0,0.2425440260425968,0.0,0.757455973957403,True,0.1485823910472502,4.5,NP_037470,
ENSG00000123643,SLC36A1,ENST00000520701,ENSP00000428140,ENSP00000243389,SLC36A1,ENST00000520701,ENSP00000428140,ENSP00000243389,LNKSFVDYGDTVMYG,topological domain,Cytoplasmic,True,4.5,2.30445682825576,GMSPLTIFKDALISX,topological domain;transmembrane region,Cytoplasmic;Helical; Name=11,False,4.5,6.812536934547456,CRRLNKSFVDYGDTV,topological domain,Cytoplasmic,True,5.0,-3.499946535243176,NP_593551.1,VPGSFGDIGGTLYGP,0.4067460317460317,0.3333333333333333,,,,,,False,0.8264387903698935,,NP_510968,XP_047272876,NP_593551.1,FKLGGLVFSSATLLI,0.5416666666666666,0.1333333333333333,0.6653627569823705,0.0,0.3220495831817991,0.0,0.6779504168182009,False,1.44789244552308,5.0,NP_510968,XP_047272876,NP_593551.1,PNFLNRNFIEFLSVY,0.4694444444444445,0.2,0.274383285207107,0.0,0.3832386696653554,0.0,0.6167613303346445,False,1.87808043180278,6.0,NP_510968,XP_047272876
ENSG00000115947,ORC4,ENST00000392857,ENSP00000376597,ENSP00000376597,ORC4,ENST00000392857,ENSP00000376597,ENSP00000376597,RVTASHPFMTAVDLM,,,True,4.0,1.7811754926808134,QLSLPAEFPDKVFAE,,,True,5.5,1.0728299699444168,GDKVFGSFAENLSFL,,,True,5.5,0.6107149779173766,NP_595825.1,SPNSVSPLLPSSDRL,0.4345238095238095,0.1333333333333333,,,,,,False,2.207426684163228,,NP_002543,XP_047300529,NP_595825.1,LSRAAQEINEKSYVV,0.4158730158730159,0.1333333333333333,,,,,,False,5.972184567213894,,NP_002543,XP_047300529,NP_595825.1,EPNIIEGFAEGHANL,0.5416666666666666,0.2666666666666666,0.7061577805754506,0.0,0.8980142684846532,0.0,0.1019857315153468,False,0.677311607233889,5.0,NP_002543,XP_047300529
ENSG00000124217,MOCS3,ENST00000244051,ENSP00000244051,ENSP00000244051,MOCS3,ENST00000244051,ENSP00000244051,ENSP00000244051,DLLDYEAFCGSSATD,,,True,6.0,-1.3584932346202552,LAGQAKAFSAAASLR,,,True,6.0,6.7141765991319895,SAVECVPYTQALTPA,,,True,6.5,0.7434363447268921,NP_593090.1,MNPQEKIICSSNGLE,0.2916666666666667,0.1333333333333333,,,,,,False,0.4401694031688221,,NP_055299,,NP_593090.1,PNPTPVVASCAKSGI,0.4166666666666667,0.2,,,,,,False,0.8984396402752641,,NP_055299,,NP_593090.1,CVLLGRPLVSASALK,0.2916666666666667,0.1333333333333333,,,,,,False,1.3469027742594124,,NP_055299,
ENSG00000106105,GARS1,ENST00000675051,ENSP00000502296,ENSP00000373918,GARS1,ENST00000675051,ENSP00000502296,ENSP00000373918,EGDEQRTFFSFPAVV,,,True,5.0,4.840720805096614,TMAEIEHFVDPSEKD,,,True,5.0,4.3907295307043945,IETEGKTFQLTKDMI,,,True,5.5,-1.0683244645892156,NP_593935.1,PEDVNRGVLSFPASI,0.4027777777777778,0.4,,,,,,False,2.99766804746187,,NP_002038,,NP_593935.1,LMAEVEHFVDPKNKE,0.8333333333333334,0.6666666666666666,0.4496207783013496,0.0,0.1156004921148615,0.0,0.8843995078851384,True,7.562585537791547,6.0,NP_002038,,NP_593935.1,NDELGTPFGLTVDFE,0.5873015873015873,0.3333333333333333,,,,,,False,0.8646311167884797,,NP_002038,
ENSG00000153975,ZUP1,ENST00000368576,ENSP00000357565,ENSP00000357565,ZUP1,ENST00000368576,ENSP00000357565,ENSP00000357565,LSSVVDHFHSSLGDK,,,True,4.5,4.8077379583484765,LFEWILNYYSSEGEG,,,True,5.0,5.604964138988284,MESLALGFDDGKTKT,,,True,5.0,2.367156707833177,NP_593808.1,FLYVKKHFESSNDTS,0.638888888888889,0.3333333333333333,0.0765432787927276,0.0,0.4253396825731101,0.0,0.5746603174268898,False,4.639599362370322,4.5,NP_659499,,NP_593808.1,NPNWFKRNFSSGNYE,0.3611111111111111,0.2,,,,,,False,9.984378836754276,,NP_659499,,NP_593808.1,YFFTVTGIDRGWGCG,0.3777777777777777,0.2,,,,,,False,1.223449771688344,,NP_659499,
ENSG00000103274,NUBP1,ENST00000283027,ENSP00000283027,ENSP00000283027,NUBP1,ENST00000283027,ENSP00000283027,ENSP00000283027,CDKGQSFFIDAPDSP,,,True,3.5,2.191081858136018,CKKESQIFPPTTGGA,,,True,7.0,0.6200122192130498,DSPATLAYRSIIQRI,,,True,7.0,1.094200244338523,NP_594626.1,AVMSIGFLLPSEDSS,0.4345238095238095,0.2,,,,,,False,1.7460844632561998,,NP_002475,,NP_594626.1,CKGKSNIFTITTGGG,0.5083333333333333,0.6,,,,,,False,0.4209195261416788,,NP_002475,,NP_594626.1,YVCPNLAVMSIGFLL,0.3416666666666666,0.2666666666666666,,,,,,False,1.283883871374405,,NP_002475,
ENSG00000106348,IMPDH1,ENST00000419067,ENSP00000399400,ENSP00000345096,IMPDH1,ENST00000419067,ENSP00000399400,ENSP00000345096,TTEAPGEYFFSDGVR,,,True,5.0,3.0650367466507458,GLTAQQLFASADGLT,,,True,5.0,2.020610802412399,EAPGEYFFSDGVRLK,,,True,5.5,3.191317854296273,NP_595702.1,TTESPGEYYVREGQR,0.4964285714285714,0.6,,,,,,False,-0.7757320208177597,,NP_000874,,NP_595702.1,SDTKQLMVAAAIGTR,0.5666666666666667,0.3333333333333333,,,,,,False,0.6463884100000654,,NP_000874,,NP_595702.1,NASTGRYFSENDAVR,0.4297619047619048,0.2,0.3100970178646263,0.0,0.5355464325087349,0.0,0.4644535674912651,False,3.587555758423376,6.5,NP_000874,
ENSG00000173692,PSMD1,ENST00000677230,ENSP00000503068,ENSP00000309474,PSMD1,ENST00000677230,ENSP00000503068,ENSP00000309474,NVNDNSEYVETIIAK,,,True,4.5,2.639092464429308,YESASQQFLSSVIQN,,,True,5.0,3.166358463220215,VFYHLGAFEESLNYA,,,True,5.0,4.660183544284523,NP_596381.1,LHDKNSDYKETLIFK,0.6555555555555556,0.4666666666666667,0.6283560086483945,0.0,0.2819687356386951,0.0,0.7180312643613049,False,3.678642074175944,4.5,NP_002798,,NP_596381.1,EDSAPQEFLNSVMDL,0.6277777777777778,0.4666666666666667,,,,,,False,1.92112597310498,,NP_002798,,NP_596381.1,VSGIRKHFEQVINEK,0.4416666666666666,0.2666666666666666,,,,,,False,5.552689668743804,,NP_002798,
ENSG00000149196,HIKESHI,ENST00000533986,ENSP00000432699,ENSP00000278483,HIKESHI,ENST00000533986,ENSP00000432699,ENSP00000278483,GGSVYFSYPDSNGMP,,,True,5.0,3.991020573871647,EGMGGSVYFSYPDSN,,,True,5.5,-1.0626909077543727,MLDNFYNFASSFAVS,,,True,5.5,6.597171643049556,NP_595931.1,SFATSQLPPNSIGLG,0.373015873015873,0.2,,,,,,False,0.4749631104166534,,NP_057485,XP_016873404,NP_595931.1,VGMGAKVYFQWPGKP,0.5025252525252525,0.4666666666666667,,,,,,False,-0.9573825773320616,,NP_057485,XP_016873404,NP_595931.1,ILTNLYNFLASFATS,0.6666666666666666,0.6,,,,,,False,4.976300322371043,,NP_057485,XP_016873404
ENSG00000065427,KARS1,ENST00000319410,ENSP00000325448,ENSP00000325448,KARS1,ENST00000319410,ENSP00000325448,ENSP00000325448,AMFIDENFCTALEYG,,,True,3.5,-0.8736988435787854,DLTHNPEFTTCEFYM,,,True,4.0,0.1752128194215943,PEFTTCEFYMAYADY,,,True,4.0,2.1070447577424014,NP_595892.1,AQIIDENFCTALEYG,1.0,0.8666666666666667,0.6435298956001088,0.0,0.23257245474982,0.0,0.76742754525018,True,-0.8736988435787854,3.5,NP_001123561,,NP_595892.1,DLTHNPEFTSIEFYQ,0.6666666666666666,0.8,0.4799053544275803,0.0,0.111895497141476,0.0,0.888104502858524,True,1.5446213308351362,6.0,NP_001123561,,NP_595892.1,PEFTSIEFYQAYADY,0.8333333333333334,0.8,,,,,,False,1.9729956254083625,,NP_001123561,
ENSG00000196419,XRCC6,ENST00000428575,ENSP00000403679,ENSP00000353192,XRCC6,ENST00000428575,ENSP00000403679,ENSP00000353192,KPPPIKLYRETNEPV,,,True,4.5,0.6363391403200971,DEDLRVHFEESSKLE,,,True,5.0,-1.456270828238109,VKTKTRTFNTSTGGL,,,True,5.0,-0.1707303573379164,NP_588445.1,LPKYKAIQKRVGEYM,0.2833333333333333,0.1333333333333333,,,,,,False,0.5006624544295402,,NP_001460,,NP_588445.1,PIVKKARIEKSGKPI,0.5333333333333333,0.2,,,,,,False,0.4069039264189799,,NP_001460,,NP_588445.1,DEQIDETENFAIGKY,0.386111111111111,0.2,,,,,,False,-2.538139169043417,,NP_001460,
ENSG00000197170,PSMD12,ENST00000356126,ENSP00000348442,ENSP00000348442,PSMD12,ENST00000356126,ENSP00000348442,ENSP00000348442,ESPATDVFGSTEEGE,,,True,3.5,1.3728568338328482,IVKMEVDYSATVDQR,,,True,5.5,-0.7721738977456729,SVDESEAFLSNLVVN,,,True,5.5,4.012106841177505,NP_594776.1,WPKIAEIYGSALRSN,0.5297619047619048,0.1333333333333333,0.7261305783746426,0.0,0.4892013190888982,0.0,0.5107986809111018,False,3.956583192271984,6.0,NP_002807,XP_047292396,NP_594776.1,YLDVCKYYRAVYDTA,0.3952380952380952,0.2,,,,,,False,5.857672123925482,,NP_002807,XP_047292396,NP_594776.1,AEIYGSALRSNPVFA,0.6,0.2666666666666666,,,,,,False,1.9895773026702883,,NP_002807,XP_047292396
ENSG00000198755,RPL10A,ENST00000322203,ENSP00000363018,ENSP00000363018,RPL10A,ENST00000322203,ENSP00000363018,ENSP00000363018,NQRKRRKFLETVELQ,,,True,4.5,-0.2741891178393494,LAKKYDAFLASESLI,,,True,6.5,-0.8633030806403201,KSTPRPKFSVCVLGD,,,True,7.0,0.4011526197238203,NP_587891.1,SEEKKRNFTETVELQ,0.6333333333333333,0.6,0.5144253362555666,0.0,0.425325003324827,0.0,0.574674996675173,False,-1.46914119766961,4.0,NP_009035,,NP_587891.1,LAKKYDAFIASEVLI,0.6666666666666666,0.8666666666666667,,,,,,False,-0.5686824262069016,,NP_009035,,NP_596267.1,PNVPRPNMSICILGD,0.625,0.5333333333333333,,,,,,False,-0.3988449633692231,,NP_009035,
ENSG00000213930,GALT,ENST00000450095,ENSP00000401956,ENSP00000368119,GALT,ENST00000450095,ENSP00000401956,ENSP00000368119,LTKYDNLFETSFPYS,,,True,5.5,-1.4207967458234088,NGEVNPQYDSTFLFD,,,True,6.0,4.99121408903984,DNLFETSFPYSMGWH,,,True,6.0,-0.1842411808478983,NP_596856.1,TTKYDNLFNTSFPYS,0.8333333333333334,0.8666666666666667,0.4773576142298167,0.0,0.3309947169619248,0.0,0.6690052830380753,False,-1.8259458549427272,5.5,NP_000146,,NP_596856.1,TGFENPKYETTYVFP,0.5083333333333333,0.4,0.2328213043923552,0.0,0.3332350537928569,0.0,0.6667649462071432,False,2.106368271930784,6.5,NP_000146,,NP_596856.1,DNLFNTSFPYSMGLH,1.0,0.8666666666666667,,,,,,False,-0.1842411808478983,,NP_000146,
ENSG00000105379,ETFB,ENST00000354232,ENSP00000346173,ENSP00000311930,ETFB,ENST00000354232,ENSP00000346173,ENSP00000311930,LDWPQGTFASQVTLE,,,True,6.0,1.351814891723488,VKHSMNPFCEIAVEE,,,True,6.5,6.164735560835151,TGQMTAGFLDWPQGT,,,True,6.5,-5.212780792609581,NP_593913.1,LGWPQFTSASKVRIE,0.4166666666666667,0.6,,,,,,False,3.7867733208814487,,NP_001976,,NP_593913.1,QKMSINPFCDIAVEE,0.888888888888889,0.7333333333333333,0.4040408270597981,0.0,0.1662597523790051,0.0,0.8337402476209949,True,6.33831700143715,6.5,NP_001976,,NP_593913.1,TGGMLAAMLGWPQFT,0.4722222222222222,0.6,,,,,,False,-0.8554769384457375,,NP_001976,
ENSG00000109606,DHX15,ENST00000336812,ENSP00000336741,ENSP00000336741,DHX15,ENST00000336812,ENSP00000336741,ENSP00000336741,EEGDLLLFLTGQEEI,,,True,4.0,1.9745839555947604,TPEPERDYLEAAIRT,,,True,4.0,5.405301317011501,DDLVHFDFMDPPAPE,,,True,5.0,7.10147679991714,NP_595937.1,GPGDILVFLTGEEEI,0.875,0.6666666666666666,0.6309600497394575,0.0,0.2721042149939114,0.0,0.7278957850060885,False,0.6264997534850261,5.0,NP_001349,XP_047305655,NP_595937.1,TQEPERDYLEAALRT,0.9166666666666666,0.8666666666666667,0.5786420023993547,0.0,0.4759870755555395,0.0,0.5240129244444605,False,2.694590907615537,4.0,NP_001349,XP_047305655,NP_595937.1,DDLVHFDYMDPPAPE,0.9047619047619048,0.9333333333333332,0.3664268485788173,0.0,0.5815444094002417,0.0,0.4184555905997583,False,7.10147679991714,5.5,NP_001349,XP_047305655
ENSG00000172057,ORMDL3,ENST00000304046,ENSP00000304858,ENSP00000304858,ORMDL3,ENST00000581284,ENSP00000462961,ENSP00000304858,LHTVKGTPFETPDQG,topological domain,Cytoplasmic,True,6.5,1.1268380994514051,HTVKGTPFETPDQGK,topological domain,Cytoplasmic,True,7.0,3.5042899687816487,HNMGMYIFLHTVKGT,transmembrane region;topological domain,Helical;Cytoplasmic,False,7.5,4.570509186824192,NP_595290.1,FHWVTGTPFEFNGGA,0.5833333333333334,0.4666666666666667,,,,,,False,2.8328117760337834,,NP_644809,XP_047293050,NP_595290.1,HWVTGTPFEFNGGAY,0.3333333333333333,0.4666666666666667,,,,,,False,2.3274865513850425,,NP_644809,XP_047293050,NP_595290.1,LVLPIILFLMSTHYT,0.3708333333333333,0.2,,,,,,False,3.456870055595397,,NP_644809,XP_047293050
ENSG00000149100,EIF3M,ENST00000531921,ENSP00000435501,ENSP00000436049,EIF3M,ENST00000531120,ENSP00000436049,ENSP00000436049,FYQNNKDFIDSLGLL,,,True,4.0,-1.733331567190361,IHDLLTIFVSAKLAS,,,True,5.0,5.479704841903308,GGMSVPAFIDISEED,,,True,5.5,0.985585743012396,NP_592913.2,NLKYFPDWLKEAGVS,0.3984848484848484,0.1333333333333333,,,,,,False,10.413388045341096,,NP_006351,,NP_592913.2,DHRAFNIFVSKAIQS,0.7166666666666667,0.4,,,,,,False,7.454438341901387,,NP_006351,,NP_592913.2,LEPILAVFINLIQES,0.5111111111111111,0.2,,,,,,False,2.795930979060209,,NP_006351,
ENSG00000155876,RRAGA,ENST00000380527,ENSP00000369899,ENSP00000369899,RRAGA,ENST00000380527,ENSP00000369899,ENSP00000369899,LEKDMHYYQSCLEAI,,,True,4.5,1.9552995363945112,QDTFMENYFTSQRDN,,,True,5.0,2.510710821518692,EADEVLLFERATFLV,,,True,5.5,0.7326285317303589,NP_595414.1,FERDLVTFRNCLEAT,0.4111111111111111,0.4,,,,,,False,1.4293255161082423,,NP_006561,,NP_595414.1,QEAFMENYLSAQRDH,0.5833333333333334,0.6,0.6425564508837264,0.0,0.3827821379601177,0.0,0.6172178620398824,False,3.5173376658194906,5.5,NP_006561,,NP_595414.1,EAAEVILFERTTFLV,0.8333333333333334,0.8,,,,,,False,1.2237523742157177,,NP_006561,
ENSG00000173145,NOC3L,ENST00000371361,ENSP00000360412,ENSP00000360412,NOC3L,ENST00000371361,ENSP00000360412,ENSP00000360412,ETQKLREFEEGLVSQ,,,True,4.5,1.0745510686911044,PELDEPEYCNAQNTA,,,True,5.0,2.6488992385589927,IESGDLSYQESLHCV,,,True,5.0,-2.560014135279686,NP_596477.1,EVAQRWEYEQTLLKH,0.4464285714285714,0.2666666666666666,,,,,,False,1.9595424258073104,,NP_071896,XP_047281596,NP_596477.1,ENPSSLKYLSSINPE,0.4083333333333334,0.1333333333333333,0.32380878339273,0.0,0.3463369358957134,0.0,0.6536630641042865,False,4.7546052234208265,6.0,NP_071896,XP_047281596,NP_596477.1,TKKARKNYKETKKIT,0.3944444444444444,0.1333333333333333,0.7038922604199073,0.0,0.5884377908867997,0.0,0.4115622091132003,False,-0.4621354438441719,6.0,NP_071896,XP_047281596
ENSG00000130826,DKC1,ENST00000696577,ENSP00000512731,ENSP00000358563,DKC1,ENST00000696577,ENSP00000512731,ENSP00000358563,WKQEYVDYSESAKKE,,,True,5.0,1.4596984724253457,PATWKQEYVDYSESA,,,True,5.0,0.7995742430759011,PERRLGIFWVSCEAG,,,True,5.5,4.815657147150361,NP_594878.1,WSKSYIDYSDPNAEV,0.4900793650793651,0.3333333333333333,0.4559652098557434,0.0,0.4140443670523147,0.0,0.5859556329476853,False,2.614126370587812,6.0,NP_001354,,NP_594878.1,PADWSKSYIDYSDPN,0.6805555555555555,0.4666666666666667,0.4136789358393987,0.0,0.4292446199092055,0.0,0.5707553800907945,False,0.5883448480922207,5.5,NP_001354,,NP_594878.1,NERNLAVFWASCEAG,0.7916666666666666,0.6666666666666666,,,,,,False,2.081391917840267,,NP_001354,
ENSG00000145545,SRD5A1,ENST00000513117,ENSP00000421342,ENSP00000274192,SRD5A1,ENST00000274192,ENSP00000274192,ENSP00000274192,PRGGLFEYVTAANYF,,,True,4.5,12.676257332020104,YVTAANYFGEIMEWC,,,True,5.5,1.78556124819735,PSLALPLYQYASESA,,,True,6.0,2.326277771810199,NP_593351.1,PYGGLFQYVSCPNYF,0.6083333333333333,0.6666666666666666,0.3061506324034759,0.0,0.4839258793585057,0.0,0.5160741206414943,False,9.77880186749424,5.5,NP_001038,,NP_593351.1,YVSCPNYFCEWIEWF,0.5656565656565657,0.5333333333333333,0.3317920297830133,0.0,0.241713930131656,0.0,0.758286069868344,True,-4.145237379478205,5.5,NP_001038,,NP_593351.1,RIPYGGLFQYVSCPN,0.5092592592592592,0.2666666666666666,,,,,,False,0.3884067847223034,,NP_001038,
ENSG00000103091,WDR59,ENST00000262144,ENSP00000262144,ENSP00000262144,WDR59,ENST00000262144,ENSP00000262144,ENSP00000262144,ILDGVDEFIESISLL,,,True,3.0,-0.8725769657977922,SENVVVEFRDSQATA,,,True,4.0,3.273656673570982,SHSRYPSFTSSGSCS,,,True,4.5,1.6720924415223783,NP_594930.1,PKTKILEKVSSHSLA,0.525,0.2666666666666666,,,,,,False,1.811560706288795,,NP_085058,XP_005256203,NP_594930.1,QSLINTECDSSDAMN,0.4074074074074074,0.2,,,,,,False,1.1257362237844386,,NP_085058,XP_005256203,NP_594930.1,GFQKDNSDSSSESSA,0.625,0.2666666666666666,,,,,,False,-1.4664764905337957,,NP_085058,XP_005256203
ENSG00000280495,TRAPPC4,ENST00000627703,ENSP00000486853,ENSP00000487467,TRAPPC4,ENST00000627703,ENSP00000486853,ENSP00000487467,DFALKNPFYSLEMPI,,,True,6.0,4.079905249863844,KLMLASMFHSLFAIG,,,True,6.5,7.654558361702604,RAEAEKTFSYPLDLL,,,True,7.0,2.7774088790421576,NP_596670.1,DYVLKNPFYTLEMPI,0.8666666666666667,0.8,0.4833827106747911,0.0,0.1589222905033437,0.0,0.8410777094966563,True,3.247225060996568,6.0,NP_057230,,NP_596670.1,ARLQLQKFYELYSDY,0.3892857142857143,0.1333333333333333,0.469706563763672,0.0,0.3573685605322587,0.0,0.6426314394677414,False,3.1172667671870946,5.5,NP_057230,,NP_596670.1,LKNPFYTLEMPIKCQ,0.2666666666666666,0.1333333333333333,,,,,,False,3.8800011707537294,,NP_057230,
ENSG00000196655,TRAPPC4,ENST00000528230,ENSP00000436827,ENSP00000436005,TRAPPC4,ENST00000528230,ENSP00000436827,ENSP00000436005,DFALKNPFYSLEMPI,,,True,6.0,4.079905249863844,KLMLASMFHSLFAIG,,,True,6.5,7.654558361702604,RAEAEKTFSYPLDLL,,,True,7.0,2.7774088790421576,NP_596670.1,DYVLKNPFYTLEMPI,0.8666666666666667,0.8,0.4833827106747911,0.0,0.1589222905033437,0.0,0.8410777094966563,True,3.247225060996568,6.0,NP_057230,XP_047283070,NP_596670.1,ARLQLQKFYELYSDY,0.3892857142857143,0.1333333333333333,0.469706563763672,0.0,0.3573685605322587,0.0,0.6426314394677414,False,3.1172667671870946,5.5,NP_057230,XP_047283070,NP_596670.1,LKNPFYTLEMPIKCQ,0.2666666666666666,0.1333333333333333,,,,,,False,3.8800011707537294,,NP_057230,XP_047283070
ENSG00000108963,DPH1,ENST00000674200,ENSP00000501368,ENSP00000263083,DPH1,ENST00000674200,ENSP00000501368,ENSP00000263083,QQPYPMDFYAGSSLG,,,True,5.0,-0.5767286633811003,IVDILERFTEAEVMV,,,True,5.0,2.667834516656386,ALVSTIQFVSTLQAA,,,True,5.5,3.1901963233209747,NP_596409.1,KEVYPMDFYATNSLG,0.7666666666666666,0.6666666666666666,,,,,,False,-0.7621942906464705,,NP_001374,,NP_596409.1,IYIGDGRFHLESVMI,0.3,0.3333333333333333,,,,,,False,0.3023380585398478,,NP_001374,,NP_596409.1,ALVGTIQFVGSLNSI,0.5416666666666666,0.6,,,,,,False,4.783425639240862,,NP_001374,
ENSG00000111481,COPZ1,ENST00000549043,ENSP00000449270,ENSP00000449270,COPZ1,ENST00000549043,ENSP00000449270,ENSP00000449270,LEGLTVVYKSSIDLY,,,True,5.0,0.1476963919096789,DRLFAKYYDDTYPSV,,,True,5.5,4.109774837499709,GFRTEGMFVSLQEPS,,,True,6.0,3.600189081729376,NP_588434.1,KEGEGGVFNSVKEEK,0.3999999999999999,0.2666666666666666,0.4457267810117521,0.0,0.058017301154336,0.0,0.941982698845664,True,1.5639033936480708,6.0,NP_001258665,,NP_588434.1,YDQLVIVVDETIDDG,0.2888888888888888,0.1333333333333333,,,,,,False,-0.9785639099463488,,NP_001258665,,NP_588434.1,KEGEGGVFNSVKEEK,0.5,0.2666666666666666,0.4457267810117521,0.0,0.058017301154336,0.0,0.941982698845664,True,1.5639033936480708,6.0,NP_001258665,
ENSG00000083642,PDS5B,ENST00000315596,ENSP00000313851,ENSP00000313851,PDS5B,ENST00000315596,ENSP00000313851,ENSP00000313851,SFTHPISFHSAETFE,,,True,3.5,1.5228448616034622,NIAWVKSYNICFELE,,,True,5.5,3.96640767862833,DHSENEDYTMSSPLP,,,True,5.5,-0.9048298418014228,NP_593535.1,IRTPVSSFAKQTTNK,0.3833333333333333,0.2666666666666666,,,,,,False,2.132685500665151,,NP_055847,XP_016875937,NP_593535.1,MQRIKQSYDVIEDGN,0.5,0.1333333333333333,,,,,,False,0.0758682251847966,,NP_055847,XP_016875937,NP_593535.1,FFQKTHDFTMEYVAT,0.5,0.2,,,,,,False,0.0963888445963333,,NP_055847,XP_016875937
ENSG00000115524,SF3B1,ENST00000335508,ENSP00000335321,ENSP00000335321,SF3B1,ENST00000335508,ENSP00000335321,ENSP00000335321,LEDDDDDYSSSTSLL,,,True,3.0,-1.5802459891457046,IADRGAEYVSAREWM,,,True,3.5,4.247404178231561,DEELDAMFPEGYKVL,,,True,4.5,3.360995416160806,NP_594538.2,IPLMEPEYASHFTRR,0.4541666666666666,0.1333333333333333,0.3391278820873858,0.0,0.3025948592635804,0.0,0.6974051407364196,False,1.1930379255426815,6.0,NP_036565,XP_047299795,NP_594538.2,IADRGSEYVSAREWM,1.0,0.9333333333333332,0.7545275876656493,0.0,0.4135569147040356,0.0,0.5864430852959645,False,5.774596612082092,3.5,NP_036565,XP_047299795,NP_594538.2,AYLVQGLFHPSRKVR,0.3511904761904762,0.2,,,,,,False,5.24914316101843,,NP_036565,XP_047299795
ENSG00000101856,PGRMC1,ENST00000217971,ENSP00000217971,ENSP00000217971,PGRMC1,ENST00000217971,ENSP00000217971,ENSP00000217971,KEALKDEYDDLSDLT,topological domain,Cytoplasmic,True,5.0,0.3154785992842923,PRLKRRDFTPAELRR,topological domain,Cytoplasmic,True,5.5,-0.1648373236931137,MAINGKVFDVTKGRK,topological domain,Cytoplasmic,True,7.0,0.2846166251594885,NP_594461.1,PDSDAEELDDCSDLN,0.6064814814814815,0.4,,,,,,False,1.5304838853988545,,NP_006658,,NP_594461.1,KQPEWRDYTPAELKE,0.9047619047619048,0.4666666666666667,,,,,,False,-0.199092693071371,,NP_006658,,NP_594461.1,LAIKGTVYNVTMGSK,0.7658730158730158,0.5333333333333333,,,,,,False,0.557210771002257,,NP_006658,
ENSG00000159423,ALDH4A1,ENST00000290597,ENSP00000290597,ENSP00000364490,ALDH4A1,ENST00000290597,ENSP00000290597,ENSP00000364490,PAEDFGTFFSAVIDA,,,True,3.0,3.565304685319352,VPADGPLFGDTVTSS,,,True,4.5,-0.8245035894024385,VGDPAEDFGTFFSAV,,,True,5.0,2.6189454184391168,NP_595958.1,GKNFHLVHSSAEIKS,0.3958333333333333,0.2,,,,,,False,4.94028327407468,,NP_003739,,NP_595958.1,DIFVNELFGPVLSVY,0.5178571428571429,0.2,,,,,,False,6.243170975231532,,NP_003739,,NP_595958.1,VGAPLTDFANFVGPV,0.5,0.4666666666666667,,,,,,False,3.67755506682272,,NP_003739,
ENSG00000292215,TIMM17B,ENST00000710084,ENSP00000518046,ENSP00000518048,TIMM17B,ENST00000710084,ENSP00000518046,ENSP00000518048,VFQAIKGFRNAPVCR,,,True,6.5,-1.310409506025619,LLSEAPLFIYSCSRS,,,True,6.5,2.400579635073767,GXYTAQQFRNAPPFL,,,True,6.5,5.827693505509455,NP_593342.1,IWHSIKGWRNSPPGE,0.5091991341991342,0.4,,,,,,False,3.0316838584340187,,NP_001161419,,NP_593342.1,IGCACILAVFEGLGI,0.2083333333333333,0.0666666666666666,,,,,,False,0.801728366956136,,NP_001161419,,NP_593342.1,IWHSIKGWRNSPPGE,0.5012626262626263,0.2666666666666666,,,,,,False,3.0316838584340187,,NP_001161419,
ENSG00000126768,TIMM17B,ENST00000696124,ENSP00000512417,ENSP00000379999,TIMM17B,ENST00000696124,ENSP00000512417,ENSP00000379999,VFQAIKGFRNAPVCR,transmembrane region,Helical,False,6.5,-1.310409506025619,LLSEAPLFIYSCSRS,,,True,6.5,2.400579635073767,GXYTAQQFRNAPPFL,,,True,6.5,5.827693505509455,NP_593342.1,IWHSIKGWRNSPPGE,0.5091991341991342,0.4,,,,,,False,3.0316838584340187,,NP_001161419,,NP_593342.1,IGCACILAVFEGLGI,0.2083333333333333,0.0666666666666666,,,,,,False,0.801728366956136,,NP_001161419,,NP_593342.1,IWHSIKGWRNSPPGE,0.5012626262626263,0.2666666666666666,,,,,,False,3.0316838584340187,,NP_001161419,
ENSG00000181873,IBA57,ENST00000366711,ENSP00000355672,ENSP00000355672,IBA57,ENST00000366711,ENSP00000355672,ENSP00000355672,PLESNLAFMNGVSFT,,,True,7.0,0.4955645344142082,AFMNGVSFTKGCYIG,,,True,7.0,0.6308884498663461,LAASVPDWWPTVSKG,,,True,7.0,2.902988579825017,NP_594504.1,EGVDAVKFLQGLTTN,0.4166666666666667,0.1333333333333333,,,,,,False,2.652533985893299,,NP_001010867,,NP_594504.1,DWMKGIDFHKGCYLG,0.625,0.5333333333333333,,,,,,False,1.680427647840859,,NP_001010867,,NP_594504.1,PLESNMDWMKGIDFH,0.2111111111111111,0.2,,,,,,False,3.39890312277361,,NP_001010867,
ENSG00000204021,LIPK,ENST00000404190,ENSP00000383900,ENSP00000383900,LIPK,ENST00000404190,ENSP00000383900,ENSP00000383900,PHYNHVDFYLGEDAP,,,True,4.5,0.3352498277576535,TTIAFIAFSTNPELA,,,True,6.0,-0.2307854356933557,LPNNSLAFLLADSGY,,,True,6.0,-0.2272798240521826,NP_596777.1,AHYEHLDFLWGQDVK,0.5946969696969697,0.4666666666666667,,,,,,False,3.614638161186429,,NP_001073987,XP_011538377,NP_596777.1,TAQAMAALSINPDLN,0.513888888888889,0.4666666666666667,,,,,,False,1.1644572765445358,,NP_001073987,XP_011538377,NP_596777.1,QKLCGYAHLYSFSSV,0.4970238095238095,0.2,,,,,,False,1.955718167498935,,NP_001073987,XP_011538377
ENSG00000137944,KYAT3,ENST00000370491,ENSP00000359522,ENSP00000260508,KYAT3,ENST00000370491,ENSP00000359522,ENSP00000260508,EVILIVPFYDCYEPM,,,True,2.5,2.013950258404084,SSSKILGFSTSAKMS,,,True,6.0,4.36065586658199,RMDDPECYFNSLPKE,,,True,6.0,-0.8538005725337041,NP_593759.1,EVIVMEPFFDQYISN,0.3583333333333333,0.4666666666666667,0.4495374657117955,0.0,0.5521834937145607,0.0,0.4478165062854393,False,8.66065578290407,5.0,NP_001008661,,NP_593759.1,KHNYYEEYKSSYKKR,0.3797619047619047,0.1333333333333333,0.4885606353208941,0.0,0.4559528392396869,0.0,0.5440471607603131,False,1.8747576655211755,5.5,NP_001008661,,NP_593759.1,PVSLSQGFFNYNPPK,0.4523809523809524,0.2,,,,,,False,-3.718748969417825,,NP_001008661,
ENSG00000159210,SNF8,ENST00000502492,ENSP00000421380,ENSP00000421380,SNF8,ENST00000502492,ENSP00000421380,ENSP00000421380,MLGVGDFYYELGVQI,,,True,6.0,2.623005478499384,MSKQLDMFKTNLEEF,,,True,6.0,4.24286371409755,HYWLPALFTDLYSQE,,,True,6.0,0.333463137774146,NP_595503.1,AVGMNEFYYQVAVRV,0.775,0.3333333333333333,,,,,,False,5.309685078065053,,NP_009172,,NP_595503.1,VRVIEVCYATQMENG,0.3445767195767195,0.1333333333333333,0.4395166325720523,0.0,0.3173874006050726,0.0,0.6826125993949274,False,0.784650310260611,6.5,NP_009172,,NP_595503.1,RSRCIQVLNDLVSKS,0.5416666666666666,0.2,,,,,,False,1.9990938335249968,,NP_009172,
ENSG00000108883,EFTUD2,ENST00000590124,ENSP00000467249,ENSP00000467805,EFTUD2,ENST00000426333,ENSP00000392094,ENSP00000467805,ISDGVVLFIDAAEGV,,,True,3.5,4.473215458311074,LHHGKTCFVDCLIEQ,,,True,4.5,4.010625749467417,VADPVVTFCETVVET,,,True,4.5,-0.0970926728321428,NP_596689.2,ISDGVVLVVDVIEGV,0.5833333333333334,0.7333333333333333,,,,,,False,1.6469560388938644,,NP_001245282,,NP_596689.2,PELGNVCFASCDLGY,0.5833333333333334,0.2666666666666666,0.3486687525614607,0.0,0.1051425477310805,0.0,0.8948574522689194,True,0.8287171857580778,5.0,NP_001245282,,NP_596689.2,VSDPVARFCETAVDT,0.7999999999999999,0.6666666666666666,0.4736658258835653,0.0,0.1658275684020237,0.0,0.8341724315979764,True,4.714024058755466,6.0,NP_001245282,
ENSG00000138071,ACTR2,ENST00000260641,ENSP00000260641,ENSP00000367220,ACTR2,ENST00000471552,ENSP00000490923,ENSP00000367220,IIKVGGERFEAPEAL,,,True,5.5,1.519067660952818,AFNHSADFETVRMIK,,,True,6.0,4.567732763950234,LLLRGYAFNHSADFE,,,True,6.0,8.095493882336063,XP_001713111.1,VIKVGSERYECPECL,0.7380952380952381,0.6666666666666666,,,,,,False,0.8371993073604109,,NP_001005386,,XP_001713111.1,AFNRTADFETVREMK,0.7666666666666666,0.7333333333333333,0.4597258722019012,0.0,0.4872932533452348,0.0,0.5127067466547651,False,4.654572590180578,5.0,NP_001005386,,XP_001713111.1,LLRKGYAFNRTADFE,0.7000000000000001,0.7333333333333333,,,,,,False,6.210792076427545,,NP_001005386,
ENSG00000076944,STXBP2,ENST00000595950,ENSP00000471161,ENSP00000413606,STXBP2,ENST00000221283,ENSP00000221283,ENSP00000413606,YKAAHIFFTDTCPEP,,,True,5.0,1.7366766835939595,VTELLRTFCESKRLT,,,True,5.0,1.1573920299372311,VQALIKDFQGTPTFT,,,True,5.5,0.4537405751715733,NP_588226.1,DPELFPYVRNTTPQT,0.3575396825396825,0.1333333333333333,,,,,,False,-0.5993911888415935,,NP_001258963,,NP_588226.1,DIYIGSTVCYSPNEW,0.4107142857142857,0.2,,,,,,False,4.2939145170468365,,NP_001258963,,NP_588226.1,MLAGLSDFQELRDQY,0.3638888888888889,0.2666666666666666,0.3094792219726608,0.0,0.333047517574189,0.0,0.666952482425811,False,2.513070966808751,4.5,NP_001258963,
ENSG00000065559,MAP2K4,ENST00000415385,ENSP00000410402,ENSP00000410402,MAP2K4,ENST00000415385,ENSP00000410402,ENSP00000410402,SNSEEREFSPSFINF,,,True,5.5,2.338734430462922,DCPYIVQFYGALFRE,,,True,5.5,2.6722146164902627,VQFYGALFREGDCWI,,,True,5.5,-0.9499906579454148,NP_595457.1,NSNPTSPVSPSSMAS,0.4678571428571429,0.2,,,,,,False,4.0935232413229095,,NP_001268364,XP_011522278,NP_595457.1,VSPYIVDFYGAFFVE,0.8333333333333334,0.6666666666666666,,,,,,False,5.044369130715736,,NP_001268364,XP_011522278,NP_595457.1,VDFYGAFFVEGSVFI,0.3333333333333333,0.6,0.3118020730745956,0.0,0.2801191912641595,0.0,0.7198808087358406,False,0.0430220243030047,5.5,NP_001268364,XP_011522278
ENSG00000120265,PCMT1,ENST00000484601,ENSP00000417448,ENSP00000420813,PCMT1,ENST00000484601,ENSP00000417448,ENSP00000420813,HYAKCNPYMDSPQSI,,,True,5.5,0.447685077414645,DSPQSIGFQATISAP,,,True,6.0,-1.5284162261607497,LATDRSHYAKCNPYM,,,True,7.0,0.4811031723231454,NP_595011.1,FYCPLSPYMDSPQSI,1.0,0.6666666666666666,0.5622462333743969,0.0,0.226473869309971,0.0,0.773526130690029,True,4.219094158350621,5.5,NP_005380,,NP_595011.1,DSPQSIGYGVTISAP,0.5158730158730159,0.8,,,,,,False,-0.759565784531903,,NP_005380,,NP_595011.1,NATSRSFYCPLSPYM,0.2400793650793651,0.5333333333333333,,,,,,False,2.350365274003583,,NP_005380,
ENSG00000291931,RPS2,ENST00000709238,ENSP00000517575,ENSP00000517575,RPS2,ENST00000709249,ENSP00000517581,ENSP00000517575,MAGIDDCYTSARGCT,,,True,5.0,0.2583237417290858,KESEIIDFFLGASLK,,,True,5.0,5.232680036796711,ESEIIDFFLGASLKD,,,True,5.5,2.7104608253888696,NP_588435.1,LAGIEDCYTQSRGST,0.7083333333333334,0.6666666666666666,,,,,,False,0.1228451797842597,,NP_002943,,NP_588435.1,KEYQIVDYFLPRLND,0.4404761904761905,0.4,,,,,,False,4.152010312071964,,NP_002943,,NP_588435.1,GNFVKAAFAAASLTY,0.375,0.2666666666666666,,,,,,False,2.4861188157184526,,NP_002943,
ENSG00000140988,RPS2,ENST00000343262,ENSP00000341885,ENSP00000341885,RPS2,ENST00000529806,ENSP00000433170,ENSP00000341885,MAGIDDCYTSARGCT,,,True,5.0,0.2583237417290858,KESEIIDFFLGASLK,,,True,5.0,5.232680036796711,ESEIIDFFLGASLKD,,,True,5.5,2.7104608253888696,NP_588435.1,LAGIEDCYTQSRGST,0.7083333333333334,0.6666666666666666,,,,,,False,0.1228451797842597,,NP_002943,,NP_588435.1,KEYQIVDYFLPRLND,0.4404761904761905,0.4,,,,,,False,4.152010312071964,,NP_002943,,NP_588435.1,GNFVKAAFAAASLTY,0.375,0.2666666666666666,,,,,,False,2.4861188157184526,,NP_002943,
ENSG00000204628,RACK1,ENST00000512805,ENSP00000426909,ENSP00000426909,RACK1,ENST00000513027,ENSP00000421356,ENSP00000426909,QDESHSEWVSCVRFS,,,True,5.5,4.697123425631491,VISSDGQFALSGSWD,,,True,6.0,-0.9533977588730757,QIATTPQFPDMILSA,,,True,6.5,3.1788818211039103,NP_593770.1,TDGGHSDWVSCVRFS,0.8888888888888888,0.7333333333333333,,,,,,False,4.492186206131156,,NP_006089,,NP_593770.1,ALSFDSHYALSASWD,0.7380952380952381,0.5333333333333333,,,,,,False,4.895113936490575,,NP_006089,,NP_593770.1,SLSTAPENPDILLSG,0.525,0.4,,,,,,False,5.477291505791525,,NP_006089,
ENSG00000100697,DICER1,ENST00000675995,ENSP00000502591,ENSP00000437256,DICER1,ENST00000529720,ENSP00000433926,ENSP00000437256,TTYLFCTYPDAHEGR,,,True,3.5,0.5020355118197258,RELPDGTFYSTLYLP,,,True,4.0,1.70402582849214,EADYEDDFLEYDQEH,,,True,4.0,-4.411245572983796,NP_588215.2,RCFVSLLYTDANEGD,0.5916666666666667,0.3333333333333333,0.7088190333221117,0.0,0.3886984677893307,0.0,0.6113015322106692,False,2.72422963840194,4.0,NP_085124,,NP_588215.2,ATSGELTDYKSFYVC,0.4583333333333333,0.2,,,,,,False,3.041013997930702,,NP_085124,,NP_588215.2,VWLYLVDFVETKRLK,0.5083333333333334,0.2666666666666666,0.3344141012929088,0.0,0.5123931179331792,0.0,0.4876068820668208,False,2.5005247298984217,4.5,NP_085124,
ENSG00000140829,DHX38,ENST00000268482,ENSP00000268482,ENSP00000268482,DHX38,ENST00000268482,ENSP00000268482,ENSP00000268482,SKTPQEDYVEAAVKQ,,,True,4.0,2.982163981269544,KVSSYKDWEESKDDQ,,,True,5.0,0.2632088385226367,ERREHGVYASSKEEK,,,True,5.0,0.340015843007702,NP_595890.2,AKAPCSDYVEAAVRQ,1.0,0.6666666666666666,0.4056933609970987,0.0,0.3684944139277158,0.0,0.6315055860722841,False,5.534649476758147,4.0,NP_054722,XP_047290942,NP_595890.2,LIDKLTDYMSSKDAA,0.4809523809523809,0.2666666666666666,0.4428075663595749,0.0,0.3202804780900382,0.0,0.6797195219099618,False,4.67689241197778,4.0,NP_054722,XP_047290942,NP_595890.2,LAEFGGVYYSVKERF,0.5357142857142857,0.4,0.7053607245163065,0.0,0.2835192531274533,0.0,0.7164807468725467,False,2.407918075786185,5.5,NP_054722,XP_047290942
ENSG00000173085,COQ2,ENST00000503391,ENSP00000426242,ENSP00000310873,COQ2,ENST00000503915,ENSP00000427146,ENSP00000310873,PGWRGRSFALARAAG,,,True,6.0,3.2063529644492403,DWYMLSLFGTGAILM,transmembrane region,Helical,False,6.0,12.169612890055111,LAAEPGCFPDWYMLS,topological domain;transmembrane region,Mitochondrial intermembrane;Helical,False,6.5,0.8361266958920992,NP_593219.2,ALFGVGSFLMRSAGC,0.4916666666666667,0.2,,,,,,False,1.480654975821165,,NP_056512,,NP_593219.2,VTKMLALFGVGSFLM,0.6666666666666666,0.5333333333333333,,,,,,False,3.02666358474657,,NP_056512,,NP_593219.2,LDDPKDCFRWFKRNS,0.2005050505050505,0.2666666666666666,,,,,,False,1.5454608250604052,,NP_056512,
ENSG00000084073,ZMPSTE24,ENST00000675937,ENSP00000502683,ENSP00000361845,ZMPSTE24,ENST00000675937,ENSP00000502683,ENSP00000361845,KNKRIVLFDTLLEEY,topological domain,Nuclear,False,6.0,4.729566631758779,VMAKSIDFPLTKVYV,topological domain,Nuclear,False,6.0,-0.2860653074008345,QIMDSETFEKSRLYQ,topological domain,Nuclear,False,6.0,-2.5266775203664618,NP_593547.1,WNKGIVLFDTLVKNH,0.8666666666666667,0.6,0.4650697462823638,0.0,0.3947998205043302,0.0,0.6052001794956697,False,2.1607754008756856,7.5,NP_005848,XP_047283538,NP_593547.1,ELAASINFPLKKLYV,0.5361111111111111,0.6,,,,,,False,0.5415075694688827,,NP_005848,XP_047283538,NP_593547.1,VIEEKYGFNKSTLKI,0.6111111111111112,0.3333333333333333,,,,,,False,0.3805580871550686,,NP_005848,XP_047283538
ENSG00000164933,SLC25A32,ENST00000707124,ENSP00000516752,ENSP00000297578,SLC25A32,ENST00000707124,ENSP00000516752,ENSP00000297578,RLQDQHMFYSGVIDV,,,True,5.0,4.65065906131267,KGFVPGLFGTSHGAL,transmembrane region,Helical; Name=4,False,5.5,2.062811319775145,SWGLYFFFYNAIKSY,transmembrane region,Helical; Name=2,False,6.0,3.654424956119169,NP_595541.1,RLQGILGFYKGFLPH,0.5,0.4,,,,,,False,0.7574915134207689,,NP_110407,,NP_595541.1,AGFAPSLLGVSQGAL,0.6666666666666666,0.6,,,,,,False,0.5705581320210287,,NP_110407,,NP_595541.1,YTNPFFGFYDLIKNE,0.4027777777777778,0.3333333333333333,0.3794075845160822,0.0,0.4134113467274242,0.0,0.5865886532725758,False,2.8861076483775827,6.0,NP_110407,
ENSG00000149089,APIP,ENST00000532428,ENSP00000474191,ENSP00000379133,APIP,ENST00000532428,ENSP00000474191,ENSP00000379133,MAHAMNEYPDSCAVL,,,True,4.5,5.970191676518931,CECYDYLFDIAVSMK,,,True,5.5,0.6507748985404376,RRHGVYVWGETWEKA,,,True,6.0,3.8658654226647977,NP_593625.2,LQEAINLYPDTCAVI,0.5750000000000001,0.5333333333333333,0.623941605737042,0.0,0.8695400937491313,0.0,0.1304599062508687,False,5.400092266917611,5.5,NP_057041,XP_011518456,NP_593625.2,TIRSGDAIVIAPSGV,0.3333333333333333,0.2,,,,,,False,-0.5711739562404321,,NP_057041,XP_011518456,NP_593625.2,RDHGIYCWGDTWQDT,0.6037037037037037,0.5333333333333333,,,,,,False,6.754811708345704,,NP_057041,XP_011518456
ENSG00000088833,NSFL1C,ENST00000353088,ENSP00000338643,ENSP00000418529,NSFL1C,ENST00000353088,ENSP00000338643,ENSP00000418529,NELVDDLFKGAKEHG,,,True,4.5,1.9060865684120247,QIALASFYEDGGDED,,,True,5.0,5.800449788107208,EEDRARFFLESAGWD,,,True,5.0,8.325358566493923,NP_593429.1,AEEKSHLFTGGEKSG,0.5,0.3333333333333333,,,,,,False,0.2265126550681863,,NP_001193665,XP_047296260,NP_593429.1,LRRTLYFWRNGFSVD,0.3914141414141414,0.2,,,,,,False,12.7821767669831,,NP_001193665,XP_047296260,NP_593429.1,DVSQGRFFLESTNWN,0.8333333333333334,0.4666666666666667,0.3688334744766757,0.0,0.4734276800043679,0.0,0.526572319995632,False,2.890507696098899,5.0,NP_001193665,XP_047296260
ENSG00000186468,RPS23,ENST00000510210,ENSP00000427043,ENSP00000296674,RPS23,ENST00000510210,ENSP00000427043,ENSP00000296674,TALKANPFGGASHAK,,,True,7.0,6.226860988950947,QKWHDKQYKKAHLGT,,,True,7.0,1.535583611404861,PNDGCLNFIEENDEV,,,True,7.5,-1.1216803386536305,NP_593633.1,TAYKSSPFGGSSHAK,0.875,0.7333333333333333,,,,,,False,3.903415802463976,,NP_001016,,NP_593633.1,ERWADAHYKKRLLGT,0.6333333333333333,0.5333333333333333,,,,,,False,0.699294920722363,,NP_001016,,NP_593633.1,PHDGCLNFVDENDEV,0.8472222222222223,0.8,,,,,,False,0.7862440925294957,,NP_001016,
ENSG00000156515,HK1,ENST00000436817,ENSP00000415949,ENSP00000352398,HK1,ENST00000436817,ENSP00000415949,ENSP00000352398,HVCTIVSFRSANLVA,,,True,4.5,8.012413717394036,IEETLAHFHLTKDML,,,True,5.0,5.02279902059599,KNGLSRDFNPTATVK,,,True,5.5,6.955993067983792,NP_592948.1,RACELIGTRSARLSA,0.6,0.4,,,,,,False,4.96263912969248,,NP_000179,,NP_592948.1,EVQGNGKFDITQSKY,0.3555555555555555,0.1333333333333333,,,,,,False,-0.8225739264814973,,NP_000179,,NP_592948.1,EVDPFENLDETQTLF,0.3555555555555555,0.1333333333333333,,,,,,False,-1.3727533947944672,,NP_000179,
ENSG00000110955,ATP5F1B,ENST00000262030,ENSP00000262030,ENSP00000262030,ATP5F1B,ENST00000262030,ENSP00000262030,ENSP00000262030,TREGNDLYHEMIESG,,,True,5.5,-0.6080034433956122,GAVVDVQFDEGLPPI,,,True,5.5,1.981847967915476,VQKILQDYKSLQDII,,,True,5.5,4.4269259488782975,NP_593151.1,TREGNDLYREMQETG,0.8333333333333334,0.8,0.7188956253349088,0.0,0.4780942707462909,0.0,0.5219057292537091,False,-0.518016659722853,6.0,NP_001677,,NP_593151.1,GAVVDCQFEDADSLP,0.4138888888888889,0.4666666666666667,0.6412769968793236,0.0,0.1994661120129374,0.0,0.8005338879870626,True,3.2176788852175564,4.0,NP_001677,,NP_593151.1,VQQMLQEYKSLQDII,0.9,0.8,0.6593924328295622,0.0,0.4814719833229992,0.0,0.5185280166770008,False,3.411178655146484,5.5,NP_001677,
ENSG00000135473,PAN2,ENST00000610546,ENSP00000481859,ENSP00000257931,PAN2,ENST00000610546,ENSP00000481859,ENSP00000257931,GIPFIDDYISTQEQV,,,True,4.0,2.2346564138063494,YRGAGGSFCSSGDSV,,,True,4.0,0.5120926909947009,NHLCQKEFCLACELG,,,True,4.5,1.1241505656330584,NP_593053.2,GLPFIDDYVATDDKV,0.7222222222222222,0.6,,,,,,False,2.563747959023305,,NP_001159751,,NP_593053.2,RAFSNSSFAQSLGIV,0.4722222222222222,0.2666666666666666,,,,,,False,1.1200945808773566,,NP_001159751,,NP_593053.2,LPPGWCEYCLAHQPF,0.8047619047619049,0.2666666666666666,,,,,,False,0.0310488464437399,,NP_001159751,
ENSG00000156017,CARNMT1,ENST00000376834,ENSP00000366030,ENSP00000366030,CARNMT1,ENST00000376834,ENSP00000366030,ENSP00000366030,AGDFQEIYSECNTWD,,,True,4.0,-1.8509252424818896,DLSMMKYYYECVLFV,,,True,4.0,2.0584428129766748,TAHNVIDYIDTIWKI,,,True,4.5,2.293131850491938,NP_596290.1,CIEQNSVLAEAIANA,0.2916666666666667,0.0666666666666666,,,,,,False,0.7786288625947735,,NP_689633,,NP_596290.1,EWIYHPHYWVCRLQK,0.4886363636363636,0.2,,,,,,False,0.0680935924600845,,NP_689633,,NP_596290.1,TTKNILDYLDTIKNC,0.65,0.4666666666666667,0.5054018934318918,0.0,0.680918122983096,0.0,0.319081877016904,False,1.82919082781076,5.0,NP_689633,
ENSG00000162231,NXF1,ENST00000530875,ENSP00000435742,ENSP00000294172,NXF1,ENST00000530875,ENSP00000435742,ENSP00000294172,RSSLAEYFKDSRNVK,,,True,5.0,9.84873473363307,TFRDQSTYISAIRER,,,True,5.5,1.628930667838899,GNSLCDTFRDQSTYI,,,True,5.5,0.3781657315206801,NP_595996.1,KIVVHGQFEEPQNKR,0.3761904761904762,0.1333333333333333,0.3576574009923186,0.0,0.3510834329960456,0.0,0.6489165670039543,False,8.530734766763413,6.5,NP_006353,XP_047282201,NP_595996.1,CEQNNWDYNSALASF,0.3472222222222222,0.2,0.3872702987749871,0.0,0.5086894437727189,0.0,0.4913105562272812,False,1.6736436234417549,4.5,NP_006353,XP_047282201,NP_595996.1,NASNVRTNFSQKTDT,0.3333333333333333,0.2666666666666666,,,,,,False,2.231290716504947,,NP_006353,XP_047282201
ENSG00000006744,ELAC2,ENST00000338034,ENSP00000337445,ENSP00000337445,ELAC2,ENST00000338034,ENSP00000337445,ENSP00000337445,RTCDLEEFQTCLVRH,,,True,4.0,1.1406540074788398,GPPQLEKYLEAIKIF,,,True,6.0,2.504487515274897,FDHMKVCFGDFPTMP,,,True,6.0,0.5596008057556816,NP_593023.1,PSFAGSDIQICTLGT,0.3888888888888888,0.1333333333333333,,,,,,False,0.1180014503808949,,NP_060597,,NP_593023.1,LVIENHKWTNAPKPV,0.496969696969697,0.2,,,,,,False,3.004592235576551,,NP_060597,,NP_593023.1,SSRLSSLFKEFDLVS,0.25,0.1333333333333333,0.6299859076585198,0.0,0.4468386457879501,0.0,0.5531613542120498,False,3.976859562716805,6.5,NP_060597,
ENSG00000146701,MDH2,ENST00000443006,ENSP00000416929,ENSP00000327070,MDH2,ENST00000443006,ENSP00000416929,ENSP00000327070,SQETECTYFSTPLLL,,,True,3.5,2.856979041215874,EGVVECSFVKSQETE,,,True,5.0,1.9188622010421983,SAALRRSFSTSAQNN,,,True,5.0,4.172286093694282,NP_587816.1,SGVEECTFVESPLYK,0.4166666666666667,0.4,0.4320403263968305,0.0,0.3982293672579654,0.0,0.6017706327420346,False,-2.517442121240831,4.0,NP_005909,,NP_587816.1,SGVEECTFVESPLYK,0.4416666666666667,0.4666666666666667,0.4320403263968305,0.0,0.3982293672579654,0.0,0.6017706327420346,False,-2.517442121240831,4.0,NP_005909,,NP_587816.1,KSIAPRSFSTTSSRA,0.7000000000000001,0.3333333333333333,0.2698478801551751,0.0,0.6128870148112938,0.0,0.3871129851887062,False,0.1344942700202597,4.5,NP_005909,
ENSG00000291597,ACTR1B,ENST00000708081,ENSP00000517084,ENSP00000517084,ACTR1B,ENST00000708081,ENSP00000517084,ENSP00000517084,LRKEGVDFHTSAEFE,,,True,3.0,3.4277725913901844,REKAAEVFFETFNVP,,,True,4.0,9.50174930272518,MQAVLSLYATGRTTG,,,True,6.0,7.5733016402017475,NP_596704.1,CCYVASDFRSEIESW,0.5416666666666666,0.2,,,,,,False,8.788301272517575,,NP_005726,,NP_596704.1,KEKIAEYFYETLNVP,0.7142857142857143,0.6666666666666666,0.5521932396588543,0.0,0.4934663990008913,0.0,0.5065336009991087,False,8.835266993212999,4.0,NP_005726,,NP_596704.1,LQPVLALYASARTTG,0.7083333333333334,0.6666666666666666,0.7066172676106518,0.0,0.6001979042330265,0.0,0.3998020957669735,False,6.878789395218492,5.0,NP_005726,
ENSG00000166260,COX11,ENST00000571584,ENSP00000460043,ENSP00000299335,COX11,ENST00000571584,ENSP00000460043,ENSP00000299335,LITLSYTFFEAKEGH,topological domain,Mitochondrial intermembrane,False,2.0,1.2090538882396282,PGETALAFYRAKNPT,topological domain,Mitochondrial intermembrane,False,5.5,7.836580308779714,RPKSSNPFTRAQEEE,,,True,5.5,0.1876662402563054,NP_593279.2,DILLSYTFFEARYDT,0.7857142857142857,0.6,0.6638032579252579,0.0,0.3572215975885648,0.0,0.6427784024114352,False,2.156994317514976,3.0,NP_004366,XP_047291326,NP_593279.2,PGETALGFYTAENTS,0.6333333333333333,0.6666666666666666,0.6560877096406041,0.0,0.4348585937035097,0.0,0.5651414062964903,False,7.947477845639277,4.0,NP_004366,XP_047291326,NP_593279.2,QHFFLSPFSRLYVPR,0.4166666666666667,0.2,,,,,,False,5.994785125710649,,NP_004366,XP_047291326
ENSG00000117593,DARS2,ENST00000648960,ENSP00000497091,ENSP00000497569,DARS2,ENST00000648960,ENSP00000497091,ENSP00000497569,QIDIEMSFVDQTGIQ,,,True,5.5,-0.368601060559562,VPFPTMTFAEVLATY,,,True,6.0,-0.47701893924131,DIETPTLFKRTPGGA,,,True,6.0,1.7088505302586623,NP_587777.1,QIDLEMSFVDKPHEI,0.6583333333333333,0.6,,,,,,False,2.8037667403260884,,NP_060592,,NP_587777.1,SFFNDREFCEVETPL,0.4666666666666666,0.2666666666666666,0.5362827511449961,0.0,0.3961808282802707,0.0,0.6038191717197293,False,-0.8735241105616316,5.0,NP_060592,,NP_587777.1,EVETPLLFKSTPEGA,0.5583333333333333,0.6666666666666666,0.6960516311241055,0.0,0.4767013486645485,0.0,0.5232986513354514,False,1.8718564363876744,4.0,NP_060592,
ENSG00000148057,IDNK,ENST00000376419,ENSP00000365601,ENSP00000365601,IDNK,ENST00000376419,ENSP00000365601,ENSP00000365601,ASELGWKFYDADDYH,,,True,3.0,2.5825394915859263,CSALKKTYRDILTQG,,,True,6.0,-0.3273719695990916,PPELLQSQFETLEPP,,,True,6.5,2.3817833637392445,NP_593694.1,SEKLGFEYIEGDDLH,0.2964285714285714,0.3333333333333333,0.7496965541337584,0.0,0.5528788677409303,0.0,0.4471211322590697,False,0.5901268260051991,4.0,NP_001001551,XP_006717173,NP_593694.1,CSALKRSYRDILRSS,0.6749999999999999,0.6666666666666666,0.3987062616877174,0.0,0.4442489707129698,0.0,0.5557510292870302,False,0.5054050586529123,7.0,NP_001001551,XP_006717173,NP_593694.1,KADMVESQLAILEAP,0.4166666666666667,0.3333333333333333,,,,,,False,0.8054950839148504,,NP_001001551,XP_006717173
ENSG00000038210,PI4K2B,ENST00000512921,ENSP00000423373,ENSP00000264864,PI4K2B,ENST00000512921,ENSP00000423373,ENSP00000264864,FQLFVEGYKEAEYWL,,,True,5.0,0.0492953957215953,AFLDDPEFADIMLRA,,,True,5.0,-1.5263144199419274,PENIRKQFQSQFERL,,,True,6.0,1.2940811272567323,XP_001713056.1,EYPHYAGYDYKDYVR,0.3912698412698412,0.2,,,,,,False,4.176700645537513,,NP_060793,XP_005248231,XP_001713056.1,RLKFRFEFEKLVLLD,0.5166666666666667,0.2,,,,,,False,3.201274647048085,,NP_060793,XP_005248231,XP_001713056.1,QATPGRSFSSNAEAL,0.5,0.2666666666666666,0.3009678829746448,0.0,0.3793577244870906,0.0,0.6206422755129093,False,4.899190382968385,5.5,NP_060793,XP_005248231
ENSG00000101049,SGK2,ENST00000373077,ENSP00000362168,ENSP00000340608,SGK2,ENST00000373077,ENSP00000362168,ENSP00000340608,GHVVLTDFGLCKEGV,,,True,4.5,6.131622104395524,PEDTTSTFCGTPEYL,,,True,4.5,1.8869292367986563,RLGSKADFLEIKNHV,,,True,5.5,3.949689165941109,NP_588010.1,GHIALCDFGLCKLNM,0.7083333333333334,0.6,,,,,,False,3.5490553128323583,,NP_057360,,NP_588010.1,KTDRTNTFCGTPEYL,1.0,0.7333333333333333,,,,,,False,1.965337302105836,,NP_057360,,NP_588010.1,LTIDAFELLKVVGKG,0.3916666666666666,0.0666666666666666,,,,,,False,4.853784152419719,,NP_057360,
ENSG00000115073,ACTR1B,ENST00000289228,ENSP00000289228,ENSP00000289228,ACTR1B,ENST00000289228,ENSP00000289228,ENSP00000289228,LRKEGVDFHTSAEFE,,,True,3.0,3.4277725913901844,REKAAEVFFETFNVP,,,True,4.0,9.50174930272518,MQAVLSLYATGRTTG,,,True,6.0,7.5733016402017475,NP_596704.1,CCYVASDFRSEIESW,0.5416666666666666,0.2,,,,,,False,8.788301272517575,,NP_005726,XP_016858605,NP_596704.1,KEKIAEYFYETLNVP,0.7142857142857143,0.6666666666666666,0.5521932396588543,0.0,0.4934663990008913,0.0,0.5065336009991087,False,8.835266993212999,4.0,NP_005726,XP_016858605,NP_596704.1,LQPVLALYASARTTG,0.7083333333333334,0.6666666666666666,0.7066172676106518,0.0,0.6001979042330265,0.0,0.3998020957669735,False,6.878789395218492,5.0,NP_005726,XP_016858605
ENSG00000180185,FAHD1,ENST00000427358,ENSP00000398053,ENSP00000398053,FAHD1,ENST00000427358,ENSP00000398053,ENSP00000398053,AMDYVGGYALCLDMT,,,True,6.0,-0.1249974660988983,PWTLAKSFTASCPVS,,,True,6.5,6.123764069928097,PEAAAMDYVGGYALC,,,True,7.0,3.3670904246144824,NP_596589.1,KKGLPWSFAKGYDTF,0.2666666666666666,0.1333333333333333,,,,,,False,3.1736848415930474,,NP_112485,XP_047290686,NP_596589.1,IPKIFSSITEAMSLN,0.3,0.1333333333333333,,,,,,False,-0.2134460052799459,,NP_112485,XP_047290686,NP_596589.1,SSNSWLDSIGAYFVG,0.3194444444444445,0.2,,,,,,False,4.353989155670224,,NP_112485,XP_047290686
ENSG00000083520,DIS3,ENST00000377767,ENSP00000366997,ENSP00000366997,DIS3,ENST00000377767,ENSP00000366997,ENSP00000366997,NSKASLTYAEAQLRI,,,True,4.5,-1.5908450220800203,FRASRENYLEATVWI,,,True,5.0,-1.3618433203064546,CMMQAVYFCSGMDND,,,True,5.0,4.571613929716179,NP_596653.1,ASKEAFSYADAQARI,0.5555555555555556,0.5333333333333333,0.659375971591293,0.0,0.5071318453140017,0.0,0.4928681546859982,False,5.1825703092799085,4.5,NP_055768,,NP_596653.1,INISTYNYLEGSVVV,0.8333333333333334,0.4,0.6881235560446028,0.0,0.2894715870026969,0.0,0.7105284129973031,False,4.321140852861486,6.0,NP_055768,,NP_596653.1,CMLSAEYFCSGTFAP,0.75,0.5333333333333333,0.5840652014340096,0.0,0.095514300384946,0.0,0.904485699615054,True,3.98834150234937,6.0,NP_055768,
ENSG00000105254,TBCB,ENST00000221855,ENSP00000221855,ENSP00000221855,TBCB,ENST00000221855,ENSP00000221855,ENSP00000221855,LYGVDDKFYSKLDQE,,,True,5.0,3.42286407919036,GSVNGKRYFECQAKY,,,True,5.0,-0.1342031065604437,SAPTVTVFISSSLNT,,,True,5.5,3.7728590940233295,NP_593683.2,YVMPREQYENRTDSV,0.2992063492063492,0.0666666666666666,,,,,,False,0.7804096337860089,,NP_001272,,NP_593683.2,GTVSGKRYFNAKNKH,0.4444444444444444,0.5333333333333333,,,,,,False,5.40073759679688,,NP_001272,,NP_593683.2,STVPGHVFTSEEENL,0.3666666666666666,0.3333333333333333,,,,,,False,2.039397709940145,,NP_001272,
ENSG00000077097,TOP2B,ENST00000264331,ENSP00000264331,ENSP00000396704,TOP2B,ENST00000264331,ENSP00000264331,ENSP00000396704,GLQYKKSYDDAESLK,,,True,4.0,-0.2897565979505806,ARKEVKYFAESDEEE,,,True,4.0,-1.1966608772878948,VQDILKEFFDLRLSY,,,True,4.5,3.8143433322175455,NP_595805.1,IDADFSDYEDEASGD,0.5333333333333333,0.2,,,,,,False,4.231029730654679,,NP_001059,XP_047304777,NP_595805.1,KQQTLLEFAASKEPE,0.5583333333333333,0.3333333333333333,,,,,,False,2.1070886689565613,,NP_001059,XP_047304777,NP_595805.1,VEDILTEFYEVRLRT,0.6797619047619047,0.5333333333333333,0.7036685708069218,0.0,0.4595441696243212,0.0,0.5404558303756788,False,3.3451275737367774,4.0,NP_001059,XP_047304777
ENSG00000119689,DLST,ENST00000334220,ENSP00000335304,ENSP00000335304,DLST,ENST00000334220,ENSP00000335304,ENSP00000335304,VTVKTPAFAESVTEG,,,True,4.5,-2.065076372140153,KHNLKLGFMSAFVKA,,,True,5.0,1.9850011002977697,DTTKEVVYRDYIDIS,,,True,5.5,-3.393701945591618,NP_596331.1,TRIKTPPFPESITEG,0.6190476190476191,0.6,0.5599604841148903,0.0,0.3559833039498227,0.0,0.6440166960501773,False,-1.881237899021332,4.5,NP_001924,XP_047287021,NP_596331.1,LTTFNECDMSAVVAL,0.5277777777777778,0.2666666666666666,,,,,,False,2.0404230726139154,,NP_001924,XP_047287021,NP_596331.1,GKGDTLVYRDFCDLS,0.9166666666666666,0.4,0.6334515158457701,0.0,0.416327158659416,0.0,0.5836728413405841,False,-0.3862244405635517,6.0,NP_001924,XP_047287021
ENSG00000151360,ALLC,ENST00000252505,ENSP00000252505,ENSP00000252505,ALLC,ENST00000252505,ENSP00000252505,ENSP00000252505,GFDVDVSYFTGDYAP,,,True,4.5,3.576030192704154,ILFATDDFFAPAENL,,,True,5.5,7.6720369472850685,THIRLNIFPDGGIAR,,,True,5.5,9.266224406706678,NP_594495.1,DALIDTNHFKGNYPK,0.5361111111111111,0.2666666666666666,,,,,,False,1.5684391088662362,,NP_060906,XP_016859985,NP_594495.1,VLGCSDDFFASCENL,0.7916666666666666,0.6,,,,,,False,1.580568317585563,,NP_060906,XP_016859985,NP_594495.1,THVRMIIIPDGGVKR,0.7916666666666666,0.6,,,,,,False,6.2818606058773305,,NP_060906,XP_016859985
ENSG00000099817,POLR2E,ENST00000615234,ENSP00000478303,ENSP00000478303,POLR2E,ENST00000615234,ENSP00000478303,ENSP00000478303,QLCHDRGYLVTQDEL,,,True,6.5,-0.169241920488138,DDPTDQMFVFFPEEP,,,True,6.5,1.4373579791565816,LDQTLEEFKAQSGDK,,,True,7.0,2.723125193851096,NP_593187.1,DHNHKTGILIYANSM,0.3968253968253968,0.2,,,,,,False,5.405539867413255,,NP_002686,XP_011526372,NP_593187.1,DSNKGTIYIEFAKEP,0.3380952380952381,0.2666666666666666,0.4470950859392364,0.0,0.2904326950209676,0.0,0.7095673049790325,False,3.794625091767068,7.5,NP_002686,XP_011526372,NP_593187.1,LDLTLDQFKAMHCGM,0.5111111111111111,0.4666666666666667,,,,,,False,6.212446200548538,,NP_002686,XP_011526372
ENSG00000160087,UBE2J2,ENST00000349431,ENSP00000305826,ENSP00000305826,UBE2J2,ENST00000349431,ENSP00000305826,ENSP00000305826,DKVFCELFPEVVEEI,topological domain,Cytoplasmic,True,5.5,0.8146270903001234,FNLKDKVFCELFPEV,topological domain,Cytoplasmic,True,6.5,-1.7235207112413682,MTPYEGGYYHGKLIF,topological domain,Cytoplasmic,True,7.0,-0.3530724191103662,NP_593256.1,NPKFLIMFPELIDKN,0.6638888888888889,0.2666666666666666,0.3694609336490751,0.0,0.8034920729417989,0.0,0.196507927058201,False,3.1396942120835822,5.5,NP_477515,XP_005244776,NP_593256.1,NPKFLIMFPELIDKN,0.4341269841269841,0.2,0.3694609336490751,0.0,0.8034920729417989,0.0,0.196507927058201,False,3.1396942120835822,5.5,NP_477515,XP_005244776,NP_593256.1,DTPYEGGQYHGTLIF,0.7999999999999999,0.8,,,,,,False,-0.3351829994994351,,NP_477515,XP_005244776
ENSG00000157954,WIPI2,ENST00000401525,ENSP00000384945,ENSP00000384945,WIPI2,ENST00000401525,ENSP00000384945,ENSP00000384945,AFSMDGMFLSASSNT,,,True,4.5,1.6131457493875163,VCIVERLFSSSLVAI,,,True,5.5,3.287183167070616,GSKSGYKFFSLSSVD,,,True,6.0,7.453076605362731,NP_594055.1,ESSSPNVSNSAVSGQ,0.375,0.2666666666666666,,,,,,False,0.4583973599694299,,NP_057087,,NP_594055.1,TSIVEMLFSTSLVAL,0.8666666666666667,0.6666666666666666,0.5649844713111031,0.0,0.3887009022418033,0.0,0.6112990977581967,False,2.136822717636285,5.0,NP_057087,,NP_594055.1,DNGRIIRVFAIPSGQ,0.4833333333333333,0.1333333333333333,,,,,,False,5.1581516579521525,,NP_057087,
ENSG00000102967,DHODH,ENST00000572887,ENSP00000461848,ENSP00000219240,DHODH,ENST00000572887,ENSP00000461848,ENSP00000219240,SVDAAEDYAEGVRVL,topological domain,Mitochondrial intermembrane,False,5.0,5.026326645825685,GLLPRARFQDSDMLE,topological domain,Mitochondrial intermembrane,False,6.0,3.193898490765624,LYKMGFGFVEIGSVT,topological domain,Mitochondrial intermembrane,False,6.0,3.666431130902093,NP_593317.1,NGNEIEDYVEGVRTF,0.8333333333333334,0.4666666666666667,0.6625191446709285,0.0,0.5033647742330906,0.0,0.4966352257669095,False,0.7151848861753042,5.0,NP_001352,XP_047289630,NP_593317.1,LKRSSVRFQSTSSGS,0.4916666666666667,0.2,0.2819971169920907,0.0,0.4416940341481105,0.0,0.5583059658518895,False,1.665502476072803,6.0,NP_001352,XP_047289630,NP_593317.1,LLNFGFSYLEIGSVT,0.6130952380952381,0.6,0.4065734911898085,0.0,0.7013232217720567,0.0,0.2986767782279433,False,5.461664635455389,6.0,NP_001352,XP_047289630
ENSG00000105438,KDELR1,ENST00000600980,ENSP00000472182,ENSP00000329471,KDELR1,ENST00000600980,ENSP00000472182,ENSP00000329471,FAXHFEGFFDLIAIX,topological domain;transmembrane region,Lumenal;Helical,False,5.5,0.7901189256527644,YISLYXKFKATYDGN,topological domain,Cytoplasmic,True,6.5,3.539896370180424,HDTFRVEFLVVPTAI,transmembrane region,Helical,False,7.0,0.7366833252723076,NP_596529.1,FFSALGDMAHLAAIF,0.2013888888888889,0.2666666666666666,,,,,,False,6.847964123589052,,NP_006792,,NP_596529.1,CYLMLMTLRPTYDKR,0.3428571428571428,0.2,,,,,,False,3.884037531286224,,NP_006792,,NP_596529.1,QTVLYGDFAVVYRRT,0.4805555555555554,0.2,,,,,,False,1.471375270754865,,NP_006792,
ENSG00000100983,GSS,ENST00000651619,ENSP00000498303,ENSP00000498303,GSS,ENST00000651619,ENSP00000498303,ENSP00000498303,LDQDRRLFVDGQEIA,,,True,4.5,-1.6775575541292314,IHVIRRTFEDISEKG,,,True,5.0,0.725228333337786,QEIAVVYFRDGYMPR,,,True,5.5,4.355615518224863,NP_593936.1,ESNALERFLEGDELQ,0.5416666666666666,0.2,0.5828373154494033,0.0,0.6310145564858924,0.0,0.3689854435141076,False,3.451541793898878,5.0,NP_000169,,NP_593936.1,MEIEKYTPEQIEELG,0.5714285714285715,0.3333333333333333,,,,,,False,1.7098672897076237,,NP_000169,,NP_593936.1,QPLSLGVFRSDYMVH,0.4305555555555555,0.3333333333333333,,,,,,False,11.512513572345195,,NP_000169,
ENSG00000247626,MARS2,ENST00000282276,ENSP00000282276,ENSP00000282276,MARS2,ENST00000282276,ENSP00000282276,ENSP00000282276,SEQFQQLFQEAGISC,,,True,4.5,-0.4133387905432401,PSETYPAFCTTCFPS,,,True,5.0,1.7919551489215624,DACDVRAYFTTPIFY,,,True,5.0,3.358802848744696,NP_594407.1,CVSDETFYPESAIQK,0.4226190476190476,0.1333333333333333,0.4844108634502438,0.0,0.2952514364543082,0.0,0.7047485635456918,False,4.326741546292536,4.5,NP_612404,,NP_594407.1,ESSKKPYFLTTPIFY,0.4107142857142857,0.3333333333333333,0.3028862894566863,0.0,0.2261735527998781,0.0,0.773826447200122,True,2.948809172573581,5.5,NP_612404,,NP_594407.1,ESSKKPYFLTTPIFY,0.5357142857142857,0.4,0.3028862894566863,0.0,0.2261735527998781,0.0,0.773826447200122,True,2.948809172573581,5.5,NP_612404,
ENSG00000134970,TMED7,ENST00000508420,ENSP00000450928,ENSP00000405926,TMED7,ENST00000508420,ENSP00000450928,ENSP00000405926,HKTVYFDFQVGEDPP,topological domain,Lumenal,False,5.5,4.524355440878761,MKKQYDSFTFTASKN,topological domain,Lumenal,False,6.0,3.9741263957429793,TASKNGTYKFCFSNE,topological domain,Lumenal,False,6.0,-0.3494101151386217,NP_593476.1,QCYYLDSFHTGEKTH,0.3,0.2,0.444855325660993,0.0,0.4270894327774682,0.0,0.5729105672225318,False,3.936700319977367,5.5,NP_861974,,NP_593476.1,HTGEKTHFTYAVQSG,0.3839285714285714,0.1333333333333333,,,,,,False,1.49987645086885,,NP_861974,,NP_593476.1,TLEEKGEYEFCFDNH,0.5,0.4666666666666667,,,,,,False,0.7025180375048595,,NP_861974,
ENSG00000117360,PRPF3,ENST00000324862,ENSP00000315379,ENSP00000315379,PRPF3,ENST00000324862,ENSP00000315379,ENSP00000315379,EDMESNTFFDPRVSI,,,True,4.0,2.931575961990305,GDIPEIEWWDSYIIP,,,True,5.0,5.302150817253809,GTAKDRSFGEMKFKQ,,,True,6.0,-1.3779120056189798,NP_594560.1,PRLEDSPFYDPRTKE,0.5476190476190476,0.3333333333333333,0.4369711072839451,0.0,0.1874275137586083,0.0,0.8125724862413917,True,3.353970195690036,5.0,NP_004689,XP_011508432,NP_594560.1,DTIPNIEWWDLPFIK,0.5833333333333334,0.5333333333333333,,,,,,False,2.236560621538569,,NP_004689,XP_011508432,NP_594560.1,NLVWEGEIGRRAFRY,0.3,0.1333333333333333,,,,,,False,8.480790646396777,,NP_004689,XP_011508432
ENSG00000144580,CNOT9,ENST00000295701,ENSP00000295701,ENSP00000486540,CNOT9,ENST00000295701,ENSP00000295701,ENSP00000486540,DEQEVINFLLTTEII,,,True,5.0,-0.2129710729239604,HPETRSAFLAAHIPL,,,True,6.5,5.7851012421006125,IPLFLYPFLHTVSKT,,,True,6.5,4.648872106112147,NP_594984.1,DSPEVINFLLSTEII,0.875,0.8,,,,,,False,0.1456159419387202,,NP_001258563,,NP_594984.1,HPETRIHFLNAHITL,0.5694444444444445,0.7333333333333333,,,,,,False,5.130641745529703,,NP_001258563,,NP_594984.1,ITLFLYPFLNTLSKS,0.861111111111111,0.7333333333333333,,,,,,False,4.648872106112147,,NP_001258563,
ENSG00000103043,VAC14,ENST00000568886,ENSP00000457809,ENSP00000261776,VAC14,ENST00000568886,ENSP00000457809,ENSP00000261776,IEPVLTCFNDADSRL,,,True,4.0,6.241854281748535,DGSCDSSFSSGISVF,,,True,4.0,6.125850180827613,ADSPSIDYAELLQHF,,,True,5.5,-0.9764571861678544,NP_596363.1,LLPVLYCFNDSDSKI,0.875,0.6,0.3929359411888618,0.0,0.529643573960038,0.0,0.470356426039962,False,7.632849121668182,4.5,NP_060522,XP_047290316,NP_596363.1,RLPPTAALSTGARKK,0.375,0.1333333333333333,,,,,,False,5.493316858809767,,NP_060522,XP_047290316,NP_596363.1,MVRRNMSDAELKEIS,0.4833333333333333,0.2,,,,,,False,1.3924407876061564,,NP_060522,XP_047290316
ENSG00000036473,OTC,ENST00000039007,ENSP00000039007,ENSP00000039007,OTC,ENST00000039007,ENSP00000039007,ENSP00000039007,EEVDDEVFYSPRSLV,,,True,4.0,0.8076494553970099,YSPRSLVFPEAENRK,,,True,4.5,5.140261396158405,LLGGHPCFLTTQDIH,,,True,4.5,1.759882085993855,NP_593692.1,EEVSDEVFYGENSLV,0.6333333333333333,0.7333333333333333,,,,,,False,-1.5682358615516714,,NP_000522,XP_016885045,NP_593692.1,YGENSLVFQEAENRK,0.7999999999999999,0.7333333333333333,0.7299107881541091,0.0,0.565765229280776,0.0,0.4342347707192239,False,1.530074846791539,4.5,NP_000522,XP_016885045,NP_593692.1,CLGGNAMFLGKDDIQ,0.3777777777777777,0.4666666666666667,,,,,,False,1.6177668493115356,,NP_000522,XP_016885045
ENSG00000198668,CALM1,ENST00000557020,ENSP00000451062,ENSP00000349467,CALM1,ENST00000356978,ENSP00000349467,ENSP00000349467,TEEQIAEFKEAFSLF,,,True,2.5,-0.1510777514594402,FDKDGNGYISAAELR,,,True,4.5,3.7046499684055214,DGNGTIDFPEFLTMM,,,True,5.0,-0.6089383524188972,NP_593340.1,TDEQIAEFREAFSLF,0.9,0.8666666666666667,0.7435082894583476,0.0,0.4626387919842151,0.0,0.5373612080157849,False,0.3264994579984485,2.5,NP_008819,,NP_593340.1,FDKDGNGYITVEELT,0.7000000000000001,0.7333333333333333,0.5501601329205729,0.0,0.4315847731773525,0.0,0.5684152268226476,False,-0.0627990367919089,6.5,NP_008819,,NP_593340.1,DGNGTIDFTEFLTMM,0.7999999999999999,0.9333333333333332,0.3926816013748516,0.0,0.3887312651228344,0.0,0.6112687348771655,False,-0.8080310454902682,5.0,NP_008819,
ENSG00000143933,CALM2,ENST00000272298,ENSP00000272298,ENSP00000272298,CALM2,ENST00000272298,ENSP00000272298,ENSP00000272298,TEEQIAEFKEAFSLF,,,True,2.5,-0.1510777514594402,FDKDGNGYISAAELR,,,True,4.5,3.7046499684055214,DGNGTIDFPEFLTMM,,,True,5.0,-0.6089383524188972,NP_593340.1,TDEQIAEFREAFSLF,0.9,0.8666666666666667,0.7435082894583476,0.0,0.4626387919842151,0.0,0.5373612080157849,False,0.3264994579984485,2.5,NP_001734,,NP_593340.1,FDKDGNGYITVEELT,0.7000000000000001,0.7333333333333333,0.5501601329205729,0.0,0.4315847731773525,0.0,0.5684152268226476,False,-0.0627990367919089,6.5,NP_001734,,NP_593340.1,DGNGTIDFTEFLTMM,0.7999999999999999,0.9333333333333332,0.3926816013748516,0.0,0.3887312651228344,0.0,0.6112687348771655,False,-0.8080310454902682,5.0,NP_001734,
ENSG00000000419,DPM1,ENST00000371584,ENSP00000360640,ENSP00000360644,DPM1,ENST00000371584,ENSP00000360640,ENSP00000360644,VWLLVKSFSESGINY,,,True,4.5,2.7188619635595304,ISFVDRVYGESKLGG,,,True,5.5,-0.1429469083524475,IGEVPISFVDRVYGE,,,True,7.0,3.8235394303827306,NP_594017.1,IAFVDRLYGESKLGM,0.4047619047619048,0.1333333333333333,0.5986235698607001,0.0,0.5139764006838341,0.0,0.4860235993161659,False,0.1000568610005019,5.5,NP_003850,,NP_594017.1,IAFVDRLYGESKLGM,0.875,0.8,0.5986235698607001,0.0,0.5139764006838341,0.0,0.4860235993161659,False,0.1000568610005019,5.5,NP_003850,,NP_594017.1,IGEVPIAFVDRLYGE,0.875,0.8666666666666667,,,,,,False,3.8235394303827306,,NP_003850,
ENSG00000175470,PPP2R2D,ENST00000455566,ENSP00000399970,ENSP00000399970,PPP2R2D,ENST00000455566,ENSP00000399970,ENSP00000399970,VNSDHETYLSADDLR,,,True,3.5,-0.0542833037287193,DIISTVEFNYSGDLL,,,True,4.5,-1.2542790342238033,SHEPEFDYLKSLEIE,,,True,5.0,1.6152113332461062,NP_592961.1,VNSDAETYISADDLR,0.9166666666666666,0.8666666666666667,0.6838996121962712,0.0,0.3879790390565686,0.0,0.6120209609434313,False,2.804849212758766,3.5,NP_060931,XP_006717977,NP_592961.1,DIISAVEFDHTGDYL,0.6027777777777777,0.6666666666666666,,,,,,False,2.644722133628211,,NP_060931,XP_006717977,NP_592961.1,SHEPEFDYLKSLEIE,1.0,1.0,,,,,,False,1.6152113332461062,,NP_060931,XP_006717977
ENSG00000085563,ABCB1,ENST00000622132,ENSP00000478255,ENSP00000265724,ABCB1,ENST00000622132,ENSP00000478255,ENSP00000265724,KEANIHAFIESLPNK,topological domain,Cytoplasmic,True,5.0,0.2323610786133099,NADVIAGFDDGVIVE,topological domain,Cytoplasmic,True,5.5,10.597822547997414,SDINDTGFFMNLEED,topological domain,Extracellular,False,5.5,-0.3890418379918861,NP_588265.1,KPGQFVAFVGSSGCG,0.5138888888888888,0.2666666666666666,,,,,,False,-2.295448408551639,,NP_000918,,NP_588265.1,DADCIFVFDGGVIAE,0.5138888888888888,0.6,,,,,,False,7.321290844877334,,NP_000918,,NP_588265.1,TNVGQRGFLMSGGQK,0.4861111111111111,0.2,,,,,,False,-2.197159918363916,,NP_000918,
ENSG00000139988,RDH12,ENST00000551171,ENSP00000449079,ENSP00000449079,RDH12,ENST00000551171,ENSP00000449079,ENSP00000449079,EPLSGKYFSDCKRTW,,,True,5.0,-0.1888666845305366,DTKSIRAFAEGFLAE,,,True,5.5,0.3921649282712702,HHIGKIPFHDLQSEK,,,True,5.5,0.4543084620475561,NP_587784.1,APYSGIYFPDLNLPH,0.3511904761904762,0.4,0.2328884947047588,0.0,0.2516182198823065,0.0,0.7483817801176936,False,0.3679863794856867,6.5,NP_689656,XP_047286921,NP_587784.1,NGAYFTAIAQRGILH,0.4166666666666667,0.1333333333333333,,,,,,False,3.257989672177591,,NP_689656,XP_047286921,NP_587784.1,LNTPKWTFNDIPDLT,0.4111111111111111,0.2,0.4139992202432621,0.0,0.3408073435959349,0.0,0.659192656404065,False,1.4360584172368511,5.0,NP_689656,XP_047286921
ENSG00000166200,COPS2,ENST00000542928,ENSP00000443664,ENSP00000299259,COPS2,ENST00000542928,ENSP00000443664,ENSP00000299259,QMDLLQEFYETTLEA,,,True,3.0,2.011437557329966,FEKAHTDFFEAFKNY,,,True,3.0,0.0908032915696706,MDLLQEFYETTLEAL,,,True,4.5,1.2256218879395715,NP_001018220.1,DNKRLKELYQSSLRV,0.6083333333333333,0.2666666666666666,,,,,,False,5.032867029560541,,NP_001137359,,NP_001018220.1,WSEAQTNFFESFKSY,0.7361111111111112,0.5333333333333333,0.4526121480792888,0.0,0.3761007525104492,0.0,0.6238992474895508,False,-0.8753104724101386,4.0,NP_001137359,,NP_001018220.1,TEFLEKFYDVTTKAL,0.5888888888888889,0.4,,,,,,False,0.7786435497156524,,NP_001137359,
ENSG00000135002,RFK,ENST00000376736,ENSP00000365926,ENSP00000365926,RFK,ENST00000490113,ENSP00000417215,ENSP00000365926,DISTGIYYGWASVGS,,,True,6.5,1.440668107824816,LGIPTANFPEQVVDN,,,True,6.5,-1.645170392856917,KIKEDNFFQVSKSKI,,,True,6.5,-1.761549897674363,NP_588395.1,YRDSGVYFGYAMVQK,0.7976190476190476,0.3333333333333333,,,,,,False,-0.979414106838982,,NP_060809,,NP_588395.1,LGIPTANISEDAIQE,0.4166666666666667,0.5333333333333333,,,,,,False,4.733197285992528,,NP_060809,,NP_588395.1,RVALNSMDRPSYSSY,0.2357142857142857,0.1333333333333333,,,,,,False,2.508581890582878,,NP_060809,
ENSG00000112339,HBS1L,ENST00000367822,ENSP00000356796,ENSP00000356811,HBS1L,ENST00000367822,ENSP00000356796,ENSP00000356811,EPVEEYDYEDLKESS,,,True,4.0,2.195591622162864,HFLKQAGFKESDVGF,,,True,5.0,-2.129578735431769,DFEDDDLYGQSVEDD,,,True,5.0,-2.437281444050985,XP_001713137.1,ELDEEPGEEELTEEQ,0.4722222222222222,0.4,,,,,,False,-0.6339416125512993,,NP_006611,XP_047274049,XP_001713137.1,FLIKMVGFKTSNVHF,0.7999999999999999,0.4666666666666667,0.398836107391854,0.0,0.5288398353599486,0.0,0.4711601646400514,False,2.747935327981092,5.5,NP_006611,XP_047274049,XP_001713137.1,VQVNQVLYDVSSQED,0.4555555555555555,0.2666666666666666,,,,,,False,-0.9114790934551398,,NP_006611,XP_047274049
ENSG00000196236,XPNPEP3,ENST00000357137,ENSP00000349658,ENSP00000349658,XPNPEP3,ENST00000357137,ENSP00000349658,ENSP00000349658,VVLSNPTYYMSNDIP,,,True,5.0,-0.8530220825349794,GKLTSQAFIETMFTS,,,True,5.0,0.704530979672398,NFLYLCGFQEPDSIL,,,True,6.0,2.733821660679845,NP_594637.1,IFYNYQTGYLSKMPA,0.3999999999999999,0.2,,,,,,False,1.7978619796781723,,NP_071381,,NP_594637.1,SGYIRTLFIRNRFSN,0.4583333333333333,0.2,,,,,,False,0.0784001362855795,,NP_071381,,NP_594637.1,NFYYLTGCLEPNAVL,0.4212962962962963,0.5333333333333333,,,,,,False,8.002006436260194,,NP_071381,
ENSG00000108439,PNPO,ENST00000583599,ENSP00000463919,ENSP00000493302,PNPO,ENST00000225573,ENSP00000225573,ENSP00000493302,VKQFAAWFEEAVQCP,,,True,4.5,1.1288263360518327,YRGDREAFEETHLTS,,,True,5.0,-2.425120149498317,PEEEAECYFHSRPKS,,,True,5.0,2.686429750375161,NP_594650.1,LVLFNQWFQEATDDE,0.7333333333333334,0.3333333333333333,0.5182481131528829,0.0,0.6565042558319868,0.0,0.3434957441680132,False,-1.0365926124008285,3.5,NP_060599,,NP_594650.1,FAPSRYQYEKSSLHR,0.4464285714285714,0.2,,,,,,False,2.2975921571133657,,NP_060599,,NP_594650.1,SREETEEYFKTRPRN,0.3666666666666667,0.4666666666666667,,,,,,False,0.0540254497184458,,NP_060599,
ENSG00000122218,COPA,ENST00000649231,ENSP00000498061,ENSP00000357048,COPA,ENST00000241704,ENSP00000241704,ENSP00000357048,LQLDEDGFVEATEGL,,,True,2.5,-2.356678473808508,RFLRQLDFNSSKDVA,,,True,3.5,6.262053987831857,QLTTVGKFEEAVEKF,,,True,4.0,2.705132901055525,NP_595279.1,VVDDASAFVGADEIF,0.6111111111111112,0.3333333333333333,,,,,,False,3.449825078975397,,NP_001091868,,NP_595279.1,DHIAAGDFESAMKIL,0.5083333333333333,0.2,0.4223666205669867,0.0,0.3937137020798879,0.0,0.606286297920112,False,4.736055175476779,4.5,NP_001091868,,NP_595279.1,VEDPSTRFELALECG,0.6083333333333333,0.2666666666666666,,,,,,False,0.2936644998101054,,NP_001091868,
ENSG00000165272,AQP3,ENST00000645858,ENSP00000493516,ENSP00000297991,AQP3,ENST00000645858,ENSP00000493516,ENSP00000297991,LXNPAVTFAMCFLAR,intramembrane region;topological domain,Discontinuously helical;Cytoplasmic,False,6.0,3.461973821961156,TAGIFATYPSGHLDM,topological domain,Extracellular,False,6.0,1.5396539141901535,HFADNQLFVSGPNGT,topological domain,Extracellular,False,6.0,3.922407230257865,NP_592788.1,HVNPAVTISLAIFRK,0.2916666666666667,0.3333333333333333,,,,,,False,3.770746081569957,,NP_004916,,NP_592788.1,YDLVIFTGPESPLNY,0.4166666666666667,0.2,,,,,,False,4.3399489706549765,,NP_004916,,NP_592788.1,FLGTLVLVVFGVGSN,0.4027777777777778,0.2,,,,,,False,5.242522572342424,,NP_004916,
ENSG00000106077,ABHD11,ENST00000222800,ENSP00000222800,ENSP00000222800,ABHD11,ENST00000222800,ENSP00000222800,ENSP00000222800,HADRPQDFIAAIRGF,,,True,6.0,3.0157828517474043,ESTGVSHFATYVAAM,,,True,6.5,-0.4245940835697652,HPEIMRLFPRAQMQT,,,True,6.5,4.804399180516816,NP_593115.1,YQDLPRDYGAYFRKM,0.4126984126984127,0.3333333333333333,,,,,,False,-3.8406580208690153,,NP_683710,XP_047276840,NP_593115.1,LKPVKLAFEKYSATV,0.35,0.2,,,,,,False,-0.8912149994316807,,NP_683710,XP_047276840,NP_593115.1,LPVFKKFFPKYELVS,0.4357142857142857,0.2,,,,,,False,0.8110505070721112,,NP_683710,XP_047276840
ENSG00000288516,PRKACA,ENST00000672536,ENSP00000500184,ENSP00000499940,PRKACA,ENST00000672536,ENSP00000500184,ENSP00000499940,GPGDTSNFDDYEEEE,,,True,5.0,-2.946176889459582,DIKNHKWFATTDWIA,,,True,5.5,2.338682889330209,QIVLTFEYLHSLDLI,,,True,5.5,1.2555680669075404,NP_595159.1,GMGDSSQFDAYADVA,0.4722222222222222,0.4666666666666667,,,,,,False,5.142925834173985,,NP_002721,,NP_595159.1,DIIMHPWFRDISWDK,0.3972222222222222,0.4,0.5146833768716481,0.0,0.4715747634991371,0.0,0.5284252365008629,False,2.392429834495213,6.5,NP_002721,,NP_595159.1,EVILALDYLHHNQIV,0.5347222222222222,0.2666666666666666,,,,,,False,2.618824805327676,,NP_002721,
ENSG00000072062,PRKACA,ENST00000587372,ENSP00000468352,ENSP00000309591,PRKACA,ENST00000587372,ENSP00000468352,ENSP00000309591,GPGDTSNFDDYEEEE,,,True,5.0,-2.946176889459582,DIKNHKWFATTDWIA,,,True,5.5,2.338682889330209,QIVLTFEYLHSLDLI,,,True,5.5,1.2555680669075404,NP_595159.1,GMGDSSQFDAYADVA,0.4722222222222222,0.4666666666666667,,,,,,False,5.142925834173985,,NP_002721,XP_016882437,NP_595159.1,DIIMHPWFRDISWDK,0.3972222222222222,0.4,0.5146833768716481,0.0,0.4715747634991371,0.0,0.5284252365008629,False,2.392429834495213,6.5,NP_002721,XP_016882437,NP_595159.1,EVILALDYLHHNQIV,0.5347222222222222,0.2666666666666666,,,,,,False,2.618824805327676,,NP_002721,XP_016882437
ENSG00000113456,RAD1,ENST00000382038,ENSP00000371469,ENSP00000371469,RAD1,ENST00000382038,ENSP00000371469,ENSP00000371469,EETLDFDFCSTNVIN,,,True,3.5,2.5003558606210787,GQICFVEYYCCPDEE,,,True,4.0,-0.3219554870505767,EPEETLDFDFCSTNV,,,True,4.0,-0.4964880854114234,NP_594809.1,GLCTFVDFCIVPLDL,0.4583333333333333,0.2,,,,,,False,2.549764195764366,,NP_002844,,NP_594809.1,EESQSLQAHAFLDKS,0.1361111111111111,0.0666666666666666,,,,,,False,0.4089612798649379,,NP_002844,,NP_594809.1,QEGLCTFVDFCIVPL,0.375,0.2,,,,,,False,1.6131990354510073,,NP_002844,
ENSG00000113460,BRIX1,ENST00000336767,ENSP00000338862,ENSP00000338862,BRIX1,ENST00000336767,ENSP00000338862,ENSP00000338862,KNCNKCIYFEAKKKQ,,,True,4.5,-0.482733108970675,GSRPLLSFDPAFDEL,,,True,5.0,2.793097927372784,HDPTADVFVTPAEEK,,,True,5.5,11.174915218876428,NP_595107.1,YNCNNIFFFESRRRE,0.525,0.3333333333333333,0.2640690208971158,0.0,0.4758302863843495,0.0,0.5241697136156505,False,-0.5562889152513572,4.5,NP_060791,,NP_595107.1,GSRPILSFDKTFDTA,0.6333333333333333,0.6666666666666666,,,,,,False,1.2491519215972036,,NP_060791,,NP_595107.1,VIYKNDTFVSSTMVR,0.2666666666666666,0.2,0.220941828165073,0.0,0.3658770139248458,0.0,0.6341229860751543,False,6.88853921212664,5.0,NP_060791,
ENSG00000145246,ATP10D,ENST00000503288,ENSP00000421536,ENSP00000273859,ATP10D,ENST00000503288,ENSP00000421536,ENSP00000273859,AVSEDEDFIDTVSGS,topological domain,Cytoplasmic,True,2.5,-1.2552038097256868,NARRLESYQEAVSED,topological domain,Cytoplasmic,True,4.0,3.391070874564708,ETALDQGYSETKAFE,topological domain,Cytoplasmic,True,5.0,-1.8773710947134965,NP_594759.1,HLQSNENYIQTEACF,0.4742063492063492,0.2,,,,,,False,-1.760006616831133,,NP_065186,,NP_594759.1,YLEWKVNFNEANSAI,0.611111111111111,0.2,0.6423013314539172,0.0,0.3348468672860663,0.0,0.6651531327139337,False,2.7688605352382454,4.0,NP_065186,,NP_594759.1,HLQSNENYIQTEACF,0.4833333333333333,0.2,,,,,,False,-1.760006616831133,,NP_065186,
ENSG00000139131,YARS2,ENST00000324868,ENSP00000320658,ENSP00000320658,YARS2,ENST00000324868,ENSP00000320658,ENSP00000320658,DQELKELFKEAPFSE,,,True,4.0,-1.6677450018456577,RGLFKDFFPETGTKI,,,True,4.5,0.3564770056943429,KRCTQALYHSSIDAL,,,True,4.5,1.7716132552538577,NP_588433.1,LPEIRALFKDCKFYR,0.7222222222222223,0.3333333333333333,0.5926414462186448,0.0,0.6454297913394872,0.0,0.3545702086605127,False,-0.6452181011041795,4.5,NP_001035526,,NP_588433.1,HQAPFGFYSEAPQQG,0.3297619047619048,0.1333333333333333,0.3541226789738511,0.0,0.1925475205221425,0.0,0.8074524794778575,True,-1.0252643148985208,5.0,NP_001035526,,NP_588433.1,ALTTPLLTSSSGQKL,0.3916666666666666,0.3333333333333333,,,,,,False,2.3240233894475137,,NP_001035526,
ENSG00000169032,MAP2K1,ENST00000685172,ENSP00000509604,ENSP00000302486,MAP2K1,ENST00000684779,ENSP00000508681,ENSP00000302486,NSPYIVGFYGAFYSD,,,True,5.5,2.1317031507853383,SGVFSLEFQDFVNKC,,,True,5.5,2.8941701865773646,IDSMANSFVGTRSYM,,,True,6.0,2.2594038136674386,NP_593026.1,RSPYIVGFYGAFQYK,0.7999999999999999,0.7333333333333333,,,,,,False,1.0413217745204788,,NP_002746,XP_016877900,NP_593026.1,NISLCMEYMDCGSLD,0.4093915343915344,0.1333333333333333,0.3500955937034092,0.0,0.5877893802694353,0.0,0.4122106197305647,False,0.3240584048543114,3.5,NP_002746,XP_016877900,NP_593026.1,VNSVAQTFVGTSTYM,0.7333333333333334,0.5333333333333333,,,,,,False,5.124719161623805,,NP_002746,XP_016877900
ENSG00000106290,TAF6,ENST00000687137,ENSP00000508432,ENSP00000399982,TAF6,ENST00000685713,ENSP00000509921,ENSP00000399982,VAQICKHFSTTTNNI,,,True,5.5,5.541811554310234,SVEQQLYYKEITEAC,,,True,6.0,-1.487232802785498,QDAYRAEFGSLGPLL,,,True,6.0,1.3401611119472705,NP_587928.1,YFIMFLSDSVTRNLG,0.375,0.2,,,,,,False,3.614607567824345,,NP_001177344,,NP_587928.1,SKELQLYFERITSAL,0.45,0.5333333333333333,,,,,,False,-0.1884235298768511,,NP_001177344,,NP_587928.1,SGLLEKNVGSLMAEK,0.4166666666666667,0.2,,,,,,False,1.1930379255426815,,NP_001177344,
ENSG00000101361,NOP56,ENST00000329276,ENSP00000370589,ENSP00000370589,NOP56,ENST00000329276,ENSP00000370589,ENSP00000370589,QVEERLSFYETGEIP,,,True,2.5,-1.4633736098077164,TPKYGLIFHSTFIGR,,,True,5.0,3.6251111626249175,RLVAFCPFASSQVAL,,,True,5.5,1.8007298955496458,NP_595368.1,QVEERLNFFDTGVAP,0.4166666666666667,0.6666666666666666,0.6219403399081699,0.0,0.5375692669566915,0.0,0.4624307330433084,False,0.2606713599869112,4.0,NP_006383,,NP_595368.1,TPKYGIIYHSSFIGK,0.7797619047619048,0.7333333333333333,0.5019626526998295,0.0,0.4635651099088803,0.0,0.5364348900911197,False,3.263212922575297,5.5,NP_006383,,NP_595368.1,VVDDDKDIAQSIINA,0.4305555555555556,0.1333333333333333,,,,,,False,0.4531387512470326,,NP_006383,
ENSG00000124535,WRNIP1,ENST00000380773,ENSP00000370150,ENSP00000370150,WRNIP1,ENST00000380773,ENSP00000370150,ENSP00000370150,GARLIPDFPVARSSS,,,True,5.0,1.4646945205624815,SDQNASLYWLARMLE,,,True,6.0,6.2832087335612,EGEEGDDGGETESRE,,,True,6.0,-1.4653390570634623,NP_594449.2,GIADNSMLPLASSTF,0.4416666666666666,0.2666666666666666,,,,,,False,1.1406794627153998,,NP_064520,,NP_594449.2,SDVDATLYYLGRMLE,0.7142857142857143,0.6666666666666666,,,,,,False,5.377645807243065,,NP_064520,,NP_594449.2,YLGRMLESGEDPLYV,0.2888888888888889,0.1333333333333333,,,,,,False,3.9463544594927296,,NP_064520,
ENSG00000172339,ALG14,ENST00000370205,ENSP00000359224,ENSP00000359224,ALG14,ENST00000370205,ENSP00000359224,ENSP00000359224,IKKVIIVYVESICRV,topological domain,Cytoplasmic,True,5.5,2.886171675009474,QSWPSTVFTTLHSMW,topological domain,Cytoplasmic,True,6.5,1.044510188126042,NAYSPRHYVIADTDE,topological domain,Cytoplasmic,True,6.5,0.9734299722199692,NP_593363.1,GKNVKIVYVESFARV,0.8333333333333334,0.6666666666666666,0.5286656963270757,0.0,0.8509197021572735,0.0,0.1490802978427264,False,1.91871183029334,5.5,NP_659425,,NP_593363.1,QSWLTTPFTAFWSLL,0.4523809523809524,0.4666666666666667,,,,,,False,0.660766485980411,,NP_659425,,NP_593363.1,DKLYSVRSYVAGSDD,0.2261904761904762,0.1333333333333333,,,,,,False,1.259204411769899,,NP_659425,
ENSG00000291730,TATDN1,ENST00000708478,ENSP00000517241,ENSP00000517241,TATDN1,ENST00000708478,ENSP00000517241,ENSP00000517241,LAQTNGMFFSTVGCH,,,True,4.5,1.904985976873534,VGGVVHSFDGTKEAA,,,True,5.5,4.029926160664674,CRNSHAEFLDIMKRN,,,True,6.0,0.8288482323880648,NP_595590.1,LATNYECFTSTVGVH,0.5814814814814815,0.5333333333333333,0.4234815909792151,0.0,0.4140212571631448,0.0,0.5859787428368551,False,5.276418889060368,5.5,NP_114415,,NP_595590.1,KKGVVHSFTGSIDEM,0.5638888888888889,0.4666666666666667,,,,,,False,3.5596694075982365,,NP_114415,,NP_595590.1,CSLKTEENLEVVRAI,0.5083333333333333,0.2,,,,,,False,-0.5575217102632072,,NP_114415,
ENSG00000147687,TATDN1,ENST00000276692,ENSP00000276692,ENSP00000276692,TATDN1,ENST00000276692,ENSP00000276692,ENSP00000276692,LAQTNGMFFSTVGCH,,,True,4.5,1.904985976873534,VGGVVHSFDGTKEAA,,,True,5.5,4.029926160664674,CRNSHAEFLDIMKRN,,,True,6.0,0.8288482323880648,NP_595590.1,LATNYECFTSTVGVH,0.5814814814814815,0.5333333333333333,0.4234815909792151,0.0,0.4140212571631448,0.0,0.5859787428368551,False,5.276418889060368,5.5,NP_114415,XP_016869384,NP_595590.1,KKGVVHSFTGSIDEM,0.5638888888888889,0.4666666666666667,,,,,,False,3.5596694075982365,,NP_114415,XP_016869384,NP_595590.1,CSLKTEENLEVVRAI,0.5083333333333333,0.2,,,,,,False,-0.5575217102632072,,NP_114415,XP_016869384
ENSG00000125821,DTD1,ENST00000377452,ENSP00000366672,ENSP00000366672,DTD1,ENST00000377452,ENSP00000366672,ENSP00000366672,LKGNKPDFHLAMPTE,,,True,5.0,0.6577262477247098,PTEQAEGFYNSFLEQ,,,True,5.5,1.48559685586682,TEQAEGFYNSFLEQL,,,True,6.0,-0.1515279636643428,NP_594276.1,NKGAKPDFHRSMKGP,0.4416666666666666,0.5333333333333333,,,,,,False,-0.2067154560685018,,NP_543010,,NP_594276.1,SDKIKKGVFGAMMNV,0.3166666666666666,0.0666666666666666,,,,,,False,3.192698749719804,,NP_543010,,NP_594276.1,KGAKPDFHRSMKGPE,0.3194444444444445,0.1333333333333333,,,,,,False,3.046721070159004,,NP_543010,
ENSG00000165240,ATP7A,ENST00000689530,ENSP00000509707,ENSP00000345728,ATP7A,ENST00000689530,ENSP00000509707,ENSP00000345728,AKVNPITFFDTPPML,topological domain;transmembrane region,Extracellular;Helical,False,3.5,0.9774187189146258,LLTSTNEFYTKGMTP,topological domain,Cytoplasmic,True,5.0,3.9424268950527983,PXEIVETYFPGYNRS,topological domain,Extracellular,False,6.0,6.160904489738175,NP_595829.1,ADNPAPIFFDTADML,0.5972222222222222,0.4666666666666667,0.4761994809011649,0.0,0.3246548823838406,0.0,0.6753451176161593,False,8.120671333677214,3.0,NP_000043,,NP_595829.1,LSPMQAEQWTKVHNH,0.3886363636363636,0.2666666666666666,,,,,,False,3.851015717038781,,NP_000043,,NP_595829.1,IIPVDGTVVEGSSYV,0.2583333333333333,0.1333333333333333,,,,,,False,0.0382842804614266,,NP_000043,
ENSG00000133597,ADCK2,ENST00000072869,ENSP00000072869,ENSP00000072869,ADCK2,ENST00000072869,ENSP00000072869,ENSP00000072869,KAYANTAFLETDSVQ,,,True,4.5,2.910458704546917,ASTRRDLFSEAFCAQ,,,True,4.5,1.946984085600057,REVLVETYEESVPVS,,,True,5.0,2.2698072367307267,NP_596583.2,TDLFPPAFCKTLSKL,0.6814814814814815,0.2666666666666666,,,,,,False,-0.3098396823216485,,NP_443085,XP_006716233,NP_596583.2,AASRTDLFPPAFCKT,0.6190476190476191,0.5333333333333333,,,,,,False,3.1605465660866128,,NP_443085,XP_006716233,NP_596583.2,FARKFTTRQKSEDQK,0.3388888888888889,0.1333333333333333,,,,,,False,-1.5890539519307147,,NP_443085,XP_006716233
ENSG00000146476,ARMT1,ENST00000545879,ENSP00000444121,ENSP00000356263,ARMT1,ENST00000545879,ENSP00000444121,ENSP00000356263,PIDYFDVFKESKEQN,,,True,3.5,-2.47130466082696,LHRHKSEFFEKHGEE,,,True,4.5,1.2482750574112935,TDLILADFLLSSELA,,,True,5.0,2.4005177149329207,NP_587971.1,DKAAYMIFVEMAEIS,0.5083333333333333,0.2,0.4268022155447343,0.0,0.5316012334057749,0.0,0.4683987665942251,False,3.636778596638466,5.5,NP_078849,,NP_587971.1,EWNRHDPFFEQKDFT,0.4817460317460318,0.2,0.457344293187594,0.0,0.8085258461795947,0.0,0.1914741538204054,False,3.0311785871917154,4.5,NP_078849,,NP_587971.1,VDLLFATYLLKTEIA,0.5380952380952381,0.4666666666666667,,,,,,False,0.1232639934268077,,NP_078849,
ENSG00000110063,DCPS,ENST00000263579,ENSP00000263579,ENSP00000263579,DCPS,ENST00000648516,ENSP00000497684,ENSP00000263579,QQQLDDLYLIAICHR,,,True,6.5,-1.4796707636891366,EASGDGDGEDAVVIL,,,True,7.0,-0.3500225589196978,NPDPSDGFVLIPDLK,,,True,7.0,-0.5772153041486061,NP_596194.1,RQTMSALNLMAIVHA,0.4361111111111111,0.4,,,,,,False,0.3065326795033782,,NP_054745,,NP_596194.1,LHVDHETGDGSAVGR,0.3694444444444444,0.1333333333333333,,,,,,False,2.0760099971161767,,NP_054745,,NP_596194.1,DPDPLNGFIVIPDLK,0.8333333333333334,0.6666666666666666,,,,,,False,2.282621614300304,,NP_054745,
ENSG00000115084,SLC35F5,ENST00000245680,ENSP00000245680,ENSP00000245680,SLC35F5,ENST00000409106,ENSP00000386754,ENSP00000245680,RGKHAAFFADAEGYF,,,True,4.5,4.002102968908399,FFADAEGYFAACTTD,,,True,5.0,1.6718268610513292,FADAEGYFAACTTDT,,,True,5.5,-0.3790692115715457,NP_596306.1,ISSMSGFFTLGLGTI,0.3333333333333333,0.2,,,,,,False,0.7452194257618202,,NP_079457,XP_047301881,NP_596306.1,IIWFAANYFSNSSLG,0.3611111111111111,0.2,0.2186411486806143,0.0,0.4278349309159857,0.0,0.5721650690840143,False,4.342697214200334,6.0,NP_079457,XP_047301881,NP_596306.1,FYLIPWYFSEKKTRK,0.4083333333333332,0.2666666666666666,,,,,,False,0.9387405368334838,,NP_079457,XP_047301881
ENSG00000164885,CDK5,ENST00000485972,ENSP00000419782,ENSP00000419782,CDK5,ENST00000485972,ENSP00000419782,ENSP00000419782,CDQDLKKYFDSCNGD,,,True,5.0,5.645131946002966,DQDLKKYFDSCNGDL,,,True,5.0,0.8536794670866653,VLFGAKLYSTSIDMW,,,True,5.0,3.3244308820051653,NP_587921.1,MEKDLKKYMDTYGNQ,0.5333333333333333,0.4,0.4387907722359381,0.0,0.5559452343661303,0.0,0.4440547656338697,False,4.417037283595162,6.0,NP_004926,,NP_587921.1,EKDLKKYMDTYGNQG,0.3190476190476191,0.4,,,,,,False,0.5517211688675644,,NP_004926,,NP_587921.1,VLLGSRVYSTSIDIW,0.875,0.6666666666666666,0.47129436121435,0.0,0.3523489209611161,0.0,0.6476510790388839,False,0.3268153442026432,5.0,NP_004926,
ENSG00000100413,POLR3H,ENST00000337566,ENSP00000337627,ENSP00000379761,POLR3H,ENST00000337566,ENSP00000337627,ENSP00000379761,EEGAHDLYMDTGEEI,,,True,3.5,0.6056348331115439,FRVVDESFVDTSPTG,,,True,4.5,1.8601524894867287,SLQQPAKFDEAEQVW,,,True,5.0,3.103103150903759,NP_596068.1,GSEGTELYFDIDEEI,0.625,0.4,0.6041145219491498,0.0,0.2775166722739282,0.0,0.7224833277260717,False,0.0943453232928112,4.0,NP_612211,XP_047297136,NP_596068.1,FQIESEDFVDISPKR,0.625,0.4666666666666667,0.3908675983235246,0.0,0.3690623480629562,0.0,0.6309376519370438,False,-0.0619769743009764,5.0,NP_612211,XP_047297136,NP_596068.1,GTELYFDIDEEIRFQ,0.3055555555555556,0.1333333333333333,,,,,,False,1.0685264922901363,,NP_612211,XP_047297136
ENSG00000001630,CYP51A1,ENST00000003100,ENSP00000003100,ENSP00000003100,CYP51A1,ENST00000003100,ENSP00000003100,ENSP00000003100,IEKETKEYFESWGES,,,True,3.5,-1.797376326502674,TTSAWMGFFLARDKT,,,True,4.5,-0.1263516003337327,HREIKDIFYKAIQKR,,,True,5.5,0.3955734550592479,NP_592990.1,LTATEEEYFTHATDF,0.3791666666666666,0.2,0.5064546057065953,0.0,0.2016447371245739,0.0,0.798355262875426,True,5.649013576566196,4.0,NP_000777,,NP_592990.1,IVIPANNYLLAAPGL,0.380952380952381,0.1333333333333333,,,,,,False,6.80064851572871,,NP_000777,,NP_592990.1,YGMDPYVFFRECRAK,0.4416666666666666,0.0666666666666666,,,,,,False,1.1749944644702155,,NP_000777,
ENSG00000187109,NAP1L1,ENST00000618691,ENSP00000477538,ENSP00000477538,NAP1L1,ENST00000618691,ENSP00000477538,ENSP00000477538,DDDYDEEGEEADEEG,,,True,5.0,-1.9065590394102807,LVETPTGYIESLPRV,,,True,5.0,-0.4741429182432504,LKDIKVKFSDAGQPM,,,True,5.0,1.7169352233650157,NP_587838.1,QVNTIDEGDENLEAI,0.6666666666666666,0.2666666666666666,,,,,,False,2.064794770227579,,NP_631946,,NP_587838.1,INNKRAGKMSAAPTP,0.3416666666666666,0.1333333333333333,,,,,,False,5.731505116214452,,NP_631946,,NP_587838.1,ESSSNEEVSDSDEED,0.4333333333333333,0.1333333333333333,,,,,,False,-0.799665003551374,,NP_631946,
ENSG00000161203,AP2M1,ENST00000411763,ENSP00000403362,ENSP00000292807,AP2M1,ENST00000411763,ENSP00000403362,ENSP00000292807,KYRRNELFLDVLESV,,,True,5.5,3.624181767916824,IAIDDCTFHQCVRLS,,,True,5.5,-1.7371174022295792,GEFELMRYRTTKDII,,,True,5.5,4.574624213765913,NP_592921.1,KYRKNSIYIDIVERM,0.6964285714285715,0.4,0.4007034821280478,0.0,0.2556770962050604,0.0,0.7443229037949396,False,1.6409040228772669,6.0,NP_004059,,NP_592921.1,VILEDCQFHQCVRLP,0.7999999999999999,0.6,,,,,,False,0.1345745172449342,,NP_004059,,NP_592921.1,KSIKWVRYSTRAGTC,0.3972222222222222,0.2,,,,,,False,5.421578713255874,,NP_004059,
ENSG00000137168,PPIL1,ENST00000373699,ENSP00000362803,ENSP00000362803,PPIL1,ENST00000373699,ENSP00000362803,ENSP00000362803,PDTNGSQFFVTLAPT,,,True,5.5,2.994019873291773,SWQPPNVYLETSMGI,,,True,5.5,1.1468488067256883,DTNGSQFFVTLAPTQ,,,True,6.5,5.56851203620846,NP_593308.1,PNTNSSQFFITLAPT,0.9583333333333334,0.8,,,,,,False,2.8707558798649653,,NP_057143,,NP_593308.1,SLGKILIELYTEHAP,0.3023809523809524,0.2,,,,,,False,5.041280930792679,,NP_057143,,NP_593308.1,NTNSSQFFITLAPTP,0.9583333333333334,0.7333333333333333,0.2170606362452231,0.0,0.0260737701087744,0.0,0.9739262298912256,True,5.657446615585392,7.0,NP_057143,
ENSG00000088205,DDX18,ENST00000263239,ENSP00000263239,ENSP00000263239,DDX18,ENST00000263239,ENSP00000263239,ENSP00000263239,KKKLMVFFSSCMSVK,,,True,4.5,8.20055776856833,RKKKLMVFFSSCMSV,,,True,4.5,7.44997693387541,PLGLTGAFEDTSFAS,,,True,5.0,1.083226146344893,NP_594488.1,KKKVIVFMSSCASVK,0.8333333333333334,0.7333333333333333,,,,,,False,13.401106907797557,,NP_006764,,NP_594488.1,LKKKVIVFMSSCASV,0.625,0.6666666666666666,0.3884540503237908,0.0,0.4716866480854643,0.0,0.5283133519145357,False,2.48233663321597,5.5,NP_006764,,NP_594488.1,SENIQKAIKEMGFET,0.4000000000000001,0.1333333333333333,,,,,,False,-0.2522008039721694,,NP_006764,
ENSG00000138346,DNA2,ENST00000358410,ENSP00000351185,ENSP00000351185,DNA2,ENST00000358410,ENSP00000351185,ENSP00000351185,RAVLSETFRSSDPAT,,,True,5.0,0.845691743233431,ELEFYADYSDNPWLM,,,True,5.5,1.206188654335513,TEAKLIVFLTSIFVK,,,True,5.5,6.21580418299763,NP_596499.2,NSLAQHNFRRSLPEM,0.6333333333333333,0.2666666666666666,,,,,,False,-0.130148525798585,,NP_001073918,XP_006717743,NP_596499.2,HISRLLDIEESIWSP,0.3999999999999999,0.1333333333333333,,,,,,False,4.797290886591496,,NP_001073918,XP_006717743,NP_596499.2,LAKKKKILLTSFTHL,0.5583333333333333,0.2666666666666666,,,,,,False,-0.1152516469672466,,NP_001073918,XP_006717743
ENSG00000141543,EIF4A3,ENST00000649764,ENSP00000497641,ENSP00000497641,EIF4A3,ENST00000649764,ENSP00000497641,ENSP00000497641,EDMTKVEFETSEEVD,,,True,3.5,4.554491761641871,RESIMKEFRSGASRV,,,True,4.5,7.6799910378149,TLEGIKQFFVAVERE,,,True,4.5,3.542132725248853,NP_592863.1,EIMENVELTTSEDVN,0.5222222222222223,0.5333333333333333,,,,,,False,2.955967117360066,,NP_055555,,NP_592863.1,RDAIMQDFRQGNSRV,0.7222222222222222,0.6,,,,,,False,2.899433712144162,,NP_055555,,NP_592863.1,TLEGLKQYFIAVEKE,0.8630952380952381,0.7333333333333333,,,,,,False,5.0860787310244335,,NP_055555,
ENSG00000232119,MCTS1,ENST00000371317,ENSP00000360367,ENSP00000360367,MCTS1,ENST00000371317,ENSP00000360367,ENSP00000360367,TSPGAKLYPAAVDTI,,,True,6.0,2.7822821419017125,FRQREGPFYPTLRLL,,,True,6.5,1.809050788194044,TVNGELLFFRQREGP,,,True,6.5,-0.1862882367420015,NP_596574.2,VTAEGKEAPAAIGLT,0.2888888888888888,0.2666666666666666,,,,,,False,0.0,,NP_054779,,NP_596574.2,FQHFDGPIIPSLRLV,0.5,0.4666666666666667,,,,,,False,-1.5156188937630033,,NP_054779,,NP_596574.2,TLNGEIILFQHFDGP,0.3388888888888888,0.4666666666666667,,,,,,False,1.6656781460259389,,NP_054779,
ENSG00000070010,UFD1,ENST00000263202,ENSP00000263202,ENSP00000263202,UFD1,ENST00000263202,ENSP00000263202,ENSP00000263202,FQPQSPDFLDITNPK,,,True,5.5,4.163691140891877,RGIPNYEFKLGKITF,,,True,6.5,4.888716812894554,FSTQYRCFSVSMLAG,,,True,7.0,-0.0474538827648798,NP_596780.1,LQPQSVNFLDITDHR,0.7222222222222223,0.6,0.3658843607912178,0.0,0.1175019554017945,0.0,0.8824980445982055,True,0.1555834027484761,5.5,NP_005650,XP_047297443,NP_596780.1,TYFFGYPYKAPSIEE,0.2916666666666667,0.2,,,,,,False,6.786654827602519,,NP_005650,XP_047297443,NP_596780.1,FDTRYRCYPVAMIPG,0.5059523809523809,0.5333333333333333,,,,,,False,6.273638501237581,,NP_005650,XP_047297443
ENSG00000090054,SPTLC1,ENST00000643599,ENSP00000494770,ENSP00000262554,SPTLC1,ENST00000643599,ENSP00000494770,ENSP00000262554,GTCGPRGFYGTFDVH,topological domain,Cytoplasmic,True,5.0,2.9897033841657468,LEDRLAKFMKTEEAI,topological domain,Cytoplasmic,True,6.5,6.838159930923836,FLEESLSFGVLGEHG,topological domain,Cytoplasmic,True,6.5,0.3634374860166413,NP_595848.1,GACGPPGFYGTQDKH,1.0,0.7333333333333333,,,,,,False,-0.3254020456582276,,NP_006406,XP_024303147,NP_595848.1,AKLSRNKFFETSSDI,0.5333333333333333,0.2666666666666666,0.4255065789249601,0.0,0.5228172731402847,0.0,0.4771827268597153,False,0.2761277147674496,4.0,NP_006406,XP_024303147,NP_595848.1,ILDETWSFGTCGRTG,0.4814814814814814,0.4666666666666667,0.4811295691072446,0.0,0.3380652618774177,0.0,0.6619347381225823,False,2.5650697261696784,4.5,NP_006406,XP_024303147
ENSG00000291508,EIF4A3,ENST00000707787,ENSP00000516984,ENSP00000516984,EIF4A3,ENST00000707787,ENSP00000516984,ENSP00000516984,EDMTKVEFETSEEVD,,,True,3.5,4.554491761641871,RESIMKEFRSGASRV,,,True,4.5,7.6799910378149,TLEGIKQFFVAVERE,,,True,4.5,3.542132725248853,NP_592863.1,EIMENVELTTSEDVN,0.5222222222222223,0.5333333333333333,,,,,,False,2.955967117360066,,NP_055555,,NP_592863.1,RDAIMQDFRQGNSRV,0.7222222222222222,0.6,,,,,,False,2.899433712144162,,NP_055555,,NP_592863.1,TLEGLKQYFIAVEKE,0.8630952380952381,0.7333333333333333,,,,,,False,5.0860787310244335,,NP_055555,
ENSG00000144036,EXOC6B,ENST00000272427,ENSP00000272427,ENSP00000272427,EXOC6B,ENST00000272427,ENSP00000272427,ENSP00000272427,SMSDLKDFLESIRKH,,,True,4.5,0.1123827616616634,KLYGTTTFKDARHAA,,,True,4.5,4.528411879785933,CNFHYQGFVDSITEL,,,True,4.5,-0.9804148565722608,NP_587884.2,GFKLDVEYLESFAAQ,0.5964285714285714,0.2,0.6865586285902009,0.0,0.5663537816073106,0.0,0.4336462183926893,False,-2.694880221419342,4.5,NP_056004,,NP_587884.2,IQQYIVTTKEAICSA,0.4444444444444444,0.2666666666666666,,,,,,False,-0.5694648038111757,,NP_056004,,NP_587884.2,MDIDVLEFVDKIASI,0.4333333333333333,0.2666666666666666,,,,,,False,-0.1379762387057887,,NP_056004,
ENSG00000113407,TARS1,ENST00000502553,ENSP00000424387,ENSP00000387710,TARS1,ENST00000502553,ENSP00000424387,ENSP00000387710,AQKVRQQFHDAKFMA,,,True,4.0,3.828998120493783,LENSLNEFGEKWELN,,,True,4.5,2.3069742949411944,IHKNSSTYWEGKADM,,,True,5.0,0.8540700580242342,NP_596364.1,TRVRRFQQDDAHIFC,0.3722222222222222,0.2666666666666666,,,,,,False,8.910344936557543,,NP_001245367,,NP_596364.1,GFTFHLELSTRPEEK,0.3666666666666667,0.1333333333333333,,,,,,False,-0.1851809556324478,,NP_001245367,,NP_596364.1,VTKNSSSYFLGDAKN,0.4444444444444445,0.4666666666666667,,,,,,False,1.8871420638593333,,NP_001245367,
ENSG00000177156,TALDO1,ENST00000528097,ENSP00000437098,ENSP00000321259,TALDO1,ENST00000528097,ENSP00000437098,ENSP00000321259,ARRLIELYKEAGISK,,,True,5.0,2.9511385857529446,TIVMGASFRNTGEIK,,,True,5.5,0.2445240169114989,AAAQMPAYQELVEEA,,,True,6.0,1.0063883407161265,NP_587953.1,ARHLIKLYEAEGIGR,0.4583333333333333,0.5333333333333333,,,,,,False,4.319198426113141,,NP_006746,,NP_587953.1,TIVMGASFRNVGEIK,0.8333333333333334,0.9333333333333332,,,,,,False,1.11278817850753,,NP_006746,,NP_587953.1,TYEGIQAAKQLEEEG,0.5166666666666667,0.2666666666666666,,,,,,False,1.370996402364702,,NP_006746,
ENSG00000154917,RAB6B,ENST00000477759,ENSP00000419941,ENSP00000285208,RAB6B,ENST00000477759,ENSP00000419941,ENSP00000285208,AKELSVMFIETSAKT,,,True,5.0,0.2820032883366941,QATIGIDFLSKTMYL,,,True,6.0,3.894076492601995,YDSFDNTYQATIGID,,,True,6.5,-1.3825448693435745,NP_593249.1,AKELKIMHMETSAKA,0.6791666666666667,0.6666666666666666,,,,,,False,1.0331691147792477,,NP_057661,,NP_593249.1,QATIGIDFLSKTMYL,1.0,1.0,,,,,,False,3.894076492601995,,NP_057661,,NP_593249.1,YDQFDNTYQATIGID,1.0,0.9333333333333332,,,,,,False,-2.3982921630753884,,NP_057661,
ENSG00000131508,UBE2D2,ENST00000511725,ENSP00000429613,ENSP00000381717,UBE2D2,ENST00000511725,ENSP00000429613,ENSP00000381717,SPYQGGVFFLTIHFP,,,True,6.5,3.4834388840302486,GPVGDDMFHWQATIM,,,True,7.0,3.602971334264893,PYQGGVFFLTIHFPT,,,True,7.0,0.0771315184437967,NP_595283.1,SPYAGGVFFLSIHFP,0.875,0.8666666666666667,,,,,,False,2.6304168014952687,,NP_003330,XP_047273646,NP_595283.1,GPVGDDLFHWQATIM,0.9166666666666666,0.9333333333333332,,,,,,False,2.597443965922265,,NP_003330,XP_047273646,NP_595283.1,PYAGGVFFLSIHFPT,0.875,0.8666666666666667,0.2241490966713634,0.0,0.0881909314302309,0.0,0.9118090685697692,True,1.925559001042886,7.0,NP_003330,XP_047273646
ENSG00000120029,ARMH3,ENST00000370033,ENSP00000359050,ENSP00000359050,ARMH3,ENST00000370033,ENSP00000359050,ENSP00000359050,EEEHQSGFFSALTNM,,,True,2.5,3.012276099723477,LMKVNLEYLEGKLES,,,True,5.0,1.06824286284922,LFNMFITYGDTFLPT,transmembrane region,Helical,False,5.0,0.8489887443622851,NP_596366.1,TAVYAIGLLSACDKF,0.4722222222222222,0.2,,,,,,False,4.296530142892821,,NP_078817,XP_047281692,NP_596366.1,YLLEVTEYLTSKTVD,0.4333333333333333,0.2666666666666666,0.4075789534728304,0.0,0.1749956967617209,0.0,0.825004303238279,True,5.515936926409998,4.5,NP_078817,XP_047281692,NP_596366.1,VLAYIISNGDALVIR,0.3611111111111111,0.2,,,,,,False,2.6782768353263937,,NP_078817,XP_047281692
ENSG00000161970,RPL26,ENST00000648839,ENSP00000498177,ENSP00000498177,RPL26,ENST00000648839,ENSP00000498177,ENSP00000498177,GGMKFNPFVTSDRSK,,,True,6.0,-0.2817544897085983,GKEKGKYKEETIEKM,,,True,8.0,-0.4849711919641976,YRKKYVIYIERVQRE,,,True,8.0,-1.3504536174857895,NP_595654.1,SNKGREGKITSVYRK,0.2551587301587301,0.2,,,,,,False,-0.4375587641389474,,NP_000978,,NP_595654.1,VLMSAPLSKELREQY,0.2833333333333333,0.1333333333333333,,,,,,False,1.94101432354383,,NP_000978,,NP_595654.1,YRKKFLLLIERVTRE,0.5083333333333333,0.6666666666666666,,,,,,False,-1.6257158241005354,,NP_000978,
ENSG00000142347,MYO1F,ENST00000644032,ENSP00000494550,ENSP00000494550,MYO1F,ENST00000644032,ENSP00000494550,ENSP00000494550,GTDDRSDFGETLSAM,,,True,3.0,-1.1287194304004078,GKRERVDFADSVTKY,,,True,3.5,-0.1433246513563164,QEDAADSFLESVFKT,,,True,3.5,1.0097123131807368,NP_595402.1,QFQEGQDGGSVISDK,0.4166666666666667,0.2,,,,,,False,0.6020549412579668,,NP_036467,XP_047294808,NP_595402.1,ETTKDYDYYKSGTIH,0.4904761904761905,0.2,,,,,,False,0.3851054396132208,,NP_036467,XP_047294808,NP_595402.1,IHSSNNEFMKSIFPV,0.6,0.2,,,,,,False,-0.0516779290385783,,NP_036467,XP_047294808
ENSG00000171298,GAA,ENST00000570803,ENSP00000460543,ENSP00000460543,GAA,ENST00000570803,ENSP00000460543,ENSP00000460543,WEDMVAEFHDQVPFD,,,True,4.5,0.5236078057873611,NLYGSHPFYLALEDG,,,True,4.5,1.2568878791643647,VQWNDLDYMDSRRDF,,,True,5.0,-0.6826596143275828,NP_593996.1,TRGQKLVFEDQYIEL,0.2916666666666667,0.2,0.3263701202257129,0.0,0.5117274057375055,0.0,0.4882725942624945,False,2.8136391193403463,6.5,NP_001073272,,XP_001713119.1,NAYGTHPFYLEHRYT,0.6333333333333333,0.5333333333333333,,,,,,False,0.262500732978019,,NP_001073272,,NP_593996.1,TFWSDIDYMEKYRDF,0.7333333333333334,0.5333333333333333,,,,,,False,0.0259300970189944,,NP_001073272,
ENSG00000291507,GAA,ENST00000707779,ENSP00000516980,ENSP00000516980,GAA,ENST00000707779,ENSP00000516980,ENSP00000516980,WEDMVAEFHDQVPFD,,,True,4.5,0.5236078057873611,NLYGSHPFYLALEDG,,,True,4.5,1.2568878791643647,VQWNDLDYMDSRRDF,,,True,5.0,-0.6826596143275828,NP_593996.1,TRGQKLVFEDQYIEL,0.2916666666666667,0.2,0.3263701202257129,0.0,0.5117274057375055,0.0,0.4882725942624945,False,2.8136391193403463,6.5,NP_001073272,,XP_001713119.1,NAYGTHPFYLEHRYT,0.6333333333333333,0.5333333333333333,,,,,,False,0.262500732978019,,NP_001073272,,NP_593996.1,TFWSDIDYMEKYRDF,0.7333333333333334,0.5333333333333333,,,,,,False,0.0259300970189944,,NP_001073272,
ENSG00000214160,ALG3,ENST00000446569,ENSP00000397326,ENSP00000380793,ALG3,ENST00000446569,ENSP00000397326,ENSP00000380793,IELSWNTYPSTSCSS,,,True,5.5,1.1692529698638343,LXPPFVFFFMCCASY,transmembrane region,Helical,False,5.5,1.3560822968165045,XPPFVFFFMCCASYR,transmembrane region,Helical,False,6.0,6.664735917130643,NP_593853.1,QEYAWNVFPSTKLSS,0.5416666666666666,0.5333333333333333,0.2139600368681379,0.0,0.2669169879828699,0.0,0.7330830120171301,False,1.1588567934633585,5.5,NP_005778,,NP_593853.1,QLATPNFIFTALATS,0.4666666666666666,0.2,,,,,,False,3.9133935982327976,,NP_005778,,NP_593853.1,ATSNLIGILCARSLH,0.3333333333333333,0.1333333333333333,,,,,,False,2.456432819192781,,NP_005778,
ENSG00000143797,MBOAT2,ENST00000471753,ENSP00000419573,ENSP00000302177,MBOAT2,ENST00000471753,ENSP00000419573,ENSP00000302177,SYKDYITFIEGRSYH,transmembrane region,Helical,False,4.5,-3.011103343050545,NSLGQNSFSTTNNVC,,,True,5.0,7.800144059545236,EYNIDEHFQATASWP,transmembrane region,Helical,False,5.5,2.9032106705572245,NP_596779.1,GLLWLILFITGSSIY,0.5916666666666667,0.3333333333333333,0.7031122798074171,0.0,0.4440301956786622,0.0,0.5559698043213378,False,7.916362060723151,5.5,NP_620154,,NP_596779.1,KKGKRPGFKSTLSTF,0.4166666666666667,0.1333333333333333,0.3345583582091504,0.0,0.5231595607220799,0.0,0.4768404392779201,False,1.168200297703092,5.0,NP_620154,,NP_596779.1,KKGKRPGFKSTLSTF,0.5194444444444445,0.2,0.3345583582091504,0.0,0.5231595607220799,0.0,0.4768404392779201,False,1.168200297703092,5.0,NP_620154,
ENSG00000133028,SCO1,ENST00000577427,ENSP00000463387,ENSP00000255390,SCO1,ENST00000577427,ENSP00000463387,ENSP00000255390,LIGPDGEFLDYFGQN,topological domain,Mitochondrial intermembrane,False,5.5,-4.792978528959594,WLLIYFGFTHCPDVC,topological domain,Mitochondrial intermembrane,False,5.5,4.973981754605347,FLPRGLEFWGPAEGT,,,True,6.0,9.132051012067892,NP_595287.1,LMDPEGKFIEVFGRN,0.475,0.4666666666666667,0.6484523330199833,0.0,0.3863924693021863,0.0,0.6136075306978137,False,0.4213366530633872,6.5,NP_004580,,NP_595287.1,FSLIYFGFTRCPDIC,0.8333333333333334,0.7333333333333333,,,,,,False,0.5882996785587077,,NP_004580,,NP_595287.1,NRVTDNDFKGKFSLI,0.2555555555555556,0.1333333333333333,,,,,,False,0.2615353153561644,,NP_004580,
ENSG00000185100,ADSS1,ENST00000710323,ENSP00000518203,ENSP00000331260,ADSS1,ENST00000710323,ENSP00000518203,ENSP00000331260,RAHLVFDFHQAVDGL,,,True,4.0,3.4730238834569835,VIHLPGLFEEAEKNE,,,True,5.0,-0.6342127547678011,ICDLLSDFDEFSSRF,,,True,5.0,3.341986796973944,NP_594664.1,RAHLVFDYHQRADAL,0.7047619047619048,0.7333333333333333,,,,,,False,7.2760568613831715,,NP_689541,XP_006720089,NP_594664.1,ITHWDQMPENAKKYI,0.4714285714285715,0.2666666666666666,,,,,,False,3.938318357173099,,NP_689541,XP_006720089,NP_594664.1,ANGVTYDFHILPSGL,0.3541666666666667,0.2,,,,,,False,3.6198575449551593,,NP_689541,XP_006720089
ENSG00000077549,CAPZB,ENST00000433834,ENSP00000401010,ENSP00000401010,CAPZB,ENST00000433834,ENSP00000401010,ENSP00000401010,FDQYRDLYFEGGVSS,,,True,5.0,-1.3401692733296604,ARVGTADYGSPSDQS,,,True,5.5,2.3262169492111555,STLNEIYFGKTKDIV,,,True,5.5,0.0087208907159886,NP_593619.3,IRVYLDLYYEGGVSS,0.9047619047619048,0.6666666666666666,0.7660103109614821,0.0,0.4046656803837258,0.0,0.5953343196162741,False,2.2701172707130843,5.0,NP_001269091,,NP_593619.3,FNRDGDSYRSPWSNK,0.4333333333333333,0.2,0.4863544768814698,0.0,0.4132515061073515,0.0,0.5867484938926485,False,2.676737636575073,6.5,NP_001269091,,NP_593619.3,NFLQDVYFGKTKDII,1.0,0.6,,,,,,False,-0.8370282878682346,,NP_001269091,
ENSG00000171497,PPID,ENST00000307720,ENSP00000303754,ENSP00000303754,PPID,ENST00000307720,ENSP00000303754,ENSP00000303754,GTGGESIYGEKFEDE,,,True,5.5,0.0963460892111451,NTNGSQFFITTVPTP,,,True,5.5,1.639080241758394,NPSNPRVFFDVDIGG,,,True,5.5,4.194577470475973,NP_594787.1,GTGGESIYGEKFEDE,1.0,1.0,,,,,,False,0.0963460892111451,,NP_005029,,NP_594787.1,NTNGSQFFITTVPTP,1.0,1.0,0.2061512078442885,0.0,0.1447173660841367,0.0,0.8552826339158633,True,1.639080241758394,5.5,NP_005029,,NP_594787.1,GKIQPTIYFELFDNV,0.3880952380952381,0.1333333333333333,0.6207732714750405,0.0,0.2976428449161141,0.0,0.7023571550838859,False,0.8998293747905042,5.0,NP_005029,
ENSG00000100206,DMC1,ENST00000216024,ENSP00000216024,ENSP00000216024,DMC1,ENST00000216024,ENSP00000216024,ENSP00000216024,NKLIEPGFLTAFEYS,,,True,4.0,0.3359699977946697,ITEAFGEFRTGKTQL,,,True,4.5,-0.1533106524825952,QDEEESLFQDIDLLQ,,,True,5.0,1.023250859428669,NP_594166.1,SKMCPANFSTAMEIS,0.5833333333333334,0.4,0.6196855127236541,0.0,0.2159333273933888,0.0,0.7840666726066112,True,1.8798996952638736,4.0,NP_008999,XP_011528137,NP_594166.1,ITEVFGEFRCGKTQM,0.8148148148148149,0.8,,,,,,False,1.938195057182193,,NP_008999,XP_011528137,NP_594166.1,NDDEQMIFSDIEDLT,0.4722222222222222,0.4,0.5584260883123318,0.0,0.318229946128484,0.0,0.681770053871516,False,0.3458577823351983,4.5,NP_008999,XP_011528137
ENSG00000175063,UBE2C,ENST00000356455,ENSP00000348838,ENSP00000348838,UBE2C,ENST00000356455,ENSP00000348838,ENSP00000348838,GDKGISAFPESDNLF,,,True,5.0,4.949758987296817,RYKLSLEFPSGYPYN,,,True,5.0,1.5545328005664538,TVYEDLRYKLSLEFP,,,True,7.0,-0.6002797538134229,NP_588069.1,NTPGISAFPDSDSNL,0.763888888888889,0.5333333333333333,0.3748833551954136,0.0,0.5207985912813112,0.0,0.4792014087186887,False,2.2451344612101254,4.5,NP_008950,,NP_588069.1,KFKISMSFPANYPYS,0.5416666666666666,0.4666666666666667,,,,,,False,-0.3398164250777162,,NP_008950,,NP_588069.1,TYYEGLKFKISMSFP,0.5666666666666667,0.5333333333333333,,,,,,False,-0.7510573009094935,,NP_008950,
ENSG00000147955,SIGMAR1,ENST00000378892,ENSP00000368170,ENSP00000277010,SIGMAR1,ENST00000378892,ENSP00000368170,ENSP00000277010,LSEYVLLFGTALGSR,topological domain,Cytoplasmic,True,5.0,0.9184471277452924,TQDFLTLFYTLRSYA,topological domain,Cytoplasmic,True,5.0,3.41363514892737,DEELQWVFVNAGGWM,topological domain,Cytoplasmic,True,5.5,1.7173410479720477,NP_593324.1,FSEYLIFFGTPIGTE,0.6428571428571429,0.4666666666666667,0.3223667720096579,0.0,0.4660242528588816,0.0,0.5339757471411184,False,6.689790770863539,7.0,NP_005857,,NP_593324.1,ANDTKALLYDLSDRL,0.4722222222222221,0.2666666666666666,,,,,,False,1.617893831805066,,NP_005857,,NP_593324.1,VNQDEWVHNNAGGAM,0.5625,0.4666666666666667,,,,,,False,-0.5406186146976473,,NP_005857,
ENSG00000186908,ZDHHC17,ENST00000426126,ENSP00000403397,ENSP00000403397,ZDHHC17,ENST00000426126,ENSP00000403397,ENSP00000403397,CVRNIIDFFEFRCCG,topological domain,Cytoplasmic,True,4.5,-0.3622123669136943,GSLDLSIFCSTCLIR,topological domain,Cytoplasmic,True,5.0,4.905650455319858,VQFLSKSFFDHSMHS,topological domain,Cytoplasmic,True,5.0,3.26648696169713,NP_592981.1,AGIFSSIFFWVWCHS,0.2878787878787879,0.2,,,,,,False,2.7519475663219617,,NP_056151,,NP_592981.1,SSIFFWVWCHSLLYI,0.4943181818181818,0.2,,,,,,False,2.8985395478509943,,NP_056151,,NP_592981.1,ACKRCINRYDHHCPW,0.314021164021164,0.1333333333333333,,,,,,False,4.009530598611786,,NP_056151,
ENSG00000168883,USP39,ENST00000442708,ENSP00000392911,ENSP00000312981,USP39,ENST00000450066,ENSP00000396133,ENSP00000312981,QLLHNDEYQETMVES,,,True,4.5,-0.983909122474612,PVRVKREFEPASARE,,,True,5.5,2.589731035012975,NGITEKEYKTYKENF,,,True,5.5,-1.5562529175915465,NP_595305.1,ASKEMEEHETTPIIS,0.5333333333333333,0.2,,,,,,False,5.239057318746418,,NP_006581,,NP_595305.1,RKLLDFDFEKVCSVS,0.3972222222222221,0.1333333333333333,,,,,,False,6.3228407623240495,,NP_006581,,NP_595305.1,VANIIHESVTHAEEE,0.375,0.2,,,,,,False,7.215399605654769,,NP_006581,
ENSG00000065491,TBC1D22B,ENST00000373491,ENSP00000362590,ENSP00000362590,TBC1D22B,ENST00000373491,ENSP00000362590,ENSP00000362590,GDDEEEDFSSPSFQT,,,True,4.5,2.566130367341726,AYRLKYMFADAPNHY,,,True,4.5,6.579079653470842,YFGFIEQYYDSRNEE,,,True,4.5,5.55642093142139,NP_595314.1,QSIPTKDWSTKDIEI,0.3484848484848484,0.1333333333333333,,,,,,False,5.49258517013247,,NP_060242,XP_011513040,NP_595314.1,ETNRNDIEADAYWCL,0.381060606060606,0.2,,,,,,False,3.996947072840647,,NP_060242,XP_011513040,NP_595314.1,REVTLKRKRDEYNAA,0.2333333333333333,0.1333333333333333,,,,,,False,10.75236364757081,,NP_060242,XP_011513040
ENSG00000063244,U2AF2,ENST00000450554,ENSP00000388475,ENSP00000307863,U2AF2,ENST00000450554,ENSP00000388475,ENSP00000307863,ELLDDEEYEEIVEDV,,,True,3.5,-2.2651488438538694,TEEAMMDFFNAQMRL,,,True,4.0,5.4260323799211365,KNFAFLEFRSVDETT,,,True,5.0,1.944574986323623,NP_595396.1,EIMDVQEYEDIYESV,0.888888888888889,0.5333333333333333,0.469197103628085,0.0,0.0789596545368855,0.0,0.9210403454631144,True,0.9621358554026698,4.5,NP_009210,XP_011524712,NP_595396.1,VFVRYSDIRSAEVAM,0.3166666666666666,0.1333333333333333,,,,,,False,5.720017879496469,,NP_009210,XP_011524712,NP_595396.1,EIMDVQEYEDIYESV,0.5297619047619048,0.1333333333333333,0.469197103628085,0.0,0.0789596545368855,0.0,0.9210403454631144,True,0.9621358554026698,4.5,NP_009210,XP_011524712
ENSG00000100003,SEC14L2,ENST00000617837,ENSP00000482467,ENSP00000478755,SEC14L2,ENST00000415072,ENSP00000399596,ENSP00000478755,LCMFEENYPETLKRL,,,True,5.5,-1.2413344225243514,PDQVPVEYGGTMTDP,,,True,6.0,1.459310279308489,QVEYEILFPGCVLRW,,,True,6.0,-0.4347913889362317,NP_593003.1,SSISQDYYPERMGKF,0.3634920634920635,0.2,,,,,,False,-0.9286231620204838,,NP_036561,,NP_593003.1,ADNLPAKLGGNCQCP,0.2916666666666667,0.3333333333333333,,,,,,False,-0.4448472160376869,,NP_036561,,NP_593003.1,EMLALKRFPACSRKA,0.3666666666666667,0.2,,,,,,False,3.7331455165242646,,NP_036561,
ENSG00000185813,PCYT2,ENST00000538936,ENSP00000439245,ENSP00000442050,PCYT2,ENST00000538936,ENSP00000439245,ENSP00000442050,MSSEYREYADSFGKP,,,True,4.5,-0.7009810323543267,SQEMSSEYREYADSF,,,True,4.5,0.7230732022075191,TSQKIIQFASGKEPQ,,,True,5.0,2.8595673560925228,NP_594306.1,IDLLRRFATDSDGLT,0.3333333333333333,0.2666666666666666,,,,,,False,0.3053699755070809,,NP_001171846,XP_005256444,NP_594306.1,ASSSNIKHRLWLDGC,0.3136363636363636,0.1333333333333333,,,,,,False,-2.654844074847471,,NP_001171846,XP_005256444,NP_594306.1,QIDLLRRFATDSDGL,0.4277777777777778,0.1333333333333333,,,,,,False,4.717327625149958,,NP_001171846,XP_005256444
ENSG00000137760,ALKBH8,ENST00000428149,ENSP00000415885,ENSP00000415885,ALKBH8,ENST00000428149,ENSP00000415885,ENSP00000415885,RKETPPSFPESDKEA,,,True,5.0,0.2851049766976021,PWPHIVEFLKALPSG,,,True,5.5,2.174878668786289,LPDICESFLEKWLRK,,,True,5.5,-0.6949973692532913,NP_593681.1,QYEYPNAKPEELKGH,0.4416666666666666,0.3333333333333333,,,,,,False,-1.130257867969358,,NP_620130,XP_047283826,NP_593681.1,PWPVVEKFLKSLPLG,0.7416666666666667,0.6,,,,,,False,3.685096589309683,,NP_620130,XP_047283826,NP_593681.1,TRYKPWPVVEKFLKS,0.4761904761904762,0.2,,,,,,False,0.8670976155406107,,NP_620130,XP_047283826
ENSG00000142494,SLC47A1,ENST00000436810,ENSP00000407155,ENSP00000270570,SLC47A1,ENST00000436810,ENSP00000407155,ENSP00000270570,SFLXVGSFLSGILGM,topological domain,Extracellular,False,5.5,6.118862650584857,LLXDHVGYIFTTDRD,topological domain,Extracellular,False,6.5,-0.236820403257688,AXLISQTYGSQNLKH,topological domain,Cytoplasmic,True,7.0,1.2764637115514157,NP_588077.1,WAFELVTFASGVLGT,0.6583333333333333,0.3333333333333333,0.4902920294275713,0.0,0.329791458911185,0.0,0.670208541088815,False,4.484515193126319,5.5,NP_060712,,NP_588077.1,LTRNTWTYIFTSDKD,0.7666666666666666,0.4666666666666667,,,,,,False,1.7868040351140155,,NP_060712,,NP_588077.1,WAFELVTFASGVLGT,0.5277777777777778,0.2,0.4902920294275713,0.0,0.329791458911185,0.0,0.670208541088815,False,4.484515193126319,5.5,NP_060712,
ENSG00000133657,ATP13A3,ENST00000645538,ENSP00000494471,ENSP00000416508,ATP13A3,ENST00000645538,ENSP00000494471,ENSP00000416508,GIVRQFPFSSALQRM,topological domain,Cytoplasmic,True,5.0,6.337214602746784,VAKINWHYADSLTQC,topological domain,Cytoplasmic,True,5.0,1.451977599879026,KPTDFKLYRDAYLFL,topological domain;transmembrane region,Cytoplasmic;Helical,False,5.0,0.2114961464326544,NP_587882.1,KLFQLTPTSKSFQNF,0.475,0.2,,,,,,False,4.316990437878216,,NP_078800,,NP_587882.1,PASLCKHFLFSGTKI,0.4583333333333333,0.2666666666666666,,,,,,False,0.8697503954347952,,NP_078800,,NP_587882.1,SVVKEGLERDAINDR,0.5166666666666667,0.2666666666666666,,,,,,False,4.303874992340817,,NP_078800,
ENSG00000143324,XPR1,ENST00000367590,ENSP00000356562,ENSP00000356562,XPR1,ENST00000367590,ENSP00000356562,ENSP00000356562,AHVEVAPFYTCKKIN,topological domain,Cytoplasmic,True,4.5,1.29978345532634,HKVGFADFWLADQLN,transmembrane region;topological domain,Helical;Extracellular,False,5.0,0.5930953189698693,LKLAFSEFYLSLILL,topological domain,Cytoplasmic,True,5.0,4.008351639057968,NP_588554.2,LKTTLLDFYDYLKLV,0.3968253968253968,0.2,0.5042885452816561,0.0,0.3379033034707251,0.0,0.6620966965292748,False,1.2215486107650138,5.0,NP_004727,,NP_588554.2,STVHFQDFFFADQMV,0.6944444444444443,0.4666666666666667,,,,,,False,0.3599496300088022,,NP_004727,,NP_588554.2,QANKVEEFFENLVSD,0.4694444444444444,0.2,0.4770665692286796,0.0,0.389970364246352,0.0,0.6100296357536479,False,0.1629573575298566,4.5,NP_004727,
ENSG00000126067,PSMB2,ENST00000373237,ENSP00000362334,ENSP00000362334,PSMB2,ENST00000373237,ENSP00000362334,ENSP00000362334,EAGDTVQFAEYIQKN,,,True,6.0,-4.85614201956512,PALYYMDYLAALAKA,,,True,6.0,0.1097749581207808,HDLDNISFPKQGSGG,,,True,7.0,-1.5942863266087446,NP_592916.1,EAGDTTNFAEYIAAN,0.625,0.7333333333333333,0.3992187451053668,0.0,0.3435945655662624,0.0,0.6564054344337376,False,-5.088794486767902,5.5,NP_002785,,NP_592916.1,PELFWLDYLATCVRV,0.6666666666666666,0.4,,,,,,False,-0.574652536140694,,NP_002785,,NP_592916.1,SPEATASFTRKQLAT,0.3166666666666667,0.1333333333333333,,,,,,False,-0.199092693071371,,NP_002785,
ENSG00000065057,NTHL1,ENST00000219066,ENSP00000219066,ENSP00000498421,NTHL1,ENST00000219066,ENSP00000219066,ENSP00000498421,HLGTEHCYDSSAPPK,,,True,6.0,7.876884595806706,YEGSDSEKGEGAEPL,,,True,6.5,3.288963116658687,KLIYPVGFWRSKVKY,,,True,6.5,-0.4785914915023285,NP_593210.1,EEQTRAALQSWLPKE,0.2462121212121212,0.2,,,,,,False,-3.150807231470196,,NP_002519,,NP_593210.1,MARILSEKFQGDIPD,0.3583333333333333,0.3333333333333333,,,,,,False,7.971132046649338,,NP_002519,,NP_593210.1,LNHTLVGFGQTICLP,0.3259259259259259,0.2,,,,,,False,3.9236647103128015,,NP_002519,
ENSG00000283883,VPS53,ENST00000639801,ENSP00000492761,ENSP00000492761,VPS53,ENST00000639801,ENSP00000492761,ENSP00000492761,GQQILADFEEAFPSQ,,,True,3.5,1.0745510686911044,FEPHLYVYIESQDKN,,,True,4.5,2.724208111126086,MEEEELEFVEELEAV,,,True,5.0,-1.7130682308534344,NP_593341.1,FVKKTPQLEESSPIF,0.5416666666666666,0.2,,,,,,False,-0.9595827759237028,,NP_001121631,,NP_593341.1,DRLSLQVFVASLEQT,0.5666666666666667,0.2,,,,,,False,1.489437495897194,,NP_001121631,,NP_593341.1,IGNNEFKFVETLHEL,0.5,0.3333333333333333,0.4735577667430343,0.0,0.6829549697830853,0.0,0.3170450302169146,False,5.288737841113857,6.0,NP_001121631,
ENSG00000123992,DNPEP,ENST00000520694,ENSP00000429468,ENSP00000273075,DNPEP,ENST00000520694,ENSP00000429468,ENSP00000273075,SCQHPTAFEEAIPKS,,,True,4.5,-1.288846432631427,NRLLQAGFSELKETE,,,True,5.5,-1.3578864996222302,TLTLFKGFFELFPSL,,,True,5.5,-0.2055273538500212,NP_594745.1,GLENELAKEETSDNG,0.3722222222222222,0.2,,,,,,False,-0.2822418121126289,,NP_036232,,NP_594745.1,EHYMSHGFQYLSEKS,0.6190476190476191,0.2666666666666666,,,,,,False,-0.2257932411782234,,NP_036232,,NP_594745.1,EHYMSHGFQYLSEKS,0.3190476190476191,0.2,,,,,,False,-0.2257932411782234,,NP_036232,
ENSG00000132842,AP3B1,ENST00000519295,ENSP00000430597,ENSP00000255194,AP3B1,ENST00000519295,ENSP00000430597,ENSP00000255194,LEDNGKNFYESDDDQ,,,True,3.0,-2.1573259565114764,TVSMGIDFCDSTQTA,,,True,4.0,-0.485035703049293,ENSAKKFYSESEEEE,,,True,4.5,-0.8792686748353951,NP_593796.1,HSEEKQNDLESRDDV,0.5416666666666666,0.3333333333333333,,,,,,False,-1.7422509469431455,,NP_003655,,NP_593796.1,SDNFKRDFGDTNAIN,0.4083333333333334,0.2,0.3563607790659529,0.0,0.6979312984046365,0.0,0.3020687015953635,False,0.8941749971568391,4.0,NP_003655,,NP_593796.1,QTLEEFYASETSESS,0.5214285714285715,0.2,,,,,,False,1.0861680930768691,,NP_003655,
ENSG00000159377,PSMB4,ENST00000290541,ENSP00000290541,ENSP00000290541,PSMB4,ENST00000290541,ENSP00000290541,ENSP00000290541,RCMRVLYYRDARSYN,,,True,4.5,3.3009353683397813,IPSTPDSFMDPASAL,,,True,5.0,7.623655572293798,NTMVIGGYADGESFL,,,True,5.5,3.621532025977807,NP_595308.1,ECMRVLFYRDARSLN,0.9166666666666666,0.8,0.5842034648925577,0.0,0.380081888607997,0.0,0.6199181113920029,False,4.33711322508094,4.5,NP_002787,,NP_595308.1,VLYARRNKLDPYWNQ,0.298989898989899,0.1333333333333333,,,,,,False,5.277734205689827,,NP_002787,,NP_595308.1,LEIKEGNYGDGYALQ,0.5416666666666666,0.2666666666666666,0.6992630761608034,0.0,0.1797701529227592,0.0,0.8202298470772409,True,0.6847183726268712,6.0,NP_002787,
ENSG00000124532,MRS2,ENST00000274747,ENSP00000274747,ENSP00000367637,MRS2,ENST00000274747,ENSP00000274747,ENSP00000367637,LETDIKIFKESILEI,topological domain,Mitochondrial matrix,False,5.0,-1.619464085654934,ELLLENYYRLADDLS,topological domain,Mitochondrial matrix,False,5.5,0.9860242892349524,LNLEQWLFRELPSQL,topological domain,Mitochondrial matrix,False,6.0,-0.6075274670088933,NP_596358.1,DFKKMDLCKQNGLLP,0.474074074074074,0.1333333333333333,,,,,,False,2.4052693079520275,,NP_065713,XP_005249299,NP_596358.1,DSELHVLHNLVSDLL,0.3333333333333333,0.2666666666666666,,,,,,False,0.380934605360944,,NP_065713,XP_005249299,NP_596358.1,ICRSLFLFPKYRSRI,0.4619047619047619,0.2,,,,,,False,1.188911118607996,,NP_065713,XP_005249299
ENSG00000131153,GINS2,ENST00000253462,ENSP00000253462,ENSP00000253462,GINS2,ENST00000253462,ENSP00000253462,ENSP00000253462,EINTSGTFLTQALNH,,,True,6.0,6.10636510682202,NFSLDKIYLIGGDLG,,,True,7.0,-0.6368048609804154,LRVSADSFVRQQEAH,,,True,7.0,2.610732499144332,NP_595493.1,PRELEISFSPEEMEF,0.2345238095238095,0.0666666666666666,,,,,,False,2.8668451620224493,,NP_057179,,NP_595493.1,FSPEEMEFLAGNEYI,0.3416666666666666,0.1333333333333333,,,,,,False,-0.5133596677272194,,NP_057179,,NP_595493.1,MEIGKLENIRDDELE,0.375,0.1333333333333333,,,,,,False,-0.8942135839782844,,NP_057179,
ENSG00000103356,EARS2,ENST00000449606,ENSP00000395196,ENSP00000395196,EARS2,ENST00000563499,ENSP00000458604,ENSP00000395196,QSQRLELYAQATEAL,,,True,6.0,4.43231982276742,KSDGFPTYHLACVVD,,,True,6.0,3.342775803276113,SKRQGDVFLEHFAAD,,,True,6.5,-0.3051522836740312,NP_593525.1,TALFNYLWAKKSNGK,0.3636363636363636,0.1333333333333333,,,,,,False,8.125308575922311,,NP_001077083,XP_011544040,NP_593525.1,KSDGFPTYHFANVVD,0.8333333333333334,0.8666666666666667,,,,,,False,3.342775803276113,,NP_001077083,XP_011544040,NP_593525.1,KEFEKIVFYFYEASD,0.4404761904761904,0.2666666666666666,,,,,,False,-3.706434875900863,,NP_001077083,XP_011544040
ENSG00000136877,FPGS,ENST00000393706,ENSP00000377309,ENSP00000362344,FPGS,ENST00000393706,ENSP00000377309,ENSP00000362344,PQEPSMEYQDAVRML,,,True,4.5,-0.7614578239385942,GKGSTCAFTECILRS,,,True,4.5,-0.9744099652372852,SYGLKTGFFSSPHLV,,,True,5.0,3.771291602994452,NP_595450.1,LASKKNLYEDADARI,0.3999999999999999,0.2,0.6879302744309157,0.0,0.3392631472945643,0.0,0.6607368527054356,False,0.5329124082063821,5.0,NP_004948,XP_005251921,NP_595450.1,GKGSTCAFTSSILQQ,0.625,0.7333333333333333,0.2070043774221862,0.0,0.3696737286074731,0.0,0.6303262713925268,False,0.3386564691040968,5.5,NP_004948,XP_005251921,NP_595450.1,SIPKCIGMYTSPHLR,0.6047619047619047,0.4,,,,,,False,2.811289528568457,,NP_004948,XP_005251921
ENSG00000080819,CPOX,ENST00000647941,ENSP00000497326,ENSP00000497326,CPOX,ENST00000647941,ENSP00000497326,ENSP00000497326,TIHFNYRYFEVEEAD,,,True,6.0,3.250493924574996,KKWCDDYFFIAHRGE,,,True,6.0,1.779545759989147,RGIGGIFFDDLDSPS,,,True,6.0,1.0120069619795296,NP_593150.1,TTHLNYRYFELVNSD,0.7083333333333334,0.6,0.4197246156791989,0.0,0.29127050620201,0.0,0.70872949379799,False,6.254392097625584,7.0,NP_000088,XP_005247182,NP_593150.1,KKWADEYFLIKHRKE,0.6333333333333333,0.6666666666666666,,,,,,False,0.2450221702511169,,NP_000088,XP_005247182,NP_593150.1,RGIGGIFFDDLSEKD,0.8333333333333334,0.7333333333333333,0.2001470461617492,0.0,0.2239164021231546,0.0,0.7760835978768453,True,1.4451106377279854,5.5,NP_000088,XP_005247182
ENSG00000172531,PPP1CA,ENST00000312989,ENSP00000326031,ENSP00000365936,PPP1CA,ENST00000312989,ENSP00000326031,ENSP00000365936,NIKLWKTFTDCFNCL,,,True,4.0,2.183292334016338,APNYCGEFDNAGAMM,,,True,5.5,1.345596321325376,INRIYGFYDECKRRY,,,True,5.5,-0.6706650394754182,NP_596317.1,NIKLWKTFTDCFNCL,1.0,1.0,0.3718974935896372,0.0,0.6211592108235623,0.0,0.3788407891764377,False,2.183292334016338,4.0,NP_002699,,NP_596317.1,APNYCGEFDNAGAMM,1.0,1.0,,,,,,False,1.345596321325376,,NP_002699,,NP_596317.1,INRIYGFYDECKRRY,1.0,1.0,0.242841630062861,0.0,0.8281662542715492,0.0,0.1718337457284508,False,-0.6706650394754182,5.5,NP_002699,
ENSG00000186298,PPP1CC,ENST00000335007,ENSP00000335084,ENSP00000335084,PPP1CC,ENST00000335007,ENSP00000335084,ENSP00000335084,NIKLWKTFTDCFNCL,,,True,4.0,2.183292334016338,INRIYGFYDECKRRY,,,True,5.5,-0.6706650394754182,APNYCGEFDNAGAMM,,,True,5.5,1.345596321325376,NP_587898.1,SIKLWKTFTDCFNCM,1.0,0.8666666666666667,0.4262739239766666,0.0,0.6159232779621037,0.0,0.3840767220378963,False,2.183292334016338,4.0,NP_002701,XP_011536806,NP_587898.1,INRIYGFYDECKRRY,1.0,1.0,0.242841630062861,0.0,0.8281662542715492,0.0,0.1718337457284508,False,-0.6706650394754182,5.5,NP_002701,XP_011536806,NP_587898.1,APNYCGEFDNVGAMM,0.8333333333333334,0.9333333333333332,,,,,,False,2.2138604829214072,,NP_002701,XP_011536806
ENSG00000043514,TRIT1,ENST00000316891,ENSP00000321810,ENSP00000321810,TRIT1,ENST00000316891,ENSP00000321810,ENSP00000321810,ATPIKMPYNEAENKR,,,True,5.0,2.3574319430408246,VARSLQVFEETGISH,,,True,5.0,5.044012541171831,QSIGFKEFHEYLITE,,,True,5.0,-2.3490874135322337,NP_593436.1,GFKEFMPWFEAPSDI,0.4886363636363636,0.2666666666666666,,,,,,False,0.616086148983777,,NP_060116,,NP_593436.1,YYLQSLLFEDTTLSA,0.6805555555555557,0.2666666666666666,0.4707744482113483,0.0,0.5440494075313589,0.0,0.455950592468641,False,-0.054672834307196,5.0,NP_060116,,NP_593436.1,LMSFLNFDKEYSVPE,0.2583333333333333,0.2,,,,,,False,-0.7594803277526267,,NP_060116,
ENSG00000129625,REEP5,ENST00000511865,ENSP00000421305,ENSP00000368959,REEP5,ENST00000511865,ENSP00000421305,ENSP00000368959,YKRIIRPFFLKHESQ,topological domain,Cytoplasmic,True,6.5,2.718441189137541,LKDKAKETADAITKE,topological domain,Cytoplasmic,True,7.0,3.773127466329629,IGFGYPAYISIKAIE,transmembrane region,Helical,False,7.5,0.9428337276213572,NP_588478.1,LLAFAMPAFFSINAI,0.25,0.1333333333333333,,,,,,False,7.168883715238598,,NP_005660,,NP_588478.1,KSVSRQNAAPAPTAS,0.4761904761904762,0.2,,,,,,False,-0.4433450188425811,,NP_005660,,NP_588478.1,LAFAMPAFFSINAIE,0.75,0.5333333333333333,0.3409425860103976,0.0,0.6999763472396241,0.0,0.3000236527603759,False,4.643892846796152,6.0,NP_005660,
ENSG00000152684,PELO,ENST00000274311,ENSP00000274311,ENSP00000274311,PELO,ENST00000274311,ENSP00000274311,ENSP00000274311,LCVEAIDFDSQACQL,,,True,6.0,7.123235732353825,PGFVREQFCDYLFQQ,,,True,6.5,-0.978284260930594,EVKALDDFYKMLQHE,,,True,6.5,3.7775831981644648,NP_587936.1,ILVENMDFDTKAAQL,0.5666666666666668,0.5333333333333333,,,,,,False,4.227227834522445,,NP_057030,,NP_587936.1,YQKGLDKFYDSVFQS,0.4023809523809523,0.2666666666666666,0.4477821871586957,0.0,0.5658423734806378,0.0,0.4341576265193621,False,2.521658065645928,4.5,NP_057030,,NP_587936.1,SINSEFDFDKLKVVI,0.4166666666666667,0.2,,,,,,False,6.30332296499758,,NP_057030,
ENSG00000066926,FECH,ENST00000262093,ENSP00000262093,ENSP00000262093,FECH,ENST00000262093,ENSP00000262093,ENSP00000262093,VCRETKSFFTSQQLG,,,True,4.0,0.1553489527786387,SLNGNPLFSKALADL,,,True,6.5,1.3004820549388143,HHLLIQCFADHILKE,,,True,6.5,3.042321028509764,NP_587720.1,SQYPQWSCATSGASL,0.3379629629629629,0.2,,,,,,False,1.501087339261956,,NP_000131,,NP_587720.1,DELKKANVSRAVAFS,0.4416666666666666,0.2,,,,,,False,0.0737725818778748,,NP_000131,,NP_587720.1,RDDVVIVFSAHSLPM,0.4166666666666667,0.2,,,,,,False,4.069648933226459,,NP_000131,
ENSG00000164091,WDR82,ENST00000296490,ENSP00000296490,ENSP00000296490,WDR82,ENST00000296490,ENSP00000296490,ENSP00000296490,FNPKFMTFASACSNM,,,True,4.0,1.022391113281504,MSPVDDTFISGSLDK,,,True,5.0,3.260115495600039,SDDDSIVLYDCQEGK,,,True,5.0,-1.09048721790934,NP_595730.1,VSPADETFLSASLDN,0.5416666666666666,0.3333333333333333,0.6718426179439306,0.0,0.3125002420497729,0.0,0.6874997579502271,False,0.3573797626998354,4.0,NP_079498,XP_011532438,NP_595730.1,VSPADETFLSASLDN,0.75,0.6,0.6718426179439306,0.0,0.3125002420497729,0.0,0.6874997579502271,False,0.3573797626998354,4.0,NP_079498,XP_011532438,NP_595730.1,CTDDTLQLYNCISGK,0.4611111111111111,0.4666666666666667,,,,,,False,-1.410018183039506,,NP_079498,XP_011532438
ENSG00000136631,VPS45,ENST00000698598,ENSP00000513825,ENSP00000495563,VPS45,ENST00000698598,ENSP00000513825,ENSP00000495563,FVIGGATYEEALTVY,,,True,4.0,2.252601293881757,QNPKVTEFDAARLVM,,,True,5.5,5.108632855511394,ANNMYLNFAEIGSNI,,,True,6.0,-1.0619159998542036,NP_593083.1,VIVGGATYEEAHFVS,0.7777777777777778,0.6,0.5468142542957644,0.0,0.3918674952115688,0.0,0.6081325047884312,False,2.3204063375117263,4.5,NP_009190,,NP_593083.1,EAHFVSEFNATQPGV,0.4563492063492063,0.2666666666666666,,,,,,False,2.255620807388085,,NP_009190,,NP_593083.1,QTKSTKKASEIESIA,0.4583333333333333,0.2,,,,,,False,-0.6483163495677519,,NP_009190,
ENSG00000116771,AGMAT,ENST00000375826,ENSP00000364986,ENSP00000364986,AGMAT,ENST00000375826,ENSP00000364986,ENSP00000364986,KLYHGAPFRRCVDEG,,,True,5.5,0.5295222205129838,KALGEKLYHGAPFRR,,,True,6.5,-0.3463177954741767,PSTGALPFQSLMVAD,,,True,7.0,2.907905147164998,NP_592806.1,ATFGRLPYWKCLNDK,0.4537518037518037,0.1333333333333333,,,,,,False,2.8733994827810365,,NP_079034,,NP_592806.1,KSSVGSINHGTYFYH,0.5277777777777778,0.2666666666666666,,,,,,False,4.409350149052565,,NP_079034,,NP_592806.1,WKCLNDKSQSFDIAF,0.3416666666666666,0.2,,,,,,False,4.756452823955756,,NP_079034,
ENSG00000165637,VDAC2,ENST00000298468,ENSP00000298468,ENSP00000443092,VDAC2,ENST00000298468,ENSP00000298468,ENSP00000443092,LAGYQMTFDSAKSKL,transmembrane region,Beta stranded,False,4.0,1.0149342830160688,KSCSGVEFSTSGSSN,transmembrane region,Beta stranded,False,4.0,-0.7501330505489434,CQGLKLTFDTTFSPN,transmembrane region,Beta stranded,False,4.5,-0.2720562270685778,NP_594661.1,EAGGNVTWDAASTAN,0.5901515151515152,0.3333333333333333,,,,,,False,2.193886353900245,,NP_003366,,NP_594661.1,KGVISGKLETSFNDK,0.3944444444444444,0.2,,,,,,False,4.300715767028399,,NP_003366,,NP_594661.1,APGLHLNVNTTFSPA,0.4861111111111111,0.5333333333333333,,,,,,False,-0.7530735613726931,,NP_003366,
ENSG00000148606,POLR3A,ENST00000372371,ENSP00000361446,ENSP00000361446,POLR3A,ENST00000372371,ENSP00000361446,ENSP00000361446,VSNFLQSFETAIEHN,,,True,3.5,4.178860344182143,KGFVANSFYSGLTPT,,,True,4.0,6.849741348274446,GYKKCDEYIEALNTG,,,True,4.0,3.5420330085126004,NP_595506.1,EENFRHSFDEALKTI,0.5555555555555556,0.3333333333333333,0.4614398273019519,0.0,0.638591939932846,0.0,0.361408060067154,False,-0.090818541507651,4.5,NP_008986,,NP_595506.1,KGFVSNSFYSGLTPT,1.0,0.9333333333333332,0.4331232582555405,0.0,0.326917764639484,0.0,0.673082235360516,False,3.8521258104719225,4.0,NP_008986,,NP_595506.1,LTNCNRDFIETIRTF,0.4722222222222221,0.2,0.3103838763484958,0.0,0.4903875586940092,0.0,0.5096124413059908,False,0.015100742435907,4.5,NP_008986,
ENSG00000279643,TAMM41,ENST00000624386,ENSP00000485654,ENSP00000485654,TAMM41,ENST00000623389,ENSP00000485177,ENSP00000485654,QKNAMLDFVFTVDDP,,,True,5.0,3.5332142318373565,SFSEEDLFIEIAGLS,,,True,5.0,2.7359267945906662,NNYGAGVYYNSLIMC,,,True,6.5,4.639970468762696,NP_595808.3,KENPMIDFIFQVEDP,0.6583333333333333,0.5333333333333333,,,,,,False,2.5701638492516787,,NP_001271330,,NP_595808.3,TGVYYNTHVEVEGNI,0.5291666666666667,0.1333333333333333,,,,,,False,0.1072665806864425,,NP_001271330,,NP_595808.3,ESFGTGVYYNTHVEV,0.8250000000000001,0.4,,,,,,False,-0.2153333959008102,,NP_001271330,
ENSG00000144559,TAMM41,ENST00000455809,ENSP00000398596,ENSP00000398596,TAMM41,ENST00000444133,ENSP00000388598,ENSP00000398596,QKNAMLDFVFTVDDP,,,True,5.0,3.5332142318373565,RDVEETLFQVAHDPD,,,True,5.0,0.2082254940829666,SFSEEDLFIEIAGLS,,,True,5.0,2.7359267945906662,NP_595808.3,KENPMIDFIFQVEDP,0.6583333333333333,0.5333333333333333,,,,,,False,2.5701638492516787,,NP_001271330,,NP_595808.3,NPMIDFIFQVEDPVK,0.5261904761904762,0.2,,,,,,False,4.081755398569872,,NP_001271330,,NP_595808.3,TGVYYNTHVEVEGNI,0.5291666666666667,0.1333333333333333,,,,,,False,0.1072665806864425,,NP_001271330,
ENSG00000152465,NMT2,ENST00000378165,ENSP00000367407,ENSP00000367407,NMT2,ENST00000378165,ENSP00000367407,ENSP00000367407,AAKHRYQFWDTQPVP,,,True,4.5,6.94610914738415,KLTDFLSFYTLPSTV,,,True,5.0,-0.9393490125855404,SNKKLVGFISAIPAN,,,True,5.0,3.8353006417261937,NP_596440.1,KTYEDFKFWKTQPVP,0.6666666666666666,0.4666666666666667,,,,,,False,5.757674301719687,,NP_004799,XP_047281975,NP_596440.1,KITDFFSFYSLPSTV,0.875,0.8,0.3672899632741342,0.0,0.2630436565365601,0.0,0.7369563434634399,False,1.5635353577298616,5.0,NP_004799,XP_047281975,NP_596440.1,SSRKLVAFISAVPLS,0.8333333333333334,0.6,0.5271719337658152,0.0,0.4715607690732575,0.0,0.5284392309267425,False,4.18837306083656,5.0,NP_004799,XP_047281975
ENSG00000058799,YIPF1,ENST00000464950,ENSP00000432266,ENSP00000072644,YIPF1,ENST00000072644,ENSP00000072644,ENSP00000072644,DDLQFEEFGNAATSL,topological domain,Cytoplasmic,True,4.0,3.6031146200715214,TFEYYQTFFDVDTYQ,topological domain,Cytoplasmic,True,4.5,1.0854686436686636,SPFWTFEYYQTFFDV,topological domain,Cytoplasmic,True,5.5,5.986710732192128,NP_592960.1,TVIQALFFSNSITEY,0.4583333333333333,0.2666666666666666,,,,,,False,2.8137428314246726,,NP_061855,,NP_592960.1,TLIPTVNFFDVVDDR,0.638888888888889,0.3333333333333333,0.6832452884725023,0.0,0.1342565534268128,0.0,0.8657434465731871,True,2.211370071223026,4.5,NP_061855,,NP_592960.1,EIDSEADLGRTTFEA,0.2972222222222222,0.1333333333333333,,,,,,False,-0.0175396147482592,,NP_061855,
ENSG00000172315,TP53RK,ENST00000372114,ENSP00000361186,ENSP00000361186,TP53RK,ENST00000372114,ENSP00000361186,ENSP00000361186,LIDFGLSFISALPED,,,True,4.5,0.8654489955935829,LYVLEKAFLSTHPNT,,,True,5.5,1.6740682586403564,TETVFEAFLKSYSTS,,,True,5.5,1.4961030495071443,NP_593411.1,IKCPMLYFIDANRGQ,0.3857142857142857,0.2666666666666666,0.5581423384027714,0.0,0.393602748195916,0.0,0.6063972518040839,False,3.094720075370708,5.0,NP_291028,,NP_593411.1,IYVLERALSSTLPES,0.5833333333333334,0.5333333333333333,,,,,,False,1.400278134635991,,NP_291028,,NP_593411.1,DLTTSNMMLESHNNP,0.3611111111111111,0.2,,,,,,False,5.484699129232839,,NP_291028,
ENSG00000165525,NEMF,ENST00000298310,ENSP00000298310,ENSP00000298310,NEMF,ENST00000298310,ENSP00000298310,ENSP00000298310,FDKAVDEFYSKIEGQ,,,True,4.0,2.4864161023227305,PYIEFESFDKAVDEF,,,True,4.5,-0.264311324483817,EGEETLNYPDTTIDL,,,True,4.5,2.587572946396292,NP_588145.2,YNECVDEFFSSIEAQ,0.75,0.5333333333333333,0.5926568993585504,0.0,0.425477045525184,0.0,0.5745229544748159,False,2.540642966602156,2.0,NP_004704,XP_047287868,NP_588145.2,SLKAPISIEDATDPQ,0.5388888888888889,0.2,,,,,,False,1.1955592563554038,,NP_004704,XP_047287868,NP_588145.2,SLTPNPQQQDTVINA,0.4333333333333333,0.2,,,,,,False,4.282505824626271,,NP_004704,XP_047287868
ENSG00000262145,ATP23,ENST00000571490,ENSP00000460944,ENSP00000460944,ATP23,ENST00000571490,ENSP00000460944,ENSP00000460944,QQGFFSSFFTSNQKC,,,True,4.0,1.487693760893807,QGNPQQGFFSSFFTS,,,True,4.5,1.0247236809713056,KKAVDEVFESCFNDH,,,True,5.0,6.889368294635146,NP_587717.1,VEEVFNSCFNDFRPF,0.3296296296296296,0.2,,,,,,False,2.708143870719442,,NP_150592,,NP_587717.1,AEAIVEEVFNSCFND,0.4194444444444444,0.2,,,,,,False,0.2509751721730292,,NP_150592,,NP_587717.1,EAIVEEVFNSCFNDF,0.8333333333333334,0.6,0.4478724489840436,0.0,0.2342781523242484,0.0,0.7657218476757516,True,6.737098278369336,4.0,NP_150592,
ENSG00000166896,ATP23,ENST00000300145,ENSP00000300145,ENSP00000300145,ATP23,ENST00000300145,ENSP00000300145,ENSP00000300145,QQGFFSSFFTSNQKC,,,True,4.0,1.487693760893807,QGNPQQGFFSSFFTS,,,True,4.5,1.0247236809713056,KKAVDEVFESCFNDH,,,True,5.0,6.889368294635146,NP_587717.1,VEEVFNSCFNDFRPF,0.3296296296296296,0.2,,,,,,False,2.708143870719442,,NP_150592,XP_016875695,NP_587717.1,AEAIVEEVFNSCFND,0.4194444444444444,0.2,,,,,,False,0.2509751721730292,,NP_150592,XP_016875695,NP_587717.1,EAIVEEVFNSCFNDF,0.8333333333333334,0.6,0.4478724489840436,0.0,0.2342781523242484,0.0,0.7657218476757516,True,6.737098278369336,4.0,NP_150592,XP_016875695
ENSG00000140006,WDR89,ENST00000394942,ENSP00000378399,ENSP00000480112,WDR89,ENST00000394942,ENSP00000378399,ENSP00000480112,DDDALLVFWDARMNS,,,True,3.0,6.176593930095462,TKDSLGAYSETHSDD,,,True,5.0,2.315828926127226,DYLIGGLYHEKTDTL,,,True,5.5,-1.090552650699719,NP_587980.1,RSLASVQLWDVRSEQ,0.225,0.2666666666666666,,,,,,False,1.880890384105062,,NP_542397,,NP_587980.1,WDIRSQAKSAVRSWT,0.3916666666666666,0.2,,,,,,False,3.418043918432961,,NP_542397,,NP_587980.1,HMESYAMYKLKRDKD,0.4083333333333334,0.2,,,,,,False,1.1904852048668555,,NP_542397,
ENSG00000008130,NADK,ENST00000341426,ENSP00000341679,ENSP00000341679,NADK,ENST00000341426,ENSP00000341679,ENSP00000341679,VRDPVSDWFESLAQC,,,True,5.0,2.2430343764164675,ALGSTKEFRRTRSLH,,,True,5.5,0.5529206134864966,DISNQIDFIICLGGD,,,True,5.5,-0.4589162096935986,NP_594181.1,STEEDADWFESIKRT,0.7999999999999999,0.3333333333333333,,,,,,False,-0.0216073545738056,,NP_075394,XP_011540311,NP_594181.1,VLYTSRLFQRTVPPI,0.3845238095238095,0.2666666666666666,,,,,,False,1.2830954088979811,,NP_075394,XP_011540311,NP_594181.1,KHSQLFDLVLTLGGD,0.5083333333333333,0.4,,,,,,False,5.568535595420089,,NP_075394,XP_011540311
ENSG00000128309,MPST,ENST00000401419,ENSP00000384812,ENSP00000411719,MPST,ENST00000401419,ENSP00000384812,ENSP00000411719,RHIPGAAFFDIDQCS,,,True,5.5,0.0450724385838396,DPAFIKTYEDIKENL,,,True,5.5,2.23729060115477,VNIPFTDFLSQEGLE,,,True,6.0,1.410813304367088,XP_001713164.1,SRLPGAQYFDIDEAK,0.6047619047619047,0.4666666666666667,0.556636645621111,0.0,0.0721441690427099,0.0,0.92785583095729,True,1.59921671548961,5.0,NP_066949,,XP_001713164.1,SRLPGAQYFDIDEAK,0.5499999999999999,0.2666666666666666,0.556636645621111,0.0,0.0721441690427099,0.0,0.92785583095729,True,1.59921671548961,5.0,NP_066949,,XP_001713164.1,MLPPADEFASYVGKL,0.5011904761904762,0.2666666666666666,0.3911245279523342,0.0,0.3276225774113852,0.0,0.6723774225886147,False,1.4724190681888274,6.0,NP_066949,
ENSG00000105819,PMPCB,ENST00000428154,ENSP00000390035,ENSP00000249269,PMPCB,ENST00000428154,ENSP00000390035,ENSP00000249269,LCHSFQSFNTSYTDT,,,True,4.5,0.1409475582142481,FQSFNTSYTDTGLWG,,,True,5.0,0.7257196193962495,LDLAKFHFGDSLCTH,,,True,5.0,2.249851879016581,NP_595827.1,LANSFMSFSTSYSDT,0.75,0.6666666666666666,0.3154971728524922,0.0,0.4527022543625318,0.0,0.5472977456374682,False,0.7044008558892467,4.5,NP_004270,,NP_595827.1,FMSFSTSYSDTGLWG,0.875,0.8,0.4213926244263536,0.0,0.6607692962676501,0.0,0.3392307037323499,False,1.0284403022664068,5.0,NP_004270,,NP_595827.1,LANSFMSFSTSYSDT,0.2166666666666666,0.2,0.3154971728524922,0.0,0.4527022543625318,0.0,0.5472977456374682,False,0.7044008558892467,4.5,NP_004270,
ENSG00000134109,EDEM1,ENST00000434243,ENSP00000393659,ENSP00000256497,EDEM1,ENST00000443790,ENSP00000394615,ENSP00000256497,TEDRMESFFLSETCK,topological domain,Lumenal,False,4.5,3.174771919670444,LGAGLDSFYEYLLKS,topological domain,Lumenal,False,5.0,-1.7393069341964622,EKEDLEMFNAAYQSI,topological domain,Lumenal,False,5.5,3.800195247849472,NP_594434.1,LSNRMESFFLSETLK,1.0,0.7333333333333333,,,,,,False,5.267631142395281,,NP_055489,XP_011532574,NP_594434.1,VGAGIDSFYEYAFKS,0.8333333333333334,0.7333333333333333,0.3519516707693799,0.0,0.6077363874453238,0.0,0.3922636125546762,False,0.5197800379541451,5.0,NP_055489,XP_011532574,NP_594434.1,RDTKVQVFEATIRIL,0.4083333333333334,0.1333333333333333,,,,,,False,1.2867925465242116,,NP_055489,XP_011532574
ENSG00000101868,POLA1,ENST00000379068,ENSP00000368358,ENSP00000368349,POLA1,ENST00000379068,ENSP00000368358,ENSP00000368349,MEFEDGDFDEPMEVE,,,True,3.5,3.786316419546997,QESGAMEFEDGDFDE,,,True,4.5,2.698448620078397,SLSDSGSFVSSRARR,,,True,4.5,0.1962180464942844,NP_594186.1,IHSYLMDFSEKMRNG,0.4666666666666666,0.2666666666666666,,,,,,False,2.793551099326333,,NP_058633,XP_047298139,NP_594186.1,EYILLHEFKKNGYIV,0.4047619047619047,0.1333333333333333,,,,,,False,4.088020635530402,,NP_058633,XP_047298139,NP_594186.1,TKKGNRSHTTSNAKR,0.5125000000000001,0.2666666666666666,,,,,,False,-0.1800073371907791,,NP_058633,XP_047298139
ENSG00000146143,PRIM2,ENST00000672107,ENSP00000500708,ENSP00000484105,PRIM2,ENST00000672107,ENSP00000500708,ENSP00000484105,ESIYKIPFADALDLF,,,True,3.5,0.3788557833937194,LRKLKFSYRENLEDE,,,True,5.5,0.5804501101833083,NPPSQGDYHGCPFRH,,,True,5.5,-0.9107164914725824,NP_596380.1,ETRERQAFIDSLDFQ,0.4583333333333333,0.3333333333333333,0.4159299778277797,0.0,0.5185554930270747,0.0,0.4814445069729252,False,-0.5877348582408377,4.0,NP_000938,XP_047274945,NP_596380.1,EDKFNKEYRYNIRHT,0.4523809523809524,0.2666666666666666,,,,,,False,-0.266432538012456,,NP_000938,XP_047274945,NP_596380.1,PQLGPGDAHGCPYRT,0.6547619047619048,0.4666666666666667,,,,,,False,-0.1959988777089764,,NP_000938,XP_047274945
ENSG00000168350,DEGS2,ENST00000305631,ENSP00000307126,ENSP00000307126,DEGS2,ENST00000305631,ENSP00000307126,ENSP00000307126,VRKIAPEYYDHLPQH,,,True,5.0,2.4775367864599387,KVLWDFVFEDSLGPY,,,True,5.0,4.75599571728531,YARVKRVYRLAKDGL,,,True,6.0,2.99118621673116,NP_596407.1,VRELAPEFYDNIPDC,0.7777777777777777,0.5333333333333333,0.4486179640203724,0.0,0.5535974305693812,0.0,0.4464025694306188,False,2.716540484731432,4.5,NP_996801,XP_006720106,NP_596407.1,TRAELILFDNVLGKA,0.375,0.2,,,,,,False,4.152485931454174,,NP_996801,XP_006720106,NP_596407.1,WTRIGKVRELAPEFY,0.5,0.2666666666666666,,,,,,False,-0.2418590012542746,,NP_996801,XP_006720106
ENSG00000087995,METTL2A,ENST00000616852,ENSP00000479905,ENSP00000309610,METTL2A,ENST00000616852,ENSP00000479905,ENSP00000309610,QEELDTLFTTAGLEK,,,True,4.0,0.0761645630613735,LFVYCCDFSSTAIEL,,,True,4.5,8.879772645650407,GDGTRVYFFTQEELD,,,True,5.0,1.6726259524624632,NP_596587.2,IDAITLIFCFSALSP,0.3842592592592592,0.1333333333333333,,,,,,False,2.7594901259022406,,NP_859076,,NP_596587.2,LKIFAVDYSEKAIDV,0.5380952380952381,0.3333333333333333,,,,,,False,9.029945856232562,,NP_859076,,NP_596587.2,GDGTRVYYMTNEELV,0.5714285714285715,0.7333333333333333,0.1316047871239832,0.0,0.1745171176243173,0.0,0.8254828823756827,True,1.6787007814657091,6.5,NP_859076,
ENSG00000126267,COX6B1,ENST00000649813,ENSP00000497926,ENSP00000497926,COX6B1,ENST00000649813,ENSP00000497926,ENSP00000497926,CWQNYLDFHRCQKAM,,,True,5.5,-1.3225318614561596,METKIKNYKTAPFDS,,,True,5.5,1.4804497816432796,CEWYQRVYQSLCPTS,,,True,7.5,0.8005669755482543,NP_588322.2,CFQSYIDYFRCIKAK,0.7103174603174603,0.5333333333333333,,,,,,False,-1.0916124975169994,,NP_001854,,NP_588322.2,EAPKQFTFGTVGFDA,0.3611111111111111,0.2666666666666666,0.5023027313135945,0.0,0.3736672709719257,0.0,0.6263327290280742,False,3.50453938892112,6.5,NP_001854,,NP_588322.2,CKQFWHAYQSLCPME,0.8333333333333334,0.4666666666666667,0.3687358055426913,0.0,0.4967665278265132,0.0,0.5032334721734868,False,0.5963332128996329,7.5,NP_001854,
ENSG00000166562,SEC11C,ENST00000509791,ENSP00000482872,ENSP00000468633,SEC11C,ENST00000509791,ENSP00000482872,ENSP00000468633,EVDDRGLYKEGQNWL,topological domain,Lumenal,False,5.5,1.7705743412924455,SGSMEPAFHRGDLLF,topological domain,Lumenal,False,6.5,0.0,KDNGDIKFLTKGDNN,topological domain,Lumenal,False,6.5,1.6129177427267412,NP_595207.1,SENQTHLITKGDNNK,0.4583333333333333,0.2,,,,,,False,5.021270656108621,,NP_150596,XP_011524562,NP_595207.1,SESMEPSFQRGDLLF,0.7083333333333334,0.8,,,,,,False,-1.0683244645892156,,NP_150596,XP_011524562,NP_595207.1,ESENQTHLITKGDNN,0.5625,0.4,,,,,,False,2.114196357803304,,NP_150596,XP_011524562
ENSG00000198841,KTI12,ENST00000371614,ENSP00000360676,ENSP00000360676,KTI12,ENST00000371614,ENSP00000360676,ENSP00000360676,GAEDPAVYGDSAREK,,,True,5.5,2.2886268253910105,AKHGSGAFYSPELLE,,,True,6.0,3.851190286121556,LLEALTLRFEAPDSR,,,True,6.5,3.554724182451272,NP_594556.1,KGFRYQLYCESKSMY,0.3444444444444445,0.1333333333333333,0.2744009722897317,0.0,0.7426557830305156,0.0,0.2573442169694844,False,0.3431560598494116,5.0,NP_612426,,NP_594556.1,EPNGMTRWDSPLFTV,0.2318181818181818,0.2,,,,,,False,10.602660061630385,,NP_612426,,NP_594556.1,VLEQLMFRYEEPNGM,0.3992063492063492,0.4,,,,,,False,7.176272059775274,,NP_612426,
ENSG00000168530,MYL1,ENST00000352451,ENSP00000307280,ENSP00000307280,MYL1,ENST00000352451,ENSP00000307280,ENSP00000307280,SKEQQDEFKEAFLLF,,,True,3.5,-0.3051522836740312,DQATYEDFVEGLRVF,,,True,4.5,3.448224315478159,NNKDQATYEDFVEGL,,,True,5.5,-0.7893559988003918,NP_594947.1,MSTDDSPYKQAFSLF,0.3642857142857142,0.3333333333333333,,,,,,False,-0.5040404581962068,,NP_524144,,NP_594947.1,MPGDPEEFVKGFQVF,0.6333333333333334,0.4,,,,,,False,2.1772021262089094,,NP_524144,,NP_594947.1,VKDGMVNYHDFVQMI,0.5666666666666667,0.2666666666666666,0.5265254779902697,0.0,0.5026131381495609,0.0,0.4973868618504391,False,3.308010187791315,6.5,NP_524144,
ENSG00000291835,MYG1,ENST00000708949,ENSP00000517432,ENSP00000517432,MYG1,ENST00000708949,ENSP00000517432,ENSP00000517432,YDHHQRSFTETMSSL,,,True,4.0,-1.5267515985595277,LLRLLPEYRDAEIVR,,,True,4.0,10.640772971324107,DQDTEAGFKRAMDLV,,,True,4.5,0.9928021934521978,NP_594484.1,FDHHQREFNDTFSPK,0.5555555555555555,0.5333333333333333,0.4325267048952538,0.0,0.5056569045634735,0.0,0.4943430954365265,False,-0.4189097425978312,3.5,NP_067653,,NP_594484.1,AREAILKAKDSPILI,0.3916666666666666,0.1333333333333333,,,,,,False,3.746890076293552,,NP_067653,,NP_594484.1,DQTYLECFQKASDLM,0.5444444444444444,0.4,,,,,,False,2.6534510314933164,,NP_067653,
ENSG00000139637,MYG1,ENST00000267103,ENSP00000267103,ENSP00000267103,MYG1,ENST00000267103,ENSP00000267103,ENSP00000267103,YDHHQRSFTETMSSL,,,True,4.0,-1.5267515985595277,LLRLLPEYRDAEIVR,,,True,4.0,10.640772971324107,DQDTEAGFKRAMDLV,,,True,4.5,0.9928021934521978,NP_594484.1,FDHHQREFNDTFSPK,0.5555555555555555,0.5333333333333333,0.4325267048952538,0.0,0.5056569045634735,0.0,0.4943430954365265,False,-0.4189097425978312,3.5,NP_067653,,NP_594484.1,AREAILKAKDSPILI,0.3916666666666666,0.1333333333333333,,,,,,False,3.746890076293552,,NP_067653,,NP_594484.1,DQTYLECFQKASDLM,0.5444444444444444,0.4,,,,,,False,2.6534510314933164,,NP_067653,
ENSG00000175193,PARL,ENST00000638817,ENSP00000492596,ENSP00000325421,PARL,ENST00000638817,ENSP00000492596,ENSP00000325421,LKSRVQSYFDGIKAD,topological domain,Mitochondrial intermembrane,False,5.0,4.833793539867954,PPVEETVFYPSPYPI,topological domain,Mitochondrial matrix,False,5.5,0.3539322402792711,GMILGWKFFDHAAHL,topological domain;transmembrane region,Mitochondrial matrix;Helical,False,6.0,7.143920516932262,NP_596266.2,ATFYTANYLDKRRKN,0.3611111111111111,0.1333333333333333,,,,,,False,0.2442336482169437,,NP_061092,XP_005247639,NP_596266.2,VGVGSATFYTANYLD,0.5083333333333333,0.2666666666666666,0.5522683194555649,0.0,0.2082467785413853,0.0,0.7917532214586147,True,1.1786875697335353,3.5,NP_061092,XP_005247639,NP_596266.2,SSFANFTLIDHAAHL,0.4666666666666666,0.4,,,,,,False,5.953116947383059,,NP_061092,XP_005247639
ENSG00000111144,LTA4H,ENST00000228740,ENSP00000228740,ENSP00000228740,LTA4H,ENST00000228740,ENSP00000228740,ENSP00000228740,VEKSAYEFSETESML,,,True,3.5,3.2353097018715693,LQNSVKTFGETHPFT,,,True,4.5,0.3548373961739521,EIVIEISFETSPKSS,,,True,5.0,-0.5075895735003474,NP_588133.1,RMGDVYSFAESKNAE,0.4444444444444444,0.2,0.3687413841357754,0.0,0.4158039452623366,0.0,0.5841960547376633,False,3.8261065684355353,4.5,NP_000886,XP_011536651,NP_588133.1,FLKPEQTIGGKFPYV,0.4111111111111111,0.2,,,,,,False,0.3438298010801435,,NP_000886,XP_011536651,NP_588133.1,EADRAFAIETFEKYK,0.4861111111111111,0.2666666666666666,,,,,,False,8.065408834196054,,NP_000886,XP_011536651
ENSG00000117133,RPF1,ENST00000370654,ENSP00000359688,ENSP00000359688,RPF1,ENST00000370654,ENSP00000359688,ENSP00000359688,PNDEEVAYDEATDEF,,,True,3.0,-1.1668990812308102,YDEATDEFASYFNKQ,,,True,5.0,1.660264957443801,TIDNQRVYDETTVDP,,,True,5.5,-0.9807566099578472,NP_593868.1,KRASRKCYDFASELL,0.4833333333333333,0.2,,,,,,False,0.7595408742398155,,NP_079341,,NP_593868.1,AELKDDEFSAYFSEE,0.625,0.3333333333333333,,,,,,False,-4.704490963488623,,NP_079341,,NP_593868.1,TIESKRVYDETIIED,0.9583333333333334,0.5333333333333333,0.575108077083047,0.0,0.4221578221644775,0.0,0.5778421778355225,False,1.7642091688163737,5.5,NP_079341,
ENSG00000107295,SH3GL2,ENST00000380607,ENSP00000369981,ENSP00000369981,SH3GL2,ENST00000380607,ENSP00000369981,ENSP00000369981,ENEGELGFKEGDIIT,,,True,4.5,0.6550717915992891,KPRMSLEFPTGDSTQ,,,True,4.5,-0.3479244522533744,LRQALEKFDESKEIA,,,True,4.5,0.688750616072875,NP_595695.1,EEDIQLSFKQPELSA,0.4357142857142857,0.2666666666666666,,,,,,False,1.618056532938826,,NP_003017,XP_047279686,NP_595695.1,RTYSARSIPSNISST,0.375,0.1333333333333333,,,,,,False,3.699430992540859,,NP_003017,XP_047279686,NP_595695.1,LRNARAKYEESLEEF,0.8047619047619049,0.4666666666666667,0.4397229666541222,0.0,0.4514558213333597,0.0,0.5485441786666403,False,-0.5425966162032081,5.0,NP_003017,XP_047279686
ENSG00000291938,TBL3,ENST00000709263,ENSP00000517587,ENSP00000517587,TBL3,ENST00000709263,ENSP00000517587,ENSP00000517587,DPTRLLLFSSATDAA,,,True,4.0,6.907376514256665,VKSPGLYFLTAGDQG,,,True,4.0,-0.0670819189762256,DQEDITAFDLSPDNE,,,True,5.0,0.4021221498254218,NP_587989.2,NGYPTFLASSSQDRT,0.625,0.2666666666666666,,,,,,False,2.580169773397744,,NP_006444,,NP_587989.2,FSNRAVWTIKAHDRD,0.346969696969697,0.1333333333333333,,,,,,False,7.0439808021248895,,NP_006444,,NP_587989.2,DWQQAIALALSLDRP,0.5833333333333334,0.3333333333333333,,,,,,False,1.7756105804176492,,NP_006444,
ENSG00000183751,TBL3,ENST00000568546,ENSP00000454836,ENSP00000454836,TBL3,ENST00000568546,ENSP00000454836,ENSP00000454836,DPTRLLLFSSATDAA,,,True,4.0,6.907376514256665,VKSPGLYFLTAGDQG,,,True,4.0,-0.0670819189762256,DQEDITAFDLSPDNE,,,True,5.0,0.4021221498254218,NP_587989.2,NGYPTFLASSSQDRT,0.625,0.2666666666666666,,,,,,False,2.580169773397744,,NP_006444,,NP_587989.2,FSNRAVWTIKAHDRD,0.346969696969697,0.1333333333333333,,,,,,False,7.0439808021248895,,NP_006444,,NP_587989.2,DWQQAIALALSLDRP,0.5833333333333334,0.3333333333333333,,,,,,False,1.7756105804176492,,NP_006444,
ENSG00000145020,AMT,ENST00000636199,ENSP00000490871,ENSP00000273588,AMT,ENST00000636199,ENSP00000490871,ENSP00000273588,GWSLPVQYRDSHTDS,,,True,5.0,1.0647806571393643,RRTPLYDFHLAHGGK,,,True,5.0,5.308282207539683,DDLRKLPFMTSAVME,,,True,5.5,6.394573502582128,NP_594015.1,RGENATAYLESITPS,0.4416666666666666,0.2666666666666666,0.604191391865128,0.0,0.6568098183415155,0.0,0.3431901816584844,False,1.993575546536421,5.0,NP_000472,,NP_594015.1,KRTPLYDLHLKEGAT,0.6333333333333333,0.6,,,,,,False,5.001749528036306,,NP_000472,,NP_594015.1,LIAIQGPETASVVQK,0.3666666666666667,0.2,,,,,,False,-1.6615479380535487,,NP_000472,
ENSG00000144591,GMPPA,ENST00000373917,ENSP00000363027,ENSP00000350949,GMPPA,ENST00000373917,ENSP00000363027,ENSP00000350949,PDEPLTQFLEAAQQE,,,True,4.0,6.80690398234746,RMDSESLFKDGKLLP,,,True,5.0,2.089378382829085,NADVCSDFPLSAMLE,,,True,6.0,10.645935707790272,NP_596551.1,LYHFRDQILKGHTSN,0.3333333333333333,0.1333333333333333,,,,,,False,1.2883109408181972,,NP_995319,,NP_596551.1,SLYLQKAYHDGTLPK,0.5089285714285715,0.2,0.5825309122159971,0.0,0.4785412413476643,0.0,0.5214587586523357,False,1.083226146344893,5.5,NP_995319,,NP_596551.1,HADVCCSFPLQELLN,0.5833333333333334,0.5333333333333333,,,,,,False,3.412460072657893,,NP_995319,
ENSG00000091140,DLD,ENST00000417551,ENSP00000390667,ENSP00000205402,DLD,ENST00000417551,ENSP00000390667,ENSP00000205402,HPTLSEAFREANLAA,,,True,4.0,-1.0709570017115442,EAALALEYGASCEDI,,,True,5.5,1.9051942728511213,SAVPLRTYADQPIDA,,,True,6.5,5.325314541498075,NP_593496.1,PGGYVAAIRGAQLGL,0.6111111111111112,0.2666666666666666,,,,,,False,1.0268669072174927,,NP_000099,,NP_593496.1,EATLALEYGASAEDV,1.0,0.8,,,,,,False,5.708227250777309,,NP_000099,,NP_593496.1,SVKGIDGAADQTIKA,0.5277777777777778,0.4,,,,,,False,3.523766028574851,,NP_000099,
ENSG00000168259,DNAJC7,ENST00000316603,ENSP00000313311,ENSP00000406463,DNAJC7,ENST00000316603,ENSP00000313311,ENSP00000406463,AYYAKKDYNEAYNYY,,,True,4.0,2.740575209149413,VRGLCLYYEDCIEKA,,,True,4.0,0.0595030958017762,CYMDTEQYEEAVRDY,,,True,5.0,-1.4871813241291736,NP_596790.1,YQDAYEKYSEALQID,0.5083333333333333,0.2666666666666666,0.5536962096406799,0.0,0.611794458478667,0.0,0.388205541521333,False,-0.5107406777091763,5.0,NP_003306,,NP_596790.1,DLFRQGNYQDAYEKY,0.5111111111111112,0.2666666666666666,0.4687368545878752,0.0,0.4961082763364683,0.0,0.5038917236635316,False,3.694915919588016,4.0,NP_003306,,NP_596790.1,AHEALEKWEEAVRDV,0.7303030303030303,0.4666666666666667,,,,,,False,5.1644802011275175,,NP_003306,
ENSG00000077312,SNRPA,ENST00000601545,ENSP00000470534,ENSP00000243563,SNRPA,ENST00000601545,ENSP00000470534,ENSP00000243563,RSMQGFPFYDKPMRI,,,True,5.5,4.952221817386421,RGQAFVIFKEVSSAT,,,True,6.0,-1.486024724551613,PGRHDIAFVEFDNEV,,,True,6.5,2.2303415239511644,NP_596424.1,KDLQGYPLYGKPMMI,0.6388888888888888,0.5333333333333333,,,,,,False,4.3518598645331545,,NP_004587,,NP_596424.1,VLLLQNIPQEVNADV,0.4797619047619048,0.2,,,,,,False,-0.2885263519016738,,NP_004587,,NP_596424.1,PGRRGIAFVEYDSDR,0.7797619047619048,0.6,0.4269533022584475,0.0,0.9696824937289054,0.0,0.0303175062710946,False,-2.4470885523234487,6.0,NP_004587,
ENSG00000135297,MTO1,ENST00000415954,ENSP00000402038,ENSP00000402038,MTO1,ENST00000415954,ENSP00000402038,ENSP00000402038,SVLKSIEFLSSKWKK,,,True,4.5,1.486012181977152,QINGTTGYEEAAAQT,,,True,5.0,2.66163556617966,LVDGSTVYAESVILT,,,True,5.0,1.0811921234311512,NP_595531.1,SNKIAKEFILSPQQW,0.4333333333333333,0.2666666666666666,,,,,,False,0.85639024420843,,NP_001116698,,NP_595531.1,QINGTTGYEEAAAQG,1.0,0.9333333333333332,0.6347504164091488,0.0,0.5856803154796768,0.0,0.4143196845203232,False,2.66163556617966,5.0,NP_001116698,,NP_595531.1,GGVVSGVCDESAIQF,0.5740740740740741,0.3333333333333333,,,,,,False,6.373635735100018,,NP_001116698,
ENSG00000136875,PRPF4,ENST00000374199,ENSP00000363315,ENSP00000363313,PRPF4,ENST00000374199,ENSP00000363315,ENSP00000363313,EEYQQTWYHEGPNSL,,,True,5.0,3.875146497199412,VVKKPHIYYGSLEEK,,,True,5.5,-0.2920585972972229,LGEPITLFGEGPAER,,,True,5.5,0.6511788218101738,NP_592966.1,LVSDVRYIESGVNRF,0.3392857142857142,0.1333333333333333,,,,,,False,5.009826681914301,,NP_001231855,,NP_592966.1,NIEKETYVQGSHELL,0.4011904761904761,0.2666666666666666,,,,,,False,-0.9885206568359354,,NP_001231855,,NP_592966.1,HTGVELLMQEGHSEG,0.475,0.2666666666666666,,,,,,False,-0.0523656372983783,,NP_001231855,
ENSG00000115539,PDCL3,ENST00000264254,ENSP00000264254,ENSP00000264254,PDCL3,ENST00000264254,ENSP00000264254,ENSP00000264254,LEDHEDEFNEEDERA,,,True,5.0,-1.5296340748056487,ATKLKNKFGEVLEIS,,,True,6.0,0.4904628244621594,NLPTIFVYLEGDIKA,,,True,6.0,7.377069928468909,NP_596219.1,DELAELEDEEDDEFL,0.4722222222222221,0.4,,,,,,False,-1.5513435800846669,,NP_076970,,NP_596219.1,DQMSKAKFGSVYPIS,0.6428571428571429,0.4666666666666667,0.5554647654584071,0.0,0.2375754082669245,0.0,0.7624245917330754,True,3.64198358533301,7.5,NP_076970,,NP_596219.1,MMPTLLIYGHGDLQQ,0.4305555555555556,0.3333333333333333,,,,,,False,3.196667365272193,,NP_076970,
ENSG00000119318,RAD23B,ENST00000358015,ENSP00000350708,ENSP00000350708,RAD23B,ENST00000358015,ENSP00000350708,ENSP00000350708,DSSRSNLFEDATSAL,,,True,4.0,2.5781629017811483,ERLKALGFPEGLVIQ,,,True,5.5,1.1573103159066584,EGLVIQAYFACEKNE,,,True,6.5,4.331025263907685,NP_596231.1,TGQPANLFEQAALSE,0.5833333333333334,0.3333333333333333,,,,,,False,5.853365850689372,,NP_002865,,NP_596231.1,VEYLLTGIPEDILNR,0.513888888888889,0.2,,,,,,False,2.501209106833532,,NP_002865,,NP_596231.1,RNIVIQAYLACDKNE,0.8333333333333334,0.6666666666666666,,,,,,False,4.277608313402261,,NP_002865,
ENSG00000166233,ARIH1,ENST00000379887,ENSP00000369217,ENSP00000369217,ARIH1,ENST00000379887,ENSP00000369217,ENSP00000369217,YLNYPNSYFTGLECG,,,True,4.0,0.9237242121317006,DGNLEKLFAECHVIN,,,True,4.5,-1.1462786083693872,QHLITNSFVECNRLL,,,True,4.5,-1.261640120433362,NP_594204.1,RYLHYYNRFANHEQS,0.2944444444444444,0.1333333333333333,,,,,,False,1.225495690143367,,NP_005735,,NP_594204.1,PAPDCEFAIECHVTQ,0.375,0.2666666666666666,,,,,,False,-1.2279020932040223,,NP_005735,,NP_594204.1,RISEGESVIQCPEES,0.4833333333333333,0.1333333333333333,,,,,,False,-0.9625184090283344,,NP_005735,
ENSG00000140307,GTF2A2,ENST00000396060,ENSP00000379372,ENSP00000379372,GTF2A2,ENST00000396060,ENSP00000379372,ENSP00000379372,FVLNDVEFREVTELI,,,True,4.5,-0.7968750040068016,ALQVLLQFDKAINAA,,,True,6.5,10.033783302651443,FRGSLNTYRFCDNVW,,,True,6.5,10.218145964453685,NP_587763.2,FIIKNPSFRFDNETV,0.3333333333333333,0.2666666666666666,,,,,,False,0.2627915778277933,,NP_004483,,NP_587763.2,AMKVLFNFDKSMTEA,0.5416666666666666,0.4666666666666667,,,,,,False,6.907255964244103,,NP_004483,,NP_587763.2,FKGHLDTYRFCDEVW,0.8333333333333334,0.7333333333333333,,,,,,False,7.131665440589898,,NP_004483,
ENSG00000132570,PCBD2,ENST00000254908,ENSP00000254908,ENSP00000254908,PCBD2,ENST00000254908,ENSP00000254908,ENSP00000254908,KEFSFHNFNQAFGFM,,,True,6.5,0.077272838341741,KVQITLTSHDCGELT,,,True,6.5,-1.675613079277753,KDVKLAKFIEKAAAS,,,True,7.0,6.609645266861444,NP_594610.1,KSFRFKNFIEAWGFM,0.6083333333333333,0.6,0.3870648591015061,0.0,0.6300197631614628,0.0,0.3699802368385372,False,1.6046604035735563,4.5,NP_115527,,NP_594610.1,KVDITLTTHDTKGLT,0.4444444444444444,0.6666666666666666,,,,,,False,-0.1231374629996721,,NP_115527,,NP_594610.1,KDLKLAEFIDTLAKD,0.5555555555555556,0.5333333333333333,0.3244363731679212,0.0,0.3883889201868208,0.0,0.6116110798131792,False,3.3707100456280386,4.0,NP_115527,
ENSG00000164163,ABCE1,ENST00000507193,ENSP00000422068,ENSP00000296577,ABCE1,ENST00000507193,ENSP00000422068,ENSP00000296577,LAIVAGEFTDSEIMV,,,True,4.0,7.710343876054978,LIDEPSAYLDSEQRL,,,True,5.0,1.0158962253369903,DWQEILTYFRGSELQ,,,True,5.0,1.189784930233584,NP_596732.1,LTIKSGGFSDAEIIV,0.5277777777777778,0.5333333333333333,0.6251832035284945,0.0,0.4472097481121224,0.0,0.5527902518878776,False,2.7169192495595595,4.5,NP_001035809,,NP_596732.1,LIDEPSAYLDSEQRI,1.0,0.9333333333333332,0.6526285498395147,0.0,0.4072469215793507,0.0,0.5927530784206493,False,1.0158962253369903,5.0,NP_001035809,,NP_596732.1,DWAEVVKYFRGSELQ,0.7999999999999999,0.7333333333333333,,,,,,False,2.566336369393336,,NP_001035809,
ENSG00000105220,GPI,ENST00000647446,ENSP00000495129,ENSP00000348877,GPI,ENST00000647446,ENSP00000495129,ENSP00000348877,DPQNMFEFWDWVGGR,,,True,5.0,0.3093722389319611,AHWMDQHFRTTPLEK,,,True,5.5,1.3830478146155647,FIIASKTFTTQETIT,,,True,6.0,-0.1675108941851501,NP_596635.1,SAQNMFEFSDWVGGR,0.7083333333333334,0.8,0.5746179380137578,0.0,0.4636031938129205,0.0,0.5363968061870795,False,0.6381145784727655,5.5,NP_000166,,NP_596635.1,AHAMDEYFCSTPLEK,0.5337301587301587,0.6666666666666666,0.2109719956119276,0.0,0.3115209257281624,0.0,0.6884790742718375,False,0.4187112882578728,5.0,NP_000166,,NP_596635.1,FLIASKTFTTAETCT,0.7916666666666666,0.8,0.5656295105908611,0.0,0.2963738920843332,0.0,0.7036261079156668,False,-0.2016651342032993,4.0,NP_000166,
ENSG00000137767,SQOR,ENST00000566934,ENSP00000454520,ENSP00000260324,SQOR,ENST00000566934,ENSP00000454520,ENSP00000260324,TWKALQDFKEGNAIF,,,True,4.5,2.641987842285444,EPLETFPFDQSKERL,,,True,5.5,1.3017307483925904,PTKKYDGYTSCPLVT,,,True,5.5,3.571696648649974,NP_596067.1,VYPWIEKTKSGNAIF,0.3999999999999999,0.4,,,,,,False,7.3308503568007986,,NP_067022,,NP_596067.1,DKSGFVAVDQSTTQS,0.3833333333333333,0.2,,,,,,False,-1.2611842122163262,,NP_067022,,NP_596067.1,LTASYNGYTSCPLLT,1.0,0.6666666666666666,0.275271073083127,0.0,0.4757457448765753,0.0,0.5242542551234247,False,-0.1662314588171154,5.5,NP_067022,
ENSG00000130811,EIF3G,ENST00000253108,ENSP00000253108,ENSP00000253108,EIF3G,ENST00000253108,ENSP00000253108,ENSP00000253108,SDDVSMTFITSKEDL,,,True,3.0,2.017975699949269,GGMPTGDFDSKPSWA,,,True,5.5,0.5311711559689722,HWTTRCPYKDTLGPM,,,True,5.5,2.749614273053142,NP_595727.1,DDEDYGTGLPSIQTF,0.3761904761904762,0.2,,,,,,False,-1.7568779377728083,,NP_003746,,NP_595727.1,PPLDASPVSSRASGA,0.3345238095238095,0.2,,,,,,False,8.330232394015509,,NP_003746,,NP_595727.1,HFTAQCPYKSIIGPV,0.625,0.5333333333333333,0.6732048166637128,0.0,0.3231008849411685,0.0,0.6768991150588314,False,1.80821647753028,7.5,NP_003746,
ENSG00000090238,YPEL3,ENST00000398841,ENSP00000381821,ENSP00000381821,YPEL3,ENST00000398841,ENSP00000381821,ENSP00000381821,AFESSQKYKEGKYII,,,True,6.0,0.6216065224468099,GWKYEQAFESSQKYK,,,True,6.0,0.6539641321876484,DDLISKSFQGSQGRA,,,True,6.5,-1.5843313304206106,NP_594895.1,SYEPSQKFKDGHYIL,0.8055555555555557,0.5333333333333333,0.8038226595082304,0.0,0.2157071683439483,0.0,0.7842928316560516,True,1.985701862232636,5.5,NP_113665,,NP_594895.1,GWKYVSSYEPSQKFK,0.5892857142857143,0.6,,,,,,False,2.265181940220324,,NP_113665,,NP_594895.1,GHLLSHDYRGKNGPA,0.4380952380952381,0.3333333333333333,,,,,,False,1.1581932512207478,,NP_113665,
ENSG00000108424,KPNB1,ENST00000535458,ENSP00000438253,ENSP00000290158,KPNB1,ENST00000535458,ENSP00000438253,ENSP00000290158,DQEEPATYCLSSSFE,,,True,5.5,-1.154374731916758,MASLLRMFQSTAGSG,,,True,5.5,8.67449203226917,VALQGIEFWSNVCDE,,,True,5.5,1.115258701654398,NP_594233.1,SLQTIGYICESVSPE,0.3107142857142857,0.2666666666666666,,,,,,False,0.3315727457609622,,NP_002256,,NP_594233.1,AATCLQLFAQVVGDL,0.375,0.2666666666666666,,,,,,False,4.826762386844256,,NP_002256,,NP_594233.1,VALQAVEFWSTVCEE,0.8333333333333334,0.7333333333333333,0.3266485106132503,0.0,0.1722888204070365,0.0,0.8277111795929634,True,4.437199585265977,4.0,NP_002256,
ENSG00000127580,WDR24,ENST00000293883,ENSP00000293883,ENSP00000293883,WDR24,ENST00000248142,ENSP00000248142,ENSP00000293883,SIRDYFTFASTFENG,,,True,4.0,2.6444330969132626,GGGGMRWFVDTAERY,,,True,4.0,7.501980648528852,SSLCQHLFRDASQPV,,,True,4.5,1.6673576973602755,NP_593862.1,ESSSTITFRGNSEAA,0.4666666666666666,0.2,,,,,,False,-0.2659438001705205,,NP_115635,,NP_593862.1,ESCLRSWYFDNTDDA,0.4325396825396825,0.1333333333333333,0.2382743375239888,0.0,0.9116081933748312,0.0,0.0883918066251689,False,2.5846344989996908,5.0,NP_115635,,NP_593862.1,SPLNCVRWRPANQQS,0.4246753246753247,0.3333333333333333,,,,,,False,3.3777090538244288,,NP_115635,
ENSG00000099995,SF3A1,ENST00000215793,ENSP00000215793,ENSP00000215793,SF3A1,ENST00000215793,ENSP00000215793,ENSP00000215793,IQERYEKFGESEEVE,,,True,4.5,4.724830118282956,YRHKVSEFKEGKAQE,,,True,4.5,0.5335920560260444,KQSDDEVYAPGLDIE,,,True,6.5,-2.087891869707459,NP_593239.1,VVVEVIQFTKSDEHA,0.5,0.2,,,,,,False,0.9122476452620498,,NP_005868,,NP_593239.1,YQHKLTEAREGKLKS,0.4416666666666666,0.4666666666666667,,,,,,False,2.8533348466234933,,NP_005868,,NP_593239.1,KPIEATIPAPSPYLF,0.3154761904761904,0.2,,,,,,False,3.2444768996538684,,NP_005868,
ENSG00000189007,ADAT2,ENST00000606514,ENSP00000475651,ENSP00000237283,ADAT2,ENST00000606514,ENSP00000475651,ENSP00000237283,MEEAMHMAKEALENT,,,True,7.0,3.38735305513764,YGCQNERFGGCGSVL,,,True,7.0,3.329758457584993,AVEMLKTFYKQENPN,,,True,7.0,6.483317791995232,NP_596505.2,LNDFVTLSKPAYDSS,0.4900793650793651,0.1333333333333333,,,,,,False,2.316310731732948,,NP_872309,XP_011533741,NP_596505.2,FGCGNDRFGGCGSVF,1.0,0.7333333333333333,,,,,,False,3.6184357111809993,,NP_872309,XP_011533741,NP_596505.2,AVMLMREFYVQENVK,0.5499999999999999,0.4666666666666667,,,,,,False,9.65544048972826,,NP_872309,XP_011533741
ENSG00000112578,BYSL,ENST00000230340,ENSP00000230340,ENSP00000230340,BYSL,ENST00000230340,ENSP00000230340,ENSP00000230340,LKIAEMEYSGANSIF,,,True,5.5,0.1607663811646149,GSDDEDEEWPTLEKA,,,True,7.0,-0.8651903599854011,GGGGMPKFKAARGVG,,,True,7.0,6.8870626889663535,NP_596559.1,LRLTEFDLSGATSVF,0.6805555555555555,0.4666666666666667,,,,,,False,6.58953242747562,,NP_004044,XP_047275237,NP_596559.1,ITSQEEEEYEELEID,0.4809523809523808,0.3333333333333333,,,,,,False,-1.4143662506010062,,NP_004044,XP_047275237,NP_596559.1,SDLIMQKINEAEARA,0.3,0.2,,,,,,False,2.15395969968708,,NP_004044,XP_047275237
ENSG00000164031,DNAJB14,ENST00000442697,ENSP00000404381,ENSP00000404381,DNAJB14,ENST00000442697,ENSP00000404381,ENSP00000404381,QNNGRFNFHRGCEAD,topological domain,Cytoplasmic,True,6.0,2.426054102544825,SINKCKNYYEVLGVT,topological domain,Cytoplasmic,True,6.0,4.7079873605274045,PEDLFNIFFGGGFPS,topological domain,Cytoplasmic,True,6.0,0.1606291672095532,NP_595587.1,FGGRPRNFARRQQAQ,0.4166666666666667,0.2666666666666666,,,,,,False,2.6523792300652693,,NP_001026893,XP_047272141,NP_595587.1,IKYKNHQYYEILDLK,0.5972222222222222,0.3333333333333333,0.4142771529327337,0.0,0.3797897064635536,0.0,0.6202102935364464,False,1.063064768412594,5.0,NP_001026893,XP_047272141,NP_595587.1,FSGPGTFFFGGGPGI,0.5714285714285715,0.3333333333333333,,,,,,False,1.9734207918344384,,NP_001026893,XP_047272141
ENSG00000129691,ASH2L,ENST00000545394,ENSP00000443606,ENSP00000340896,ASH2L,ENST00000545394,ENSP00000443606,ENSP00000340896,IIPFIDKYWECMTTR,,,True,4.5,1.007048501338068,LYFEEKDFVDKAEKS,,,True,4.5,4.028712622999273,YFPAISLYKSCTVSI,,,True,5.5,3.9419086830994576,NP_596557.1,RFERGVSAWKAITAT,0.2833333333333333,0.1333333333333333,,,,,,False,2.944186701220176,,NP_004665,XP_005273739,NP_596557.1,VLCDILDEIDYAEDP,0.4773809523809524,0.2666666666666666,,,,,,False,1.184679720154879,,NP_004665,XP_005273739,NP_596557.1,VQTWQATLGSCLVAN,0.3694444444444444,0.2,,,,,,False,4.610106613891809,,NP_004665,XP_005273739
ENSG00000281221,PSMC4,ENST00000629691,ENSP00000487367,ENSP00000487367,PSMC4,ENST00000629691,ENSP00000487367,ENSP00000487367,IPLVIGQFLEAVDQN,,,True,3.5,3.2412451887774525,KLQQELEFLEVQEEY,,,True,4.5,-0.8071430580515637,QKNLKKEFLHAQEEV,,,True,4.5,1.2319446554953548,NP_588437.1,VPLVIGQFLEAIDQN,1.0,0.8666666666666667,0.5561028350905362,0.0,0.6294850773131557,0.0,0.3705149226868442,False,3.2412451887774525,3.5,NP_006494,,NP_588437.1,VPLVIGQFLEAIDQN,0.6222222222222222,0.2,0.5561028350905362,0.0,0.6294850773131557,0.0,0.3705149226868442,False,3.2412451887774525,3.5,NP_006494,,NP_588437.1,VPLVIGQFLEAIDQN,0.6222222222222222,0.2,0.5561028350905362,0.0,0.6294850773131557,0.0,0.3705149226868442,False,3.2412451887774525,3.5,NP_006494,
ENSG00000013275,PSMC4,ENST00000157812,ENSP00000157812,ENSP00000157812,PSMC4,ENST00000157812,ENSP00000157812,ENSP00000157812,IPLVIGQFLEAVDQN,,,True,3.5,3.2412451887774525,KLQQELEFLEVQEEY,,,True,4.5,-0.8071430580515637,QKNLKKEFLHAQEEV,,,True,4.5,1.2319446554953548,NP_588437.1,VPLVIGQFLEAIDQN,1.0,0.8666666666666667,0.5561028350905362,0.0,0.6294850773131557,0.0,0.3705149226868442,False,3.2412451887774525,3.5,NP_006494,,NP_588437.1,VPLVIGQFLEAIDQN,0.6222222222222222,0.2,0.5561028350905362,0.0,0.6294850773131557,0.0,0.3705149226868442,False,3.2412451887774525,3.5,NP_006494,,NP_588437.1,VPLVIGQFLEAIDQN,0.6222222222222222,0.2,0.5561028350905362,0.0,0.6294850773131557,0.0,0.3705149226868442,False,3.2412451887774525,3.5,NP_006494,
ENSG00000102572,STK24,ENST00000539966,ENSP00000442539,ENSP00000442539,STK24,ENST00000539966,ENSP00000442539,ENSP00000442539,YSKPLKEFVEACLNK,,,True,3.5,2.369278223131504,NTFVGTPFWMAPEVI,,,True,5.0,6.470714431785774,STIISPLFAELKEKS,,,True,5.5,-1.212054289605173,NP_593564.1,FSPTFRDFVSCCLDL,0.5555555555555555,0.3333333333333333,0.1361468000686472,0.0,0.2965285865527131,0.0,0.7034714134472869,False,2.076200951756775,4.0,NP_001027467,,NP_593564.1,HTFVGTPFWMAPEVI,1.0,0.9333333333333332,,,,,,False,6.655672268310001,,NP_001027467,,NP_593564.1,SPISQLLFSRWLEET,0.5113636363636364,0.3333333333333333,,,,,,False,-4.000788922992323,,NP_001027467,
ENSG00000138363,ATIC,ENST00000426233,ENSP00000401936,ENSP00000236959,ATIC,ENST00000236959,ENSP00000236959,ENSP00000236959,AFTHTAQYDEAISDY,,,True,4.5,-0.5163190742469346,SSDAFFPFRDNVDRA,,,True,5.0,1.990516334415175,LIKWKALFEEVPELL,,,True,5.5,3.45995890717898,NP_588027.1,AFASTASYDAAITDY,0.4916666666666667,0.6666666666666666,,,,,,False,0.0416128558065393,,NP_004035,XP_047300445,NP_588027.1,ASDAFFPFPDNIYRL,0.5476190476190477,0.6666666666666666,0.298305918585099,0.0,0.5871517226106896,0.0,0.4128482773893104,False,2.762115931714356,6.5,NP_004035,XP_047300445,NP_588027.1,AKIDFSLFEKVVSKN,0.7000000000000001,0.2666666666666666,,,,,,False,1.5408145297689917,,NP_004035,XP_047300445
ENSG00000205060,SLC35B4,ENST00000416907,ENSP00000405445,ENSP00000367770,SLC35B4,ENST00000378509,ENSP00000367770,ENSP00000367770,GFQAXGIFQETLYKR,,,True,5.0,-2.07005967443482,AMPLHMIFRSGSLIA,transmembrane region,Helical,False,6.0,1.3184140868368688,FYNXAVLFNKSELYE,transmembrane region,Helical,False,7.0,5.797655217992989,NP_595426.1,LGAIMGLVLENTYRI,0.2916666666666667,0.2,,,,,,False,2.029169919404696,,NP_116215,XP_011514947,NP_595426.1,WNDLFAIHTKGFLNL,0.4458333333333333,0.2666666666666666,,,,,,False,0.1931343225146727,,NP_116215,XP_011514947,NP_595426.1,KFGALLVFGSSAVYA,0.4166666666666667,0.2,0.4123289036450061,0.0,0.6305157454870735,0.0,0.3694842545129265,False,6.496135475088789,5.5,NP_116215,XP_011514947
ENSG00000119383,PTPA,ENST00000358994,ENSP00000351885,ENSP00000377036,PTPA,ENST00000358994,ENSP00000351885,ENSP00000377036,ENHKDYMFLECILFI,,,True,4.5,0.7345043228413242,GNSTRIDYGTGHEAA,,,True,4.5,1.834931409015808,GKKLTFEYRVSEAIE,,,True,6.5,1.961813929473441,NP_594712.1,GSGHELYFMSWLLIL,0.3458874458874459,0.1333333333333333,0.2486270925745945,0.0,0.3540221546105061,0.0,0.6459778453894939,False,-2.441742308941856,7.0,NP_821067,,NP_594712.1,GNRKRIDYGSGHELY,0.875,0.6666666666666666,0.495850844708639,0.0,0.4925756519147042,0.0,0.5074243480852957,False,1.33962640493145,4.5,NP_821067,,NP_594712.1,CCGIKIPSAISAAKN,0.3095238095238095,0.1333333333333333,,,,,,False,3.2576648586446386,,NP_821067,
ENSG00000115484,CCT4,ENST00000394440,ENSP00000377958,ENSP00000377958,CCT4,ENST00000394440,ENSP00000377958,ENSP00000377958,ESYCVRAFADAMEVI,,,True,3.5,5.267396615358539,PTIISESFQKALEKG,,,True,4.5,-1.178386841213726,LALRLTEYSRTLSGM,,,True,6.0,6.432419257964019,NP_595155.1,EAICIRAFSEALEII,0.775,0.5333333333333333,0.579633219063157,0.0,0.7400335660216428,0.0,0.2599664339783571,False,1.5133503582553027,3.5,NP_006421,,NP_595155.1,PTVIAESFQRAAGFT,0.6777777777777779,0.5333333333333333,,,,,,False,5.73612328127073,,NP_006421,,NP_595155.1,NSKIVSQYSNLLAPI,0.3999999999999999,0.2,,,,,,False,3.482849734507207,,NP_006421,
ENSG00000100028,SNRPD3,ENST00000215829,ENSP00000215829,ENSP00000215829,SNRPD3,ENST00000402849,ENSP00000385266,ENSP00000215829,MSNITVTYRDGRVAQ,,,True,5.5,0.8986493992848325,ETNTGEVYRGKLIEA,,,True,8.0,4.4758374185935965,LHEAEGHIVTCETNT,,,True,8.0,1.4704056445781872,NP_595699.1,MRDISVTARDGRVSH,0.75,0.6,,,,,,False,0.3824994438061874,,NP_001265585,,NP_595699.1,ELENGSTYRGKLIEA,0.8333333333333334,0.6666666666666666,,,,,,False,5.223927132481447,,NP_001265585,,NP_595699.1,LHETQGHIVTMELEN,0.5916666666666667,0.6,,,,,,False,3.425189532106142,,NP_001265585,
ENSG00000119414,PPP6C,ENST00000456642,ENSP00000416287,ENSP00000362648,PPP6C,ENST00000456642,ENSP00000416287,ENSP00000362648,CGDIHGQFYDLCELF,,,True,4.5,1.2392670854808077,ITQVYGFYDECQTKY,,,True,4.5,0.8804829536857174,FYDLCELFRTGGQVP,,,True,5.5,4.612242829485742,NP_588420.1,CGDIHGQFYDLLELF,1.0,0.9333333333333332,0.4368662926017831,0.0,0.2634118791656867,0.0,0.7365881208343134,False,1.2392670854808077,4.5,NP_002712,XP_047279523,NP_588420.1,ITQVYGFYDECQTKY,1.0,1.0,0.222271715983741,0.0,0.6436922965941202,0.0,0.3563077034058797,False,0.8804829536857174,4.5,NP_002712,XP_047279523,NP_588420.1,FYDLLELFRVGGELP,0.7333333333333334,0.7333333333333333,,,,,,False,3.0010705970322658,,NP_002712,XP_047279523
ENSG00000174444,RPL4,ENST00000307961,ENSP00000311430,ENSP00000311430,RPL4,ENST00000307961,ENSP00000311430,ENSP00000311430,ARPLISVYSEKGESS,,,True,6.0,2.177172780296656,VEDKVEGYKKTKEAV,,,True,6.0,0.0135570917856883,MCRGGRMFAPTKTWR,,,True,6.5,0.8710332024821824,NP_595879.1,YKANVKINSEKTPKA,0.5456349206349207,0.2,,,,,,False,0.4836136335534438,,NP_000959,,NP_596510.1,VDDAVQSFQKTKEAV,0.6166666666666667,0.6,,,,,,False,0.1192168273556956,,NP_000959,,NP_596510.1,MCRSGRMFAPTKTWR,1.0,0.9333333333333332,,,,,,False,1.0863665983829929,,NP_000959,
ENSG00000100345,MYH9,ENST00000216181,ENSP00000216181,ENSP00000216181,MYH9,ENST00000216181,ENSP00000216181,ENSP00000216181,GQQDKDMFQETMEAM,,,True,4.0,-2.822059647230349,LLDEECWFPKATDKS,,,True,4.5,2.018267238047459,VEDEKNSFREQLEEE,,,True,4.5,-1.6483254147792707,NP_593816.1,ACLAALMFKSTNSHV,0.5333333333333333,0.2,0.4456496198274547,0.0,0.6254185764583702,0.0,0.3745814235416298,False,4.6723500920939385,5.0,NP_002464,,NP_593816.1,DERTWIWIPDSKESF,0.4138888888888888,0.1333333333333333,,,,,,False,1.6777538533730922,,NP_002464,,NP_593816.1,GNSPHPSFEEKHSGD,0.5333333333333333,0.2,,,,,,False,-1.541545746059106,,NP_002464,
ENSG00000143815,LBR,ENST00000651341,ENSP00000499114,ENSP00000339883,LBR,ENST00000651341,ENSP00000499114,ENSP00000339883,SGNAVYDFFIGRELN,,,True,4.5,3.684453433027394,SQLYTVKYKDGTELE,topological domain,Nuclear,False,5.5,0.9555809858415196,RWPGSSLYYEVEILS,topological domain,Nuclear,False,6.0,4.709078326689444,NP_596767.1,SGNILFDWFIGRSLN,0.6818181818181818,0.6666666666666666,,,,,,False,7.89932305513756,,NP_919424,XP_047276332,NP_596767.1,DHKCRVKYGEDWEKY,0.4833333333333334,0.2666666666666666,,,,,,False,0.6641687813834176,,NP_919424,XP_047276332,NP_596767.1,IPYFYVAYFGVLLVH,0.4027777777777778,0.1333333333333333,,,,,,False,4.686253124055057,,NP_919424,XP_047276332
ENSG00000139826,ABHD13,ENST00000375898,ENSP00000365063,ENSP00000365063,ABHD13,ENST00000375898,ENSP00000365063,ENSP00000365063,DTWQCQGYFTALEQF,,,True,3.5,1.004614742309517,EASEEGLYLDSEAVL,,,True,4.5,3.2037441554700683,QCRMPSLFISGLSDQ,,,True,5.5,2.426311154558653,NP_595609.1,DTCLGDGYFQVIADF,0.425,0.4,,,,,,False,1.0728497003955642,,NP_116248,XP_011519430,NP_595609.1,ESRPTLLYFHANAGN,0.5208333333333334,0.2666666666666666,,,,,,False,-0.0188411024660455,,NP_116248,XP_011519430,NP_595609.1,IKKLPVLFLSGEKDE,0.75,0.4,0.867326448937794,0.0,0.3600388951090256,0.0,0.6399611048909745,False,1.8086315351987257,6.5,NP_116248,XP_011519430
ENSG00000132664,POLR3F,ENST00000697645,ENSP00000513370,ENSP00000366828,POLR3F,ENST00000697647,ENSP00000513371,ENSP00000366828,PCGLCPVFDDCHEGG,,,True,3.5,0.6643581334180505,MIQRNSSFASSHEVW,,,True,4.0,7.233366675293103,DQDFESEFVEVLNQQ,,,True,4.5,4.3889686100274,NP_588398.1,PKNAKVIYEHCLKQI,0.4422619047619048,0.1333333333333333,,,,,,False,-0.1850676585865297,,NP_006457,XP_047295792,NP_588398.1,KIYMLYDLVPSTELT,0.3095238095238095,0.2,,,,,,False,4.204826425645499,,NP_006457,XP_047295792,NP_588398.1,DQELDVEFIENLKKV,0.5416666666666666,0.4,0.3841995461959316,0.0,0.6251531077751609,0.0,0.3748468922248392,False,-2.510599684392967,5.0,NP_006457,XP_047295792
ENSG00000149923,PPP4C,ENST00000279387,ENSP00000279387,ENSP00000279387,PPP4C,ENST00000279387,ENSP00000279387,ENSP00000279387,CGDIHGQFYDLKELF,,,True,4.5,1.2392670854808077,MEGYKWHFNETVLTV,,,True,5.0,1.0104892699806054,GDFVDRGFYSVETFL,,,True,5.5,3.971096951293129,NP_596646.1,CGDIHGQLHDLLELF,0.7083333333333334,0.8,,,,,,False,1.2392670854808077,,NP_002711,,NP_596646.1,FVDRGFYSVETFLLL,0.3392857142857142,0.2,,,,,,False,3.650489475943785,,NP_002711,,NP_596646.1,GDFVDRGFYSVETFL,1.0,1.0,0.5169526154197663,0.0,0.4896340115541222,0.0,0.5103659884458779,False,3.971096951293129,5.5,NP_002711,
ENSG00000080189,SLC35C2,ENST00000543605,ENSP00000439974,ENSP00000318960,SLC35C2,ENST00000543605,ENSP00000439974,ENSP00000318960,GDNEEEEYFVAQGQQ,,,True,3.5,-0.0138279935013853,TLSIAGIFKEVCTLL,,,True,6.0,3.5815518468242185,XSEKIFRFQDTGLLL,,,True,6.0,4.171719345318016,NP_594827.2,DNFSWLEYFYRAGIC,0.6095238095238095,0.2666666666666666,,,,,,False,3.8020812950710736,,NP_001268387,,NP_594827.2,TLSVCGILKEIITII,0.7916666666666666,0.5333333333333333,,,,,,False,2.990516694408098,,NP_001268387,,NP_594827.2,TILAFPRYQPNKKDN,0.3142857142857143,0.1333333333333333,,,,,,False,-0.1835203438939338,,NP_001268387,
ENSG00000134419,RPS15A,ENST00000322989,ENSP00000318646,ENSP00000318646,RPS15A,ENST00000322989,ENSP00000318646,ENSP00000318646,KHGYIGEFEIIDDHR,,,True,6.5,2.021649492749865,CSKVIVRFLTVMMKH,,,True,8.0,9.175871433240314,TSAGIMDHEEARRKH,,,True,8.0,0.1179058995636514,NP_593234.1,KHGYIDEFTEIDDHR,0.5333333333333333,0.8,0.4204045318495351,0.0,0.4788235817372081,0.0,0.5211764182627919,False,0.8939336376580103,4.5,NP_001025180,,NP_593234.1,SSKVIVKFLTVMQKH,0.7333333333333334,0.8,0.7841182996168025,0.0,0.4120704878631488,0.0,0.5879295121368512,False,6.173967297832535,7.5,NP_001025180,,NP_593234.1,TSRGIMSHNEARAKD,0.4583333333333333,0.6666666666666666,,,,,,False,-0.2758235882974353,,NP_001025180,
ENSG00000285437,POLR2J3,ENST00000511313,ENSP00000422109,ENSP00000483328,POLR2J3,ENST00000511313,ENSP00000422109,ENSP00000483328,DYSPQEAFTNAITDL,,,True,5.5,-0.4871274537507963,LSLLEERFRTCLLPL,,,True,5.5,0.9307865217862122,GMNAPPAFESFLLFE,,,True,7.0,1.995126335764072,NP_593333.1,KQVIVDAAKSLITHL,0.2166666666666666,0.2666666666666666,,,,,,False,2.3448845479796283,,NP_001091084,,NP_593333.1,EEIKVNFMREWELKM,0.1863636363636363,0.1333333333333333,,,,,,False,-3.0587510282420727,,NP_001091084,,NP_593333.1,KQVIVDAAKSLITHL,0.25,0.1333333333333333,,,,,,False,2.3448845479796283,,NP_001091084,
ENSG00000147604,RPL7,ENST00000396467,ENSP00000379731,ENSP00000339795,RPL7,ENST00000396467,ENSP00000379731,ENSP00000339795,MKKKTTHFVEGGDAG,,,True,4.5,0.8963464929789728,IYTVGKRFKEANNFL,,,True,5.5,6.601683168867891,MARKAGNFYVPAEPK,,,True,6.5,9.167896725468704,NP_594185.1,RERKFKHFIEGGDAG,0.9583333333333334,0.6,0.523418957208326,0.0,0.450235198840683,0.0,0.549764801159317,False,-0.3758543885190452,4.5,NP_000962,,NP_594185.1,IYTVGPNFKQAANFL,0.7333333333333334,0.7333333333333333,,,,,,False,10.36214056081706,,NP_000962,,NP_595736.1,KARAEGNYYVPDETK,0.9047619047619048,0.6,,,,,,False,2.367248209739993,,NP_000962,
ENSG00000162368,CMPK1,ENST00000371873,ENSP00000360939,ENSP00000360939,CMPK1,ENST00000371873,ENSP00000360939,ENSP00000360939,ADVSFVLFFDCNNEI,,,True,3.5,3.9918390141382254,SKSVDEVFDEVVQIF,,,True,6.0,2.041111108935722,RKNPDSQYGELIEKY,,,True,6.0,2.1800239004249296,NP_588039.1,CPAKFALYFRCGQET,0.5047619047619049,0.3333333333333333,,,,,,False,-0.1767786925374646,,NP_057392,,NP_588039.1,EQDPDAVFEDTVKAL,0.4888888888888889,0.2666666666666666,0.7301347483034857,0.0,0.1288001276784263,0.0,0.8711998723215736,True,-0.3891125536300689,4.5,NP_057392,,NP_588039.1,QNRPGSKYGNLIKEY,0.5666666666666668,0.4666666666666667,,,,,,False,2.201761999990344,,NP_057392,
ENSG00000142507,PSMB6,ENST00000614486,ENSP00000485006,ENSP00000270586,PSMB6,ENST00000614486,ENSP00000485006,ENSP00000270586,YGYVDATYREGMTKE,,,True,5.0,0.9721388058422902,GSSYIYGYVDATYRE,,,True,5.0,4.26046175788786,VHTAASLFKEMCYRY,,,True,6.5,5.24922509132438,NP_596295.1,YGFCDANFRENMTQE,0.5833333333333334,0.6,0.3685687953946781,0.0,0.5522697627444386,0.0,0.4477302372555614,False,-2.206966332007749,6.0,NP_002789,,NP_596295.1,GSAFIYGFCDANFRE,0.6481481481481481,0.6,0.4558723496658426,0.0,0.6635133586074389,0.0,0.3364866413925611,False,3.360384372625534,4.5,NP_002789,,NP_596295.1,VHTAATLASEMCYQN,0.5833333333333334,0.6666666666666666,,,,,,False,3.700820108531025,,NP_002789,
ENSG00000102900,NUP93,ENST00000308159,ENSP00000310668,ENSP00000310668,NUP93,ENST00000563486,ENSP00000456196,ENSP00000310668,QKQLLEDYGESHFTV,,,True,4.5,0.356602659824746,VAENKGLFEEAAKLY,,,True,5.0,2.960430425088512,TFAGMIPYRTSGDTN,,,True,5.0,2.49091455633138,NP_588469.1,VQHILLSYGSDYFTN,0.5,0.3333333333333333,,,,,,False,4.695220341672657,,NP_055484,XP_005256320,NP_588469.1,LLMLCGLYERAINFL,0.5714285714285715,0.2666666666666666,,,,,,False,5.550573675473585,,NP_055484,XP_005256320,NP_588469.1,AKHYLNTVPTSKDGN,0.3773809523809524,0.2666666666666666,,,,,,False,3.3868527742741605,,NP_055484,XP_005256320
ENSG00000108179,PPIF,ENST00000472580,ENSP00000473548,ENSP00000225174,PPIF,ENST00000225174,ENSP00000225174,ENSP00000225174,PNTNGSQFFICTIKT,,,True,5.5,5.044737966714662,VVKKIESFGSKSGRT,,,True,6.5,2.473443543517837,ICTIKTDWLDGKHVV,,,True,7.0,9.91766140807536,NP_595664.1,PNTNGSQFFITTVVT,0.7583333333333333,0.8,,,,,,False,6.428865079041889,,NP_005720,,NP_595664.1,VVKKVESLGSNSGAT,0.6666666666666666,0.7333333333333333,,,,,,False,1.2188009175583163,,NP_005720,,NP_595664.1,ITTVVTPWLDGKHVV,0.8095238095238096,0.7333333333333333,,,,,,False,13.203072003673489,,NP_005720,
ENSG00000106615,RHEB,ENST00000262187,ENSP00000262187,ENSP00000262187,RHEB,ENST00000262187,ENSP00000262187,ENSP00000262187,IQFVEGQFVDSYDPT,,,True,4.0,3.64028617029052,AESWNAAFLESSAKE,,,True,5.0,1.7964710543839184,EGQFVDSYDPTIENT,,,True,5.5,0.4515180790203008,NP_595194.1,VQYVENHFVESYYPT,0.4952380952380952,0.6,0.4186246176765448,0.0,0.3528916121178662,0.0,0.6471083878821338,False,2.983027851432589,5.0,NP_005605,XP_047276641,NP_595194.1,ANEWKCAWTEASARH,0.5234848484848484,0.4,,,,,,False,5.151572850604447,,NP_005605,XP_047276641,NP_595194.1,ENHFVESYYPTIENT,0.7619047619047619,0.7333333333333333,,,,,,False,0.9620676468167186,,NP_005605,XP_047276641
ENSG00000285200,MDP1,ENST00000644853,ENSP00000493831,ENSP00000494235,MDP1,ENST00000644853,ENSP00000493831,ENSP00000494235,DTHVDPPFHKSSDGT,,,True,5.0,1.1893812731396205,LSQGLETFAKAQTGP,,,True,5.5,1.489658714823589,RGQDVRLYPEVPEVL,,,True,6.0,2.058134733884243,NP_596538.2,DTHVTAPFKPSKNDP,0.4706349206349207,0.4666666666666667,,,,,,False,5.71249778548704,,NP_612485,,NP_596538.2,PAIEFFTYVKAWPGS,0.5476190476190477,0.2666666666666666,,,,,,False,2.245943866247592,,NP_612485,,NP_596538.2,PGSKMDHFKEIHNES,0.2791666666666667,0.1333333333333333,0.6927103596269023,0.0,0.3690505441748287,0.0,0.6309494558251713,False,6.465836278346229,6.5,NP_612485,
ENSG00000213920,MDP1,ENST00000396833,ENSP00000380045,ENSP00000288087,MDP1,ENST00000396833,ENSP00000380045,ENSP00000288087,DTHVDPPFHKSSDGT,,,True,5.0,1.1893812731396205,LSQGLETFAKAQTGP,,,True,5.5,1.489658714823589,RGQDVRLYPEVPEVL,,,True,6.0,2.058134733884243,NP_596538.2,DTHVTAPFKPSKNDP,0.4706349206349207,0.4666666666666667,,,,,,False,5.71249778548704,,NP_612485,,NP_596538.2,PAIEFFTYVKAWPGS,0.5476190476190477,0.2666666666666666,,,,,,False,2.245943866247592,,NP_612485,,NP_596538.2,PGSKMDHFKEIHNES,0.2791666666666667,0.1333333333333333,0.6927103596269023,0.0,0.3690505441748287,0.0,0.6309494558251713,False,6.465836278346229,6.5,NP_612485,
ENSG00000148335,NTMT1,ENST00000372486,ENSP00000361564,ENSP00000361561,NTMT1,ENST00000459968,ENSP00000474445,ENSP00000361561,EGKRVRNYFCCGLQD,,,True,6.0,2.653628669940531,VIEDEKQFYSKAKTY,,,True,6.0,5.1129406537814885,IEDEKQFYSKAKTYW,,,True,6.0,0.487935256933043,NP_594227.1,RYGLIWNQWCLSHLT,0.2109848484848485,0.1333333333333333,,,,,,False,6.827777181463643,,NP_054783,XP_047279214,NP_594227.1,LVEPVENFISTAKKQ,0.425,0.3333333333333333,0.5192790342262745,0.0,0.3056140638924571,0.0,0.6943859361075428,False,5.512271794752024,5.5,NP_054783,XP_047279214,NP_594227.1,VEPVENFISTAKKQL,0.3916666666666666,0.3333333333333333,,,,,,False,3.0843722844947874,,NP_054783,XP_047279214
ENSG00000037757,MRI1,ENST00000040663,ENSP00000040663,ENSP00000040663,MRI1,ENST00000040663,ENSP00000040663,ENSP00000040663,AKHHGIPFYVAAPSS,,,True,5.5,4.709686067251592,GALATAGYGTALGVI,,,True,5.5,3.8083982860949126,KHHGIPFYVAAPSSS,,,True,6.5,2.004185593749526,NP_596610.1,AKHFGKPFIVAAPFS,0.7916666666666666,0.7333333333333333,,,,,,False,4.504266913989313,,NP_001026897,XP_011526658,NP_596610.1,GSLATSGYGTALGII,1.0,0.8,0.6826723226106377,0.0,0.4981849683631389,0.0,0.501815031636861,False,1.5344777514155714,5.5,NP_001026897,XP_011526658,NP_596610.1,KHFGKPFIVAAPFSS,0.5694444444444444,0.7333333333333333,,,,,,False,0.8630566221590614,,NP_001026897,XP_011526658
ENSG00000117399,CDC20,ENST00000310955,ENSP00000308450,ENSP00000308450,CDC20,ENST00000310955,ENSP00000308450,ENSP00000308450,QMEQPGEYISSVAWI,,,True,5.0,0.2947488645867115,AQMEVASFLLSKENQ,,,True,5.5,0.3928115261204297,SILWSPHYKELISGH,,,True,6.5,3.258723696651663,NP_593161.1,SSDVPFDYSESVAEA,0.4722222222222221,0.3333333333333333,0.4383629529308809,0.0,0.7152221138893728,0.0,0.2847778861106272,False,2.730553223884608,4.0,NP_001246,,NP_593161.1,AWCPWQSNLLATGGG,0.4027777777777777,0.2666666666666666,,,,,,False,0.6201541085550007,,NP_001246,,NP_593161.1,SLIWSPHSKEIMSTH,0.6666666666666666,0.6,,,,,,False,4.000223968975116,,NP_001246,
ENSG00000101464,PIGU,ENST00000217446,ENSP00000217446,ENSP00000217446,PIGU,ENST00000217446,ENSP00000217446,ENSP00000217446,YYLTHGLYLTAKDGT,,,True,4.5,1.7919551489215624,SPYSGAVFHETPLII,transmembrane region,Helical,False,4.5,-1.4824302392369657,VTVRAALFRSSLAEF,,,True,5.5,6.337418900913479,XP_001713115.1,LKIPFRVYLDSHDLT,0.5555555555555556,0.2666666666666666,0.4180544898309017,0.0,0.4176461340663349,0.0,0.5823538659336651,False,0.0261020652866484,4.5,NP_536724,XP_016883153,XP_001713115.1,DPYSGGVFYQSPLLL,0.655952380952381,0.5333333333333333,,,,,,False,-1.2091208318503643,,NP_536724,XP_016883153,XP_001713115.1,LIGLHSLFKAYPSIC,0.4357142857142857,0.1333333333333333,,,,,,False,-2.9194529865942376,,NP_536724,XP_016883153
ENSG00000079332,SAR1A,ENST00000373241,ENSP00000362338,ENSP00000362339,SAR1A,ENST00000452767,ENSP00000398165,ENSP00000362339,SVLKRQGYGEGFRWL,,,True,6.5,-1.542290960595514,LTIAGMTFTTFDLGG,,,True,6.5,0.1316484516663899,ILGNKIDRTDAISEE,,,True,7.0,0.5976182569138344,NP_596568.1,SVVLRQGYGEGFKWL,0.9,0.8,0.6809109909532188,0.0,0.5340295849625337,0.0,0.4659704150374663,False,-1.542290960595514,6.5,NP_001136120,,NP_596568.1,LAIGNVRFTTFDLGG,0.7999999999999999,0.6666666666666666,0.3780463138116028,0.0,0.0186683308443094,0.0,0.9813316691556906,True,1.3434954259116685,8.0,NP_001136120,,NP_596568.1,ILGNKIDAPGAISED,0.4067460317460318,0.7333333333333333,,,,,,False,0.5410576805100296,,NP_001136120,
ENSG00000115661,STK16,ENST00000409638,ENSP00000386928,ENSP00000386928,STK16,ENST00000409638,ENSP00000386928,ENSP00000386928,CVLYAMMFGEGPYDM,,,True,5.5,3.2139226460459103,LGEGGFSYVDLVEGL,,,True,5.5,2.043259970469008,EGPYDMVFQKGDSVA,,,True,6.5,1.4859678494259168,NP_593555.1,RYRIQKLLGEGGFAF,0.6666666666666666,0.2,,,,,,False,-0.9055216101017944,,NP_001008910,,NP_593555.1,LGEGGFAFVYLVQNV,0.4535714285714285,0.6,,,,,,False,2.1650248147969844,,NP_001008910,,NP_593555.1,SICLVPIFASNNSEA,0.4166666666666667,0.2,0.4315377517401539,0.0,0.4189826522334305,0.0,0.5810173477665694,False,1.1742353675130777,6.5,NP_001008910,
ENSG00000100603,SNW1,ENST00000554324,ENSP00000452473,ENSP00000261531,SNW1,ENST00000554324,ENSP00000452473,ENSP00000261531,IPRLLEDFGDGGAFP,,,True,4.5,3.090254280687136,GGMALTSFLPAPTQL,,,True,5.5,2.631447096373168,DFGDGGAFPEIHVAQ,,,True,6.0,-2.135561918975286,NP_588213.1,FPSSPEDFGDGGAFP,1.0,0.7333333333333333,0.8934604482242218,0.0,0.4184191015948215,0.0,0.5815808984051785,False,-0.0217539624376623,4.0,NP_036377,,NP_588213.1,LSEELSSILPNPDFD,0.4166666666666667,0.3333333333333333,,,,,,False,3.860613353174787,,NP_036377,,NP_588213.1,DFGDGGAFPEIHVAQ,1.0,1.0,0.4172611861275268,0.0,0.408356154518838,0.0,0.591643845481162,False,-2.135561918975286,6.0,NP_036377,
ENSG00000126432,PRDX5,ENST00000265462,ENSP00000265462,ENSP00000265462,PRDX5,ENST00000265462,ENSP00000265462,ENSP00000265462,SKTHLPGFVEQAEAL,,,True,5.5,5.528563223944359,CLSVNDAFVTGEWGR,,,True,6.0,4.9269147920268574,ASGGVRSFSRAAAAM,,,True,6.0,4.559743066676421,NP_587706.1,CSSQVPGYIANEKQF,0.3547619047619048,0.1333333333333333,,,,,,False,-0.9470199101954048,,NP_036226,,NP_587706.1,VVAVNDVFVTKAWKK,0.6,0.4666666666666667,,,,,,False,7.902374893083327,,NP_036226,,NP_587706.1,VADWNGEFTKAFDAG,0.3777777777777777,0.2,,,,,,False,3.997708087176973,,NP_036226,
ENSG00000126749,EMG1,ENST00000599672,ENSP00000470560,ENSP00000470560,EMG1,ENST00000599672,ENSP00000470560,ENSP00000470560,HGKVSVEYTEKMVSI,,,True,6.0,1.4012935007427,CAKLTTAFEEVWGVI,,,True,6.5,4.211826541891404,PSSDPIVFVVGAFAH,,,True,7.0,2.840383195259041,NP_593671.1,KSRGSLEVSEKTNQP,0.4166666666666667,0.2666666666666666,,,,,,False,1.5151000807951247,,NP_006322,,NP_593671.1,CSKFLHSMEDFLGIV,0.4027777777777777,0.2666666666666666,,,,,,False,3.950351217887428,,NP_006322,,NP_593671.1,DQACLEIYKVGKAKD,0.3797619047619047,0.1333333333333333,,,,,,False,3.527613255376969,,NP_006322,
ENSG00000147416,ATP6V1B2,ENST00000523478,ENSP00000430154,ENSP00000276390,ATP6V1B2,ENST00000276390,ENSP00000276390,ENSP00000276390,ILTDMSSYAEALREV,,,True,4.5,2.830571434178473,ARFFKSDFEENGSMD,,,True,5.0,-0.5168262653765845,PVVLAEDFLDIMGQP,,,True,5.5,2.171612606169582,NP_594623.1,ILTDMTSYADALREV,0.888888888888889,0.8666666666666667,0.5815368138239477,0.0,0.3525436337695672,0.0,0.6474563662304327,False,3.318365822189918,4.5,NP_001684,,NP_594623.1,ARFFQRDFEENGSFE,1.0,0.7333333333333333,0.1026428002789892,0.0,0.7940345036088985,0.0,0.2059654963911015,False,-1.9644124618496264,5.0,NP_001684,,NP_594623.1,PNLLAEDYLDINGSP,0.9047619047619048,0.6666666666666666,0.4283774928104404,0.0,0.5863761662065065,0.0,0.4136238337934936,False,3.0158092556798177,6.0,NP_001684,
ENSG00000284103,DUS4L,ENST00000639377,ENSP00000492533,ENSP00000491438,DUS4L,ENST00000639377,ENSP00000492533,ENSP00000491438,KKDPIEMFHSGQLVK,,,True,5.5,7.764163208678365,NPAMFAGYEETPLKC,,,True,5.5,-1.835502658347332,IKARDSEFTTNQGDC,,,True,6.0,3.98318993914576,NP_588262.1,RRPDEPMFGESVLPC,0.4444444444444445,0.2,0.4615961867101711,0.0,0.2166320083800321,0.0,0.783367991619968,True,-1.7980255925697133,5.0,NP_853559,,NP_588262.1,NPALFAGYEETPWGC,0.8030303030303031,0.8,0.4051581082540171,0.0,0.5632667564051599,0.0,0.4367332435948401,False,-0.905451648682916,5.5,NP_853559,,NP_588262.1,PKGRYFDFSTNDADA,0.5972222222222222,0.4,0.0839193475335986,0.0,0.8023697097216737,0.0,0.1976302902783263,False,5.424978111309132,6.0,NP_853559,
ENSG00000105865,DUS4L,ENST00000422290,ENSP00000402887,ENSP00000265720,DUS4L,ENST00000422290,ENSP00000402887,ENSP00000265720,KKDPIEMFHSGQLVK,,,True,5.5,7.764163208678365,NPAMFAGYEETPLKC,,,True,5.5,-1.835502658347332,IKARDSEFTTNQGDC,,,True,6.0,3.98318993914576,NP_588262.1,RRPDEPMFGESVLPC,0.4444444444444445,0.2,0.4615961867101711,0.0,0.2166320083800321,0.0,0.783367991619968,True,-1.7980255925697133,5.0,NP_853559,,NP_588262.1,NPALFAGYEETPWGC,0.8030303030303031,0.8,0.4051581082540171,0.0,0.5632667564051599,0.0,0.4367332435948401,False,-0.905451648682916,5.5,NP_853559,,NP_588262.1,PKGRYFDFSTNDADA,0.5972222222222222,0.4,0.0839193475335986,0.0,0.8023697097216737,0.0,0.1976302902783263,False,5.424978111309132,6.0,NP_853559,
ENSG00000163468,CCT3,ENST00000295688,ENSP00000295688,ENSP00000295688,CCT3,ENST00000295688,ENSP00000295688,ENSP00000295688,LAVKLQTYKTAVETA,,,True,4.0,3.8372495293639712,IKKIGDEYFTFITDC,,,True,5.0,1.6272093726153505,LLDSSLEYKKGESQT,,,True,6.0,-0.7600535521713462,NP_595810.1,EAVKLQSIKTAIESA,0.6666666666666666,0.6666666666666666,,,,,,False,3.905714158056447,,NP_005989,,NP_595810.1,IDKLGDEYYTFLTGC,0.9047619047619048,0.6666666666666666,0.7127536637386795,0.0,0.2651624499748718,0.0,0.7348375500251282,False,0.7670528576869031,5.0,NP_005989,,NP_595810.1,LLDCPLEYRKGESQT,0.9,0.8,,,,,,False,0.0872287313425942,,NP_005989,
ENSG00000108344,PSMD3,ENST00000264639,ENSP00000264639,ENSP00000264639,PSMD3,ENST00000264639,ENSP00000264639,ENSP00000264639,DSPEDAEFIVAKAIR,,,True,4.5,-0.7539398035511187,LYKAVQGFFTSNNAT,,,True,4.5,4.376010889686049,IKAIQLEYSEARRTM,,,True,4.5,-0.771553555898491,NP_595282.2,DSEESAEYIVAKGIR,0.7380952380952381,0.7333333333333333,,,,,,False,-0.1205936017041059,,NP_002800,,NP_595282.2,RLVSKTSFLTNASNN,0.4027777777777777,0.1333333333333333,0.1944527389419645,0.0,0.3983020456938846,0.0,0.6016979543061154,False,5.493841457232049,6.0,NP_002800,,NP_595282.2,TLVPYLRISQAVRIG,0.525,0.2666666666666666,,,,,,False,1.692008169223095,,NP_002800,
ENSG00000277104,TADA2A,ENST00000633468,ENSP00000488016,ENSP00000481283,TADA2A,ENST00000633468,ENSP00000488016,ENSP00000481283,TADTAIPFHSTDDPP,,,True,3.5,6.057814008779118,EIKRLQEYRTAGITN,,,True,4.5,9.287204074761982,RTAGITNFCSARTYD,,,True,4.5,3.226672291370089,NP_588011.1,PIIPQKPLASTPQCH,0.4166666666666667,0.2,,,,,,False,-0.3270342199009416,,NP_001479,,NP_588011.1,QISDLQEWRQMGLTT,0.3803030303030303,0.4666666666666667,,,,,,False,5.011555853478021,,NP_001479,,NP_588011.1,FDLCIPCFTSGASLG,0.2861111111111111,0.2,0.4616248185908274,0.0,0.4397032446435981,0.0,0.5602967553564019,False,7.567851626755902,5.5,NP_001479,
ENSG00000276234,TADA2A,ENST00000615182,ENSP00000481091,ENSP00000477709,TADA2A,ENST00000615182,ENSP00000481091,ENSP00000477709,TADTAIPFHSTDDPP,,,True,3.5,6.057814008779118,EIKRLQEYRTAGITN,,,True,4.5,9.287204074761982,RTAGITNFCSARTYD,,,True,4.5,3.226672291370089,NP_588011.1,PIIPQKPLASTPQCH,0.4166666666666667,0.2,,,,,,False,-0.3270342199009416,,NP_001479,XP_047292566,NP_588011.1,QISDLQEWRQMGLTT,0.3803030303030303,0.4666666666666667,,,,,,False,5.011555853478021,,NP_001479,XP_047292566,NP_588011.1,FDLCIPCFTSGASLG,0.2861111111111111,0.2,0.4616248185908274,0.0,0.4397032446435981,0.0,0.5602967553564019,False,7.567851626755902,5.5,NP_001479,XP_047292566
ENSG00000227686,VARS1,ENST00000428505,ENSP00000415863,ENSP00000392396,VARS1,ENST00000428505,ENSP00000415863,ENSP00000392396,LVQQWVSYADTELIP,,,True,5.0,-0.9637761102778604,RALIAARYGEAGEGP,,,True,5.0,3.486115353341348,WNNVTRWFVTCVRQP,,,True,5.5,3.212786296500906,NP_595435.1,DTSDYENFYPTTLME,0.373015873015873,0.1333333333333333,,,,,,False,-1.3330440289549927,,NP_006286,,NP_595435.1,TLLKVPGYDEPVEVG,0.3928571428571428,0.2666666666666666,0.5889851007566034,0.0,0.3973535203836355,0.0,0.6026464796163645,False,5.958440377671465,6.0,NP_006286,,NP_595435.1,GHRIPAYFVNLADEP,0.2837301587301587,0.2,,,,,,False,4.20837904800845,,NP_006286,
ENSG00000070785,EIF2B3,ENST00000360403,ENSP00000353575,ENSP00000353575,EIF2B3,ENST00000360403,ENSP00000353575,ENSP00000353575,PYLVRKQFSSASSQQ,,,True,4.5,3.764787289088383,RVSTLGLYMEANRQV,,,True,5.5,3.235224423121511,NLLERVGFEEVIVVT,,,True,6.5,3.726617250873213,NP_594962.2,PTILDDSKSSADALR,0.4416666666666666,0.2666666666666666,,,,,,False,0.9467508410791444,,NP_065098,XP_047289457,NP_594962.2,YEGHMRIHVEAPTIL,0.4666666666666666,0.1333333333333333,,,,,,False,1.0325649761588924,,NP_065098,XP_047289457,NP_594962.2,NYDGGLSSQEIKINA,0.3999999999999999,0.1333333333333333,,,,,,False,0.513099663589438,,NP_065098,XP_047289457
ENSG00000135537,AFG1L,ENST00000368977,ENSP00000357973,ENSP00000357973,AFG1L,ENST00000368977,ENSP00000357973,ENSP00000357973,GTVADCTFEELCERP,,,True,5.0,-1.4954060298131129,FITLIDNFYDLKVRI,,,True,5.5,2.126142141493412,LPAAGKLYYLTSEAD,,,True,5.5,0.0,NP_595259.1,GNVAWFTFEQLCGEP,0.6777777777777779,0.6,,,,,,False,2.0329137212967328,,NP_660358,XP_047274513,NP_595259.1,KETTVLCFDELQVTD,0.4277777777777778,0.2666666666666666,0.4802682193497647,0.0,0.2849754268621656,0.0,0.7150245731378344,False,1.238591586214104,6.5,NP_660358,XP_047274513,NP_595259.1,LMKYGVVIFITSNRA,0.3333333333333333,0.2666666666666666,,,,,,False,4.149650073782509,,NP_660358,XP_047274513
ENSG00000277594,DDX52,ENST00000615769,ENSP00000480030,ENSP00000480030,DDX52,ENST00000615769,ENSP00000480030,ENSP00000480030,NLVINYDFPTSSVEY,,,True,4.5,2.30999447429988,IGKRKYDFDSSEVLQ,,,True,4.5,5.128693899925731,VDESDKLFEDGKTGF,,,True,4.5,-0.2544289389450296,NP_593033.1,KMVINFDFPQSVHSY,0.5708333333333333,0.5333333333333333,,,,,,False,4.257983914719929,,NP_008941,,NP_593033.1,KMVINFDFPQSVHSY,0.4136904761904762,0.2,,,,,,False,4.257983914719929,,NP_008941,,NP_593033.1,MDEADRLFEPGFIEQ,0.6011904761904762,0.4666666666666667,,,,,,False,2.2006282009757583,,NP_008941,
ENSG00000278053,DDX52,ENST00000617633,ENSP00000479504,ENSP00000479504,DDX52,ENST00000617633,ENSP00000479504,ENSP00000479504,NLVINYDFPTSSVEY,,,True,4.5,2.30999447429988,IGKRKYDFDSSEVLQ,,,True,4.5,5.128693899925731,VDESDKLFEDGKTGF,,,True,4.5,-0.2544289389450296,NP_593033.1,KMVINFDFPQSVHSY,0.5708333333333333,0.5333333333333333,,,,,,False,4.257983914719929,,NP_008941,XP_011522535,NP_593033.1,KMVINFDFPQSVHSY,0.4136904761904762,0.2,,,,,,False,4.257983914719929,,NP_008941,XP_011522535,NP_593033.1,MDEADRLFEPGFIEQ,0.6011904761904762,0.4666666666666667,,,,,,False,2.2006282009757583,,NP_008941,XP_011522535
ENSG00000197157,SND1,ENST00000354725,ENSP00000346762,ENSP00000346762,SND1,ENST00000354725,ENSP00000346762,ENSP00000346762,FAAEAKFFTESRLLQ,,,True,5.0,2.042642140987957,CPHVTLQFADSKGDV,,,True,5.0,2.481475935262841,FQKVITEYLNAQESA,,,True,5.0,4.879429135585151,NP_588117.1,AGNIATFLLSSGLGR,0.4583333333333333,0.2666666666666666,,,,,,False,5.621061785185209,,NP_055205,XP_016867476,NP_588117.1,SMIKYAQSGDSFNIL,0.4166666666666667,0.2,,,,,,False,4.172403094151711,,NP_055205,XP_016867476,NP_588117.1,SSLRSRQYLSSLQRT,0.5499999999999999,0.1333333333333333,0.322838033474204,0.0,0.6050317052194608,0.0,0.3949682947805392,False,4.1649657667513535,6.0,NP_055205,XP_016867476
ENSG00000104738,MCM4,ENST00000649838,ENSP00000497648,ENSP00000262105,MCM4,ENST00000649838,ENSP00000497648,ENSP00000262105,IPEMQEAFFQCQVCA,,,True,5.0,-1.7950857077156903,IAITKDMFEEALRAL,,,True,5.0,1.6707289167467525,AHHLVALYYQSEEQA,,,True,5.5,-0.3028606955644631,NP_588004.2,IPDMKQAFFRCSVCG,0.8666666666666667,0.6,,,,,,False,-1.4549061580470768,,NP_005905,,NP_588004.2,NNINPVISEEAAKEL,0.525,0.3333333333333333,,,,,,False,2.579642760497203,,NP_005905,,NP_588004.2,YPPTKKLYHQLYSYP,0.4583333333333333,0.2,,,,,,False,1.2592775952821536,,NP_005905,
ENSG00000099810,MTAP,ENST00000644715,ENSP00000494373,ENSP00000494373,MTAP,ENST00000644715,ENSP00000494373,ENSP00000494373,TTMRPQSFYDGSHSC,,,True,4.5,6.07146943387685,LEGRTEKYVDTPFGK,,,True,6.0,2.887626963727108,DIVIIDQFIDRTTMR,,,True,6.5,2.970894794878644,NP_593076.1,GCVAHVSFGDPFDQD,0.3412698412698413,0.2,0.4312220566512918,0.0,0.3181667351163722,0.0,0.6818332648836277,False,1.5849350523581247,5.0,NP_002442,,NP_593076.1,DFVLPTQIIDRTLCA,0.25,0.0666666666666666,,,,,,False,0.4571821309649821,,NP_002442,,NP_593076.1,DFVLPTQIIDRTLCA,0.625,0.4666666666666667,,,,,,False,0.4571821309649821,,NP_002442,
ENSG00000130713,EXOSC2,ENST00000495699,ENSP00000418463,ENSP00000361433,EXOSC2,ENST00000495699,ENSP00000418463,ENSP00000361433,SAEVQAVFSDGAVSL,,,True,5.5,7.029258300880294,VKRQKTHFHDLPCGA,,,True,6.0,1.95068265761883,VTQRMMLYDTSILYC,,,True,6.0,3.587199397906854,NP_592984.1,VAEVQQYFSDGSVSI,0.8095238095238096,0.6666666666666666,0.4627925572287316,0.0,0.4132499763176852,0.0,0.5867500236823148,False,3.226225322954105,5.5,NP_055100,XP_005272233,NP_592984.1,SSLVFSNLQDLTVPK,0.3194444444444445,0.1333333333333333,,,,,,False,3.4658587080370555,,NP_055100,XP_005272233,NP_592984.1,QASITNFYESSLVFS,0.4833333333333333,0.1333333333333333,0.3118191125396217,0.0,0.1781234860341991,0.0,0.8218765139658009,True,1.7344093808436358,6.0,NP_055100,XP_005272233
ENSG00000151806,GUF1,ENST00000281543,ENSP00000281543,ENSP00000281543,GUF1,ENST00000281543,ENSP00000281543,ENSP00000281543,LNEIVVDFYDSLKSL,,,True,3.5,0.2280218224999982,SGYASFDYEDAGYQT,,,True,4.0,2.442885979618565,QAQTVANFFLAFEAQ,,,True,4.5,1.7732106170333517,NP_594788.2,LAHLVEDFFGRLKGT,0.5222222222222223,0.4,,,,,,False,1.1761833111170863,,NP_068746,XP_024309946,NP_594788.2,SGFATLDYEESDYVP,0.775,0.4666666666666667,0.3713227344126397,0.0,0.4996522793617541,0.0,0.5003477206382458,False,2.147905323520862,4.5,NP_068746,XP_024309946,NP_594788.2,QAQTLSNFYMAFSQN,0.638095238095238,0.5333333333333333,,,,,,False,3.9934780334976994,,NP_068746,XP_024309946
ENSG00000105968,H2AZ2,ENST00000381124,ENSP00000370516,ENSP00000308405,H2AZ2,ENST00000381124,ENSP00000370516,ENSP00000308405,YSAAILEYLTAEVLE,,,True,4.5,1.6715090217605937,VGATAAVYSAAILEY,,,True,7.0,4.429228720552942,SQRAGLQFPVGRIHR,,,True,7.5,3.315533492926748,NP_595630.3,YSAAVLEYLTAEVLE,1.0,0.9333333333333332,0.6004752812476857,0.0,0.5640342335864136,0.0,0.4359657664135864,False,0.953594718347339,4.5,NP_036544,,NP_595630.3,VGAKSAVYSAAVLEY,1.0,0.8,,,,,,False,0.1036279897987863,,NP_036544,,NP_595630.3,SARAGLQFPVGRVRR,0.9583333333333334,0.8,,,,,,False,0.8478268528837334,,NP_036544,
ENSG00000053372,MRTO4,ENST00000330263,ENSP00000364320,ENSP00000364320,MRTO4,ENST00000330263,ENSP00000364320,ENSP00000364320,VVTLLSDYEVCKEGD,,,True,5.0,4.120739915345356,DPGPLEQFPHSMEPQ,,,True,5.5,2.97283277683232,SASESTEESDSEDDD,,,True,6.0,0.4001544281680818,NP_595721.1,VVTLLADFPLCTEGQ,0.6011904761904762,0.6,,,,,,False,2.593547481494826,,NP_057267,XP_006710738,NP_595721.1,VVTLLADFPLCTEGQ,0.3564814814814814,0.3333333333333333,,,,,,False,2.593547481494826,,NP_057267,XP_006710738,NP_595721.1,LFSGVQQSLDSFDYM,0.4833333333333333,0.2666666666666666,,,,,,False,0.6409286844859299,,NP_057267,XP_006710738
ENSG00000165283,STOML2,ENST00000452248,ENSP00000395743,ENSP00000348886,STOML2,ENST00000452248,ENSP00000395743,ENSP00000348886,SLTVAEQYVSAFSKL,,,True,4.5,7.8919265607088915,YGVEDPEYAVTQLAQ,,,True,6.0,-0.7369584211415354,KLSLDKVFRERESLN,,,True,7.0,-1.1888676586711664,NP_596756.1,VVMAMHQQVSAERQK,0.6,0.2666666666666666,,,,,,False,4.771850141333112,,NP_038470,,NP_596756.1,YGVEDADYAISQLAQ,0.7222222222222222,0.7333333333333333,,,,,,False,-1.5899805036765151,,NP_038470,,NP_596756.1,RLTLDHVLRERQSLN,0.8333333333333334,0.6666666666666666,,,,,,False,-0.3179128347966287,,NP_038470,
ENSG00000090273,NUDC,ENST00000321265,ENSP00000319664,ENSP00000319664,NUDC,ENST00000321265,ENSP00000319664,ENSP00000319664,FLRRKTDFFIGGEEG,,,True,4.5,4.628660807692719,DQHPEMDFSKAKFNG,,,True,5.0,0.3878649304323665,VQELVNTFFSFLRRK,,,True,6.0,2.5135956484400324,NP_596344.1,QTIADVDIVIHVPKG,0.2261904761904762,0.2,,,,,,False,-0.7737858693762785,,NP_006591,XP_024308254,NP_596344.1,KQHPELDFSNVRDQI,0.4166666666666667,0.4666666666666667,,,,,,False,-0.1604723834461243,,NP_006591,XP_024308254,NP_596344.1,MKQHPELDFSNVRDQ,0.2916666666666667,0.2,,,,,,False,0.41025123536579,,NP_006591,XP_024308254
ENSG00000181029,TRAPPC5,ENST00000596148,ENSP00000470262,ENSP00000470262,TRAPPC5,ENST00000596148,ENSP00000470262,ENSP00000470262,GTTLMIKFEEAVIAR,,,True,5.0,5.258888334786064,QHCQSRVFSVAELQS,,,True,6.5,-0.2471805129350962,LSAFALLFSELVQHC,,,True,6.5,1.614010724815811,NP_596451.1,QVSGIQEFEEKLNEH,0.4166666666666667,0.2,,,,,,False,4.141928466153982,,NP_777554,,NP_596451.1,SSVSESLKSTAPLMG,0.4416666666666666,0.2,,,,,,False,1.720802210692931,,NP_777554,,NP_596451.1,LSSFAFIFSELIQRI,0.9166666666666666,0.6,0.5079411639350633,0.0,0.4182911720755089,0.0,0.5817088279244911,False,4.02225651945399,6.5,NP_777554,
ENSG00000167815,PRDX2,ENST00000334482,ENSP00000334063,ENSP00000301522,PRDX2,ENST00000301522,ENSP00000301522,ENSP00000301522,NVDDSKEYFSKHNGG,,,True,5.5,4.501360817070846,IGKPAPDFKATAVVD,,,True,6.0,10.358757714905634,ALRLVQAFQYTDEHG,,,True,6.0,0.8235257107986054,NP_588430.1,AFSEAASKFAERNAQ,0.3416666666666666,0.1333333333333333,,,,,,False,7.247335478311731,,NP_005800,,NP_588430.1,IGKPAPDFKGTAVVN,0.8333333333333334,0.8666666666666667,,,,,,False,10.358757714905634,,NP_005800,,NP_588430.1,ALRLLDAFQFVEEHG,0.75,0.6666666666666666,,,,,,False,4.133469089873638,,NP_005800,
ENSG00000152234,ATP5F1A,ENST00000398752,ENSP00000381736,ENSP00000381736,ATP5F1A,ENST00000398752,ENSP00000381736,ENSP00000381736,SITDGQIFLETELFY,,,True,4.5,-1.9569757864176105,QAEEMVEFSSGLKGM,,,True,5.0,4.265685542200729,TIINQKRFNDGSDEK,,,True,5.5,1.0875944211897912,NP_594919.1,SITDGQIFLESELFF,0.875,0.8666666666666667,0.5449042288201393,0.0,0.2360905297804455,0.0,0.7639094702195545,True,-2.8099978689525904,4.5,NP_004037,,NP_594919.1,QAEELVEFSSGIKGM,1.0,0.8666666666666667,0.682569269270567,0.0,0.2973764839666966,0.0,0.7026235160333034,False,4.651672043644625,5.0,NP_004037,,NP_594919.1,TILNHKRWNNSSDES,0.5429292929292929,0.6,,,,,,False,2.2035920605479022,,NP_004037,
ENSG00000145439,CBR4,ENST00000306193,ENSP00000303525,ENSP00000303525,CBR4,ENST00000306193,ENSP00000303525,ENSP00000303525,KNIPLGRFGETIEVA,,,True,5.0,6.627348369900513,EHDVQNTFEELEKHL,,,True,6.0,1.870933668550189,SKGGLVGFSRALAKE,,,True,6.5,3.188898990448455,NP_594074.1,KKVPIGRLASTDEIV,0.5,0.4,,,,,,False,4.553856258442318,,NP_116172,XP_011530688,NP_594074.1,EFHLKETLQSLSVAK,0.3166666666666666,0.2,,,,,,False,0.1746768914534016,,NP_116172,XP_011530688,NP_594074.1,SKAGLESFTKVLAAE,0.4333333333333333,0.5333333333333333,,,,,,False,3.901660574721038,,NP_116172,XP_011530688
ENSG00000103316,CRYM,ENST00000570401,ENSP00000460820,ENSP00000219599,CRYM,ENST00000543948,ENSP00000440227,ENSP00000219599,GMSRVPAFLSAAEVE,,,True,4.0,12.263931705236072,LMKEAVLYVDSQEAA,,,True,4.5,2.2702032336139286,LETALANFSSGPEGG,,,True,5.0,3.9607039660849215,NP_593514.1,ASALASSYLSKEDST,0.4686507936507937,0.1333333333333333,,,,,,False,5.889922745182735,,NP_001879,,NP_593514.1,CIQISNVFVDTRKGA,0.525,0.2,0.5760567554137282,0.0,0.3021484765817371,0.0,0.6978515234182628,False,-0.7154146653706973,5.5,NP_001879,,NP_593514.1,LFDLCNNKHSGRSQL,0.3791666666666666,0.2666666666666666,,,,,,False,0.8071833296187044,,NP_001879,
ENSG00000215305,VPS16,ENST00000380469,ENSP00000369836,ENSP00000369810,VPS16,ENST00000380469,ENSP00000369836,ENSP00000369810,TYRHLALFTDTGYIW,,,True,5.0,4.116887390109313,ARIFHTEFGSGVAIL,,,True,5.0,1.8439294076188324,NELNRGDFFMTLRNQ,,,True,5.5,0.5643416882661331,NP_593444.1,PIYEWELLQDTYYQK,0.6333333333333333,0.2666666666666666,,,,,,False,0.0461971477664343,,NP_072097,,NP_593444.1,IGIRECQFSEGGVFA,0.3999999999999999,0.2,0.6367379265581582,0.0,0.4433253046381326,0.0,0.5566746953618674,False,3.0767674730375627,5.5,NP_072097,,NP_593444.1,DRKTLHDFFYQDDNK,0.3873015873015872,0.2666666666666666,,,,,,False,5.241211982240502,,NP_072097,
ENSG00000171453,POLR1C,ENST00000646188,ENSP00000496001,ENSP00000496044,POLR1C,ENST00000372344,ENSP00000361419,ENSP00000496044,FPGNYSGYDDAWDQD,,,True,4.0,0.7139216801204146,LGNQADLFPEGTIRP,,,True,5.5,5.364317369349124,LARVRDHYIFSVEST,,,True,6.5,2.84991306476766,NP_596831.1,HAILGIGQDHAKFSP,0.3625,0.2,,,,,,False,0.2972997812763362,,NP_976035,,NP_596831.1,AVKFQKCFPKGVIEL,0.6814814814814815,0.2666666666666666,,,,,,False,3.394383058450982,,NP_976035,,NP_596831.1,LGRVRDHYLFSVEST,0.9166666666666666,0.8666666666666667,,,,,,False,2.745392316729748,,NP_976035,
ENSG00000131469,RPL27,ENST00000589037,ENSP00000467587,ENSP00000253788,RPL27,ENST00000589037,ENSP00000467587,ENSP00000253788,DGTSDRPYSHALVAG,,,True,6.5,-0.4316025386129971,TVVNKDVFRDPALKR,,,True,6.5,6.555456377822066,KVKFEERYKTGKNKW,,,True,7.5,5.1988337424676505,NP_588378.1,QGSKSHPFGHAVVAG,0.75,0.4666666666666667,,,,,,False,0.530640002500459,,NP_000979,,NP_596141.1,GLITADTFKEPTQRS,0.3999999999999999,0.2,0.57004872798203,0.0,0.4599724028368349,0.0,0.5400275971631652,False,6.348794885990433,6.0,NP_000979,,NP_588378.1,KNTFEEKYQTGKSAW,0.6416666666666666,0.6,0.7594073906920404,0.0,0.2922709282207725,0.0,0.7077290717792274,False,-0.347522977899209,6.5,NP_000979,
ENSG00000115685,PPP1R7,ENST00000439916,ENSP00000409719,ENSP00000234038,PPP1R7,ENST00000415769,ENSP00000413360,ENSP00000234038,NDNLLESWSDLDELK,,,True,6.5,6.116184451990893,HLTELQEFWMNDNLL,,,True,7.0,7.495848505389176,NQIKKIENLEALTEL,,,True,7.0,-0.9618535909218818,NP_593824.1,SNNELSSFQEIEDEL,0.4000000000000001,0.2,0.3654801276663819,0.0,0.4262313462600391,0.0,0.5737686537399609,False,3.261178090828725,4.5,NP_002703,,NP_593824.1,GLKNLVELWASNNEL,0.5,0.4,,,,,,False,6.894527042149536,,NP_002703,,NP_593824.1,NRIRRIENLEGLDRL,0.638888888888889,0.6,,,,,,False,1.7758702975216154,,NP_002703,
ENSG00000115541,HSPE1,ENST00000409729,ENSP00000387101,ENSP00000233893,HSPE1,ENST00000409729,ENSP00000387101,ENSP00000233893,DDKDYFLFRDGDILG,,,True,5.0,4.253872957295278,VVLDDKDYFLFRDGD,,,True,6.0,-1.318405840113778,DKVLLPEYGGTKVVL,,,True,6.5,7.226133081880877,NP_588098.1,GEEEYSLYRDHELLA,0.6130952380952381,0.3333333333333333,0.6069972116650448,0.0,0.5259292949696235,0.0,0.4740707050303765,False,1.7454353120250956,6.0,NP_002148,,NP_588098.1,IKVGEEEYSLYRDHE,0.5547619047619047,0.2666666666666666,,,,,,False,-3.5197848883621883,,NP_002148,,NP_588098.1,DRVLLPAYGGSNIKV,0.625,0.5333333333333333,,,,,,False,4.902241331218486,,NP_002148,
ENSG00000167186,COQ7,ENST00000321998,ENSP00000322316,ENSP00000322316,COQ7,ENST00000321998,ENSP00000322316,ENSP00000322316,MEEDPEKYEELLQLI,,,True,6.0,-1.8552397394493765,GRRTSVRFRSSGMTL,,,True,6.5,5.631896519393216,EKDHLKKFNELMVTF,,,True,7.0,3.04015308605062,NP_595416.1,LENKAPEFKEIRSHL,0.3999999999999999,0.1333333333333333,0.5691856192445579,0.0,0.2425486290854989,0.0,0.7574513709145012,True,1.8448225722486915,5.0,NP_057222,XP_047289451,NP_595416.1,IRSHLAEFRDDELEH,0.4166666666666667,0.2,,,,,,False,3.544380485881504,,NP_057222,XP_047289451,NP_595416.1,LENKAPEFKEIRSHL,0.3666666666666667,0.1333333333333333,0.5691856192445579,0.0,0.2425486290854989,0.0,0.7574513709145012,True,1.8448225722486915,5.0,NP_057222,XP_047289451
ENSG00000132196,HSD17B7,ENST00000470195,ENSP00000476930,ENSP00000254521,HSD17B7,ENST00000470195,ENSP00000476930,ENSP00000254521,SRKVIHMFSTAEGLL,topological domain,Extracellular,False,5.0,6.279352922382733,SNFSLEDFQHSKGKE,topological domain,Extracellular,False,5.5,1.0988668802923869,SLNPLIKYLSATTGF,topological domain,Cytoplasmic,True,5.5,6.75144410302269,NP_595440.1,GLCTTNMYETFLGPI,0.5158730158730159,0.2,0.4662279954569877,0.0,0.2186875980401356,0.0,0.7813124019598644,True,3.625055394133908,7.5,NP_057455,,NP_595440.1,KSLDFEDLQCFHGEQ,0.3888888888888889,0.2666666666666666,,,,,,False,-2.2233961094892933,,NP_057455,,NP_595440.1,NRLAELKVLRSSTKV,0.4666666666666666,0.2,,,,,,False,-0.431815231916784,,NP_057455,
ENSG00000113272,THG1L,ENST00000231198,ENSP00000231198,ENSP00000231198,THG1L,ENST00000231198,ENSP00000231198,ENSP00000231198,MTHVASQFASSYVFY,,,True,5.5,9.268472247620585,LEDIVIAYGQSDEYS,,,True,6.0,-0.5701459180439257,SNQTLKDYLSWRQAD,,,True,6.5,1.013537667781855,NP_587981.1,VSHVCSLFTSAFVFN,0.4583333333333333,0.4666666666666667,0.5598310347521339,0.0,0.3442500070943705,0.0,0.6557499929056295,False,6.035614257806209,5.0,NP_060342,XP_016865092,NP_587981.1,FTDIVLAYGDSDEYS,0.8333333333333334,0.7333333333333333,0.6078922183079927,0.0,0.8250546152889431,0.0,0.1749453847110569,False,-0.5914871264719679,4.5,NP_060342,XP_016865092,NP_587981.1,NMKVLRDYLHWRQVD,0.8125,0.5333333333333333,,,,,,False,5.518234488536473,,NP_060342,XP_016865092
ENSG00000100596,SPTLC2,ENST00000216484,ENSP00000216484,ENSP00000216484,SPTLC2,ENST00000216484,ENSP00000216484,ENSP00000216484,GGLYKRPFNEAFEET,,,True,3.5,-1.3991095562274134,RPFDETTYEETEDGG,,,True,4.0,-1.1960271770066888,KRPFNEAFEETPMLV,transmembrane region,Helical,False,5.0,0.8625296426858298,XP_001713103.1,HGPCATKVEEAMQKY,0.325,0.2,,,,,,False,4.213851240333999,,NP_004854,,XP_001713103.1,STDSNSTFKLTGDTS,0.4916666666666667,0.2,,,,,,False,1.5271924338505312,,NP_004854,,XP_001713103.1,NPGKINAFSHEMLKR,0.3833333333333333,0.1333333333333333,,,,,,False,1.6899577880642984,,NP_004854,
ENSG00000159063,ALG8,ENST00000680063,ENSP00000504928,ENSP00000299626,ALG8,ENST00000679697,ENSP00000505696,ENSP00000299626,SLPISQWYYEATSEW,,,True,3.5,0.2303392496438025,LNVHNLNYSSSRTLL,,,True,5.5,0.1684653196261634,KRHMEGAFLFAVLXY,transmembrane region,Helical,False,6.5,0.0221582184516656,NP_594599.1,SLPISEWYKSSISEW,0.475,0.6666666666666666,0.4683026545770909,0.0,0.6102511911639875,0.0,0.3897488088360125,False,1.476485201966321,5.0,NP_076984,XP_005274304,NP_594599.1,LDPYNLNYVSPSTVV,0.5595238095238095,0.4666666666666667,0.2939364353083014,0.0,0.3469774451555838,0.0,0.6530225548444162,False,6.693503420951041,7.0,NP_076984,XP_005274304,NP_594599.1,IHFQYNGFLFGLLLW,0.6666666666666666,0.2666666666666666,,,,,,False,0.0822472753739865,,NP_076984,XP_005274304
ENSG00000274474,YWHAE,ENST00000627231,ENSP00000487356,ENSP00000487356,YWHAE,ENST00000627231,ENSP00000487356,ENSP00000487356,DTLSEESYKDSTLIM,,,True,3.5,-0.8854035737392291,YHRYLAEFATGNDRK,,,True,4.0,3.925953235200853,CRLAKAAFDDAIAEL,,,True,4.5,0.3315214946599722,NP_594247.1,DSLSEESYKDSTLIM,1.0,0.9333333333333332,0.6671501687616732,0.0,0.4245165523788957,0.0,0.5754834476211044,False,-0.8854035737392291,3.5,NP_006752,,NP_594247.1,YYRYLAEFTVGEVCK,0.375,0.6,,,,,,False,1.6188002760818518,,NP_006752,,NP_594247.1,CHLAKQVFDEAISEL,0.6083333333333333,0.6666666666666666,0.5091866099778304,0.0,0.2920213961854686,0.0,0.7079786038145314,False,-1.0303578263899564,4.0,NP_006752,
ENSG00000279247,AK6,ENST00000612207,ENSP00000484679,ENSP00000484679,AK6,ENST00000612207,ENSP00000484679,ENSP00000484679,CEIFQVLYEEATASY,,,True,5.0,-1.3359091120107196,EGGVIVDYHGCDFFP,,,True,5.5,3.61886888138301,LYDGYDEEYDCPILD,,,True,6.0,2.0201326997879128,NP_588481.1,AEIMQICLEEARESF,0.4064814814814814,0.4666666666666667,,,,,,False,-0.4398334862184904,,NP_057367,,NP_588481.1,KGGCIIDWHTCGLFS,0.4636363636363636,0.4666666666666667,,,,,,False,4.6532700109724034,,NP_057367,,NP_588481.1,CLEEARESFDPKIVV,0.511904761904762,0.2,,,,,,False,12.833855363116148,,NP_057367,
ENSG00000108953,YWHAE,ENST00000264335,ENSP00000264335,ENSP00000264335,YWHAE,ENST00000264335,ENSP00000264335,ENSP00000264335,DTLSEESYKDSTLIM,,,True,3.5,-0.8854035737392291,YHRYLAEFATGNDRK,,,True,4.0,3.925953235200853,CRLAKAAFDDAIAEL,,,True,4.5,0.3315214946599722,NP_594247.1,DSLSEESYKDSTLIM,1.0,0.9333333333333332,0.6671501687616732,0.0,0.4245165523788957,0.0,0.5754834476211044,False,-0.8854035737392291,3.5,NP_006752,,NP_594247.1,YYRYLAEFTVGEVCK,0.375,0.6,,,,,,False,1.6188002760818518,,NP_006752,,NP_594247.1,CHLAKQVFDEAISEL,0.6083333333333333,0.6666666666666666,0.5091866099778304,0.0,0.2920213961854686,0.0,0.7079786038145314,False,-1.0303578263899564,4.0,NP_006752,
ENSG00000283391,EEF1B2,ENST00000638006,ENSP00000490022,ENSP00000489993,EEF1B2,ENST00000638006,ENSP00000490022,ENSP00000489993,DYLADKSYIEGYVPS,,,True,5.5,-1.1338427477497048,QITAFEDYVQSMDVA,,,True,5.5,2.4448657400952847,GGGGGMGFGDLKSPA,,,True,6.0,-0.982697251811148,NP_588303.1,DFLLDKSFIEGYEPS,0.6833333333333332,0.7333333333333333,0.6401127641628785,0.0,0.4973636271487814,0.0,0.5026363728512185,False,-1.1338427477497048,4.0,NP_066944,,NP_588303.1,ELEGFEDYVQSTDIA,1.0,0.6,,,,,,False,-0.576680406258519,,NP_066944,,NP_588303.1,LQEELEGFEDYVQST,0.4095238095238095,0.2,0.5615561910084794,0.0,0.4507689838045799,0.0,0.54923101619542,False,-0.9302290775082396,5.5,NP_066944,
ENSG00000114942,EEF1B2,ENST00000435123,ENSP00000399917,ENSP00000236957,EEF1B2,ENST00000435123,ENSP00000399917,ENSP00000236957,DYLADKSYIEGYVPS,,,True,5.5,-1.1338427477497048,QITAFEDYVQSMDVA,,,True,5.5,2.4448657400952847,GGGGGMGFGDLKSPA,,,True,6.0,-0.982697251811148,NP_588303.1,DFLLDKSFIEGYEPS,0.6833333333333332,0.7333333333333333,0.6401127641628785,0.0,0.4973636271487814,0.0,0.5026363728512185,False,-1.1338427477497048,4.0,NP_066944,,NP_588303.1,ELEGFEDYVQSTDIA,1.0,0.6,,,,,,False,-0.576680406258519,,NP_066944,,NP_588303.1,LQEELEGFEDYVQST,0.4095238095238095,0.2,0.5615561910084794,0.0,0.4507689838045799,0.0,0.54923101619542,False,-0.9302290775082396,5.5,NP_066944,
ENSG00000213465,ARL2,ENST00000246747,ENSP00000246747,ENSP00000246747,ARL2,ENST00000246747,ENSP00000246747,ENSP00000246747,LRSYWRNYFESTDGL,,,True,3.5,-1.6015145228368275,RSYWRNYFESTDGLI,,,True,5.5,5.591235204614234,STDGLIWVVDSADRQ,,,True,7.5,7.1472781774482765,NP_593036.1,LRNFWKNYFESTEAI,0.9,0.6,0.5873560099457034,0.0,0.5077265478383908,0.0,0.4922734521616091,False,-1.0168999386657065,3.5,NP_001658,,NP_593036.1,RNFWKNYFESTEAII,0.8333333333333334,0.6,0.0300386238258441,0.0,0.3689820967615848,0.0,0.6310179032384151,False,5.591235204614234,5.5,NP_001658,,NP_593036.1,STEAIIWVVDSLDDL,1.0,0.6,,,,,,False,2.0156325896473204,,NP_001658,
ENSG00000166887,VPS39,ENST00000318006,ENSP00000326534,ENSP00000326534,VPS39,ENST00000318006,ENSP00000326534,ENSP00000326534,YFWKDREFHELQGDF,,,True,5.0,-1.1695469768573974,PNGVVVHYFCSKEVN,,,True,5.5,7.149257867680133,MFLEISSYYDPGRLI,,,True,6.0,5.482000320720031,NP_593392.1,KNISMKSYHSLFSSQ,0.4047619047619048,0.1333333333333333,0.4662030809982179,0.0,0.4052721962368045,0.0,0.5947278037631955,False,3.676300400378421,6.0,NP_056104,XP_011519706,NP_593392.1,LSYDEEHYFLQKKNL,0.4916666666666667,0.2666666666666666,,,,,,False,-0.4013138212893582,,NP_056104,XP_011519706,NP_593392.1,GKSNTTSKYEPILSY,0.4166666666666667,0.2,,,,,,False,2.358629359191472,,NP_056104,XP_011519706
ENSG00000145592,RPL37,ENST00000274242,ENSP00000274242,ENSP00000274242,RPL37,ENST00000274242,ENSP00000274242,ENSP00000274242,YRRFRHGFREGTTPK,,,True,5.0,-0.7043855633063647,RRCGSKAYHLQKSTC,,,True,8.0,-0.8786327146921546,PAKRKRKYNWSAKAK,,,True,8.5,6.3484227752814055,NP_588350.1,HRSFKNGFRSGKPAA,0.6428571428571429,0.4,0.733181289581058,0.0,0.5115743071822523,0.0,0.4884256928177478,False,1.3212423439945575,6.0,NP_000988,,NP_001018221.1,RRCGKRSFHIQKSTC,0.7083333333333334,0.6666666666666666,,,,,,False,-0.8443773453138974,,NP_000988,,NP_001018221.1,PAAKTRSYNWGAKAK,0.6666666666666666,0.6666666666666666,,,,,,False,3.629468016901586,,NP_000988,
ENSG00000100554,ATP6V1D,ENST00000554087,ENSP00000451167,ENSP00000216442,ATP6V1D,ENST00000554087,ENSP00000451167,ENSP00000216442,AKFTAGDFSTTVIQN,,,True,4.5,7.451647943447528,TLPVFEHYHEGTDSY,,,True,4.5,2.797546747865016,LASLQTSFVTLDEAI,,,True,5.5,1.3278915829969384,NP_588513.1,LDESIDDFQLTGLGK,0.5416666666666666,0.2,,,,,,False,1.0169500390591162,,NP_057078,,NP_588513.1,ADSVTKEEHQGGSNT,0.3333333333333333,0.2,,,,,,False,2.623054097116221,,NP_057078,,NP_588513.1,LASYQSAFVLLGDVL,0.5555555555555556,0.4666666666666667,,,,,,False,5.298331777978314,,NP_057078,
ENSG00000069329,VPS35,ENST00000299138,ENSP00000299138,ENSP00000299138,VPS35,ENST00000299138,ENSP00000299138,ENSP00000299138,HFHPLFEYFDYESRK,,,True,4.5,1.8271786237329783,SMLSPKSYYELYMAI,,,True,5.5,2.2709811180145665,ILNRYIYFYEKENDA,,,True,5.5,7.043572699684604,NP_588260.2,FINILERYFYYYDQH,0.4285714285714285,0.2666666666666666,,,,,,False,1.2514545846589318,,NP_060676,XP_005256102,NP_588260.2,SALTPKQYYELYMFN,0.8333333333333334,0.6666666666666666,0.6680556925928969,0.0,0.2237389460698176,0.0,0.7762610539301823,True,4.939445503080528,6.0,NP_060676,XP_005256102,NP_588260.2,ILERYFYYYDQHCES,0.4380952380952381,0.4,0.3948892454119631,0.0,0.8619483671705458,0.0,0.1380516328294542,False,5.317135433538855,6.0,NP_060676,XP_005256102
ENSG00000085231,AK6,ENST00000380822,ENSP00000370201,ENSP00000370201,AK6,ENST00000380822,ENSP00000370201,ENSP00000370201,CEIFQVLYEEATASY,,,True,5.0,-1.3359091120107196,EGGVIVDYHGCDFFP,,,True,5.5,3.61886888138301,LYDGYDEEYDCPILD,,,True,6.0,2.0201326997879128,NP_588481.1,AEIMQICLEEARESF,0.4064814814814814,0.4666666666666667,,,,,,False,-0.4398334862184904,,NP_057367,,NP_588481.1,KGGCIIDWHTCGLFS,0.4636363636363636,0.4666666666666667,,,,,,False,4.6532700109724034,,NP_057367,,NP_588481.1,CLEEARESFDPKIVV,0.511904761904762,0.2,,,,,,False,12.833855363116148,,NP_057367,
ENSG00000119718,EIF2B2,ENST00000266126,ENSP00000266126,ENSP00000266126,EIF2B2,ENST00000266126,ENSP00000266126,ENSP00000266126,APEEVLPFTEGDILE,,,True,5.0,1.9730266622156505,LSERIESFVETLKRG,,,True,5.0,2.868294190447681,GLNEDFSFHYAQLQS,,,True,5.0,2.0360229596727986,NP_593435.1,SPDKIMSFNEGDLIS,0.5416666666666666,0.3333333333333333,0.6052744495349106,0.0,0.6919890206954681,0.0,0.308010979304532,False,-0.0604901923966249,5.0,NP_055054,,NP_593435.1,RWSTVDQLIDTVRAV,0.4138888888888888,0.0666666666666666,,,,,,False,4.392270827059973,,NP_055054,,NP_593435.1,SPDKIMSFNEGDLIS,0.4611111111111111,0.2666666666666666,0.6052744495349106,0.0,0.6919890206954681,0.0,0.308010979304532,False,-0.0604901923966249,5.0,NP_055054,
ENSG00000105726,ATP13A1,ENST00000455627,ENSP00000411891,ENSP00000349877,ATP13A1,ENST00000357324,ENSP00000349877,ENSP00000349877,SRNRYKLFLECTLIL,topological domain,Cytoplasmic,True,4.5,1.6771680797577015,SLVNXPPFMESLPEN,topological domain,Cytoplasmic,True,5.0,-0.6876405631395661,AYVLRTGFNTSQGKL,topological domain,Extracellular,False,5.5,-0.4621268033403279,NP_593971.1,ERSRYKLMLDCVMII,0.6222222222222222,0.5333333333333333,,,,,,False,5.107532897585559,,NP_065143,,NP_593971.1,INYQGRPFREALSEN,0.4666666666666666,0.4,0.5967722639566283,0.0,0.3692089924299589,0.0,0.630791007570041,False,-1.3028680798695726,4.0,NP_065143,,NP_593971.1,AIVLRTGFETSQGSL,0.8333333333333334,0.8,0.2602765163313101,0.0,0.5540290042419035,0.0,0.4459709957580965,False,0.0975595390177301,5.5,NP_065143,
ENSG00000116649,SRM,ENST00000465788,ENSP00000467669,ENSP00000366156,SRM,ENST00000376957,ENSP00000366156,ENSP00000366156,AAIREGWFRETCSLW,,,True,4.5,2.541945442935768,MGPAESLFKESYYQL,,,True,5.0,0.4485863959636224,TERDEFSYQEMIANL,,,True,6.0,-0.3439554822423427,NP_596015.1,PLIKDGWFREINNMW,0.6527777777777778,0.4666666666666667,0.439793328668989,0.0,0.525407598756131,0.0,0.474592401243869,False,4.078318446410887,6.5,NP_003123,,NP_596015.1,QELSHPLIKDGWFRE,0.4722222222222222,0.1333333333333333,,,,,,False,0.0493952894088533,,NP_003123,,NP_596015.1,TERDEFSYQEMIAHL,1.0,0.9333333333333332,0.3561433844319349,0.0,0.6171634740087272,0.0,0.3828365259912727,False,-0.7213735960454946,6.0,NP_003123,
ENSG00000157020,SEC13,ENST00000397109,ENSP00000380298,ENSP00000373312,SEC13,ENST00000397109,ENSP00000380298,ENSP00000373312,IHDAQMDYYGTRLAT,,,True,5.5,0.3020908832521847,GDNKVTLWKESVDGQ,,,True,6.0,2.490394393048973,CSQDGRVFIWTCDDA,,,True,6.0,-2.1992395833224188,NP_596692.1,IHDAILDYYGKRLAT,0.7999999999999999,0.8,,,,,,False,1.642858760275017,,NP_001129498,XP_047304646,NP_596692.1,GDNKVYLFKESQNKW,0.7222222222222223,0.6,0.5616750571757049,0.0,0.4603957653224518,0.0,0.5396042346775483,False,5.376073954100176,5.0,NP_001129498,XP_047304646,NP_596692.1,ASQDKNVFIWTKEGD,0.9,0.5333333333333333,,,,,,False,-2.164984213944161,,NP_001129498,XP_047304646
ENSG00000129932,DOHH,ENST00000672935,ENSP00000500806,ENSP00000398882,DOHH,ENST00000672935,ENSP00000500806,ENSP00000398882,ETGRAFQYADGLEQL,,,True,5.0,8.128175992911277,EHETGRAFQYADGLE,,,True,6.5,0.8908422265126168,TRQEPMVRHEAGEAL,,,True,7.0,-2.2574181752746325,NP_594654.1,LAIARIQWKNGLDKN,0.4136363636363636,0.2,,,,,,False,3.597879056115616,,NP_112594,,NP_594654.1,YVMGQSGQQYAVQPL,0.3333333333333333,0.2,,,,,,False,0.086323957915985,,NP_112594,,NP_594654.1,LDQQVMVRHEAAEAL,1.0,0.6666666666666666,,,,,,False,2.53729429093062,,NP_112594,
ENSG00000113273,ARSB,ENST00000264914,ENSP00000264914,ENSP00000264914,ARSB,ENST00000264914,ENSP00000264914,ENSP00000264914,VTRCALDFRDGEEVA,,,True,3.5,7.279869557493715,HKHSVPVYFPAQDPR,,,True,5.0,2.058952058183405,LHNIDPNFVDSSPCP,,,True,5.0,-1.5531371955413025,NP_595046.1,RFSKVWGGKPGYEGY,0.2650793650793651,0.1333333333333333,,,,,,False,3.4757019377863867,,NP_000037,XP_011541692,NP_595046.1,KGNYKAIYVPKEGIK,0.3555555555555555,0.1333333333333333,,,,,,False,0.5854376700138857,,NP_000037,XP_011541692,NP_595046.1,GKPWIDHFVHGKPVH,0.5,0.2,,,,,,False,10.631951997841467,,NP_000037,XP_011541692
ENSG00000012660,ELOVL5,ENST00000542638,ENSP00000440728,ENSP00000306640,ELOVL5,ENST00000542638,ENSP00000440728,ENSP00000306640,FDASLSTYFKALLGP,,,True,5.0,5.158949422243527,GGGGGMEHFDASLST,,,True,6.5,0.3355053210434753,GGGGMEHFDASLSTY,,,True,6.5,1.7389186511982442,NP_593930.1,IGFYINTYIKRGAKK,0.425,0.2,,,,,,False,1.4478467769504746,,NP_068586,,NP_593930.1,YCVCDSRHFTQRLVT,0.4333333333333333,0.2666666666666666,,,,,,False,6.76344667138417,,NP_068586,,NP_593930.1,FPWLPHVGDCSGSLF,0.2916666666666667,0.2,,,,,,False,-0.0895819018891766,,NP_068586,
ENSG00000089157,RPLP0,ENST00000552292,ENSP00000446777,ENSP00000376299,RPLP0,ENST00000547475,ENSP00000450222,ENSP00000376299,LGPEKTSFFQALGIT,,,True,5.0,1.04509648146321,SVETDYTFPLAEKVK,,,True,5.5,6.112802293018524,EETLHSRFLEGVRNV,,,True,6.0,1.7399047087066255,NP_588393.1,MEPGKTSFFQALGIP,1.0,0.7333333333333333,,,,,,False,0.6339012818965536,,NP_444505,,NP_588393.1,AYKNLVAVSLATEYT,0.2833333333333333,0.1333333333333333,,,,,,False,2.735435509701833,,NP_444505,,NP_588393.1,SKESKAQYFEKLRSL,0.3714285714285714,0.1333333333333333,,,,,,False,0.9498926308627382,,NP_444505,
ENSG00000177879,AP3S1,ENST00000316788,ENSP00000325369,ENSP00000325369,AP3S1,ENST00000316788,ENSP00000325369,ENSP00000325369,ILDLIQVFVETLDKC,,,True,4.0,1.275486980422489,RDENVCNFLEGGLLI,,,True,5.5,0.4361523398163434,RHYATLYFVFCVDSS,,,True,5.5,-0.1351756767429974,NP_593212.1,ILDLIQVFVEALDRC,0.8333333333333334,0.8666666666666667,0.6561028023993287,0.0,0.6144581594647608,0.0,0.3855418405352392,False,1.275486980422489,3.5,NP_001275,XP_047272652,NP_593212.1,RPPTACNFLESNLIA,0.8333333333333334,0.4666666666666667,0.4123851745275397,0.0,0.2832535374315817,0.0,0.7167464625684182,False,2.917051499756455,5.0,NP_001275,XP_047272652,NP_593212.1,RQYATLYFVFVVDEG,0.7916666666666666,0.7333333333333333,,,,,,False,0.7660324842224714,,NP_001275,XP_047272652
ENSG00000168872,DDX19A,ENST00000302243,ENSP00000306117,ENSP00000306117,DDX19A,ENST00000302243,ENSP00000306117,ENSP00000306117,MLLFSATFEDSVWKF,,,True,4.5,1.1602550734743295,RAAVIERFREGKEKV,,,True,5.5,4.5864447308084575,PLYSVKSFEELRLKP,,,True,6.0,0.5875463014113247,NP_596016.1,PLFSVKSFEELELKP,0.2749999999999999,0.2666666666666666,0.2056023855405109,0.0,0.4301861179386839,0.0,0.5698138820613161,False,0.5875463014113247,6.0,NP_060802,,NP_596016.1,RDAIMDSFRVGTSKV,0.375,0.4666666666666667,,,,,,False,3.079252620434328,,NP_060802,,NP_596016.1,PLFSVKSFEELELKP,1.0,0.8666666666666667,0.2056023855405109,0.0,0.4301861179386839,0.0,0.5698138820613161,False,0.5875463014113247,6.0,NP_060802,
ENSG00000127837,AAMP,ENST00000248450,ENSP00000248450,ENSP00000248450,AAMP,ENST00000248450,ENSP00000248450,ENSP00000248450,HTAEILDFALSKDAS,,,True,5.0,0.4358626004853887,QEMEDVDFEEEEEEE,,,True,5.5,-2.0481161189506847,ALHSASVFCVSLDPK,,,True,6.0,4.521516984439457,NP_593812.1,PATGAPECRMSSDDH,0.3962962962962963,0.1333333333333333,,,,,,False,2.330715241084917,,NP_001078,,NP_593812.1,MDQGVTEDEAEQEQN,0.4416666666666666,0.2,,,,,,False,-0.3642417400951688,,NP_001078,,NP_593812.1,FEHKDSVFSVSINPV,0.6527777777777778,0.4666666666666667,,,,,,False,3.878786425469845,,NP_001078,
ENSG00000039650,PNKP,ENST00000600910,ENSP00000473137,ENSP00000323511,PNKP,ENST00000600910,ENSP00000473137,ENSP00000323511,TTRSGKVFPTGPSDW,,,True,5.5,-0.3431218887048423,ALNLGLPFATPEEFF,,,True,6.0,3.712086766208485,VPCRCFLFTATLEQA,,,True,6.0,4.515181777198815,NP_593635.2,FLGHSFVPPNFESFH,0.3214285714285714,0.2,,,,,,False,2.559512090090035,,NP_009185,,NP_593635.2,AENIGIKFETPEQFF,0.5,0.6,0.3087119695029712,0.0,0.530884810784633,0.0,0.4691151892153669,False,4.003159476721549,7.5,NP_009185,,NP_593635.2,LDLPIVLYAAILKDK,0.3964285714285715,0.2,,,,,,False,1.4944920844128653,,NP_009185,
ENSG00000169139,UBE2V2,ENST00000521346,ENSP00000428818,ENSP00000428209,UBE2V2,ENST00000521346,ENSP00000428818,ENSP00000428209,KVECGPKYPEAPPSV,,,True,5.5,0.0748628436972589,GVKVPRNFRLLEELE,,,True,7.5,2.713927077999953,EAPPSVRFVTKINMN,,,True,8.0,5.617718200982166,NP_588162.1,KIHCDANYPDAPPIV,0.7222222222222223,0.5333333333333333,0.6693371888121871,0.0,0.2707289487835861,0.0,0.7292710512164138,False,0.0453805928484818,5.0,NP_003341,,NP_588162.1,MAKVPRNFKLLEELE,0.9,0.8,,,,,,False,2.798479434987667,,NP_003341,,NP_588162.1,DAPPIVTFVSRINLP,0.575,0.5333333333333333,,,,,,False,6.903599951438213,,NP_003341,
ENSG00000131462,TUBG1,ENST00000681413,ENSP00000505664,ENSP00000251413,TUBG1,ENST00000681413,ENSP00000505664,ENSP00000251413,TDRKDVFFYQADDEH,,,True,4.5,0.3341600436862864,GSDSLEGFVLCHSIA,,,True,5.0,1.4714735819435572,QFRKEDMFKDNFDEM,,,True,5.5,0.8938750471612275,NP_596147.1,VDRKDVFFYQSDDTR,0.875,0.7333333333333333,,,,,,False,-0.5188620388486933,,NP_001061,,NP_596147.1,GSDSLEGFSLLHSIA,0.5416666666666666,0.8666666666666667,,,,,,False,2.1418035186907005,,NP_001061,,NP_596147.1,HTSIASLFKRTLDQY,0.5166666666666667,0.2,,,,,,False,3.934033787359521,,NP_001061,
ENSG00000105640,RPL18A,ENST00000222247,ENSP00000222247,ENSP00000222247,RPL18A,ENST00000222247,ENSP00000222247,ENSP00000222247,RRPAVKQFHDSKIKF,,,True,4.5,4.271903586697428,THNMYREYRDLTTAG,,,True,5.5,1.434038960495885,RSGTHNMYREYRDLT,,,True,6.0,-2.035571597464036,NP_593336.1,THNMYKEFRDTTRVG,0.3333333333333333,0.2,0.589896418740104,0.0,0.4822242784384457,0.0,0.5177757215615543,False,4.980728538414576,4.5,NP_000971,,NP_593336.1,THNMYKEFRDTTRVG,0.5166666666666666,0.6666666666666666,0.589896418740104,0.0,0.4822242784384457,0.0,0.5177757215615543,False,4.980728538414576,4.5,NP_000971,,NP_593336.1,RSGTHNMYKEFRDTT,0.8166666666666668,0.8,0.5519981426170615,0.0,0.2769223194300064,0.0,0.7230776805699936,False,1.5316031704869897,6.0,NP_000971,
ENSG00000100519,PSMC6,ENST00000445930,ENSP00000401802,ENSP00000401802,PSMC6,ENST00000445930,ENSP00000401802,ENSP00000401802,DFVVQEDFMKAVRKV,,,True,5.5,2.622045742709109,ARLIREMFNYARDHQ,,,True,5.5,0.3287094483112107,DAIGGRRFSEGTSAD,,,True,6.0,-0.2413403069095788,NP_587809.2,DYVIQSDLMSAARKV,0.6666666666666666,0.6,,,,,,False,6.999369813978672,,NP_002797,XP_047287562,NP_587809.2,ARIIREMFGYAKEHE,0.7333333333333334,0.6666666666666666,,,,,,False,0.6302463381360066,,NP_002797,XP_047287562,NP_587809.2,DAIGGRRFSEGTSAD,1.0,1.0,0.6420801201471149,0.0,0.266836717275247,0.0,0.733163282724753,False,-0.2413403069095788,6.0,NP_002797,XP_047287562
ENSG00000139726,DENR,ENST00000455982,ENSP00000413661,ENSP00000280557,DENR,ENST00000455982,ENSP00000413661,ENSP00000280557,VCSLPTEYCEYMPDV,,,True,6.0,-3.9987253192158736,ADISESSGADCKGDP,,,True,7.0,1.2657691549117245,IDVIQEKWPEVDDDS,,,True,7.5,2.601832478883142,NP_596803.1,VCTLPVEYCEFEGTL,0.6944444444444445,0.5333333333333333,0.490099811703073,0.0,0.3751593612011152,0.0,0.6248406387988849,False,-1.0240604877024626,6.0,NP_003668,,NP_596803.1,KRVTTVQGLDAFGIE,0.4583333333333333,0.2,,,,,,False,2.4671824117057417,,NP_003668,,NP_596803.1,FDFILEKFKEVPEDN,0.5611111111111111,0.4666666666666667,0.620559624615124,0.0,0.6430740704766219,0.0,0.356925929523378,False,3.151714683545947,5.5,NP_003668,
ENSG00000109917,ZPR1,ENST00000227322,ENSP00000227322,ENSP00000227322,ZPR1,ENST00000227322,ENSP00000227322,ENSP00000227322,DDPSGNSFVENPHAP,,,True,6.0,1.1016488741181152,VEIPELEFELGMAVL,,,True,6.0,2.9834566630362294,QTERLQEFSQKMDQI,,,True,6.5,5.18549948506514,NP_594291.1,DDPLSQSYLQNYYAP,0.5607142857142857,0.4666666666666667,,,,,,False,1.2630152262679526,,NP_003895,,NP_594291.1,ERSFQVNEELGLNDM,0.3444444444444444,0.2,,,,,,False,3.7897004437737065,,NP_003895,,NP_594291.1,DELYGRVFSQETDSM,0.6166666666666667,0.2666666666666666,,,,,,False,-0.0058797655636527,,NP_003895,
ENSG00000167085,PHB1,ENST00000511832,ENSP00000425035,ENSP00000426433,PHB1,ENST00000511832,ENSP00000425035,ENSP00000426433,HLTFGKEFTEAVEAK,,,True,2.5,-0.2950040499880768,EAAEDIAYQLSRSRN,,,True,6.0,-2.436597741690357,ASQLPRIFTSIGEDY,,,True,6.0,0.0783514989006166,NP_594713.1,HMTFGKEFTKAVERK,0.8666666666666667,0.8,,,,,,False,-0.0141348565471439,,NP_001268425,,NP_594713.1,FGAGSNAQSSSGSGL,0.3833333333333333,0.2666666666666666,,,,,,False,-0.0829134586319602,,NP_001268425,,NP_594713.1,LDYDERVLPSIGNEI,0.4345238095238095,0.2666666666666666,,,,,,False,4.264675180488851,,NP_001268425,
ENSG00000111615,KRR1,ENST00000229214,ENSP00000229214,ENSP00000229214,KRR1,ENST00000229214,ENSP00000229214,ENSP00000229214,FATLFPKYREAYLKE,,,True,5.5,0.8398173815289368,ELASGEYFLKANQKK,,,True,6.0,0.5216486965793609,GLLEESSFATLFPKY,,,True,6.0,2.7151230473956547,NP_596073.1,FATLFPKYREKYLRE,0.7999999999999999,0.8666666666666667,,,,,,False,0.8398173815289368,,NP_008974,XP_047284089,NP_596073.1,EIESGEYFLKKEEKE,0.7000000000000001,0.6,,,,,,False,-0.2198515757440929,,NP_008974,XP_047284089,NP_596073.1,SFLEESSFATLFPKY,1.0,0.8666666666666667,0.3329946119647649,0.0,0.4352728274374228,0.0,0.5647271725625772,False,1.8875501705259377,5.5,NP_008974,XP_047284089
ENSG00000274078,TSEN34,ENST00000613310,ENSP00000477766,ENSP00000477766,TSEN34,ENST00000613310,ENSP00000477766,ENSP00000477766,DLWERGFFLSAAGKF,,,True,5.0,7.495954202755755,HELRYSIYRDLWERG,,,True,6.0,4.664658377859418,KRQQEESFQEQSALA,,,True,6.0,-3.8393045278024567,NP_596163.1,LSKEEAFYLIEKGIS,0.4547619047619047,0.2666666666666666,,,,,,False,0.9443121188331915,,NP_001070914,,NP_596163.1,IVDDTKVHKQLLENT,0.5666666666666667,0.1333333333333333,,,,,,False,-0.6675911544724156,,NP_001070914,,NP_596163.1,KKRQSLAYDQMIAAK,0.3464285714285715,0.2,,,,,,False,0.75378148751135,,NP_001070914,
ENSG00000274796,TSEN34,ENST00000611560,ENSP00000480422,ENSP00000482527,TSEN34,ENST00000611560,ENSP00000480422,ENSP00000482527,DLWERGFFLSAAGKF,,,True,5.0,7.495954202755755,HELRYSIYRDLWERG,,,True,6.0,4.664658377859418,KRQQEESFQEQSALA,,,True,6.0,-3.8393045278024567,NP_596163.1,LSKEEAFYLIEKGIS,0.4547619047619047,0.2666666666666666,,,,,,False,0.9443121188331915,,NP_001070914,,NP_596163.1,IVDDTKVHKQLLENT,0.5666666666666667,0.1333333333333333,,,,,,False,-0.6675911544724156,,NP_001070914,,NP_596163.1,KKRQSLAYDQMIAAK,0.3464285714285715,0.2,,,,,,False,0.75378148751135,,NP_001070914,
ENSG00000274129,TSEN34,ENST00000612236,ENSP00000480503,ENSP00000479576,TSEN34,ENST00000612236,ENSP00000480503,ENSP00000479576,DLWERGFFLSAAGKF,,,True,5.0,7.495954202755755,HELRYSIYRDLWERG,,,True,6.0,4.664658377859418,KRQQEESFQEQSALA,,,True,6.0,-3.8393045278024567,NP_596163.1,LSKEEAFYLIEKGIS,0.4547619047619047,0.2666666666666666,,,,,,False,0.9443121188331915,,NP_001070914,,NP_596163.1,IVDDTKVHKQLLENT,0.5666666666666667,0.1333333333333333,,,,,,False,-0.6675911544724156,,NP_001070914,,NP_596163.1,KKRQSLAYDQMIAAK,0.3464285714285715,0.2,,,,,,False,0.75378148751135,,NP_001070914,
ENSG00000146731,CCT6A,ENST00000275603,ENSP00000275603,ENSP00000275603,CCT6A,ENST00000275603,ENSP00000275603,ENSP00000275603,AQLGVQAFADALLII,,,True,4.5,0.8051231491321006,TEVNSGFFYKSAEER,,,True,4.5,3.698461210558553,EVNSGFFYKSAEERE,,,True,4.5,4.858490569138249,NP_595369.1,AKMGVYAYADALLII,0.9047619047619048,0.7333333333333333,0.6129113895793228,0.0,0.5159651807557575,0.0,0.4840348192442426,False,3.300067751473766,5.0,NP_001753,,NP_595369.1,SEINSGFFYSTSEQR,0.7000000000000001,0.6,0.1922478843796217,0.0,0.4008276827527063,0.0,0.5991723172472936,False,1.26936843918679,3.0,NP_001753,,NP_595369.1,SEINSGFFYSTSEQR,0.5357142857142857,0.2,0.1922478843796217,0.0,0.4008276827527063,0.0,0.5991723172472936,False,1.26936843918679,3.0,NP_001753,
ENSG00000278622,TSEN34,ENST00000615975,ENSP00000484225,ENSP00000478622,TSEN34,ENST00000615975,ENSP00000484225,ENSP00000478622,DLWERGFFLSAAGKF,,,True,5.0,7.495954202755755,HELRYSIYRDLWERG,,,True,6.0,4.664658377859418,KRQQEESFQEQSALA,,,True,6.0,-3.8393045278024567,NP_596163.1,LSKEEAFYLIEKGIS,0.4547619047619047,0.2666666666666666,,,,,,False,0.9443121188331915,,NP_001070914,,NP_596163.1,IVDDTKVHKQLLENT,0.5666666666666667,0.1333333333333333,,,,,,False,-0.6675911544724156,,NP_001070914,,NP_596163.1,KKRQSLAYDQMIAAK,0.3464285714285715,0.2,,,,,,False,0.75378148751135,,NP_001070914,
ENSG00000273896,TSEN34,ENST00000613712,ENSP00000484865,ENSP00000481639,TSEN34,ENST00000613712,ENSP00000484865,ENSP00000481639,DLWERGFFLSAAGKF,,,True,5.0,7.495954202755755,HELRYSIYRDLWERG,,,True,6.0,4.664658377859418,KRQQEESFQEQSALA,,,True,6.0,-3.8393045278024567,NP_596163.1,LSKEEAFYLIEKGIS,0.4547619047619047,0.2666666666666666,,,,,,False,0.9443121188331915,,NP_001070914,,NP_596163.1,IVDDTKVHKQLLENT,0.5666666666666667,0.1333333333333333,,,,,,False,-0.6675911544724156,,NP_001070914,,NP_596163.1,KKRQSLAYDQMIAAK,0.3464285714285715,0.2,,,,,,False,0.75378148751135,,NP_001070914,
ENSG00000278712,TSEN34,ENST00000613888,ENSP00000481068,ENSP00000483266,TSEN34,ENST00000613888,ENSP00000481068,ENSP00000483266,DLWERGFFLSAAGKF,,,True,5.0,7.495954202755755,HELRYSIYRDLWERG,,,True,6.0,4.664658377859418,KRQQEESFQEQSALA,,,True,6.0,-3.8393045278024567,NP_596163.1,LSKEEAFYLIEKGIS,0.4547619047619047,0.2666666666666666,,,,,,False,0.9443121188331915,,NP_001070914,,NP_596163.1,IVDDTKVHKQLLENT,0.5666666666666667,0.1333333333333333,,,,,,False,-0.6675911544724156,,NP_001070914,,NP_596163.1,KKRQSLAYDQMIAAK,0.3464285714285715,0.2,,,,,,False,0.75378148751135,,NP_001070914,
ENSG00000274672,TSEN34,ENST00000622524,ENSP00000483436,ENSP00000483436,TSEN34,ENST00000622524,ENSP00000483436,ENSP00000483436,DLWERGFFLSAAGKF,,,True,5.0,7.495954202755755,HELRYSIYRDLWERG,,,True,6.0,4.664658377859418,KRQQEESFQEQSALA,,,True,6.0,-3.8393045278024567,NP_596163.1,LSKEEAFYLIEKGIS,0.4547619047619047,0.2666666666666666,,,,,,False,0.9443121188331915,,NP_001070914,,NP_596163.1,IVDDTKVHKQLLENT,0.5666666666666667,0.1333333333333333,,,,,,False,-0.6675911544724156,,NP_001070914,,NP_596163.1,KKRQSLAYDQMIAAK,0.3464285714285715,0.2,,,,,,False,0.75378148751135,,NP_001070914,
ENSG00000170892,TSEN34,ENST00000455798,ENSP00000400743,ENSP00000379671,TSEN34,ENST00000455798,ENSP00000400743,ENSP00000379671,DLWERGFFLSAAGKF,,,True,5.0,7.495954202755755,HELRYSIYRDLWERG,,,True,6.0,4.664658377859418,KRQQEESFQEQSALA,,,True,6.0,-3.8393045278024567,NP_596163.1,LSKEEAFYLIEKGIS,0.4547619047619047,0.2666666666666666,,,,,,False,0.9443121188331915,,NP_001070914,XP_047295347,NP_596163.1,IVDDTKVHKQLLENT,0.5666666666666667,0.1333333333333333,,,,,,False,-0.6675911544724156,,NP_001070914,XP_047295347,NP_596163.1,KKRQSLAYDQMIAAK,0.3464285714285715,0.2,,,,,,False,0.75378148751135,,NP_001070914,XP_047295347
ENSG00000275165,TSEN34,ENST00000617902,ENSP00000484465,ENSP00000484465,TSEN34,ENST00000617902,ENSP00000484465,ENSP00000484465,DLWERGFFLSAAGKF,,,True,5.0,7.495954202755755,HELRYSIYRDLWERG,,,True,6.0,4.664658377859418,KRQQEESFQEQSALA,,,True,6.0,-3.8393045278024567,NP_596163.1,LSKEEAFYLIEKGIS,0.4547619047619047,0.2666666666666666,,,,,,False,0.9443121188331915,,NP_001070914,,NP_596163.1,IVDDTKVHKQLLENT,0.5666666666666667,0.1333333333333333,,,,,,False,-0.6675911544724156,,NP_001070914,,NP_596163.1,KKRQSLAYDQMIAAK,0.3464285714285715,0.2,,,,,,False,0.75378148751135,,NP_001070914,
ENSG00000278605,TSEN34,ENST00000611798,ENSP00000480899,ENSP00000484694,TSEN34,ENST00000611798,ENSP00000480899,ENSP00000484694,DLWERGFFLSAAGKF,,,True,5.0,7.495954202755755,HELRYSIYRDLWERG,,,True,6.0,4.664658377859418,KRQQEESFQEQSALA,,,True,6.0,-3.8393045278024567,NP_596163.1,LSKEEAFYLIEKGIS,0.4547619047619047,0.2666666666666666,,,,,,False,0.9443121188331915,,NP_001070914,,NP_596163.1,IVDDTKVHKQLLENT,0.5666666666666667,0.1333333333333333,,,,,,False,-0.6675911544724156,,NP_001070914,,NP_596163.1,KKRQSLAYDQMIAAK,0.3464285714285715,0.2,,,,,,False,0.75378148751135,,NP_001070914,
ENSG00000148158,SNX30,ENST00000374232,ENSP00000363349,ENSP00000363349,SNX30,ENST00000374232,ENSP00000363349,ENSP00000363349,FNEHFNIFLTAKDLN,,,True,4.0,0.4787788577528212,EFAAIGDYLDTFALK,,,True,4.5,1.841983067740688,VDRFSEEFVETRRKA,,,True,4.5,-1.3324955028345211,NP_593905.1,TKTNLSIFTRAECKV,0.3777777777777777,0.2,,,,,,False,5.078387764033303,,NP_001013012,XP_047279349,NP_593905.1,DDLRGIDHNDTRLKR,0.4166666666666667,0.2,,,,,,False,2.841714571847604,,NP_001013012,XP_047279349,NP_593905.1,PAKHKLEYIKGGRFS,0.5075396825396826,0.1333333333333333,,,,,,False,-0.1375726295611641,,NP_001013012,XP_047279349
ENSG00000166394,CYB5R2,ENST00000524790,ENSP00000435916,ENSP00000299498,CYB5R2,ENST00000299498,ENSP00000299498,ENSP00000299498,GWKYSSGFVTADMIK,,,True,5.0,4.879154517076156,SSDDDRGFVDLIIKI,,,True,5.5,0.9049621652361024,FKNVHPQYPEGGKMT,,,True,6.5,3.645580813505336,NP_587852.1,NWKGSVGFVTQELIK,0.7166666666666667,0.6,0.2750145632902812,0.0,0.3364099603885556,0.0,0.6635900396114444,False,-0.151053564161303,7.0,NP_057313,XP_011518486,NP_587852.1,SSDADKGYFDLLVKS,0.6686507936507936,0.5333333333333333,0.5096447408118172,0.0,0.5925477559546071,0.0,0.4074522440453929,False,-0.3708157214734014,5.5,NP_057313,XP_011518486,NP_587852.1,VHYVLNNPPENWKGS,0.4285714285714285,0.2666666666666666,,,,,,False,4.464481150045015,,NP_057313,XP_011518486
ENSG00000183032,SLC25A21,ENST00000331299,ENSP00000329452,ENSP00000329452,SLC25A21,ENST00000331299,ENSP00000329452,ENSP00000329452,LQANRNTFAEQPSTV,,,True,5.5,-2.521619087447954,CATDPNSYKSLVDSF,,,True,6.0,0.5631092746070624,SLSPALTFAIAGLGS,transmembrane region,Helical; Name=3,False,6.0,3.342785462902869,NP_594211.1,AYPALVTVAREEGFT,0.3583333333333333,0.1333333333333333,,,,,,False,3.0404553247756168,,NP_085134,XP_011535591,NP_594211.1,VPKYNWAYPALVTVA,0.3595238095238095,0.2,,,,,,False,5.483396255605976,,NP_085134,XP_011535591,NP_594211.1,NIPFPVTFAAGAVAG,0.5,0.2,,,,,,False,3.6854234964512287,,NP_085134,XP_011535591
ENSG00000078140,UBE2K,ENST00000503368,ENSP00000421203,ENSP00000261427,UBE2K,ENST00000510934,ENSP00000425301,ENSP00000261427,VDLVDENFTELRGEI,,,True,5.5,0.4319345135421353,VQRIKREFKEVLKSE,,,True,6.0,-0.1488775319021175,APVSSPEYTKKIENL,,,True,7.0,0.1783254207317808,NP_596239.1,GVDLDAENTEFGGID,0.4166666666666667,0.2666666666666666,,,,,,False,-1.9408809652290333,,NP_005330,XP_047306114,NP_596239.1,SRRIAKELADVQQDK,0.3805555555555555,0.2666666666666666,,,,,,False,4.017920749579207,,NP_005330,XP_047306114,NP_596239.1,VRVLQREHIKSQEDL,0.5,0.3333333333333333,,,,,,False,-0.991505103850017,,NP_005330,XP_047306114
ENSG00000126522,ASL,ENST00000304874,ENSP00000307188,ENSP00000307188,ASL,ENST00000304874,ENSP00000307188,ENSP00000307188,LVRKGMPFRQAHEAS,,,True,5.5,0.105448854957365,DVICVWDYGHSVEQY,,,True,5.5,1.768056519393685,FVQLSDAYSTGSSLM,,,True,6.0,-0.6831665545050936,NP_596817.1,LVRKGVPFRETHHIS,0.5666666666666667,0.6666666666666666,0.4625012082845168,0.0,0.3636280415658961,0.0,0.6363719584341039,False,2.039793376417884,5.5,NP_000039,,NP_595129.1,DVSKVFNYEESVEKR,0.4611111111111111,0.4666666666666667,0.546584858836772,0.0,0.3083213393753449,0.0,0.6916786606246551,False,0.9577544829142915,4.5,NP_000039,,NP_596817.1,FVTLSDAYSTGSSIM,1.0,0.8666666666666667,0.6838725662267937,0.0,0.3156614511316494,0.0,0.6843385488683507,False,0.332580739226721,5.5,NP_000039,
ENSG00000239900,ADSL,ENST00000498234,ENSP00000476535,ENSP00000485525,ADSL,ENST00000623632,ENSP00000485288,ENSP00000485525,SNLENIDFKMAAEEE,,,True,4.5,3.9153660879366985,RICLAEAFLTADTIL,,,True,4.5,3.5482665975317373,QTASVQWFERTLDDS,,,True,6.0,1.8023314372849728,NP_596735.1,VKITAPEFEIAAKEE,0.5083333333333333,0.3333333333333333,,,,,,False,8.740684965768564,,NP_000017,,NP_596735.1,IYDELDSLLDASTFV,0.5138888888888888,0.2,,,,,,False,3.679609588562181,,NP_000017,,NP_596735.1,NTASVQWFERTLDDS,1.0,0.9333333333333332,,,,,,False,1.8127276136854489,,NP_000017,
ENSG00000178896,EXOSC4,ENST00000525936,ENSP00000432661,ENSP00000315476,EXOSC4,ENST00000525936,ENSP00000432661,ENSP00000315476,AGIPMRDFVCACSAG,,,True,5.0,2.281212002446651,VCACSAGFVDGTALA,,,True,5.5,0.7458895464463111,RALVNCQYSSATFST,,,True,5.5,5.803750936169696,NP_594082.1,AGIPVKDFVCCSTAG,0.7000000000000001,0.6666666666666666,,,,,,False,0.3017135479039005,,NP_061910,,NP_594082.1,GNTKVLCIVDGPSEP,0.4861111111111111,0.2,,,,,,False,0.5918852118307423,,NP_061910,,NP_594082.1,IGIEPSENGSAFIEL,0.3444444444444444,0.1333333333333333,,,,,,False,5.430940768789176,,NP_061910,
ENSG00000108671,PSMD11,ENST00000579451,ENSP00000464434,ENSP00000261712,PSMD11,ENST00000649012,ENSP00000497128,ENSP00000261712,WKTAYSYFYEAFEGY,,,True,2.5,1.060488802802628,EARLVSLYFDTKRYQ,,,True,5.0,2.844396558870138,AAAAVVEFQRAQSLL,,,True,5.0,-0.2942169391933181,NP_593111.1,FKTAYSYFYEAYEGF,1.0,0.8,0.616979608040052,0.0,0.3110348620229692,0.0,0.6889651379770309,False,1.7890279289146926,2.5,NP_002806,,NP_593111.1,ETKLISLYYDNSSYT,0.5297619047619048,0.4666666666666667,0.7959975253055729,0.0,0.6756422497204442,0.0,0.3243577502795558,False,2.0009450858851507,5.5,NP_002806,,NP_593111.1,SRPLMANFSKAKSAK,0.5666666666666667,0.2,,,,,,False,2.414813616647528,,NP_002806,
ENSG00000008128,CDK11A,ENST00000404249,ENSP00000384442,ENSP00000384442,CDK11A,ENST00000404249,ENSP00000384442,ENSP00000384442,LLLGAKEYSTAVDMW,,,True,3.5,4.177452964540145,GILKVGDFGLAREYG,,,True,4.5,0.4524774626926527,DGLKHEYFRETPLPI,,,True,5.0,-1.612013587551156,NP_595739.1,MEFMEHDLKTLLDNM,0.3055555555555555,0.1333333333333333,,,,,,False,1.2099484104783942,,NP_076916,,NP_595739.1,GEIKLADFGLARPVS,0.8095238095238094,0.5333333333333333,,,,,,False,6.388910980257647,,NP_076916,,NP_595739.1,EALEHPYFYESPRPK,0.4273809523809524,0.4666666666666667,0.36996959704465,0.0,0.1621840439338492,0.0,0.8378159560661507,True,-2.1038681736772284,4.0,NP_076916,
ENSG00000159346,ADIPOR1,ENST00000340990,ENSP00000341785,ENSP00000341785,ADIPOR1,ENST00000417068,ENSP00000402178,ENSP00000341785,FQXNLQEFRYGLEGG,topological domain,Extracellular,False,5.5,3.879236072622888,TGNIXNMYFMAPLQE,topological domain,Extracellular,False,6.0,0.8003713927784765,RAGVFXGFVKATTVG,topological domain,Extracellular,False,6.0,8.205362326584565,NP_596013.1,FHGVCIAYDYFHERR,0.2242063492063492,0.2,,,,,,False,3.882377768200131,,NP_057083,XP_024303195,NP_596013.1,AIVFLFFIFKSELIL,0.3,0.1333333333333333,,,,,,False,5.700501796191102,,NP_057083,XP_024303195,NP_596013.1,GTIIGIGVIVASTCL,0.5,0.2,,,,,,False,-1.6916051653027622,,NP_057083,XP_024303195
ENSG00000165996,HACD1,ENST00000466335,ENSP00000462336,ENSP00000355308,HACD1,ENST00000326961,ENSP00000322923,ENSP00000355308,TEITRYSFYTFSLLD,topological domain,Cytoplasmic,True,5.5,3.501822438629186,NEESVVLFLVAWTVT,transmembrane region,Helical,False,5.5,4.130593023636635,SIQKTLKFFQTFALL,transmembrane region,Helical,False,6.5,-0.1485182085585529,NP_595700.1,TEIIRYAFYAFNLNG,0.7083333333333334,0.6,,,,,,False,2.0872854035107755,,NP_055056,XP_005252698,NP_595700.1,IQVASRLYLVWGVCY,0.5259740259740261,0.2,,,,,,False,-5.03800901520413,,NP_055056,XP_005252698,NP_595700.1,ETNTLVRWVQTLAIA,0.5401515151515152,0.2,,,,,,False,8.288522737690993,,NP_055056,XP_005252698
ENSG00000041357,PSMA4,ENST00000560217,ENSP00000453829,ENSP00000044462,PSMA4,ENST00000560217,ENSP00000453829,ENSP00000044462,VSMLKQDYKEGEMTL,,,True,5.0,1.576697361280759,KLLDEVFFSEKIYKL,,,True,6.5,0.5520427898531941,QFGGKRPFGVSLLYI,,,True,7.0,-1.4662806683395788,XP_001713040.1,LVRRVCDLKQGYTQY,0.4916666666666666,0.2,,,,,,False,3.80532873093461,,NP_002780,,XP_001713040.1,KLLEQEESAEKLYHI,0.3583333333333333,0.4,,,,,,False,0.2396454166386042,,NP_002780,,XP_001713040.1,QYGGLRPFGVSFLYA,1.0,0.7333333333333333,,,,,,False,1.6297397663232565,,NP_002780,
ENSG00000111229,ARPC3,ENST00000228825,ENSP00000228825,ENSP00000228825,ARPC3,ENST00000228825,ENSP00000228825,ENSP00000228825,GGGGMPAYHSSLMDP,,,True,5.5,5.623468031211763,IVDEAIYYFKANVFF,,,True,5.5,3.5837598845775824,YYFKANVFFKNYEIK,,,True,6.5,3.549375971377123,NP_596291.1,TKFRGPAYPADESQM,0.2857142857142857,0.2,,,,,,False,2.1523590702237345,,NP_001265485,,NP_596291.1,IIDECIGLFRANCFF,0.2564814814814815,0.6,,,,,,False,1.038513413558672,,NP_001265485,,NP_596291.1,GLFRANCFFRNFEIK,0.7148148148148148,0.6,,,,,,False,7.069806259633291,,NP_001265485,
ENSG00000099797,TECR,ENST00000215567,ENSP00000215567,ENSP00000215567,TECR,ENST00000215567,ENSP00000215567,ENSP00000215567,IYGHKYDFTSSRHTV,,,True,5.0,5.159892109870024,HRSYLKEFRDYPPLR,,,True,5.5,-0.370276026836846,KTREKLCFLDKVEPH,,,True,5.5,0.5947905554336039,NP_595365.1,GPWHANDYIKPNHLL,0.3392857142857142,0.2,,,,,,False,8.565245899440495,,NP_612510,XP_006723008,NP_595365.1,HARYLKEFPNYPRSR,0.4134920634920636,0.6,,,,,,False,-0.4843319318900635,,NP_612510,XP_006723008,NP_595365.1,LGWLFFALLTKSWAS,0.2545454545454546,0.1333333333333333,,,,,,False,3.999175982231344,,NP_612510,XP_006723008
ENSG00000103035,PSMD7,ENST00000219313,ENSP00000219313,ENSP00000219313,PSMD7,ENST00000219313,ENSP00000219313,ENSP00000219313,PDVSLQEFVKAFYLK,,,True,5.5,4.153617182730226,DKDDSVWFLDHDYLE,,,True,6.0,1.6262975609278998,VWFLDHDYLENMYGM,,,True,6.0,-0.1638893321133533,NP_587803.1,MSIYISSIVRAVIAL,0.3583333333333333,0.1333333333333333,,,,,,False,5.794259017109917,,NP_002802,,NP_587803.1,EKNASVWFLDHNFME,0.9166666666666666,0.6,0.1806516484207694,0.0,0.6930066288698726,0.0,0.3069933711301274,False,2.307980984099241,6.5,NP_002802,,NP_587803.1,RLTEIADYLRKVVDG,0.4583333333333333,0.2,,,,,,False,2.7204353546386075,,NP_002802,
ENSG00000116874,WARS2,ENST00000369426,ENSP00000358434,ENSP00000235521,WARS2,ENST00000369426,ENSP00000358434,ENSP00000235521,FNKKYGEFFPVPESI,,,True,5.5,0.9409578122872884,GILHLGNYLGAIESW,,,True,6.0,3.284813037279832,QAADILLYKSTHVPV,,,True,6.0,1.6917875353047744,NP_594085.1,RTPFSKCFFFVADLH,0.3703703703703704,0.2,,,,,,False,6.0214520980894175,,NP_056651,XP_047285061,NP_594085.1,GIPHIGNYLGSLKQW,0.7416666666666667,0.6,,,,,,False,0.0322286782008041,,NP_056651,XP_047285061,NP_594085.1,QAADILLYGATHIPV,0.6111111111111112,0.8,,,,,,False,3.002235580569011,,NP_056651,XP_047285061
ENSG00000241553,ARPC4,ENST00000397261,ENSP00000380431,ENSP00000388169,ARPC4,ENST00000397261,ENSP00000380431,ENSP00000388169,VEGYDISFLITNFHT,,,True,6.0,-0.716874895502348,WTATLRPYLSAVRAT,,,True,6.0,5.841985335312292,AALCLENFSSQVVER,,,True,7.0,4.6197360763421145,NP_594116.1,VQGYDISFLITNYHT,0.9047619047619048,0.8666666666666667,,,,,,False,0.4090379178279145,,NP_001185709,,NP_594116.1,MSNTLRPYLNAVRST,0.861111111111111,0.6666666666666666,,,,,,False,5.180146842422389,,NP_001185709,,NP_594116.1,ASLALEEFSSEIVER,0.7333333333333334,0.6666666666666666,,,,,,False,4.224629758386727,,NP_001185709,
ENSG00000181045,SLC26A11,ENST00000574967,ENSP00000460535,ENSP00000355384,SLC26A11,ENST00000577155,ENSP00000458521,ENSP00000355384,ADLKGFQYFSTLEEA,topological domain,Extracellular,False,4.0,4.796391305575179,IMSLLVSFYTFHEPA,transmembrane region;topological domain,Helical;Cytoplasmic,False,4.5,3.4941758932843223,LLVSFYTFHEPAYAV,transmembrane region;topological domain;transmembrane region,Helical;Cytoplasmic;Helical,False,5.5,8.447932958531927,NP_595773.1,ICAVFVSVFSSIENG,0.5,0.2,,,,,,False,3.820853054357084,,NP_001159819,XP_016879996,NP_595014.1,SPQKSDSFGSLKEGG,0.4583333333333333,0.2,0.5406730010025531,0.0,0.3862048127599258,0.0,0.6137951872400742,False,0.357109540101034,5.5,NP_001159819,XP_016879996,NP_595773.1,PSNFVPVYPEPTYSD,0.5238095238095238,0.2,0.4332023421443449,0.0,0.3397218944550489,0.0,0.660278105544951,False,3.4673480874566645,7.0,NP_001159819,XP_016879996
ENSG00000122545,SEPTIN7,ENST00000399034,ENSP00000381992,ENSP00000344868,SEPTIN7,ENST00000399034,ENSP00000381992,ENSP00000344868,TIVDTPGFGDAVDNS,,,True,3.0,-0.7825499188558658,HKIKIYEFPETDDEE,,,True,3.0,3.157790166820754,CWQPVIDYIDSKFED,,,True,4.5,-0.1506964146888861,NP_594754.1,NVIDTPGFGDFIDNT,0.7777777777777777,0.6,0.4837717407764947,0.0,0.4287744204568878,0.0,0.5712255795431121,False,-0.8686225234021292,5.5,NP_001779,XP_047277051,NP_594754.1,YHNIRIFFPPTYETD,0.4595238095238095,0.2,,,,,,False,2.839374002989498,,NP_001779,XP_047277051,NP_594754.1,DTPGFGDFIDNTDCW,0.5277777777777778,0.2,0.1257718357765198,0.0,0.4234671589033902,0.0,0.5765328410966097,False,-1.929384885563877,4.5,NP_001779,XP_047277051
ENSG00000136718,IMP4,ENST00000259239,ENSP00000259239,ENSP00000259239,IMP4,ENST00000259239,ENSP00000259239,ENSP00000259239,ALQGSLEFDDAGGEG,,,True,3.5,-0.4850324199560398,TSHVDDEYRWAGVED,,,True,5.0,2.2825580028947727,RLRREYLYRKAREEA,,,True,6.0,5.901754581177041,NP_593785.1,QLQKDYKYDESRATQ,0.3797619047619047,0.2,0.4693102323211034,0.0,0.4623549470254673,0.0,0.5376450529745327,False,-0.0802967850604197,6.0,NP_219484,,NP_593785.1,IYKRNQELQEAKLNE,0.2666666666666666,0.1333333333333333,,,,,,False,1.1342372710126296,,NP_219484,,NP_593785.1,LNEKRRALRKALEGN,0.5833333333333334,0.2666666666666666,,,,,,False,0.1927067817434924,,NP_219484,
ENSG00000104889,RNASEH2A,ENST00000221486,ENSP00000221486,ENSP00000221486,RNASEH2A,ENST00000221486,ENSP00000221486,ENSP00000221486,GVNVTQVFVDTVGMP,,,True,5.0,3.3657698948789245,LQDLDTDYGSGYPND,,,True,5.0,2.3165404456870355,KEAEDVIWEDSASEN,,,True,6.0,4.064496949113233,NP_593684.1,GINVTEIYVDTVGPP,0.8630952380952381,0.6666666666666666,0.5809173959554009,0.0,0.362760544278737,0.0,0.6372394557212631,False,3.1424596600014287,5.5,NP_006388,,NP_593684.1,ESIRTENWGSGYSSD,0.5164141414141414,0.3333333333333333,,,,,,False,6.2134107041201725,,NP_006388,,NP_593684.1,NSSENELQEDQNSSI,0.5166666666666667,0.2666666666666666,,,,,,False,-0.9516382804174274,,NP_006388,
ENSG00000244005,NFS1,ENST00000374085,ENSP00000363198,ENSP00000363205,NFS1,ENST00000374085,ENSP00000363198,ENSP00000363205,CINLSFAYVEGESLL,,,True,5.5,1.1320815395529211,ADPREIIFTSGATES,,,True,5.5,7.870452762439434,ICSSRKVYFHTDAAQ,,,True,6.5,0.5786564487219463,NP_596002.2,CVNISFNYVEGESLL,0.7777777777777778,0.8,0.6719684126895208,0.0,0.4853172337288495,0.0,0.5146827662711505,False,1.0460089350066577,5.5,NP_066923,,NP_596002.2,ADPREIIFTSGATES,1.0,1.0,0.6212559312369484,0.0,0.493268213522033,0.0,0.506731786477967,False,7.870452762439434,5.5,NP_066923,,NP_596002.2,ICRQKKVFFHSDAAQ,0.7916666666666666,0.6666666666666666,,,,,,False,-0.2743656338130333,,NP_066923,
ENSG00000130810,PPAN,ENST00000253107,ENSP00000253107,ENSP00000253107,PPAN,ENST00000253107,ENSP00000253107,ENSP00000253107,EAPSEDLFPEAKQKR,,,True,3.5,-0.6856193926675347,EDDDIEYFCQAVGEA,,,True,5.0,0.3586603431263956,GKVMFHSFVSKTEEE,,,True,5.5,2.4545695431527266,NP_593755.2,DSPHEALLTTTFQNM,0.2666666666666666,0.2666666666666666,,,,,,False,0.6601847963126412,,NP_064615,,NP_593755.2,ANKIKDYLTMAGPLG,0.2523809523809524,0.1333333333333333,,,,,,False,0.0149815845970525,,NP_064615,,NP_593755.2,GKVLYHSHVHKSKEE,0.4916666666666667,0.6,,,,,,False,1.14649977705729,,NP_064615,
ENSG00000282739,SLC25A26,ENST00000633701,ENSP00000488659,ENSP00000488659,SLC25A26,ENST00000632740,ENSP00000487788,ENSP00000488659,CGAFAGGFAAAVTTP,transmembrane region,Helical; Name=5,False,6.0,2.5409308993976336,IQGLYRGYKSTVLRE,transmembrane region,Helical; Name=4,False,6.0,0.943577725726838,QIFSNILYEEGIQGL,,,True,6.0,-0.9204325321543516,NP_594641.1,SGSIAGGIAAALTTP,0.8333333333333334,0.6666666666666666,,,,,,False,2.5409308993976336,,NP_775742,,NP_594641.1,WRDFYAGYGITIARE,0.3194444444444445,0.4,,,,,,False,-0.4384170774885946,,NP_775742,,NP_594641.1,VFSKLIIYNKVCQFG,0.325,0.2,,,,,,False,3.81612691415066,,NP_775742,
ENSG00000144741,SLC25A26,ENST00000676754,ENSP00000504323,ENSP00000504323,SLC25A26,ENST00000691582,ENSP00000510010,ENSP00000504323,CGAFAGGFAAAVTTP,transmembrane region,Helical; Name=5,False,6.0,2.5409308993976336,IQGLYRGYKSTVLRE,transmembrane region,Helical; Name=4,False,6.0,0.943577725726838,QIFSNILYEEGIQGL,,,True,6.0,-0.9204325321543516,NP_594641.1,SGSIAGGIAAALTTP,0.8333333333333334,0.6666666666666666,,,,,,False,2.5409308993976336,,NP_775742,,NP_594641.1,WRDFYAGYGITIARE,0.3194444444444445,0.4,,,,,,False,-0.4384170774885946,,NP_775742,,NP_594641.1,VFSKLIIYNKVCQFG,0.325,0.2,,,,,,False,3.81612691415066,,NP_775742,
ENSG00000169302,STK32A,ENST00000397936,ENSP00000381030,ENSP00000381030,STK32A,ENST00000397936,ENSP00000381030,ENSP00000381030,FETTVVTYPSAWSQE,,,True,4.0,2.0065510265986286,SKEIVHTFETTVVTY,,,True,5.0,2.5202784735397987,GHVHITDFNIAAMLP,,,True,5.5,8.721308905846035,NP_588234.1,SSKKLQTHPFFCSIS,0.4305555555555556,0.2,,,,,,False,2.697172128292637,,NP_001106195,XP_011535879,NP_588234.1,NVIGKGSWSTVFVVK,0.3901515151515151,0.1333333333333333,,,,,,False,7.037566271387384,,NP_001106195,XP_011535879,NP_588234.1,GHCKLADFNVAAKVH,0.7583333333333333,0.4666666666666667,,,,,,False,10.510168945251008,,NP_001106195,XP_011535879
ENSG00000154174,TOMM70,ENST00000284320,ENSP00000284320,ENSP00000284320,TOMM70,ENST00000284320,ENSP00000284320,ENSP00000284320,VEEAVADFDECIRLR,topological domain,Cytoplasmic,True,3.5,-0.9424234671221982,SPQFIKSYFSSFTDD,topological domain,Cytoplasmic,True,4.0,1.374160196844725,YEQAIQCYTEAISLC,topological domain,Cytoplasmic,True,4.5,-0.6822450892076066,NP_593767.1,CYAAIGDFEQVIKDT,0.4916666666666666,0.2666666666666666,,,,,,False,2.443174338603311,,NP_055635,,NP_593767.1,AKESCLGSFSSPSVN,0.4583333333333333,0.2,,,,,,False,4.165571654922132,,NP_055635,,NP_593767.1,YANAIDYYTQAITCS,0.5523809523809524,0.4666666666666667,,,,,,False,1.0822915321205082,,NP_055635,
ENSG00000147471,PLPBP,ENST00000523521,ENSP00000429425,ENSP00000333551,PLPBP,ENST00000328195,ENSP00000333551,ENSP00000333551,SMGMSADFQHAVEVG,,,True,4.5,2.685646538253554,YGHGQRTFGENYVQE,,,True,6.0,-1.98915068430628,SQGPNPDFQLLLSLR,,,True,7.0,-1.305566336671825,NP_593877.1,LSDHNPDFQVLSDLR,0.3888888888888889,0.2,,,,,,False,-0.8724626609233694,,NP_009129,,NP_593877.1,YNAGQRHFGENYMQE,0.6583333333333333,0.7333333333333333,0.2781007209732729,0.0,0.5967013121882351,0.0,0.403298687811765,False,1.3999749867243172,6.5,NP_009129,,NP_593877.1,LSDHNPDFQVLSDLR,0.7083333333333334,0.5333333333333333,,,,,,False,-0.8724626609233694,,NP_009129,
ENSG00000104412,EMC2,ENST00000524143,ENSP00000430122,ENSP00000220853,EMC2,ENST00000524143,ENSP00000430122,ENSP00000220853,AIRELNEYLEQFVGD,,,True,6.0,1.5711780157304394,LYINEHDYAKAAFCL,,,True,6.0,2.9514600681149545,GEELINEYASKLGDD,,,True,6.0,2.583505920142348,NP_595921.2,DIYVSVEAFESAIFC,0.375,0.2,,,,,,False,7.585458294306282,,NP_055488,,NP_595921.2,SVEICEEYFHGWFGI,0.3236111111111111,0.1333333333333333,,,,,,False,0.7733943310661611,,NP_055488,,NP_595921.2,ALFSQQEAYAKLGKY,0.4107142857142857,0.2666666666666666,,,,,,False,0.8275728768697173,,NP_055488,
ENSG00000035115,SH3YL1,ENST00000403712,ENSP00000384276,ENSP00000348471,SH3YL1,ENST00000403712,ENSP00000384276,ENSP00000348471,LYEILDSFTEKYENE,,,True,4.5,3.1085171888644543,AAKILREFTEITSRN,,,True,5.0,1.6326411342635647,IRAYDILFGDTPRPA,,,True,5.5,-0.7543798318403964,NP_593048.1,SPRRSRSYSDEDEES,0.5353174603174603,0.1333333333333333,,,,,,False,3.0970051477174594,,NP_056492,,NP_593048.1,SKAAVQTFARLGSIT,0.3833333333333333,0.1333333333333333,,,,,,False,0.955170478155732,,NP_056492,,NP_593048.1,RSSSYSRRGDSYRSN,0.375,0.2,,,,,,False,3.069345870833562,,NP_056492,
ENSG00000277649,TIMM22,ENST00000617832,ENSP00000478463,ENSP00000478463,TIMM22,ENST00000617832,ENSP00000478463,ENSP00000478463,TECLIESYRGTSDWK,,,True,5.5,1.2429952266745443,NFAIVGAMFSCTECL,transmembrane region,Helical,False,7.0,0.6759041122641283,FAIVGAMFSCTECLI,transmembrane region,Helical,False,7.0,3.925902354045377,NP_596362.1,SECCIEAFRAKTDIY,0.425,0.4,,,,,,False,1.931826097823249,,NP_037469,,NP_596362.1,NFGLLGLIYSGSECC,0.3214285714285714,0.4,,,,,,False,3.114543113990428,,NP_037469,,NP_596362.1,FGLLGLIYSGSECCI,0.4047619047619048,0.4,,,,,,False,-2.4257587583160185,,NP_037469,
ENSG00000278501,TIMM22,ENST00000613269,ENSP00000482204,ENSP00000482204,TIMM22,ENST00000613269,ENSP00000482204,ENSP00000482204,TECLIESYRGTSDWK,,,True,5.5,1.2429952266745443,NFAIVGAMFSCTECL,transmembrane region,Helical,False,7.0,0.6759041122641283,FAIVGAMFSCTECLI,transmembrane region,Helical,False,7.0,3.925902354045377,NP_596362.1,SECCIEAFRAKTDIY,0.425,0.4,,,,,,False,1.931826097823249,,NP_037469,,NP_596362.1,NFGLLGLIYSGSECC,0.3214285714285714,0.4,,,,,,False,3.114543113990428,,NP_037469,,NP_596362.1,FGLLGLIYSGSECCI,0.4047619047619048,0.4,,,,,,False,-2.4257587583160185,,NP_037469,
ENSG00000177370,TIMM22,ENST00000327158,ENSP00000320236,ENSP00000320236,TIMM22,ENST00000327158,ENSP00000320236,ENSP00000320236,TECLIESYRGTSDWK,,,True,5.5,1.2429952266745443,NFAIVGAMFSCTECL,transmembrane region,Helical,False,7.0,0.6759041122641283,FAIVGAMFSCTECLI,transmembrane region,Helical,False,7.0,3.925902354045377,NP_596362.1,SECCIEAFRAKTDIY,0.425,0.4,,,,,,False,1.931826097823249,,NP_037469,,NP_596362.1,NFGLLGLIYSGSECC,0.3214285714285714,0.4,,,,,,False,3.114543113990428,,NP_037469,,NP_596362.1,FGLLGLIYSGSECCI,0.4047619047619048,0.4,,,,,,False,-2.4257587583160185,,NP_037469,
ENSG00000127125,PPCS,ENST00000372560,ENSP00000361641,ENSP00000361642,PPCS,ENST00000372560,ENSP00000361641,ENSP00000361642,FAEALRSYQEAAAAG,,,True,4.5,5.2136753810025045,EENALPGFAEALRSY,,,True,4.5,2.0109468832650723,GTFLAVEFTTLADYL,,,True,5.0,6.567057494489224,NP_588072.1,TLTEYLWYLKAIAER,0.4045454545454545,0.2,,,,,,False,1.3930942632280607,,NP_078940,,NP_588072.1,FSAGNRGAASAEYFC,0.369047619047619,0.2,,,,,,False,1.6868122878679626,,NP_078940,,NP_588072.1,HRLIMIPYTTLTEYL,0.6142857142857142,0.3333333333333333,0.423587173147236,0.0,0.542887884941195,0.0,0.4571121150588049,False,2.988285348443446,6.5,NP_078940,
ENSG00000117143,UAP1,ENST00000367925,ENSP00000356902,ENSP00000356903,UAP1,ENST00000367925,ENSP00000356902,ENSP00000356903,FEELNFFFQKAIEGF,,,True,5.0,1.927168936457003,VAQKKIPYVDTQGQL,,,True,5.5,-1.0959811669104729,TMESTKEFFTKHKYF,,,True,5.5,0.414101547309154,NP_596832.1,HYFSFDFLQKASLHS,0.5416666666666666,0.2666666666666666,,,,,,False,0.4366262027242151,,NP_003106,,NP_596832.1,FQQGVLPCLDISGRV,0.4629629629629629,0.2666666666666666,,,,,,False,-0.3873088430394461,,NP_003106,,NP_596832.1,SFFKENDFFGIDKKD,0.375,0.2,,,,,,False,0.3485300087505703,,NP_003106,
ENSG00000075303,SLC25A40,ENST00000446236,ENSP00000401473,ENSP00000344831,SLC25A40,ENST00000446236,ENSP00000401473,ENSP00000344831,AVPATVIYFTCYDQL,transmembrane region,Helical; Name=2,False,3.5,0.1364698428666673,IMISTYEFGKAFFQK,,,True,5.5,0.9921294838829304,WYKKPGNFQGTLDAF,,,True,6.0,-0.8541951000070749,NP_595818.1,GSVITTLTVTPLDVV,0.2369047619047619,0.2,,,,,,False,6.767241453207957,,NP_061331,,NP_595818.1,PPGHAREIANEVFDG,0.3,0.1333333333333333,,,,,,False,2.894003318508,,NP_061331,,NP_595818.1,SLQAFSSSQSTKDLY,0.4583333333333333,0.2,,,,,,False,1.7632055009022694,,NP_061331,
ENSG00000145912,NHP2,ENST00000274606,ENSP00000274606,ENSP00000274606,NHP2,ENST00000274606,ENSP00000274606,ENSP00000274606,MVKPHEEYQEAYDEC,,,True,3.0,-1.5582897854123114,HEEYQEAYDECLEEV,,,True,3.0,-1.920385684482353,ACSGERTYQELLVNQ,,,True,6.5,-1.634368563996791,NP_594717.1,DMSKVEEYKESYEEI,0.6416666666666667,0.4,0.7370707220139651,0.0,0.2909190594407188,0.0,0.7090809405592813,False,-0.6525442925607331,3.5,NP_060308,,NP_594717.1,VEEYKESYEEIIKEV,0.4333333333333333,0.5333333333333333,0.4171878959011029,0.0,0.5256602340140378,0.0,0.4743397659859621,False,-1.5873923061468274,6.5,NP_060308,,NP_594717.1,VEEYKESYEEIIKEV,0.4583333333333333,0.1333333333333333,0.4171878959011029,0.0,0.5256602340140378,0.0,0.4743397659859621,False,-1.5873923061468274,6.5,NP_060308,
ENSG00000282019,GPI,ENST00000634112,ENSP00000488744,ENSP00000487666,GPI,ENST00000634112,ENSP00000488744,ENSP00000487666,FNGEKINYTEGRAVL,,,True,6.0,2.4154304760999654,FIIASKTFTTQETIT,,,True,6.0,-0.1675108941851501,LNPESSLFIIASKTF,,,True,6.5,1.377289791277262,NP_596635.1,FAGEHINFTEDRAVF,0.7222222222222223,0.6666666666666666,,,,,,False,2.624178876074657,,NP_000166,,NP_596635.1,FLIASKTFTTAETCT,0.7916666666666666,0.8,0.5656295105908611,0.0,0.2963738920843332,0.0,0.7036261079156668,False,-0.2016651342032993,4.0,NP_000166,,NP_596635.1,CDPETTLFLIASKTF,0.9166666666666666,0.6666666666666666,,,,,,False,0.7627358542447259,,NP_000166,
ENSG00000143774,GUK1,ENST00000366730,ENSP00000355691,ENSP00000401832,GUK1,ENST00000366730,ENSP00000355691,ENSP00000401832,RDIAAGDFIEHAEFS,,,True,4.5,6.097381703788955,EENGKDYYFVTREVM,,,True,5.0,4.305552491458614,NDSLDQAYAELKEAL,,,True,5.5,-1.7221364980253782,NP_595074.1,YVFLAPPSIEQLEVR,0.3928571428571428,0.2666666666666666,,,,,,False,4.8522975766317895,,NP_001152862,,NP_595074.1,EKDGIDYHFVTKEEF,0.875,0.5333333333333333,,,,,,False,2.534235819010123,,NP_001152862,,NP_595074.1,NDDVEKAYKQLEAIC,0.4916666666666667,0.3333333333333333,,,,,,False,2.678739659061526,,NP_001152862,
ENSG00000161960,EIF4A1,ENST00000293831,ENSP00000293831,ENSP00000293831,EIF4A1,ENST00000293831,ENSP00000293831,ENSP00000293831,RDVIMREFRSGSSRV,,,True,4.5,4.196083856981367,LRDIETFYNTSIEEM,,,True,5.0,0.8010023652249725,TLRDIETFYNTSIEE,,,True,5.5,3.773679635965269,NP_594854.1,RDTLMHEFRTGSSRI,0.8666666666666667,0.6666666666666666,0.7554880561343126,0.0,0.3759044619732795,0.0,0.6240955380267205,False,3.9278258124852505,4.5,NP_001407,,NP_594854.1,MREIEQFYNTHIEEM,0.8125,0.7333333333333333,0.2457952492837922,0.0,0.3458786008441564,0.0,0.6541213991558436,False,1.003132965683802,6.5,NP_001407,,NP_594854.1,MMREIEQFYNTHIEE,0.7999999999999999,0.6666666666666666,,,,,,False,4.974729843376752,,NP_001407,
ENSG00000135069,PSAT1,ENST00000347159,ENSP00000317606,ENSP00000365773,PSAT1,ENST00000347159,ENSP00000317606,ENSP00000365773,NPDASYVYYCANETV,,,True,5.0,1.8714737239952128,IIDNSQGFYVCPVEP,,,True,5.5,-1.1777163060366855,KAGRCADYVVTGAWS,,,True,6.5,3.670122914742072,NP_594333.1,DGETSLVYYCDNETV,0.7777777777777777,0.6,,,,,,False,0.9670838800877164,,NP_478059,,NP_594333.1,TNIPKGAIRVCDVSS,0.4333333333333333,0.2,,,,,,False,-0.2755569121102983,,NP_478059,,NP_594333.1,AKSLVANYIITGAWS,0.7777777777777778,0.4666666666666667,,,,,,False,1.3534033518836728,,NP_478059,
ENSG00000103769,RAB11A,ENST00000565075,ENSP00000456638,ENSP00000261890,RAB11A,ENST00000565075,ENSP00000456638,ENSP00000261890,AEKNGLSFIETSALD,,,True,4.5,-1.821577627766381,STNVEAAFQTILTEI,,,True,6.0,2.7315975448523986,PTDEARAFAEKNGLS,,,True,6.5,1.78556124819735,NP_593667.1,AAENNLSFIETSAMD,1.0,0.7333333333333333,0.431061255336529,0.0,0.9684975020199356,0.0,0.0315024979800644,False,-1.3827120547475862,4.5,NP_004654,,NP_593667.1,ASNVEEAFQTVLTEI,0.9583333333333334,0.7333333333333333,0.6324855766630162,0.0,0.361348256577307,0.0,0.6386517434226929,False,3.2939375261580737,6.0,NP_004654,,NP_593667.1,STEEAQAFAAENNLS,0.4916666666666667,0.6,,,,,,False,6.783773629008406,,NP_004654,
ENSG00000183020,AP2A2,ENST00000332231,ENSP00000327694,ENSP00000327694,AP2A2,ENST00000332231,ENSP00000327694,ENSP00000327694,NIECVSDFTEAPVLN,,,True,3.5,1.4889884720894204,IVAEMLSYLETADYS,,,True,4.0,4.6616910603265405,AQKNPEEFKTSVSLA,,,True,4.0,-1.1280799826038628,NP_595595.1,LRSLEHDDEEKRVNV,0.35,0.2,,,,,,False,-0.1666018121363388,,NP_001229766,XP_047282438,NP_595595.1,IVADLLQYLPHLDSV,0.4345238095238095,0.4666666666666667,,,,,,False,2.758554247988785,,NP_001229766,XP_047282438,NP_595595.1,QIGVRSEYHNSEGAI,0.3839285714285714,0.1333333333333333,,,,,,False,3.339577814474314,,NP_001229766,XP_047282438
ENSG00000233149,GTF2H4,ENST00000456968,ENSP00000395497,ENSP00000395497,GTF2H4,ENST00000456968,ENSP00000395497,ENSP00000395497,ALWVKKEFSKAQEES,,,True,4.5,4.093173196981744,TNYRLYAYTESELQI,,,True,5.5,4.803184549745042,EGVLYNQFLSQVDFE,,,True,6.0,1.8573972450523164,NP_596563.1,DFLTDSGFDQAVEYA,0.4777777777777778,0.2,,,,,,False,1.52986286385091,,NP_001508,,NP_596563.1,TNYRLYAYTSSPLQI,0.8333333333333334,0.8666666666666667,0.2529010867021455,0.0,0.615519144798238,0.0,0.384480855201762,False,6.834288595966581,6.0,NP_001508,,NP_596563.1,FKSSINDFLEQLPNH,0.4761904761904762,0.2666666666666666,0.4010554797626462,0.0,0.585489174685741,0.0,0.414510825314259,False,0.960315958474494,5.5,NP_001508,
ENSG00000234370,GTF2H4,ENST00000434226,ENSP00000403156,ENSP00000403156,GTF2H4,ENST00000434226,ENSP00000403156,ENSP00000403156,ALWVKKEFSKAQEES,,,True,4.5,4.093173196981744,TNYRLYAYTESELQI,,,True,5.5,4.803184549745042,EGVLYNQFLSQVDFE,,,True,6.0,1.8573972450523164,NP_596563.1,DFLTDSGFDQAVEYA,0.4777777777777778,0.2,,,,,,False,1.52986286385091,,NP_001508,,NP_596563.1,TNYRLYAYTSSPLQI,0.8333333333333334,0.8666666666666667,0.2529010867021455,0.0,0.615519144798238,0.0,0.384480855201762,False,6.834288595966581,6.0,NP_001508,,NP_596563.1,FKSSINDFLEQLPNH,0.4761904761904762,0.2666666666666666,0.4010554797626462,0.0,0.585489174685741,0.0,0.414510825314259,False,0.960315958474494,5.5,NP_001508,
ENSG00000221974,GTF2H4,ENST00000423849,ENSP00000398484,ENSP00000365504,GTF2H4,ENST00000423849,ENSP00000398484,ENSP00000365504,ALWVKKEFSKAQEES,,,True,4.5,4.093173196981744,TNYRLYAYTESELQI,,,True,5.5,4.803184549745042,EGVLYNQFLSQVDFE,,,True,6.0,1.8573972450523164,NP_596563.1,DFLTDSGFDQAVEYA,0.4777777777777778,0.2,,,,,,False,1.52986286385091,,NP_001508,,NP_596563.1,TNYRLYAYTSSPLQI,0.8333333333333334,0.8666666666666667,0.2529010867021455,0.0,0.615519144798238,0.0,0.384480855201762,False,6.834288595966581,6.0,NP_001508,,NP_596563.1,FKSSINDFLEQLPNH,0.4761904761904762,0.2666666666666666,0.4010554797626462,0.0,0.585489174685741,0.0,0.414510825314259,False,0.960315958474494,5.5,NP_001508,
ENSG00000213780,GTF2H4,ENST00000259895,ENSP00000259895,ENSP00000259895,GTF2H4,ENST00000259895,ENSP00000259895,ENSP00000259895,ALWVKKEFSKAQEES,,,True,4.5,4.093173196981744,TNYRLYAYTESELQI,,,True,5.5,4.803184549745042,EGVLYNQFLSQVDFE,,,True,6.0,1.8573972450523164,NP_596563.1,DFLTDSGFDQAVEYA,0.4777777777777778,0.2,,,,,,False,1.52986286385091,,NP_001508,,NP_596563.1,TNYRLYAYTSSPLQI,0.8333333333333334,0.8666666666666667,0.2529010867021455,0.0,0.615519144798238,0.0,0.384480855201762,False,6.834288595966581,6.0,NP_001508,,NP_596563.1,FKSSINDFLEQLPNH,0.4761904761904762,0.2666666666666666,0.4010554797626462,0.0,0.585489174685741,0.0,0.414510825314259,False,0.960315958474494,5.5,NP_001508,
ENSG00000280759,AP2A2,ENST00000626787,ENSP00000487149,ENSP00000487149,AP2A2,ENST00000626787,ENSP00000487149,ENSP00000487149,NIECVSDFTEAPVLN,,,True,3.5,1.4889884720894204,AQKNPEEFKTSVSLA,,,True,4.0,-1.1280799826038628,IVAEMLSYLETADYS,,,True,4.0,4.6616910603265405,NP_595595.1,LRSLEHDDEEKRVNV,0.35,0.2,,,,,,False,-0.1666018121363388,,NP_001229766,,NP_595595.1,QIGVRSEYHNSEGAI,0.3839285714285714,0.1333333333333333,,,,,,False,3.339577814474314,,NP_001229766,,NP_595595.1,IVADLLQYLPHLDSV,0.4345238095238095,0.4666666666666667,,,,,,False,2.758554247988785,,NP_001229766,
ENSG00000236895,GTF2H4,ENST00000413314,ENSP00000396251,ENSP00000396251,GTF2H4,ENST00000413314,ENSP00000396251,ENSP00000396251,ALWVKKEFSKAQEES,,,True,4.5,4.093173196981744,TNYRLYAYTESELQI,,,True,5.5,4.803184549745042,EGVLYNQFLSQVDFE,,,True,6.0,1.8573972450523164,NP_596563.1,DFLTDSGFDQAVEYA,0.4777777777777778,0.2,,,,,,False,1.52986286385091,,NP_001508,,NP_596563.1,TNYRLYAYTSSPLQI,0.8333333333333334,0.8666666666666667,0.2529010867021455,0.0,0.615519144798238,0.0,0.384480855201762,False,6.834288595966581,6.0,NP_001508,,NP_596563.1,FKSSINDFLEQLPNH,0.4761904761904762,0.2666666666666666,0.4010554797626462,0.0,0.585489174685741,0.0,0.414510825314259,False,0.960315958474494,5.5,NP_001508,
ENSG00000226384,GTF2H4,ENST00000440824,ENSP00000401105,ENSP00000401105,GTF2H4,ENST00000440824,ENSP00000401105,ENSP00000401105,ALWVKKEFSKAQEES,,,True,4.5,4.093173196981744,TNYRLYAYTESELQI,,,True,5.5,4.803184549745042,EGVLYNQFLSQVDFE,,,True,6.0,1.8573972450523164,NP_596563.1,DFLTDSGFDQAVEYA,0.4777777777777778,0.2,,,,,,False,1.52986286385091,,NP_001508,,NP_596563.1,TNYRLYAYTSSPLQI,0.8333333333333334,0.8666666666666667,0.2529010867021455,0.0,0.615519144798238,0.0,0.384480855201762,False,6.834288595966581,6.0,NP_001508,,NP_596563.1,FKSSINDFLEQLPNH,0.4761904761904762,0.2666666666666666,0.4010554797626462,0.0,0.585489174685741,0.0,0.414510825314259,False,0.960315958474494,5.5,NP_001508,
ENSG00000281385,AP2A2,ENST00000629952,ENSP00000487425,ENSP00000487425,AP2A2,ENST00000629952,ENSP00000487425,ENSP00000487425,NIECVSDFTEAPVLN,,,True,3.5,1.4889884720894204,AQKNPEEFKTSVSLA,,,True,4.0,-1.1280799826038628,IVAEMLSYLETADYS,,,True,4.0,4.6616910603265405,NP_595595.1,LRSLEHDDEEKRVNV,0.35,0.2,,,,,,False,-0.1666018121363388,,NP_001229766,,NP_595595.1,QIGVRSEYHNSEGAI,0.3839285714285714,0.1333333333333333,,,,,,False,3.339577814474314,,NP_001229766,,NP_595595.1,IVADLLQYLPHLDSV,0.4345238095238095,0.4666666666666667,,,,,,False,2.758554247988785,,NP_001229766,
ENSG00000131732,ZCCHC9,ENST00000407610,ENSP00000385047,ENSP00000385047,ZCCHC9,ENST00000407610,ENSP00000385047,ENSP00000385047,AKGMSADYEEILDVP,,,True,5.0,3.0731380072127257,VDPALGEFPFAKCFV,,,True,5.5,3.367401404223646,PDNPKGLYADGGGCK,,,True,6.0,-0.4182078377310306,NP_594481.1,QGHIVQDCPEAKDNV,0.3974867724867725,0.2,,,,,,False,0.1491535803959488,,NP_001124507,XP_047273783,NP_594481.1,ACSKKGPLKFAKCFI,0.4428571428571428,0.4,,,,,,False,0.4127946792931888,,NP_001124507,XP_047273783,NP_594481.1,EQNPKGLYPKGGCCK,0.3873015873015873,0.6666666666666666,,,,,,False,-0.6935128813384911,,NP_001124507,XP_047273783
ENSG00000133943,DGLUCY,ENST00000522170,ENSP00000430666,ENSP00000428263,DGLUCY,ENST00000520328,ENSP00000429453,ENSP00000428263,KELSKPAYGDAMVCP,,,True,5.0,-1.3219482189948055,GAVALVAFLQALEKE,,,True,5.5,3.273209706667342,PQFWKYEFGACTGSL,,,True,5.5,5.287650191120551,NP_592814.1,DECRLPSYSERAITK,0.3666666666666667,0.2,,,,,,False,11.19895661523996,,NP_001273399,,NP_592814.1,TTGWCEGYIQANLLV,0.3630952380952381,0.1333333333333333,,,,,,False,3.8756862715273495,,NP_001273399,,NP_592814.1,RLMTKSTTGWCEGYI,0.3545454545454545,0.2666666666666666,,,,,,False,2.984799593301382,,NP_001273399,
ENSG00000148218,ALAD,ENST00000409155,ENSP00000386284,ENSP00000386284,ALAD,ENST00000409155,ENSP00000386284,ENSP00000386284,ASCFYGPFRDAAKSS,,,True,5.0,4.354408921025142,VMSYSAKFASCFYGP,,,True,5.5,2.386358195753875,GADIIITYYTPQLLQ,,,True,6.0,4.529881073985946,NP_593917.1,ASGFFGPFRAAANGA,0.5833333333333334,0.6,,,,,,False,7.931480954616127,,NP_000022,XP_011516666,NP_593917.1,VISYSAKFASGFFGP,0.6666666666666666,0.8,0.6372362005227681,0.0,0.1857592995636831,0.0,0.8142407004363168,True,2.079108113181989,6.5,NP_000022,XP_011516666,NP_593917.1,GANIVLTYFTPELLE,0.9166666666666666,0.6,0.4788217055524211,0.0,0.7034310056702756,0.0,0.2965689943297244,False,4.265407142267256,6.0,NP_000022,XP_011516666
ENSG00000085999,RAD54L,ENST00000459678,ENSP00000479155,ENSP00000361043,RAD54L,ENST00000459678,ENSP00000479155,ENSP00000361043,CVEEEDGFVGALDLF,,,True,4.0,-0.2032271352222904,GKMLVLDYILAVTRS,,,True,5.5,0.974612619408825,DSSQHEAFIRSILSK,,,True,6.0,-1.2110752358369663,NP_594290.1,LNFANPGLLGSRQEF,0.4166666666666667,0.2,,,,,,False,-1.2060945016453462,,NP_003570,,NP_594290.1,KLNVQRRVILSGTPI,0.4333333333333333,0.2,,,,,,False,4.1271756791132095,,NP_003570,,NP_594290.1,RCRDGKQFIRAPAML,0.4666666666666666,0.2,,,,,,False,-0.0828825136730231,,NP_003570,
ENSG00000183207,RUVBL2,ENST00000595090,ENSP00000473172,ENSP00000473172,RUVBL2,ENST00000595090,ENSP00000473172,ENSP00000473172,STQYMKEYQDAFLFN,,,True,4.0,1.2255942241729354,ISKLGRSFTRARDYD,,,True,5.0,-0.5974911104827165,EYQDAFLFNELKGET,,,True,6.0,1.456181517661905,NP_595640.1,VYSLEMSKTEALLQA,0.3,0.1333333333333333,,,,,,False,-2.216495595431949,,NP_006657,,NP_595640.1,VTKLGRSFSRARDYD,0.875,0.8,,,,,,False,-0.2947704276125592,,NP_006657,,NP_595640.1,TQGFLALFSGDTGEI,0.375,0.2666666666666666,,,,,,False,3.233903793839879,,NP_006657,
ENSG00000278229,RPS17,ENST00000617731,ENSP00000483755,ENSP00000483755,RPS17,ENST00000617731,ENSP00000483755,ENSP00000483755,YTRLGNDFHTNKRVC,,,True,6.0,3.473931211342354,EMLKLLDFGSLSNLQ,,,True,6.0,7.834293307609332,QPTVGMNFKTPRGPV,,,True,7.0,5.000065074359046,NP_595245.1,YPRLTLDFQTNKRIV,0.8333333333333334,0.6,0.2252495561486499,0.0,0.5838147983388856,0.0,0.4161852016611144,False,-1.3354313812327865,6.5,NP_001012,,NP_588012.1,DMLKALGYDSIPTVV,0.2658730158730158,0.3333333333333333,0.4730606215466322,0.0,0.4879536567103983,0.0,0.5120463432896016,False,6.806025836722591,7.0,NP_001012,,NP_595245.1,YPRLTLDFQTNKRIV,0.2722222222222222,0.2666666666666666,0.2252495561486499,0.0,0.5838147983388856,0.0,0.4161852016611144,False,-1.3354313812327865,6.5,NP_001012,
ENSG00000112473,SLC39A7,ENST00000698688,ENSP00000513873,ENSP00000363809,SLC39A7,ENST00000698688,ENSP00000513873,ENSP00000363809,AADLAHNFTDGLAIG,,,True,5.5,3.861602027930436,HRHSHEDFHHGHSHA,,,True,5.5,-0.5319118010629197,HEHSHGGYGESGAPG,,,True,5.5,-2.4068945399404726,NP_594942.1,LCDSFHNFMDGLAIT,0.7999999999999999,0.6,0.5845226978692695,0.0,0.1721160135831231,0.0,0.8278839864168769,True,1.3705513221932706,5.5,NP_008910,,NP_594942.1,LCDSFHNFMDGLAIT,0.3083333333333333,0.2,0.5845226978692695,0.0,0.1721160135831231,0.0,0.8278839864168769,True,1.3705513221932706,5.5,NP_008910,,NP_594942.1,AILLRNGYTKSQVLV,0.4666666666666666,0.2,,,,,,False,-1.2848592207921965,,NP_008910,
ENSG00000157916,RER1,ENST00000378512,ENSP00000367773,ENSP00000475168,RER1,ENST00000306256,ENSP00000302088,ENSP00000475168,LVAMVCTFFDAFNVX,transmembrane region,Helical,False,3.0,9.178280146358116,RRLPEFKFWHAATKG,,,True,6.0,6.942476961819342,FTRLGQIYQSWLDKS,,,True,6.5,-3.2866297946195338,NP_594831.1,LFALVASFFRIFDVP,0.2944444444444444,0.4666666666666667,,,,,,False,4.786474324037983,,NP_008964,,NP_594831.1,RRLPEFKFWYSSMRA,0.5559523809523809,0.6,,,,,,False,4.937305963571326,,NP_008964,,NP_594831.1,KNFAVRLYRHWVDRT,0.5958333333333333,0.2,,,,,,False,-2.698759273098768,,NP_008964,
ENSG00000185024,BRF1,ENST00000379937,ENSP00000369269,ENSP00000448387,BRF1,ENST00000379937,ENSP00000369269,ENSP00000448387,VEGEISSYQDAIEIE,,,True,3.0,2.300851037002004,LRKRLTEFEDTPTSQ,,,True,3.5,6.469020903802077,IIVSEVQFVESSGGG,,,True,5.0,-1.021821223422524,NP_596265.2,DGIADTAAESAKEMM,0.3583333333333333,0.1333333333333333,,,,,,False,1.3320848446772733,,NP_001510,XP_011534975,NP_596265.2,EDVDDDEIEDILLDK,0.4166666666666667,0.2,,,,,,False,-1.1196192989304308,,NP_001510,XP_011534975,NP_596265.2,KRLDEFKLTESGDLS,0.3388888888888889,0.2,,,,,,False,-0.372654809802792,,NP_001510,XP_011534975
ENSG00000128524,ATP6V1F,ENST00000492758,ENSP00000417378,ENSP00000417378,ATP6V1F,ENST00000492758,ENSP00000417378,ENSP00000417378,INEIEDTFRSLGSLP,,,True,5.0,1.20181678974415,DEDTVTGFLLGGIGE,,,True,6.0,5.026957776110723,IPSKEHPYDAAKDSI,,,True,6.0,0.754725882694473,NP_596676.1,MSSQSYRERTLVSVI,0.3999999999999999,0.2,,,,,,False,6.769918272046516,,NP_001185838,,NP_596676.1,DDDTVTGMLLAGTGQ,0.4666666666666666,0.6666666666666666,,,,,,False,2.635373163807413,,NP_001185838,,NP_596676.1,IPSKDDPYDPEKDSI,0.6095238095238095,0.7333333333333333,,,,,,False,-0.2632235552335328,,NP_001185838,
ENSG00000206288,SLC39A7,ENST00000383214,ENSP00000372701,ENSP00000372700,SLC39A7,ENST00000383214,ENSP00000372701,ENSP00000372700,AADLAHNFTDGLAIG,,,True,5.5,3.861602027930436,HRHSHEDFHHGHSHA,,,True,5.5,-0.5319118010629197,HEHSHGGYGESGAPG,,,True,5.5,-2.4068945399404726,NP_594942.1,LCDSFHNFMDGLAIT,0.7999999999999999,0.6,0.5845226978692695,0.0,0.1721160135831231,0.0,0.8278839864168769,True,1.3705513221932706,5.5,NP_008910,,NP_594942.1,LCDSFHNFMDGLAIT,0.3083333333333333,0.2,0.5845226978692695,0.0,0.1721160135831231,0.0,0.8278839864168769,True,1.3705513221932706,5.5,NP_008910,,NP_594942.1,AILLRNGYTKSQVLV,0.4666666666666666,0.2,,,,,,False,-1.2848592207921965,,NP_008910,
ENSG00000227402,SLC39A7,ENST00000456261,ENSP00000414145,ENSP00000414145,SLC39A7,ENST00000456261,ENSP00000414145,ENSP00000414145,AADLAHNFTDGLAIG,,,True,5.5,3.861602027930436,HRHSHEDFHHGHSHA,,,True,5.5,-0.5319118010629197,HEHSHGGYGESGAPG,,,True,5.5,-2.4068945399404726,NP_594942.1,LCDSFHNFMDGLAIT,0.7999999999999999,0.6,0.5845226978692695,0.0,0.1721160135831231,0.0,0.8278839864168769,True,1.3705513221932706,5.5,NP_008910,,NP_594942.1,LCDSFHNFMDGLAIT,0.3083333333333333,0.2,0.5845226978692695,0.0,0.1721160135831231,0.0,0.8278839864168769,True,1.3705513221932706,5.5,NP_008910,,NP_594942.1,AILLRNGYTKSQVLV,0.4666666666666666,0.2,,,,,,False,-1.2848592207921965,,NP_008910,
ENSG00000229802,SLC39A7,ENST00000416369,ENSP00000403583,ENSP00000391735,SLC39A7,ENST00000416369,ENSP00000403583,ENSP00000391735,AADLAHNFTDGLAIG,,,True,5.5,3.861602027930436,HRHSHEDFHHGHSHA,,,True,5.5,-0.5319118010629197,HEHSHGGYGESGAPG,,,True,5.5,-2.4068945399404726,NP_594942.1,LCDSFHNFMDGLAIT,0.7999999999999999,0.6,0.5845226978692695,0.0,0.1721160135831231,0.0,0.8278839864168769,True,1.3705513221932706,5.5,NP_008910,,NP_594942.1,LCDSFHNFMDGLAIT,0.3083333333333333,0.2,0.5845226978692695,0.0,0.1721160135831231,0.0,0.8278839864168769,True,1.3705513221932706,5.5,NP_008910,,NP_594942.1,AILLRNGYTKSQVLV,0.4666666666666666,0.2,,,,,,False,-1.2848592207921965,,NP_008910,
ENSG00000226614,SLC39A7,ENST00000423043,ENSP00000389623,ENSP00000416439,SLC39A7,ENST00000423043,ENSP00000389623,ENSP00000416439,AADLAHNFTDGLAIG,,,True,5.5,3.861602027930436,HRHSHEDFHHGHSHA,,,True,5.5,-0.5319118010629197,HEHSHGGYGESGAPG,,,True,5.5,-2.4068945399404726,NP_594942.1,LCDSFHNFMDGLAIT,0.7999999999999999,0.6,0.5845226978692695,0.0,0.1721160135831231,0.0,0.8278839864168769,True,1.3705513221932706,5.5,NP_008910,,NP_594942.1,LCDSFHNFMDGLAIT,0.3083333333333333,0.2,0.5845226978692695,0.0,0.1721160135831231,0.0,0.8278839864168769,True,1.3705513221932706,5.5,NP_008910,,NP_594942.1,AILLRNGYTKSQVLV,0.4666666666666666,0.2,,,,,,False,-1.2848592207921965,,NP_008910,
ENSG00000224399,SLC39A7,ENST00000431735,ENSP00000410656,ENSP00000410656,SLC39A7,ENST00000431735,ENSP00000410656,ENSP00000410656,AADLAHNFTDGLAIG,,,True,5.5,3.861602027930436,HRHSHEDFHHGHSHA,,,True,5.5,-0.5319118010629197,HEHSHGGYGESGAPG,,,True,5.5,-2.4068945399404726,NP_594942.1,LCDSFHNFMDGLAIT,0.7999999999999999,0.6,0.5845226978692695,0.0,0.1721160135831231,0.0,0.8278839864168769,True,1.3705513221932706,5.5,NP_008910,,NP_594942.1,LCDSFHNFMDGLAIT,0.3083333333333333,0.2,0.5845226978692695,0.0,0.1721160135831231,0.0,0.8278839864168769,True,1.3705513221932706,5.5,NP_008910,,NP_594942.1,AILLRNGYTKSQVLV,0.4666666666666666,0.2,,,,,,False,-1.2848592207921965,,NP_008910,
ENSG00000182934,SRPRA,ENST00000332118,ENSP00000328023,ENSP00000328023,SRPRA,ENST00000332118,ENSP00000328023,ENSP00000328023,GGGGMLDFFTIFSKG,,,True,4.5,2.5409810844518144,GAAISMTYITSKPIV,,,True,5.5,-0.4177601897593066,EGKVMGTFSTVTSTV,,,True,6.0,6.302523399848206,NP_596660.1,INKKVGSFDTVKNTV,0.4027777777777777,0.1333333333333333,0.4934910868423119,0.0,0.2531435528386435,0.0,0.7468564471613565,False,6.132032778725163,6.5,NP_003130,XP_016873668,NP_596660.1,AQLENETDTKSLPVE,0.35,0.2,,,,,,False,2.200070243280216,,NP_003130,XP_016873668,NP_596660.1,INKKVGSFDTVKNTV,0.5694444444444444,0.4666666666666667,0.4934910868423119,0.0,0.2531435528386435,0.0,0.7468564471613565,False,6.132032778725163,6.5,NP_003130,XP_016873668
ENSG00000105821,DNAJC2,ENST00000379263,ENSP00000368565,ENSP00000368565,DNAJC2,ENST00000379263,ENSP00000368565,ENSP00000368565,IKEGDNDYFTCITKA,,,True,3.0,0.0619825440310942,KSEAKDNFFEVFTPV,,,True,5.0,0.3338459989626068,NRNASASFQELEDKK,,,True,5.0,-1.3962901470628983,NP_596284.2,NALKDFNYFSATDVP,0.375,0.2,0.728528747243114,0.0,0.2196902661527695,0.0,0.7803097338472305,True,6.857280262825599,3.5,NP_055192,XP_047276147,NP_596284.2,ESTTKETFFELWTPV,0.7083333333333334,0.5333333333333333,0.5952575937764913,0.0,0.3161682912310317,0.0,0.6838317087689683,False,0.3078239417376862,4.0,NP_055192,XP_047276147,NP_596284.2,NFDSWRSFEYLDKDI,0.4857142857142857,0.2666666666666666,,,,,,False,-0.0114196212582318,,NP_055192,XP_047276147
ENSG00000059691,GATB,ENST00000263985,ENSP00000263985,ENSP00000263985,GATB,ENST00000263985,ENSP00000263985,ENSP00000263985,PPNSLVSFFDASLPG,,,True,3.0,4.230423420969492,SLFDRKHYFYADLPA,,,True,6.0,0.9371684352503196,NEVGLLEFFQNVIKE,,,True,6.5,4.874221588858088,NP_593434.1,QPNTCVAYFDVSLPG,0.6130952380952381,0.6,0.7531705697436663,0.0,0.3357297455015783,0.0,0.6642702544984216,False,4.005369676423303,6.0,NP_004555,,NP_593434.1,CKFDRKHYFYPDLPA,0.8095238095238096,0.8,,,,,,False,2.8573108771140987,,NP_004555,,NP_593434.1,LPALPDELFQKLTTG,0.4666666666666666,0.2,,,,,,False,0.5397685382989685,,NP_004555,
ENSG00000277157,H4C4,ENST00000614247,ENSP00000479461,ENSP00000479461,H4C4,ENST00000614247,ENSP00000479461,ENSP00000479461,KRISGLIYEETRGVL,,,True,5.5,2.0674177372580225,TRGVLKVFLENVIRD,,,True,6.5,6.751291486214857,VIRDAVTYTEHAKRK,,,True,7.0,4.422687600632454,NP_594682.1,KRISALVYEETRAVL,0.7916666666666666,0.8,0.6150616016294539,0.0,0.4916536889397249,0.0,0.5083463110602751,False,5.068491934193948,5.5,NP_003530,,NP_594682.1,TRAVLKLFLENVIRD,0.875,0.8666666666666667,0.3018622218227194,0.0,0.9570040014465608,0.0,0.0429959985534393,False,6.751291486214857,6.5,NP_003530,,NP_594682.1,VIRDAVTYTEHAKRK,1.0,1.0,0.2111319996167533,0.0,0.5929136185878765,0.0,0.4070863814121234,False,4.422687600632454,7.0,NP_003530,
ENSG00000136807,CDK9,ENST00000373264,ENSP00000362361,ENSP00000362361,CDK9,ENST00000373264,ENSP00000362361,ENSP00000362361,DDALNHDFFWSDPMP,,,True,4.5,0.2125031048827204,GVLKLADFGLARAFS,,,True,5.5,3.1405251915023165,SIYLVFDFCEHDLAG,,,True,5.5,1.878959750384604,NP_595616.1,SMALEHEYFTTPPYP,0.438095238095238,0.4,0.4769999627525925,0.0,0.2785524406305217,0.0,0.7214475593694784,False,0.6159551440122295,4.0,NP_001252,,NP_595616.1,GILKIADFGLARVIT,0.8333333333333334,0.6666666666666666,,,,,,False,1.5687901835172529,,NP_001252,,NP_595616.1,SIYMVTPYMDHDLSG,0.4031746031746031,0.5333333333333333,0.3051245212850542,0.0,0.4537791657143358,0.0,0.5462208342856643,False,2.375748192478669,7.0,NP_001252,
ENSG00000241685,ARPC1A,ENST00000262942,ENSP00000262942,ENSP00000262942,ARPC1A,ENST00000262942,ENSP00000262942,ENSP00000262942,ARLISVCYFESENDW,,,True,4.5,2.871858569991898,DDRGCLTFVSKLDIP,,,True,5.5,1.53307468644491,GAMTIWDFKTLESSI,,,True,5.5,5.181936725913097,NP_595909.1,ARVISVCYFEQENDW,0.8333333333333334,0.8666666666666667,0.4702159230621154,0.0,0.3774384187461861,0.0,0.6225615812538139,False,3.188152329980611,6.0,NP_006400,,NP_595909.1,RLNRAATFVRWSPNE,0.3974025974025974,0.2,,,,,,False,4.075877875875039,,NP_006400,,NP_595909.1,EEEGPVSFTALRSTF,0.4666666666666666,0.2,,,,,,False,-1.1434614351131829,,NP_006400,
ENSG00000004961,HCCS,ENST00000321143,ENSP00000326579,ENSP00000326579,HCCS,ENST00000321143,ENSP00000326579,ENSP00000326579,EVRYVIDYYDGGEVN,,,True,3.0,4.794511073514867,HQERAYEYVECPIRG,,,True,4.0,8.453349209976102,VYPSEQMFWNAMLKK,,,True,6.0,1.0055273683426285,NP_594026.1,KVAYVIDFYNGPTVN,0.5777777777777777,0.6,,,,,,False,4.1648696351133765,,NP_001116080,,NP_594026.1,EQLNQEEESKCPVPP,0.3416666666666666,0.2666666666666666,,,,,,False,-1.1130126819641526,,NP_001116080,,NP_594026.1,IYPSQQMFFDAMKRK,0.4888888888888889,0.6,0.5529728352914228,0.0,0.1946154216960841,0.0,0.8053845783039157,True,1.6097106465683744,4.0,NP_001116080,
ENSG00000172977,KAT5,ENST00000377046,ENSP00000366245,ENSP00000340330,KAT5,ENST00000377046,ENSP00000366245,ENSP00000340330,FLDHKTLYYDTDPFL,,,True,4.5,1.9005021654713408,YRKGTISFFEIDGRK,,,True,5.0,-0.8514927261921471,EKESTEDYNVACILT,,,True,5.0,2.623107998332741,NP_594630.1,FLDHKMLYYDVDPFL,0.8333333333333334,0.8666666666666667,0.7722804757955255,0.0,0.3643629233241827,0.0,0.6356370766758173,False,1.984646033759054,6.0,NP_874369,,NP_594630.1,YRDDYISFFEIDGRK,1.0,0.8,0.4187676922158433,0.0,0.4966385582017165,0.0,0.5033614417982836,False,-1.6811685985669045,5.0,NP_874369,,NP_594630.1,EKESSENYNLACILT,0.7361111111111112,0.8,,,,,,False,2.623107998332741,,NP_874369,
ENSG00000146828,SLC12A9,ENST00000448342,ENSP00000401583,ENSP00000275730,SLC12A9,ENST00000354161,ENSP00000275730,ENSP00000275730,EAEEEGDFVNSGRGD,topological domain,Cytoplasmic,True,5.0,-0.6514115588423527,NTLVLGFYDDAPPQD,topological domain,Extracellular,False,5.0,5.777609524046641,RFGHFTGFNSSTLKD,topological domain,Extracellular,False,5.5,0.6428306956520682,NP_595740.1,RSENVIRFCNSLKKG,0.4814814814814814,0.2666666666666666,,,,,,False,1.573857236860606,,NP_064631,XP_047276589,NP_595740.1,NFRSASFDKSAPPLS,0.3833333333333333,0.3333333333333333,,,,,,False,6.391782066397134,,NP_064631,XP_047276589,NP_595740.1,LLVHFTGLKWSTLMK,0.4545454545454546,0.4666666666666667,,,,,,False,0.2723698573005213,,NP_064631,XP_047276589
ENSG00000108107,RPL28,ENST00000558815,ENSP00000452909,ENSP00000342787,RPL28,ENST00000558815,ENSP00000452909,ENSP00000342787,QRKPATSYVRTTINK,,,True,7.0,6.696265742275223,NLKARNSFRYNGLIH,,,True,8.0,0.4835513360669432,VVRNCSSFLIKRNKQ,,,True,8.0,6.136331625698652,NP_593124.1,RTGYRDDLVKVSVAR,0.3166666666666666,0.0666666666666666,,,,,,False,1.3588974943657428,,NP_000982,,NP_593124.1,NVSGKNAQRFSGLCN,0.3999999999999999,0.3333333333333333,,,,,,False,-2.188031531580167,,NP_000982,,NP_593124.1,VIRDNNRFLVKRPEF,0.544047619047619,0.4,,,,,,False,0.1920809925583668,,NP_000982,
ENSG00000104549,SQLE,ENST00000523430,ENSP00000430331,ENSP00000265896,SQLE,ENST00000523430,ENSP00000430331,ENSP00000265896,PDHLKEPFLEATDNS,topological domain,Cytoplasmic,True,3.5,-0.7770443017168263,LKGIPDLYDDAAIFE,topological domain,Cytoplasmic,True,5.0,7.728160905996232,IFEAKKSFYWARKTS,topological domain,Cytoplasmic,True,5.5,0.0228357481200253,NP_595351.1,GELLQPGGIEALEKI,0.3444444444444445,0.2,,,,,,False,-1.7958593144019002,,NP_003120,XP_011515548,NP_595351.1,TSGYQIFYGDSNVSV,0.4722222222222222,0.2,0.3561482712751055,0.0,0.407029319262317,0.0,0.592970680737683,False,0.4241288251818517,5.5,NP_003120,XP_011515548,NP_595351.1,ILNQMNKFHWKRKGY,0.5083333333333333,0.3333333333333333,,,,,,False,4.945054725472847,,NP_003120,XP_011515548
ENSG00000161395,PGAP3,ENST00000579146,ENSP00000463234,ENSP00000300658,PGAP3,ENST00000579146,ENSP00000463234,ENSP00000300658,DLTEKMDYFCASTXP,topological domain;transmembrane region,Lumenal;Helical,False,4.5,1.1064384846355395,QGDREPVYRDCVLQC,topological domain,Lumenal,False,5.0,1.8289720505194056,FFQXYRTFVPASSPM,topological domain,Cytoplasmic,True,5.5,2.493239977929329,NP_593834.1,PITEKLDYFSAGAFV,0.625,0.4666666666666667,0.5081432473886582,0.0,0.4601042457182349,0.0,0.5398957542817651,False,1.5119986230514262,3.5,NP_219487,XP_011523782,NP_593834.1,HYLYGFVVRKCSYDL,0.4011904761904761,0.2,,,,,,False,2.7696456573043444,,NP_219487,XP_011523782,NP_593834.1,GVIFIAAFIAHVSYL,0.375,0.1333333333333333,,,,,,False,0.6163446837906732,,NP_219487,XP_011523782
ENSG00000007392,LUC7L,ENST00000293872,ENSP00000293872,ENSP00000293872,LUC7L,ENST00000293872,ENSP00000293872,ENSP00000293872,ASKERDLFFELDAMD,,,True,5.5,-0.5344181626334243,DLALRADYEIASKER,,,True,6.5,0.8682980446006736,MASRRSEEKEAGEIG,,,True,6.5,3.4337333907145857,NP_588000.1,DHSIEVIITEMEALA,0.4166666666666667,0.1333333333333333,,,,,,False,-0.4903656893136334,,NP_958815,XP_011520863,NP_588000.1,SDKLKSDYERASYSH,0.5190476190476191,0.4,,,,,,False,2.683227435012488,,NP_958815,XP_011520863,NP_588000.1,RREKTKEEEERIDEL,0.5555555555555556,0.2,,,,,,False,-0.8019093908072719,,NP_958815,XP_011520863
ENSG00000115946,PNO1,ENST00000263657,ENSP00000263657,ENSP00000263657,PNO1,ENST00000263657,ENSP00000263657,ENSP00000263657,LIRLDDLFLESFEIT,,,True,4.0,-2.328918841856213,ALTKAADFVKAFILG,,,True,5.5,6.505925199666113,DDLFLESFEITDVKP,,,True,5.5,2.9655050367884743,NP_594514.2,LLRLDDLYIDTFEIK,0.576984126984127,0.6,0.5977962081471252,0.0,0.433598342131379,0.0,0.566401657868621,False,0.4912158314730095,4.5,NP_064528,,NP_594514.2,ALQKGMDFVQAFALG,0.6583333333333333,0.6666666666666666,,,,,,False,-0.3513768524963555,,NP_064528,,NP_594514.2,DDLYIDTFEIKDVKT,0.6666666666666666,0.6,,,,,,False,1.9073021195934168,,NP_064528,
ENSG00000105193,RPS16,ENST00000339471,ENSP00000367806,ENSP00000251453,RPS16,ENST00000339471,ENSP00000367806,ENSP00000251453,IKDILIQYDRTLLVA,,,True,7.5,8.449415663387152,ISKALVAYYQKYVDE,,,True,8.0,3.758745063426457,SKALVAYYQKYVDEA,,,True,8.0,-3.10620246804092,NP_593452.1,LKKALITYDRTLLVA,0.7999999999999999,0.7333333333333333,,,,,,False,7.465801847381519,,NP_001011,,NP_593452.1,ISKAIVAYYQKFVDE,1.0,0.8666666666666667,,,,,,False,1.4862599315388123,,NP_001011,,NP_593452.1,SKAIVAYYQKFVDEH,0.9166666666666666,0.8,,,,,,False,0.6194237122753408,,NP_001011,
ENSG00000147454,SLC25A37,ENST00000417331,ENSP00000402782,ENSP00000429200,SLC25A37,ENST00000417331,ENSP00000402782,ENSP00000429200,AGPAHAMYFACYENM,transmembrane region,Helical; Name=2,False,5.0,1.93470591572038,RTEGLGAFYRSYTTQ,transmembrane region,Helical; Name=4,False,5.5,3.0969921312207456,ISWSVYEFFKYFLTK,,,True,6.5,-0.0535460361597222,NP_594283.1,AGPSHAIYFSVLEFF,0.5416666666666666,0.5333333333333333,0.6914541695915268,0.0,0.0816021652069328,0.0,0.918397834793067,True,2.635266884064382,5.5,NP_057696,XP_006716415,NP_594283.1,RNEGLGAFYISYPTC,0.5178571428571429,0.7333333333333333,,,,,,False,3.0969921312207456,,NP_057696,XP_006716415,NP_594283.1,IYFSVLEFFKSKINA,0.6666666666666666,0.4666666666666667,,,,,,False,3.084680833050348,,NP_057696,XP_006716415
ENSG00000291237,SOD2,ENST00000538183,ENSP00000446252,ENSP00000446252,SOD2,ENST00000538183,ENSP00000446252,ENSP00000446252,LNVTEEKYQEALAKG,,,True,5.0,-0.1588461354796992,GHINHSIFWTNLSPN,,,True,6.0,1.453191426876688,DFGSFDKFKEKLTAA,,,True,6.0,-0.1107361593165092,NP_594089.1,AIWNVINWKEAESRY,0.4386363636363636,0.1333333333333333,,,,,,False,2.3221897500184583,,NP_000627,,NP_594089.1,GHINHSLFWKILAPQ,0.3,0.6666666666666666,,,,,,False,1.9625121283348843,,NP_000627,,NP_594089.1,AIWNVINWKEAESRY,0.3484848484848484,0.1333333333333333,,,,,,False,2.3221897500184583,,NP_000627,
ENSG00000174748,RPL15,ENST00000611050,ENSP00000483260,ENSP00000416692,RPL15,ENST00000611050,ENSP00000483260,ENSP00000416692,GEDSTYKFFEVILID,,,True,5.0,2.595381224716594,EVILIDPFHKAIRRN,,,True,6.0,1.8349553391217448,ALRVLNSYWVGEDST,,,True,6.0,6.581788975238004,NP_588438.1,NQDATYKFFEVILVD,1.0,0.7333333333333333,0.5714161829633287,0.0,0.4671250122651827,0.0,0.5328749877348172,False,6.349352227559363,6.0,NP_001240312,,NP_588438.1,EVILVDPSHKAIRRD,0.75,0.8,,,,,,False,1.11704103570849,,NP_001240312,,NP_588438.1,NLRVLNSYWVNQDAT,0.8333333333333334,0.7333333333333333,,,,,,False,5.97659602399926,,NP_001240312,
ENSG00000100567,PSMA3,ENST00000216455,ENSP00000216455,ENSP00000216455,PSMA3,ENST00000216455,ENSP00000216455,ENSP00000216455,KLVLSKLYEEGSNKR,,,True,6.0,3.6089011170594736,PSGVSYGYWGCAIGK,,,True,6.5,10.05089203529545,LADRVAMYVHAYTLY,,,True,6.5,5.553236022701307,NP_588040.1,ARILYATHDEENNKE,0.3305555555555555,0.2666666666666666,,,,,,False,2.8229410959962955,,NP_002779,,NP_588040.1,PNGVYWGYNGAAAGK,0.3472222222222222,0.6,,,,,,False,7.525574171760272,,NP_002779,,NP_588040.1,IADRLGNYVQLFTCY,0.4027777777777778,0.4666666666666667,,,,,,False,4.76864700254758,,NP_002779,
ENSG00000166747,AP1G1,ENST00000566179,ENSP00000454932,ENSP00000377148,AP1G1,ENST00000299980,ENSP00000299980,ENSP00000377148,MMKELLYFLDSCEPE,,,True,4.0,2.1541162585064404,IKKVVSIYGSSIDVE,,,True,5.0,9.46922085573518,SSSIVPAFNTGTITQ,,,True,6.0,3.637946751098832,NP_588559.1,MVRELLSFLDNVSDE,0.4444444444444444,0.5333333333333333,0.3544824694971923,0.0,0.6309919237497529,0.0,0.369008076250247,False,2.0373063427466978,5.5,NP_001025178,,NP_588559.1,TSQTLRVHGPSGSQV,0.4761904761904762,0.1333333333333333,,,,,,False,1.277043704865194,,NP_001025178,,NP_588559.1,TSTYSSEHNIGNISD,0.4041666666666666,0.2666666666666666,,,,,,False,3.901218362819652,,NP_001025178,
ENSG00000147679,UTP23,ENST00000517814,ENSP00000429962,ENSP00000308332,UTP23,ENST00000520733,ENSP00000429384,ENSP00000308332,PSPKTIAFVKAVESG,,,True,5.5,0.1508241143008968,EEGNPHHYFVATQDQ,,,True,5.5,1.4889097979832258,QILLDGTFCQAALRG,,,True,6.0,3.2453632042249625,NP_588391.1,NGRNKHRYVVATQDP,0.3547619047619048,0.1333333333333333,,,,,,False,1.7197215456349972,,NP_115710,,NP_588391.1,NGRNKHRYVVATQDP,0.625,0.5333333333333333,,,,,,False,1.7197215456349972,,NP_115710,,NP_588391.1,DLSQQKIDIQAALAR,0.3333333333333333,0.2666666666666666,,,,,,False,4.506553593958396,,NP_115710,
ENSG00000177700,POLR2L,ENST00000534030,ENSP00000432807,ENSP00000324124,POLR2L,ENST00000534030,ENSP00000432807,ENSP00000324124,LGLLQAEYTEGDALD,,,True,5.0,-1.3075347633820211,LLQAEYTEGDALDAL,,,True,7.0,1.8353403573137688,AEYTEGDALDALGLK,,,True,7.0,1.3877766587609623,NP_594797.1,LTLLQEDNTEGEALD,0.6666666666666666,0.6666666666666666,,,,,,False,-1.6134589436723776,,NP_066951,,NP_594797.1,LLQEDNTEGEALDKL,0.9,0.6666666666666666,,,,,,False,-2.0335749083142822,,NP_066951,,NP_594797.1,EDNTEGEALDKLGLQ,0.6999999999999998,0.6,,,,,,False,2.2915170400247376,,NP_066951,
ENSG00000144659,SLC25A38,ENST00000645630,ENSP00000493714,ENSP00000497532,SLC25A38,ENST00000648579,ENSP00000497638,ENSP00000497532,VPGVGIYFGTLYSLK,transmembrane region,Helical; Name=2,False,6.5,3.323601962684244,GQAVTLIFKDYGLRG,,,True,6.5,-1.2967466368146177,KDYGLRGFFQGGIPR,transmembrane region,Helical; Name=6,False,6.5,5.7557940218614885,NP_593837.1,GGVFSLWKGTLPSIL,0.596969696969697,0.2666666666666666,,,,,,False,0.1187872783589787,,NP_060345,,NP_593837.1,VQLEPHIYKNFLHSA,0.4533730158730158,0.2,,,,,,False,3.639055761195933,,NP_060345,,NP_593837.1,KKEGISGFFRGFGVT,0.5888888888888889,0.4,,,,,,False,7.086646124637045,,NP_060345,
ENSG00000171174,RBKS,ENST00000302188,ENSP00000306817,ENSP00000306817,RBKS,ENST00000302188,ENSP00000306817,ENSP00000306817,IADLDPQFYTLSDVF,,,True,4.5,4.615350538658421,TTGAGDSFVGALAFY,,,True,5.5,0.2637068906438225,SFVGALAFYLAYYPN,,,True,5.5,4.062081545203346,NP_596751.1,FGVRKAVIITLGSQG,0.2083333333333333,0.1333333333333333,,,,,,False,1.906898056826726,,NP_071411,,NP_596751.1,TTAAGDTFIGAFSNS,0.7000000000000001,0.5333333333333333,,,,,,False,-0.0143496749701751,,NP_071411,,NP_596751.1,NGNVDTAFVKAMEQR,0.325,0.2,,,,,,False,2.351929884815127,,NP_071411,
ENSG00000117758,STX12,ENST00000373943,ENSP00000363054,ENSP00000363054,STX12,ENST00000440806,ENSP00000392577,ENSP00000363054,REEQLVSFDSHEEWN,topological domain,Cytoplasmic,True,5.5,4.479139813795669,KERLMNDFSAALNNF,topological domain,Cytoplasmic,True,5.5,6.919243913033695,SGPQLRDFSSIIQTC,topological domain,Cytoplasmic,True,6.0,4.530553938677084,NP_595100.2,ERNVSLSNNSSGQRQ,0.3027777777777777,0.1333333333333333,,,,,,False,2.799778470513897,,NP_803173,,NP_595100.2,KIEQNGDFPALASSI,0.4761904761904762,0.2666666666666666,,,,,,False,3.524466535416471,,NP_803173,,NP_595100.2,LNEIFRDLSTIINEQ,0.5333333333333333,0.3333333333333333,,,,,,False,4.457368256269122,,NP_803173,
ENSG00000256269,HMBS,ENST00000652429,ENSP00000498786,ENSP00000498786,HMBS,ENST00000652429,ENSP00000498786,ENSP00000498786,RKFPHLEFRSIRGNL,,,True,6.0,2.3837324963805746,AMKDGQLYLTGGVWS,,,True,6.5,-0.5810393123056381,PTVLPPGFTIGAICK,,,True,7.5,4.649195440252544,NP_001018179.1,RNFPHLRFVDIRGNV,0.375,0.6666666666666666,0.2529003917861939,0.0,0.3215892800028336,0.0,0.6784107199971664,False,1.6818573621924384,7.5,NP_000181,XP_005271590,NP_001018179.1,SNSSYRISLLGTVLS,0.4583333333333333,0.2666666666666666,,,,,,False,-0.0034586591334027,,NP_000181,XP_005271590,NP_001018179.1,PSEMPDGMVIACIPK,0.5,0.4,,,,,,False,2.507483274173673,,NP_000181,XP_005271590
ENSG00000166226,CCT2,ENST00000299300,ENSP00000299300,ENSP00000299300,CCT2,ENST00000299300,ENSP00000299300,ENSP00000299300,IIADNAGYDSADLVA,,,True,5.5,3.584363116980997,ETARLTSFIGAIAIG,,,True,6.0,6.380408153245702,YNYPEQLFGAAGVMA,,,True,6.5,-0.1036122192945227,NP_593017.1,ILADNAGFDSSELVA,0.7916666666666666,0.7333333333333333,0.2374753432140737,0.0,0.3863861778500126,0.0,0.6136138221499874,False,3.472841306769471,5.5,NP_006422,,NP_593017.1,ENARLSSFVGAIAVG,0.9583333333333334,0.7333333333333333,,,,,,False,10.923327701109956,,NP_006422,,NP_593017.1,YNWPEQLFADAGIMS,0.5694444444444445,0.6666666666666666,0.5162741918619329,0.0,0.1935619115663225,0.0,0.8064380884336775,True,3.434992754876882,4.5,NP_006422,
ENSG00000134684,YARS1,ENST00000676297,ENSP00000501596,ENSP00000362576,YARS1,ENST00000675785,ENSP00000502019,ENSP00000362576,FEKLQADFKISEECI,,,True,5.0,-2.3429991601724005,PMSKIADFLKAGCEV,,,True,5.5,1.586329798265512,KFIKGTDYQLSKEYT,,,True,5.5,-1.4729916787935442,NP_587876.1,LTLSPQDLKLGLESS,0.5833333333333334,0.2,,,,,,False,0.068464628692476,,NP_003671,,NP_587876.1,PMMKLADFLKAGVHV,0.7916666666666666,0.7333333333333333,,,,,,False,3.1302758040410925,,NP_003671,,NP_587876.1,RFVIGSSYQLKEDYT,0.5555555555555556,0.4666666666666667,,,,,,False,0.5628640350191945,,NP_003671,
ENSG00000158604,TMED4,ENST00000289577,ENSP00000289577,ENSP00000404042,TMED4,ENST00000289577,ENSP00000289577,ENSP00000404042,LWWXLKSFFEAKKLV,topological domain,Cytoplasmic,True,3.5,7.5165561572316735,GSEGRFTFTSHTPGD,topological domain,Lumenal,False,6.5,2.9493931465400136,WDKQKEVFLPSTPGL,topological domain,Lumenal,False,7.0,-0.9831593391039768,NP_595791.1,LSTSDGAWFSSTKTR,0.4318181818181818,0.2,,,,,,False,2.383484860574049,,NP_872353,,NP_595791.1,RVQVDETFANNHLIY,0.2638888888888888,0.1333333333333333,,,,,,False,0.2666501274281238,,NP_872353,,NP_595791.1,DGSKPKCFLKDMPKG,0.4481481481481482,0.2,,,,,,False,0.70156206866595,,NP_872353,
ENSG00000109572,CLCN3,ENST00000360642,ENSP00000353857,ENSP00000261514,CLCN3,ENST00000360642,ENSP00000353857,ENSP00000261514,GAGVIMDFQTSEDDN,topological domain,Cytoplasmic,True,3.5,2.9900656345325904,IRLNGYPFLDAKEEF,topological domain,Cytoplasmic,True,3.5,2.2073532472946864,SELIKELFTDCGPLE,,,True,4.5,-0.9476983607204076,NP_596167.2,SSQKRADSSSSFDQA,0.4583333333333333,0.2,,,,,,False,-1.2099678930703055,,NP_776297,XP_011529888,NP_596167.2,IEINGLPLLEPEKSI,0.4095238095238095,0.3333333333333333,,,,,,False,0.5784210951942419,,NP_776297,XP_011529888,NP_596167.2,TLGMELLFQECKSSS,0.4916666666666667,0.2,0.4579301052863118,0.0,0.6137288627290212,0.0,0.3862711372709788,False,-2.433489956441397,4.0,NP_776297,XP_011529888
ENSG00000105373,NOP53,ENST00000246802,ENSP00000246802,ENSP00000246802,NOP53,ENST00000246802,ENSP00000246802,ENSP00000246802,APNEKLFFVDTGSKE,,,True,4.5,0.9769673092323512,AATQESTFQELCEGL,,,True,4.5,-0.2107085280305392,QDTVERPFYDLWASD,,,True,5.5,3.072687634652999,NP_594732.1,KPNDALFVIDTLGDD,0.5833333333333334,0.4,,,,,,False,3.219912488216558,,NP_056525,,NP_594732.1,PVKRPSTLSKLPESL,0.5333333333333333,0.3333333333333333,,,,,,False,4.063020771858975,,NP_056525,,NP_594732.1,SLRELKPEGNLFADR,0.3444444444444444,0.2,,,,,,False,3.934462715440585,,NP_056525,
ENSG00000094841,UPRT,ENST00000652605,ENSP00000498525,ENSP00000362481,UPRT,ENST00000373383,ENSP00000362481,ENSP00000362481,EGLNQLPYKECMVTT,,,True,5.0,-1.9437348715074667,KTASRGDFMFSADRL,,,True,5.0,3.350290723781513,AKSIIQEFPEITILT,,,True,5.5,3.8120690156972783,NP_594785.1,EGLNHLPVSSAKVTT,0.2916666666666667,0.6,,,,,,False,1.1017136559854412,,NP_659489,,NP_594785.1,KTKPRSEFIFYANRI,0.4218253968253968,0.4666666666666667,,,,,,False,5.3901418900240845,,NP_659489,,NP_594785.1,LKNVHDRFPNIRIVT,0.6666666666666666,0.4,,,,,,False,11.363217301303017,,NP_659489,
ENSG00000137955,RABGGTB,ENST00000370826,ENSP00000359862,ENSP00000317473,RABGGTB,ENST00000370826,ENSP00000359862,ENSP00000317473,YGSKKDDYEYCMSEY,,,True,5.5,-0.7557577206262991,NVEKAIEFVLSCMNF,,,True,6.0,5.255255116892268,PGDMVDPFHTLFGIA,,,True,6.0,1.5924306129366514,NP_593383.1,KKKDQIDKERIVSFL,0.325,0.2,,,,,,False,-0.6284473489113133,,NP_004573,,NP_593383.1,DKERIVSFLLSCLTE,0.625,0.3333333333333333,,,,,,False,4.012322035404714,,NP_004573,,NP_593383.1,KEDATDVYHTCFSLA,0.3029100529100529,0.4,0.4066559440630631,0.0,0.3012177728227001,0.0,0.6987822271772999,False,-0.5219049377004734,4.0,NP_004573,
ENSG00000158825,CDA,ENST00000375071,ENSP00000364212,ENSP00000364212,CDA,ENST00000375071,ENSP00000364212,ENSP00000364212,ASDMQDDFISPCGAC,,,True,5.5,3.4622304721993773,CRQVMREFGTNWPVY,,,True,6.0,7.665756287806163,FGTNWPVYMTKPDGT,,,True,6.5,0.4742738069719564,NP_594321.1,GVMSAKGRVTPCGIC,0.3638888888888889,0.2666666666666666,,,,,,False,5.202783890647039,,NP_001776,,NP_594321.1,CRQVIREFSKDINVY,0.2722222222222222,0.6,,,,,,False,10.677565669644531,,NP_001776,,NP_594321.1,FSKDINVYMFHDDGG,0.5902777777777778,0.4,,,,,,False,0.9256125499182876,,NP_001776,
ENSG00000063761,ADCK1,ENST00000238561,ENSP00000238561,ENSP00000238561,ADCK1,ENST00000238561,ENSP00000238561,ENSP00000238561,FRRTQISFSEAFNLW,,,True,4.0,4.343542093866981,IHDLFQSFDDTPLGT,,,True,4.5,0.3585976508397523,ERVLLMEFVDGGQVN,,,True,4.5,6.780835837058933,NP_595922.2,ARIDNLSFMDEHSIS,0.3638888888888889,0.2,,,,,,False,-1.235225948011647,,NP_065154,XP_016876966,NP_595922.2,LDETFDEFDPIALGV,0.4345238095238095,0.3333333333333333,,,,,,False,5.475713928401333,,NP_065154,XP_016876966,NP_595922.2,PRILVMEYVAGARID,0.5214285714285715,0.4,,,,,,False,4.4968264158859546,,NP_065154,XP_016876966
ENSG00000153561,RMND5A,ENST00000283632,ENSP00000283632,ENSP00000283632,RMND5A,ENST00000283632,ENSP00000283632,ENSP00000283632,ESPLSVSFSAGCVAL,,,True,6.5,0.0035581230720868,EFKLHRLYFISLLMG,,,True,6.5,-0.4930724525261775,GLEELIDYTGGLKHE,,,True,7.0,3.859669476591718,NP_595831.1,EENPPMMMSCGHVIV,0.4666666666666666,0.2666666666666666,,,,,,False,1.3646793274145217,,NP_073617,,NP_595831.1,QKTMIALFFCSRNEV,0.4814814814814814,0.2,,,,,,False,5.596102358185718,,NP_073617,,NP_595831.1,KKSCLKDPTTSMKEL,0.3619047619047619,0.2666666666666666,,,,,,False,3.843013112641596,,NP_073617,
ENSG00000103018,CYB5B,ENST00000686167,ENSP00000508903,ENSP00000308430,CYB5B,ENST00000686167,ENSP00000508903,ENSP00000308430,EVETSVTYYRLEEVA,,,True,5.5,4.7860245254018565,GVDASESFEDVGHSS,,,True,6.0,3.896085526739026,LEQAGVDASESFEDV,,,True,7.0,-3.169515127171203,NP_587997.1,VLVMVVAYFAFRKYV,0.2416666666666666,0.1333333333333333,,,,,,False,1.5460500963345,,NP_085056,,NP_587997.1,GRDASGPFEDVGHSE,0.8095238095238096,0.7333333333333333,0.5757607280875104,0.0,0.2196903530336829,0.0,0.7803096469663171,True,4.282235960853681,7.0,NP_085056,,NP_587997.1,VDLAGRDASGPFEDV,0.5873015873015873,0.6,,,,,,False,2.3511364236126377,,NP_085056,
ENSG00000255150,EID3,ENST00000527879,ENSP00000435619,ENSP00000435619,EID3,ENST00000527879,ENSP00000435619,ENSP00000435619,QKLDLSSYPEATEKN,,,True,3.5,3.117091601251383,DDSIALSFWKAIEKE,,,True,4.0,2.759978218365413,FVIDPNSFSRTVENI,,,True,5.5,-0.5456956037573346,NP_001018837.1,FITNPQSYPQTVENL,0.7333333333333334,0.2666666666666666,,,,,,False,0.4817582792657099,,NP_001008395,,NP_001018837.1,LMVGPLSFRKKERNI,0.3666666666666666,0.2666666666666666,,,,,,False,-0.0696742234655028,,NP_001008395,,NP_001018837.1,FITNPQSYPQTVENL,0.580952380952381,0.4666666666666667,,,,,,False,0.4817582792657099,,NP_001008395,
ENSG00000103342,GSPT1,ENST00000434724,ENSP00000398131,ENSP00000408399,GSPT1,ENST00000434724,ENSP00000398131,ENSP00000408399,ISARKGEFETGFEKG,,,True,4.0,3.235949213791684,TVEVGRAYFETEKKH,,,True,5.0,1.7955636040746383,VNWSNERYEECKEKL,,,True,5.0,-0.227835621559337,NP_588225.1,ISARRGEFEAGFERG,0.8333333333333334,0.8,,,,,,False,2.7719792578217546,,NP_001123478,XP_047289991,NP_588225.1,TVEVGRAYFETEHRR,0.8125,0.8,0.5081431668716588,0.0,0.843606964310867,0.0,0.156393035689133,False,4.81661087259857,5.0,NP_001123478,XP_047289991,NP_588225.1,VQWSEERYKECVDKL,0.7555555555555555,0.6666666666666666,0.4773369427265864,0.0,0.6347455153333693,0.0,0.3652544846666306,False,-0.227835621559337,4.5,NP_001123478,XP_047289991
ENSG00000107798,LIPA,ENST00000371837,ENSP00000360903,ENSP00000337354,LIPA,ENST00000371837,ENSP00000360903,ENSP00000337354,TQITNLVFHESIPEW,,,True,4.5,-1.0122696923688446,PEWEHLDFIWGLDAP,,,True,5.0,-0.1408942621554659,GPVASVAFCTSPMAK,,,True,5.5,1.7877738999950863,NP_587880.1,IHNTLGLFYRSVVRN,0.3392857142857142,0.2,,,,,,False,4.62517319311322,,NP_001121077,XP_024303791,NP_587880.1,DSYEHLDMIWADTVK,0.4666666666666666,0.4,,,,,,False,3.058724864997969,,NP_001121077,XP_024303791,NP_587880.1,FFDAVLAYCLSQLFN,0.6130952380952381,0.2666666666666666,,,,,,False,-0.2312681524855288,,NP_001121077,XP_024303791
ENSG00000164167,LSM6,ENST00000515311,ENSP00000427036,ENSP00000296581,LSM6,ENST00000515311,ENSP00000427036,ENSP00000296581,NGQLKNKYGDAFIRG,,,True,5.5,2.681257118316103,IRGNNVLYISTQKRR,,,True,6.5,1.0466776355372358,ALEQTEEYVNGQLKN,,,True,6.5,0.4916750721772706,NP_594380.1,NGKKTNVYGDAFIRG,0.75,0.7333333333333333,0.6242487525166027,0.0,0.2805049056838435,0.0,0.7194950943161564,False,2.8627514595766166,5.0,NP_009011,XP_016863161,NP_594380.1,ALERTEEYVNGKKTN,0.3305555555555555,0.1333333333333333,,,,,,False,3.217979339362536,,NP_009011,XP_016863161,NP_594380.1,ALERTEEYVNGKKTN,0.7666666666666666,0.7333333333333333,,,,,,False,3.217979339362536,,NP_009011,XP_016863161
ENSG00000105552,BCAT2,ENST00000545387,ENSP00000440973,ENSP00000322991,BCAT2,ENST00000545387,ENSP00000440973,ENSP00000322991,PLVFGKTFTDHMLMV,,,True,6.0,0.8841334532735219,RRYASSSFKAADLQL,,,True,6.0,1.0579930925361496,GTMNIFVYWTHEDGV,,,True,6.0,4.083213475532174,NP_595180.2,SLKFGENFTDHMLIM,0.8333333333333334,0.6,0.3278528555795368,0.0,0.414916686650623,0.0,0.5850833133493769,False,0.5782092729831658,6.5,NP_001181,,NP_595180.2,GPYYSSGFKAVKLCC,0.6666666666666666,0.4666666666666667,,,,,,False,0.7300013414483262,,NP_001181,,NP_595180.2,KKGYAQILWLYGDED,0.4226190476190476,0.1333333333333333,,,,,,False,-0.1079984233006881,,NP_001181,
ENSG00000067560,RHOA,ENST00000422781,ENSP00000413587,ENSP00000400175,RHOA,ENST00000422781,ENSP00000413587,ENSP00000400175,DRLRPLSYPDTDVIL,,,True,5.0,2.6324758450547567,NRIGAFGYMECSAKT,,,True,5.0,3.18297751024321,IVFSKDQFPEVYVPT,,,True,6.5,1.6860493110715011,NP_593631.1,DRLRPLSYPDSHVVL,0.875,0.8,0.5249687465638814,0.0,0.7866748417751854,0.0,0.2133251582248146,False,5.3375629616967,5.0,NP_001655,,NP_593631.1,QKIGAYKYLECSAKL,0.6833333333333332,0.6,0.3064179891727466,0.0,0.998223417706846,0.0,0.0017765822931541,False,4.421657758079028,5.5,NP_001655,,NP_593631.1,IVFSKGTFPEVYVPT,0.7999999999999999,0.8666666666666667,0.4607759044428438,0.0,0.3731972347695737,0.0,0.6268027652304262,False,0.5226165867757028,6.0,NP_001655,
ENSG00000140105,WARS1,ENST00000557722,ENSP00000450500,ENSP00000347495,WARS1,ENST00000557722,ENSP00000450500,ENSP00000347495,ATEAEEDFVDPWTVQ,,,True,4.0,5.602109104346696,QVKGIFGFTDSDCIG,,,True,5.0,2.243980022019417,HFLRRGIFFSHRDMN,,,True,5.0,4.610078210058585,NP_592983.1,DFQAARSKVDEATLD,0.3666666666666667,0.2666666666666666,,,,,,False,6.028470286680912,,NP_776049,XP_024305475,NP_592983.1,QSKACFGFTDSDSIG,0.7916666666666666,0.7333333333333333,0.6073267933744263,0.0,0.6124173999305577,0.0,0.3875826000694423,False,1.1592488252539748,4.5,NP_776049,XP_024305475,NP_592983.1,LLLRRGAFFSHRDFD,0.7916666666666666,0.6666666666666666,0.2344822282458322,0.0,0.6594914337457214,0.0,0.3405085662542786,False,5.370013516293225,5.0,NP_776049,XP_024305475
ENSG00000241837,ATP5PO,ENST00000431254,ENSP00000393496,ENSP00000290299,ATP5PO,ENST00000431254,ENSP00000393496,ENSP00000290299,LSRQVRCFSTSVVRP,,,True,5.5,1.2666640071410125,LKTVLKSFLSQGQVL,,,True,6.5,10.627253369490123,VYGIEGRYATALYSA,,,True,6.5,2.5098910313199694,NP_588505.1,DGSYASSLYTAAVKE,0.2857142857142857,0.1333333333333333,,,,,,False,8.809700325160103,,NP_001688,,NP_588505.1,ATPLDSKILSRLESR,0.4333333333333333,0.1333333333333333,,,,,,False,3.0589585886262425,,NP_001688,,NP_588505.1,LYGLDGSYASSLYTA,0.5416666666666666,0.5333333333333333,0.3483637301517434,0.0,0.4435530712408112,0.0,0.5564469287591888,False,0.6367206508251056,5.5,NP_001688,
ENSG00000105671,DDX49,ENST00000247003,ENSP00000247003,ENSP00000247003,DDX49,ENST00000247003,ENSP00000247003,ENSP00000247003,LATNQPFFWEAQAPV,,,True,4.0,0.0788738178754902,IKLEAAHFDEKKEIN,,,True,5.5,3.314657028913975,RFAALAKFKSSIYRI,,,True,6.0,5.610485138604156,NP_596794.1,INSLGRFRAEAAKIL,0.2416666666666666,0.2,,,,,,False,3.5238711858959744,,NP_061943,XP_011526386,NP_596794.1,LEMIDRGFGERRQKR,0.3833333333333333,0.1333333333333333,,,,,,False,-2.3943347142283984,,NP_061943,XP_011526386,NP_596794.1,ANGISNKLKNSGRKK,0.4611111111111111,0.2,,,,,,False,-0.0644441207001681,,NP_061943,XP_011526386
ENSG00000153140,CETN3,ENST00000283122,ENSP00000283122,ENSP00000283122,CETN3,ENST00000283122,ENSP00000283122,ENSP00000283122,GKITFEDFNEVVTDW,,,True,5.0,1.0002048731737914,EATGKITFEDFNEVV,,,True,5.0,3.9880213214930063,DKDEAIDYHELKVAM,,,True,5.0,2.6428668754597675,NP_587797.1,GYLQMEDFVRVMTEK,0.5416666666666666,0.4,,,,,,False,3.2766556595007814,,NP_004356,,NP_587797.1,TGKGYLQMEDFVRVM,0.4666666666666666,0.3333333333333333,,,,,,False,4.191832535023841,,NP_004356,,NP_587797.1,DKDNAIDYHELRAAM,0.8333333333333334,0.8,0.5034797415227797,0.0,0.6198915820719718,0.0,0.3801084179280281,False,2.6428668754597675,5.5,NP_004356,
ENSG00000228049,POLR2J2,ENST00000333432,ENSP00000330898,ENSP00000330898,POLR2J2,ENST00000333432,ENSP00000330898,ENSP00000330898,DYSPQEAFTNAITDL,,,True,5.5,-0.4871274537507963,LSLLEERFRTCLLPL,,,True,5.5,0.9307865217862122,GMNAPPAFESFLLFE,,,True,7.0,1.995126335764072,NP_593333.1,KQVIVDAAKSLITHL,0.2166666666666666,0.2666666666666666,,,,,,False,2.3448845479796283,,NP_116581,,NP_593333.1,EEIKVNFMREWELKM,0.1863636363636363,0.1333333333333333,,,,,,False,-3.0587510282420727,,NP_116581,,NP_593333.1,KQVIVDAAKSLITHL,0.25,0.1333333333333333,,,,,,False,2.3448845479796283,,NP_116581,
ENSG00000165195,PIGA,ENST00000542278,ENSP00000442653,ENSP00000369820,PIGA,ENST00000542278,ENSP00000442653,ENSP00000369820,TDHSLFGFADVSSVL,topological domain,Cytoplasmic,True,5.5,9.10085005331108,IHNIVKTFYTWRNVA,topological domain,Cytoplasmic,True,5.5,6.07457305883873,VFTDHSLFGFADVSS,topological domain,Cytoplasmic,True,6.0,0.4470355749729171,NP_595519.1,TDHSLFGFADAGSIV,0.8333333333333334,0.7333333333333333,0.6076925807958868,0.0,0.475549155236894,0.0,0.524450844763106,False,4.674476692538128,3.5,NP_002632,,NP_595519.1,TVYRETTFPSFFSFF,0.373015873015873,0.1333333333333333,0.2161558485183117,0.0,0.7410288926094012,0.0,0.2589711073905988,False,4.366023446364141,6.0,NP_002632,,NP_595519.1,CFTDHSLFGFADAGS,0.8333333333333334,0.8,,,,,,False,0.3785709462804411,,NP_002632,
ENSG00000142541,RPL13A,ENST00000621674,ENSP00000477755,ENSP00000375730,RPL13A,ENST00000621674,ENSP00000477755,ENSP00000375730,FRAPSRIFWRTVRGM,,,True,7.0,0.0033892805246599,GINISGNFYRNKLKY,,,True,7.5,0.1339588661711177,VEKKIDKYTEVLKTH,,,True,8.0,1.919594262938654,NP_594441.1,FRAPSRIFQKAVRGM,0.5,0.8,,,,,,False,-0.8690733803987095,,NP_036555,,NP_594441.1,ELNISGHFFRNKLKY,0.7708333333333334,0.7333333333333333,,,,,,False,1.995808595772484,,NP_036555,,NP_594441.1,SSEVGWKYSDIVSKL,0.5555555555555556,0.1333333333333333,0.3888954256844592,0.0,0.4891338186084248,0.0,0.5108661813915751,False,5.20693788868232,6.5,NP_036555,
ENSG00000136810,TXN,ENST00000374517,ENSP00000363641,ENSP00000363641,TXN,ENST00000374517,ENSP00000363641,ENSP00000363641,QIESKTAFQEALDAA,,,True,3.5,-1.2200814516338243,CKMIKPFFHSLSEKY,,,True,5.5,2.8986885113951057,PCKMIKPFFHSLSEK,,,True,5.5,0.9248313731500636,NP_593852.1,CKAIAPKFEQFSNTY,0.2388888888888889,0.0666666666666666,,,,,,False,8.310854309742425,,NP_003320,,NP_593852.1,HAMPSFFLYKNGEKI,0.2976190476190476,0.2666666666666666,,,,,,False,2.8684591234608336,,NP_003320,,NP_593852.1,PCKAIAPKFEQFSNT,0.3999999999999999,0.4666666666666667,,,,,,False,0.5101011766312782,,NP_003320,
ENSG00000183520,UTP11,ENST00000373014,ENSP00000362105,ENSP00000362105,UTP11,ENST00000373014,ENSP00000362105,ENSP00000362105,QQNKHVFFFDTKKEV,,,True,4.5,2.022643938102883,QNKHVFFFDTKKEVE,,,True,6.0,7.898937169535097,LEKNPDEFYYKMTRV,,,True,6.0,-0.0160428953756799,NP_593670.1,ESRKHTIFVDNVKEA,0.4583333333333333,0.4,0.3510599195518666,0.0,0.3567148625852752,0.0,0.6432851374147248,False,0.3249645242113343,7.0,NP_057121,XP_011539857,NP_593670.1,SFNPAEFFQTTDDLV,0.5222222222222223,0.2,0.2927579712055881,0.0,0.3458152421925925,0.0,0.6541847578074075,False,3.812125355563039,4.5,NP_057121,XP_011539857,NP_593670.1,LERNPDEFYHEMTHK,0.7416666666666667,0.6666666666666666,,,,,,False,-0.0160428953756799,,NP_057121,XP_011539857
ENSG00000171566,PLRG1,ENST00000499023,ENSP00000424417,ENSP00000424417,PLRG1,ENST00000499023,ENSP00000424417,ENSP00000424417,LDSESGIFACAFDQS,,,True,4.5,-0.7595389058188776,NQGQEVEYFVAGTHP,,,True,4.5,0.2598797632821027,LHPRHYTFASGSPDN,,,True,5.5,6.237555232465745,NP_595604.1,LDSEAGIFASSFDKT,0.6666666666666666,0.6666666666666666,0.4200529563476715,0.0,0.1805024157727551,0.0,0.819497584227245,True,3.45743671510363,4.0,NP_002660,,NP_595604.1,AEQIRPEWHAPWTLM,0.3189935064935065,0.1333333333333333,,,,,,False,3.1715637037359072,,NP_002660,,NP_595604.1,LHPDEFTFASGSSDN,0.7916666666666666,0.7333333333333333,0.559573626541389,0.0,0.3237624237690006,0.0,0.6762375762309993,False,2.1831583972997444,4.5,NP_002660,
ENSG00000113812,ACTR8,ENST00000335754,ENSP00000336842,ENSP00000336842,ACTR8,ENST00000335754,ENSP00000336842,ENSP00000336842,VVGGGLMFHKAQEFL,,,True,5.0,0.5252648467227168,MQRAGFPYRECQLTN,,,True,5.0,0.6264209946293492,KQQGQPLYKDSWLLR,,,True,5.5,-1.8284495026924283,NP_593450.2,ILFFDLHFGKAAIVQ,0.2777777777777778,0.2666666666666666,,,,,,False,10.54407613702152,,NP_075050,XP_047305195,NP_593450.2,LMRSHFPYQDIDLKT,0.5472222222222223,0.3333333333333333,0.4323047071846053,0.0,0.2902684220974357,0.0,0.7097315779025644,False,1.4963305836728371,7.0,NP_075050,XP_047305195,NP_593450.2,RDDQMYIWRDSAGEK,0.4025252525252525,0.1333333333333333,,,,,,False,10.630889608989078,,NP_075050,XP_047305195
ENSG00000124222,STX16,ENST00000355957,ENSP00000348229,ENSP00000360183,STX16,ENST00000355957,ENSP00000348229,ENSP00000360183,REERSQHFFDTSVPL,topological domain,Cytoplasmic,True,4.0,4.224397491034118,LQELSTSFRHAQSGY,topological domain,Cytoplasmic,True,5.0,0.3762392186929296,EERSQHFFDTSVPLM,topological domain,Cytoplasmic,True,5.5,0.9654331887799936,NP_593832.1,IIELAQMFQDLQVLV,0.2916666666666667,0.3333333333333333,0.463241080773673,0.0,0.4277893343126615,0.0,0.5722106656873386,False,3.472406119243221,6.5,NP_001001433,,NP_593832.1,RTGLYITFRQSYSHH,0.5750000000000001,0.2666666666666666,,,,,,False,0.0197305697077533,,NP_001001433,,NP_593832.1,KHVLPSFSDKTEQEN,0.2166666666666666,0.1333333333333333,,,,,,False,2.9484371029746144,,NP_001001433,
ENSG00000165609,NUDT5,ENST00000491614,ENSP00000419628,ENSP00000419628,NUDT5,ENST00000491614,ENSP00000419628,ENSP00000419628,PKPGDGEFVEVISLP,,,True,5.0,-0.9284639282665356,MGGYCIEFPAGLIDD,,,True,6.5,3.54241240075419,VKLEKTTYMDPTGKT,,,True,6.5,4.054539898675127,NP_595387.1,QQLDDGEYIENFPIK,0.4226190476190476,0.2666666666666666,0.297621432420348,0.0,0.5423838060886189,0.0,0.4576161939113811,False,-3.47240506069501,5.5,NP_054861,,NP_595387.1,IGKFCIEIPAGLVDS,0.7916666666666666,0.6,,,,,,False,0.8317019913582263,,NP_054861,,NP_595387.1,ETGYVGTVMDSTTVM,0.35,0.2666666666666666,,,,,,False,4.195180339981425,,NP_054861,
ENSG00000262473,GART,ENST00000574289,ENSP00000461360,ENSP00000461700,GART,ENST00000574289,ENSP00000461360,ENSP00000461700,LYKNRVEFDSAIDLV,,,True,3.0,1.2724485032953017,HPSLLPSFKGSNAHE,,,True,6.5,2.46221155803034,KLAEHKIFPAALQLV,,,True,6.5,0.8241142177363145,NP_596304.1,SIMLNEEFGSAGKNV,0.6055555555555555,0.3333333333333333,0.7598691014968222,0.0,0.1300456976799704,0.0,0.8699543023200296,True,1.3391848423435089,4.5,NP_000810,,NP_596304.1,AIDIVISRKFSCAVV,0.4833333333333333,0.2666666666666666,,,,,,False,3.771908326050976,,NP_000810,,NP_596304.1,KDKNTRIFHAGTSIR,0.4583333333333333,0.2666666666666666,,,,,,False,-0.3132983414550508,,NP_000810,
ENSG00000285248,IPO4,ENST00000645096,ENSP00000496717,ENSP00000494795,IPO4,ENST00000645096,ENSP00000496717,ENSP00000494795,TLTTMAPYLSTEDVP,,,True,5.0,9.834832970256974,GRLFSFLYQSSPDQV,,,True,5.0,0.4543589329315128,VGSPGLLFYSLRTLT,,,True,5.5,0.9178594123623568,NP_596729.1,ARKLCHKYWSSVDAD,0.478030303030303,0.2,0.5219335750148594,0.0,0.4956095971575902,0.0,0.5043904028424098,False,2.5274166711141435,5.0,NP_078934,,NP_596729.1,ARKLCHKYWSSVDAD,0.5696969696969697,0.3333333333333333,0.5219335750148594,0.0,0.4956095971575902,0.0,0.5043904028424098,False,2.5274166711141435,5.0,NP_078934,,NP_596729.1,LELTQLLFQSIAPDT,0.5261904761904762,0.3333333333333333,0.5039150630453592,0.0,0.3297379791071616,0.0,0.6702620208928384,False,4.9805531186509615,7.0,NP_078934,
ENSG00000196497,IPO4,ENST00000561462,ENSP00000453708,ENSP00000346453,IPO4,ENST00000561462,ENSP00000453708,ENSP00000346453,TLTTMAPYLSTEDVP,,,True,5.0,9.834832970256974,GRLFSFLYQSSPDQV,,,True,5.0,0.4543589329315128,VGSPGLLFYSLRTLT,,,True,5.5,0.9178594123623568,NP_596729.1,ARKLCHKYWSSVDAD,0.478030303030303,0.2,0.5219335750148594,0.0,0.4956095971575902,0.0,0.5043904028424098,False,2.5274166711141435,5.0,NP_078934,,NP_596729.1,ARKLCHKYWSSVDAD,0.5696969696969697,0.3333333333333333,0.5219335750148594,0.0,0.4956095971575902,0.0,0.5043904028424098,False,2.5274166711141435,5.0,NP_078934,,NP_596729.1,LELTQLLFQSIAPDT,0.5261904761904762,0.3333333333333333,0.5039150630453592,0.0,0.3297379791071616,0.0,0.6702620208928384,False,4.9805531186509615,7.0,NP_078934,
ENSG00000117448,AKR1A1,ENST00000372070,ENSP00000361140,ENSP00000312606,AKR1A1,ENST00000372070,ENSP00000361140,ENSP00000312606,QNIKVFDFTFSPEEM,,,True,5.0,1.4648300952158475,AVPREELFVTSKLWN,,,True,5.5,2.012773957186,ICYDSTHYKETWKAL,,,True,5.5,-0.5691282011643019,NP_594888.1,IRARFNQATFSNEPV,0.5833333333333334,0.2666666666666666,,,,,,False,2.6692229288427782,,NP_697021,XP_047284746,NP_594888.1,GVPRKDIWVTSKLWC,0.7651515151515151,0.6,,,,,,False,4.753986747379644,,NP_697021,XP_047284746,NP_594888.1,LIYEKNPIEETWKAM,0.4440476190476191,0.4,,,,,,False,-0.9193074638200632,,NP_697021,XP_047284746
ENSG00000105568,PPP2R1A,ENST00000703422,ENSP00000515292,ENSP00000324804,PPP2R1A,ENST00000703422,ENSP00000515292,ENSP00000324804,KRLAGGDWFTSRTSA,,,True,5.0,2.264035123504494,ASHKVKEFCENLSAD,,,True,5.0,-1.1877003553014496,TLVGGPEYVHCLLPP,,,True,6.0,0.0455375340205499,NP_594948.1,QRLSTAEWFTSRASS,0.7333333333333334,0.5333333333333333,,,,,,False,2.2536389471040184,,NP_055040,,NP_594948.1,IMVSLAEVLKSDSEI,0.325,0.1333333333333333,,,,,,False,1.8441500457576567,,NP_055040,,NP_594948.1,DYVGGPEYAHVLLSP,0.625,0.6666666666666666,,,,,,False,0.6356725947041053,,NP_055040,
ENSG00000132207,SLX1A,ENST00000251303,ENSP00000251303,ENSP00000251303,SLX1A,ENST00000251303,ENSP00000251303,ENSP00000251303,PRRRAGPFDDAEPEP,,,True,4.5,6.112831805352032,MVLVVHGFPSSVAAL,,,True,5.5,4.078868948049993,SELEEAHWTDLLETG,,,True,6.5,2.845771591375335,NP_593420.1,ELRANCPFTDCNSIN,0.425,0.2666666666666666,0.3512893482036454,0.0,0.4413546510115284,0.0,0.5586453489884715,False,0.2409099511476479,4.0,NP_001014999,XP_047302662,NP_593420.1,ISCLVYGFPNKVSAL,0.5694444444444444,0.4666666666666667,,,,,,False,1.9537131239886485,,NP_001014999,XP_047302662,NP_593420.1,DCNSINHLTCLASSF,0.3611111111111111,0.2,,,,,,False,6.372986316450398,,NP_001014999,XP_047302662
ENSG00000181625,SLX1B,ENST00000330181,ENSP00000328940,ENSP00000328940,SLX1B,ENST00000330181,ENSP00000328940,ENSP00000328940,PRRRAGPFDDAEPEP,,,True,4.5,6.112831805352032,MVLVVHGFPSSVAAL,,,True,5.5,4.078868948049993,SELEEAHWTDLLETG,,,True,6.5,2.845771591375335,NP_593420.1,ELRANCPFTDCNSIN,0.425,0.2666666666666666,0.3512893482036454,0.0,0.4413546510115284,0.0,0.5586453489884715,False,0.2409099511476479,4.0,NP_076949,XP_047302662,NP_593420.1,ISCLVYGFPNKVSAL,0.5694444444444444,0.4666666666666667,,,,,,False,1.9537131239886485,,NP_076949,XP_047302662,NP_593420.1,DCNSINHLTCLASSF,0.3611111111111111,0.2,,,,,,False,6.372986316450398,,NP_076949,XP_047302662
ENSG00000086598,TMED2,ENST00000438031,ENSP00000405845,ENSP00000262225,TMED2,ENST00000438031,ENSP00000405845,ENSP00000262225,AVKHEQEYMEVRERI,,,True,5.0,0.1258465502974293,DAHAEECFFERVTSG,,,True,5.0,-0.0192279354291634,AAHMDGTYKFCFSNR,,,True,6.0,-0.9605980985339688,NP_588020.1,KVKHEQEYFVARERI,0.4166666666666667,0.7333333333333333,,,,,,False,0.3599496300088022,,NP_006806,,NP_588020.1,KPHQRECFYENLRNN,0.5380952380952381,0.3333333333333333,0.3482236926084522,0.0,0.5158087966362552,0.0,0.4841912033637447,False,-0.8450098437174114,6.0,NP_006806,,NP_588020.1,TVKNPGKYMYCFYND,0.2904761904761905,0.3333333333333333,,,,,,False,1.936762843026393,,NP_006806,
ENSG00000138381,ASNSD1,ENST00000260952,ENSP00000260952,ENSP00000260952,ASNSD1,ENST00000260952,ENSP00000260952,ENSP00000260952,ESEILSLFSEVQGPW,,,True,5.5,4.520918318975792,QGPWSFIYYQASSHY,,,True,5.5,5.539752220909793,MKEVIQQFIDVLSVA,,,True,6.0,9.85933009143695,NP_596111.1,DERLMALFSKMKTTD,0.5000000000000001,0.2,,,,,,False,3.1374333941742742,,NP_061921,,NP_596111.1,QGPFAFVYYQVRTNT,0.6583333333333333,0.4666666666666667,,,,,,False,6.265815358097964,,NP_061921,,NP_596111.1,DIVPNNESIDLINVA,0.386111111111111,0.2666666666666666,,,,,,False,7.669011781994662,,NP_061921,
ENSG00000164089,ETNPPL,ENST00000505233,ENSP00000422050,ENSP00000296486,ETNPPL,ENST00000505233,ENSP00000422050,ENSP00000296486,FDENGEQYLDCINNV,,,True,4.0,4.805334561290845,RAQRQYMFDENGEQY,,,True,5.5,2.7692245780377154,TKEIAEAFSSSGMEY,,,True,5.5,6.513302350172783,NP_594998.1,IIELPQGYLKALKKK,0.2444444444444444,0.2,,,,,,False,-0.2784194358223349,,NP_112569,,NP_594998.1,RAKGCCVYDEQDNAI,0.4464285714285714,0.2666666666666666,0.3799151838779619,0.0,0.3479199166661727,0.0,0.6520800833338273,False,3.5861669500978115,7.0,NP_112569,,NP_594998.1,NKYECVAFSSSWHGV,0.7916666666666666,0.4,0.2689024524900055,0.0,0.4278063417060042,0.0,0.5721936582939958,False,4.799653592334179,6.0,NP_112569,
ENSG00000060688,SNRNP40,ENST00000263694,ENSP00000263694,ENSP00000263694,SNRNP40,ENST00000263694,ENSP00000263694,ENSP00000263694,YQVLAVTFNDTSDQI,,,True,3.5,1.9723178106139203,LILLWNVYGDCDNYA,,,True,5.0,3.19275722526971,NTDGSMLFSASTDKT,,,True,5.5,-1.097956299869172,NP_596835.1,QILLWNVFGDVKNYG,0.3611111111111111,0.2,0.6528647079893676,0.0,0.1085769084144715,0.0,0.8914230915855285,True,4.587353533011532,6.5,NP_004805,,NP_596835.1,QILLWNVFGDVKNYG,0.7083333333333334,0.6666666666666666,0.6528647079893676,0.0,0.1085769084144715,0.0,0.8914230915855285,True,4.587353533011532,6.5,NP_004805,,NP_596835.1,SKDGSSLLSNSMDNT,0.6111111111111112,0.5333333333333333,,,,,,False,1.563353937363132,,NP_004805,
ENSG00000057757,PITHD1,ENST00000246151,ENSP00000246151,ENSP00000246151,PITHD1,ENST00000246151,ENSP00000246151,ENSP00000246151,KNIPQMSFDDTEREP,,,True,5.0,0.1526176927913147,ERTDRSKFVESDADE,,,True,5.5,-0.6750016592014554,DLTGELEYATKISRF,,,True,5.5,0.178592229031941,NP_595377.1,FKPWDLRYDDTDIVE,0.4130952380952381,0.2,0.4414667364457142,0.0,0.3721283285944629,0.0,0.627871671405537,False,11.300501905978551,6.5,NP_065095,,NP_595377.1,LRYDDTDIVESDADD,0.638888888888889,0.5333333333333333,,,,,,False,-3.0189017652941503,,NP_065095,,NP_595377.1,EGSHIFEFPVKTRLY,0.3595238095238095,0.1333333333333333,,,,,,False,3.6078238983040127,,NP_065095,
ENSG00000168496,FEN1,ENST00000305885,ENSP00000305480,ENSP00000305480,FEN1,ENST00000305885,ENSP00000305480,ENSP00000305480,LSLMGIPYLDAPSEA,,,True,4.5,-0.3588792113647868,CILLGSDYCESIRGI,,,True,5.0,-0.3596187357070671,EDMDCLTFGSPVLMR,,,True,5.5,2.736115239953833,NP_594972.1,PIPEDWPYEDARRLF,0.5333333333333333,0.2666666666666666,0.5702107964592695,0.0,0.1968820029495506,0.0,0.8031179970504493,True,1.7024733611695455,5.0,NP_004102,,NP_594972.1,CILLGCDYCEPIRGV,0.8095238095238096,0.8,0.4521788445016038,0.0,0.3318123525897969,0.0,0.6681876474102031,False,1.3368375957089755,6.5,NP_004102,,NP_594972.1,EDMDTLCFQAPVLLR,0.4564814814814815,0.6666666666666666,,,,,,False,0.6349184211950856,,NP_004102,
ENSG00000223496,EXOSC6,ENST00000435634,ENSP00000398597,ENSP00000398597,EXOSC6,ENST00000435634,ENSP00000398597,ENSP00000398597,SQAKGSAYLEAGGTK,,,True,5.0,0.418750363539881,RGRLLCDFRRAPFAG,,,True,5.5,3.4676539693279405,EGGLTESWAEAVRLG,,,True,6.0,0.6952749002145052,NP_596618.1,KGSVVMGYMASLGHV,0.3999999999999999,0.1333333333333333,,,,,,False,2.450592306621509,,NP_478126,,NP_596618.1,SAKLNCEFRLSPFST,0.525,0.4,,,,,,False,-0.5107081987060847,,NP_478126,,NP_596618.1,TKAVGSSYFESEKIK,0.4337301587301587,0.1333333333333333,0.364340120193392,0.0,0.6540621967754234,0.0,0.3459378032245765,False,3.0932048337366425,4.5,NP_478126,
ENSG00000154473,BUB3,ENST00000368865,ENSP00000357858,ENSP00000357858,BUB3,ENST00000368865,ENSP00000357858,ENSP00000357858,FHNIHNTFATGGSDG,,,True,5.0,0.9654559004987197,GAVLDCAFYDPTHAW,,,True,6.0,5.245565166978405,EGRVAVEYLDPSPEV,,,True,6.0,7.83291904657276,NP_593798.1,FHPIHQTLATAGGDG,0.5,0.6666666666666666,,,,,,False,0.8139449920760543,,NP_004716,,NP_593798.1,GGDGVVAFWDIQVRK,0.2803030303030303,0.2666666666666666,0.5192601743338242,0.0,0.497537771363736,0.0,0.502462228636264,False,0.8086655016999235,6.0,NP_004716,,NP_593798.1,EGRTSVEYINPSQEA,0.5777777777777777,0.6,,,,,,False,3.21367674529694,,NP_004716,
ENSG00000091039,OSBPL8,ENST00000393249,ENSP00000376939,ENSP00000261183,OSBPL8,ENST00000393249,ENSP00000376939,ENSP00000261183,SESDGRCWMDALELA,,,True,5.0,2.289152296969096,PRTNSKTFYIAEQVS,,,True,5.0,3.558109199176924,FILEPRSFLDKLSDY,,,True,5.5,-0.0731102408107222,NP_588124.2,QWKPKYFKMIAPEEY,0.2194444444444444,0.2,,,,,,False,3.4518354344469184,,NP_065892,XP_011536159,NP_588124.2,HPPISAYFYLCPEYK,0.4357142857142857,0.2,,,,,,False,-1.124157072359701,,NP_065892,XP_011536159,NP_588124.2,FVLEPKSMLERITNF,0.5,0.4,,,,,,False,-0.7127563955912037,,NP_065892,XP_011536159
ENSG00000133027,PEMT,ENST00000435340,ENSP00000391288,ENSP00000391288,PEMT,ENST00000580147,ENSP00000463112,ENSP00000255389,GGLGNIDFRQADFCV,,,True,5.5,-1.2569317084129334,NILDNPMYWGSTANY,topological domain,Lumenal,False,7.0,-0.4290132641185034,AGTFLGDYFGILKEA,topological domain,Lumenal,False,7.5,3.478805812791663,NP_595417.1,TKLANGDSKKACYML,0.4214285714285714,0.2666666666666666,,,,,,False,1.5535218880108688,,NP_680477,,NP_595417.1,NVNDNPMYNGSTLCF,0.513888888888889,0.6,,,,,,False,-2.0254213423039857,,NP_680477,,NP_595417.1,VGTYLGDYFGFLLPE,0.5833333333333334,0.6,,,,,,False,3.490225434049895,,NP_680477,
ENSG00000014919,COX15,ENST00000016171,ENSP00000016171,ENSP00000016171,COX15,ENST00000016171,ENSP00000016171,ENSP00000016171,SWIPEDLFTFSPILR,,,True,6.5,2.084580481708464,EFQRYQQFPEFKILN,,,True,6.5,4.307858749802628,RPLRPGQYSTISEVA,,,True,6.5,8.153577528898147,NP_594836.2,FVAACGLFIFSRAKR,0.5833333333333334,0.3333333333333333,,,,,,False,-0.2538686615860072,,NP_510870,XP_006717697,NP_594836.2,LSLAQRLHPEYALKN,0.3839285714285714,0.2,,,,,,False,-1.031035272700723,,NP_510870,XP_006717697,NP_594836.2,EFEKLNSHMTVDEFK,0.4666666666666666,0.1333333333333333,,,,,,False,4.942395987374848,,NP_510870,XP_006717697
ENSG00000106588,PSMA2,ENST00000223321,ENSP00000223321,ENSP00000223321,PSMA2,ENST00000223321,ENSP00000223321,ENSP00000223321,TPTEVKDYLAAIAGG,,,True,6.0,0.8684154948522576,NYVNGKTFLEKRYNE,,,True,6.0,0.1990270531569179,GKLVQIEYALAAVAG,,,True,6.0,6.9907004126233465,NP_588320.1,QVDPSGTYFAWKATA,0.4212121212121212,0.2,,,,,,False,-3.3760727267079345,,NP_002778,,NP_588320.1,SSTAAKTFLEKRYND,1.0,0.6,,,,,,False,3.1966425909594407,,NP_002778,,NP_588320.1,GKLVQIEYALNAVNA,0.7777777777777777,0.8,,,,,,False,6.8313902038802325,,NP_002778,
ENSG00000198791,CNOT7,ENST00000518541,ENSP00000430263,ENSP00000355279,CNOT7,ENST00000518541,ENSP00000430263,ENSP00000355279,LPEEELDFFEILRLF,,,True,4.0,-1.1387027940349277,EGVKWLSFHSGYDFG,,,True,4.0,1.7602601452301676,VARPIGEFRSNADYQ,,,True,5.0,6.152341362789476,NP_588385.2,ALLTARIFFEIRSRY,0.5,0.2666666666666666,0.4898216937929249,0.0,0.2193973252371278,0.0,0.7806026747628722,True,3.968118832440167,5.0,NP_037486,XP_047277686,NP_588385.2,EEVTWITFHSGYDFA,0.8666666666666667,0.6666666666666666,0.5064120683202795,0.0,0.3930237847280873,0.0,0.6069762152719127,False,3.383507377001313,3.5,NP_037486,XP_047277686,NP_588385.2,VARPLGVFKSSDDYH,0.525,0.6,0.4487639854563903,0.0,0.2862243145857818,0.0,0.7137756854142181,False,3.418509218284921,4.5,NP_037486,XP_047277686
ENSG00000235173,HGH1,ENST00000347708,ENSP00000321320,ENSP00000321320,HGH1,ENST00000347708,ENSP00000321320,ENSP00000321320,RLLPLTQYPDSSVRR,,,True,5.5,5.301517845436165,SWEPEPDVRTACEKL,,,True,6.5,1.2425754768901651,DVEQQLQQLDCREQE,,,True,7.0,-0.4340945707471356,NP_594883.1,LPDDKKREPDHFIMK,0.4041666666666666,0.1333333333333333,,,,,,False,3.1066274362615,,NP_057542,,NP_594883.1,LNVDDEEIREVCDQL,0.3805555555555555,0.2,,,,,,False,-2.84173816758008,,NP_057542,,NP_594883.1,VRDEAPEELEHIQDN,0.3708333333333333,0.0666666666666666,,,,,,False,1.8891734674918723,,NP_057542,
ENSG00000075239,ACAT1,ENST00000672284,ENSP00000500444,ENSP00000265838,ACAT1,ENST00000672284,ENSP00000500444,ENSP00000265838,PLARIVAFADAAVEP,,,True,4.5,9.006630724958868,AAVEPIDFPIAPVYA,,,True,5.5,-0.417049706974201,HALKQGEYGLASICN,,,True,6.0,1.7226769610907475,NP_596686.1,TLAYILAQKDAKIGV,0.4916666666666667,0.4,,,,,,False,5.001475621531521,,NP_000010,,NP_596686.1,LAQKDAKIGVAAVCN,0.3694444444444444,0.2,,,,,,False,1.7809457806109612,,NP_000010,,NP_596686.1,SAAKVKELGLKPLAK,0.5083333333333333,0.3333333333333333,,,,,,False,0.6338188759843683,,NP_000010,
ENSG00000115866,DARS1,ENST00000441323,ENSP00000389867,ENSP00000264161,DARS1,ENST00000264161,ENSP00000264161,ENSP00000264161,EPTLRLEYCEALAML,,,True,4.0,-1.4529774334072407,YPLAVRPFYTMPDPR,,,True,5.0,1.506112021553375,QSGICHLFRETLINK,,,True,5.0,3.411532714572099,NP_588352.1,PDVGLQQYIDAFAIG,0.5805555555555556,0.2,0.5746866920408585,0.0,0.3662385272482227,0.0,0.6337614727517773,False,4.13899046573286,5.0,NP_001340,,NP_588352.1,YPSSVRPFYTMPDPE,1.0,0.8,0.5935780381134361,0.0,0.2376464033010062,0.0,0.7623535966989938,True,1.506112021553375,5.0,NP_001340,,NP_588352.1,LSQSPQLYKQMLIAA,0.5047619047619047,0.2666666666666666,,,,,,False,2.162451601497355,,NP_001340,
ENSG00000150753,CCT5,ENST00000515390,ENSP00000426923,ENSP00000280326,CCT5,ENST00000515390,ENSP00000426923,ENSP00000280326,EQYAMRAFADALEVI,,,True,3.5,6.454439551954773,GLVQEISFGTTKDKM,,,True,4.0,1.300263723555635,ASMGTLAFDEYGRPF,,,True,7.0,-5.397999144454261,NP_593277.1,DQYSMGAFADALDTI,0.8888888888888888,0.6666666666666666,0.4794418456245168,0.0,0.4510571611471966,0.0,0.5489428388528034,False,2.914219772388781,3.5,NP_036205,,NP_593277.1,GIVREVSFGTTRDKI,1.0,0.6666666666666666,0.3301867717676504,0.0,0.68052174074155,0.0,0.3194782592584499,False,3.0840843629384675,4.0,NP_036205,,NP_593277.1,SKVVSKAHDHFANIA,0.3958333333333333,0.1333333333333333,,,,,,False,10.913362688214304,,NP_036205,
ENSG00000120438,TCP1,ENST00000321394,ENSP00000317334,ENSP00000317334,TCP1,ENST00000321394,ENSP00000317334,ENSP00000317334,DDMCLKYFVEAGAMA,,,True,4.5,2.8218443935147963,KDDKHGSYEDAVHSG,,,True,5.0,3.457009538860159,NLEGEETFEAAMLGQ,,,True,5.0,0.3063153006785506,NP_595949.1,DDLCLKSIIEAGAMA,0.5416666666666666,0.7333333333333333,,,,,,False,2.7133349966018487,,NP_110379,,NP_595949.1,LSGEKISGEDVRNQN,0.4444444444444444,0.2,,,,,,False,4.384544200142622,,NP_110379,,NP_595949.1,NLEGEETFESSYLGS,0.75,0.7333333333333333,0.4844833098673528,0.0,0.5444946274867085,0.0,0.4555053725132915,False,1.47848248909284,4.0,NP_110379,
ENSG00000104723,TUSC3,ENST00000515859,ENSP00000420829,ENSP00000371450,TUSC3,ENST00000515859,ENSP00000420829,ENSP00000371450,LFFSMVDYDEGTDVF,topological domain,Lumenal,False,4.0,5.13549942054331,SAFCNKLFFSMVDYD,topological domain,Lumenal,False,5.0,2.6575244837695213,ILANSWRYSSAFCNK,topological domain,Lumenal,False,6.5,5.681573838025583,NP_001018226.1,IRFTYADFGKNKNLF,0.2833333333333333,0.2,,,,,,False,4.577414961611249,,NP_839952,XP_047278220,NP_001018226.1,NFFKILSFFSLFVIT,0.375,0.2666666666666666,0.2489623272620841,0.0,0.4876705260668362,0.0,0.5123294739331637,False,2.8641388406366715,5.5,NP_839952,XP_047278220,NP_001018226.1,GLDSGIRFTYADFGK,0.3468253968253967,0.2666666666666666,,,,,,False,1.8918309500965285,,NP_839952,XP_047278220
ENSG00000163682,RPL9,ENST00000645496,ENSP00000494697,ENSP00000346022,RPL9,ENST00000645496,ENSP00000494697,ENSP00000346022,KNKDIRKFLDGIYVS,,,True,6.0,6.085131591399503,RGTLRRDFNHINVEL,,,True,7.5,-0.0643610602376831,MRSVYAHFPINVVIQ,,,True,8.5,2.779147170357562,NP_593698.1,RNKDIRKFLDGIYVS,1.0,0.9333333333333332,0.5246456060583162,0.0,0.4067523626728953,0.0,0.5932476373271047,False,6.391664270902881,6.0,NP_001020092,,NP_593698.1,RGTLKQNLRHVDIEM,0.4444444444444445,0.4,,,,,,False,4.078214032238865,,NP_001020092,,NP_593698.1,MRLVYAHFPININLT,0.75,0.6666666666666666,,,,,,False,6.668917480857967,,NP_001020092,
ENSG00000126261,UBA2,ENST00000590048,ENSP00000467433,ENSP00000246548,UBA2,ENST00000246548,ENSP00000246548,ENSP00000246548,DDPSAMDFVTSAANL,,,True,4.0,6.766965480370292,PKANIVAYHDSIMNP,,,True,5.0,4.540664172841765,VKSYARLFSKSIETL,,,True,6.0,2.8716923234127822,NP_595945.1,DDKDTLDFVAAAANL,0.7083333333333334,0.6,,,,,,False,2.8678308796145724,,NP_005490,XP_006723025,NP_595945.1,PNVKLEAYHANIKED,0.411111111111111,0.3333333333333333,,,,,,False,2.2762036799462373,,NP_005490,XP_006723025,NP_595945.1,SYFFPQLFSNDQESD,0.6666666666666666,0.2666666666666666,,,,,,False,0.1720926184912624,,NP_005490,XP_006723025
ENSG00000105325,FZR1,ENST00000441788,ENSP00000410369,ENSP00000410369,FZR1,ENST00000441788,ENSP00000410369,ENSP00000410369,APELQDDFYLNLVDW,,,True,6.0,-0.3569094142561004,TLRFWNVFSKTRSTK,,,True,6.5,0.4980971909200477,TPEKKGLFTYSLSTK,,,True,6.5,-1.450963081976549,NP_594674.1,APGLAGDFYLNLLDW,0.875,0.7333333333333333,,,,,,False,2.460887215256256,,NP_057347,XP_047294865,NP_594674.1,NEGDRFIPSRDASTE,0.401984126984127,0.2,,,,,,False,4.296396651576692,,NP_057347,XP_047294865,NP_594674.1,RGTHLAVGTHNGSVE,0.3611111111111111,0.1333333333333333,,,,,,False,5.825992991355301,,NP_057347,XP_047294865
ENSG00000172269,DPAGT1,ENST00000442480,ENSP00000406591,ENSP00000346142,DPAGT1,ENST00000409993,ENSP00000386597,ENSP00000346142,SETEDGEFTECNNMT,topological domain,Cytoplasmic,True,2.0,1.2162992190592594,GGGGMWAFSELPMPL,topological domain,Lumenal,False,6.5,5.726324775900412,FKTKSLSFLGTFILK,topological domain,Cytoplasmic,True,6.5,2.973658116183863,NP_596244.1,SVPQLFGLVECPRHR,0.2777777777777778,0.2,,,,,,False,2.7495652987839043,,NP_001373,XP_005271479,NP_596244.1,VVGILGHFSKTLMLF,0.4583333333333333,0.2666666666666666,,,,,,False,6.645187683322141,,NP_001373,XP_005271479,NP_596244.1,KSQFPHDLLGAYLSA,0.4166666666666667,0.1333333333333333,,,,,,False,0.3456786054438858,,NP_001373,XP_005271479
ENSG00000176890,TYMS,ENST00000323274,ENSP00000315644,ENSP00000315644,TYMS,ENST00000323274,ENSP00000315644,ENSP00000315644,DANGSRDFLDSLGFS,,,True,4.0,0.1466671709301335,WRHFGAEYRDMESDY,,,True,5.5,0.488915271293121,SELSCQLYQRSGDMG,,,True,6.0,-1.20197766577648,NP_594305.1,DGNGSREFLDSRGLT,0.9,0.6666666666666666,0.4878838516636075,0.0,0.3628284419408437,0.0,0.6371715580591563,False,-0.2101982051785621,4.0,NP_001062,,NP_594305.1,VPFTSSEYRNTEEEQ,0.4944444444444444,0.2666666666666666,,,,,,False,3.0136290391673994,,NP_001062,,NP_594305.1,PQLSSMMYQRSADMG,0.9,0.6,,,,,,False,2.9498467915782984,,NP_001062,
ENSG00000169174,PCSK9,ENST00000673726,ENSP00000501004,ENSP00000303208,PCSK9,ENST00000673726,ENSP00000501004,ENSP00000303208,QEDEDGDYEELVLAL,,,True,4.5,-1.9480462522239848,LGTLGTNFGRCVDLF,,,True,5.5,0.0105509402353608,EHGTTATFHRCAKDP,,,True,5.5,5.018189921557675,NP_594848.1,HEKRSLDFKDVSTFL,0.3472222222222221,0.2,0.6269891178029097,0.0,0.6179573122600602,0.0,0.3820426877399397,False,3.585808226653984,5.0,NP_777596,,NP_594848.1,QIASFSNIGSCVDIF,0.625,0.4,,,,,,False,2.2591784649927344,,NP_777596,,NP_594848.1,IKGIEFAFKQSKKDK,0.2916666666666667,0.2666666666666666,,,,,,False,1.791942895849974,,NP_777596,
ENSG00000153574,RPIA,ENST00000283646,ENSP00000283646,ENSP00000283646,RPIA,ENST00000283646,ENSP00000283646,ENSP00000283646,GMQRPGPFSTLYGRV,,,True,7.0,3.0983399204167617,ARQLILQYGLTLSDL,,,True,7.0,0.6386896930215034,INMAERVYFGMQDGS,,,True,7.0,0.8274381158420081,NP_594673.1,APGKAGPVVTDNGNF,0.2638888888888889,0.2666666666666666,,,,,,False,3.889256236997812,,NP_653164,,NP_594673.1,NFIIDAHFGLIKNPK,0.4027777777777777,0.1333333333333333,,,,,,False,3.913211716627981,,NP_653164,,NP_594673.1,CDMISAVYFGSKDGS,0.7916666666666666,0.5333333333333333,,,,,,False,-0.36980845909937,,NP_653164,
ENSG00000130313,PGLS,ENST00000594761,ENSP00000471446,ENSP00000252603,PGLS,ENST00000594761,ENSP00000471446,ENSP00000252603,APGLISVFSSSQELG,,,True,4.5,3.660778284217055,DGHTCSLFPDHPLLQ,,,True,6.0,3.496259246761336,NAARTVIFVATGEGK,,,True,6.0,2.847225507534254,NP_587920.1,EKQLVHVFANSSTVK,0.5361111111111111,0.2666666666666666,,,,,,False,3.642036121185477,,NP_036220,,NP_587920.1,DGHTCSLFPDHEVLQ,0.875,0.8666666666666667,0.340682967093473,0.0,0.4322424026255827,0.0,0.5677575973744172,False,3.870247415687652,6.0,NP_036220,,NP_587920.1,THAQAIAFVTTGAGK,0.4166666666666667,0.4666666666666667,0.4121851522623528,0.0,0.6483804641509064,0.0,0.3516195358490935,False,3.9792646738652255,5.5,NP_036220,
ENSG00000106245,BUD31,ENST00000403633,ENSP00000386023,ENSP00000222969,BUD31,ENST00000403633,ENSP00000386023,ENSP00000222969,EYCIKEGYADKNLIA,,,True,7.0,-0.4727001798418124,IQTRDTNFGTNCICR,,,True,7.0,3.977226157309869,KAISRELYEYCIKEG,,,True,7.5,-0.5768129853636487,NP_595965.1,NWLLKQNYADGNLIA,0.611111111111111,0.5333333333333333,0.6006098435842387,0.0,0.1786375862371238,0.0,0.8213624137628761,True,0.8064505281139113,6.0,NP_003901,XP_016868250,NP_595965.1,IQTAESKFGSTCICR,0.5416666666666666,0.6,0.4879451611735167,0.0,0.459404622958939,0.0,0.540595377041061,False,4.91855551699435,5.5,NP_003901,XP_016868250,NP_595965.1,EAISTELYNWLLKQN,0.4886363636363636,0.4666666666666667,,,,,,False,-1.2552211621327174,,NP_003901,XP_016868250
ENSG00000141959,PFKL,ENST00000349048,ENSP00000269848,ENSP00000269848,PFKL,ENST00000349048,ENSP00000269848,ENSP00000269848,RNEKCHDYYTTEFLY,,,True,4.0,2.0542936611921823,NNVPGTDFSLGSDTA,,,True,5.5,0.7545194718749367,KAMDDKRFDEATQLR,,,True,5.5,-1.351163258986071,NP_595946.1,RNECASKVYTTEVIG,0.3833333333333333,0.4666666666666667,,,,,,False,6.78413906136811,,NP_002617,XP_016883858,NP_595946.1,NNVPGTEFSLGCDTC,0.9,0.8,,,,,,False,0.7545194718749367,,NP_002617,XP_016883858,NP_595946.1,LAMRAIRFFETCRAN,0.45,0.3333333333333333,0.5099815846856749,0.0,0.4542962694269526,0.0,0.5457037305730473,False,6.481781900337071,5.5,NP_002617,XP_016883858
ENSG00000142230,SAE1,ENST00000594144,ENSP00000471010,ENSP00000270225,SAE1,ENST00000594144,ENSP00000471010,ENSP00000270225,IEKKPESFFTQFDAV,,,True,4.5,-0.2145947205237379,PPHNNFFFFDGMKGN,,,True,5.0,3.603567336807336,CHKNSIKFFTGDVFG,,,True,5.5,2.285431580322385,NP_593251.1,EIDTDTSLISEIDEG,0.4416666666666666,0.1333333333333333,,,,,,False,2.589770201249201,,NP_005491,,NP_593251.1,KDVEEQFFIEASDIG,0.3722222222222222,0.1333333333333333,0.4554826771264122,0.0,0.2312559933846933,0.0,0.7687440066153066,True,-0.1793489793656884,3.0,NP_005491,,NP_593251.1,LNGEFLSKFSSNISF,0.2333333333333333,0.0666666666666666,,,,,,False,3.2039619979246186,,NP_005491,
ENSG00000117118,SDHB,ENST00000491274,ENSP00000480482,ENSP00000364649,SDHB,ENST00000491274,ENSP00000480482,ENSP00000364649,EVDSTLTFRRSCREG,,,True,6.0,-1.0847810239028242,SQEGKQQYLQSIEER,,,True,6.5,-0.0504862930519006,IKKMMATYKEKKASV,,,True,6.5,2.327782739325475,NP_593530.2,EQDPTLTFRRSCREG,1.0,0.8666666666666667,,,,,,False,-1.0847810239028242,,NP_002991,,NP_593530.2,NIPKDKEFYQSRADR,0.4178571428571428,0.2,,,,,,False,-1.400295679835729,,NP_002991,,NP_593530.2,VPDLTYFYKQYKSIE,0.3384920634920635,0.2,,,,,,False,-1.3429440132363124,,NP_002991,
ENSG00000143942,CHAC2,ENST00000295304,ENSP00000295304,ENSP00000295304,CHAC2,ENST00000295304,ENSP00000295304,ENSP00000295304,EVKAYLDFREKGGYR,,,True,5.5,-1.7271798078316083,EDIAEQIFNAAGPSG,,,True,5.5,-0.2168791461334378,DFREKGGYRTTTVIF,,,True,6.0,0.3214937382139866,NP_596565.1,QVREYLDDREVNGYT,0.5,0.5333333333333333,,,,,,False,-0.869311822636053,,NP_001008708,,NP_596565.1,GDNFVYLFELAKCLR,0.3194444444444445,0.2,,,,,,False,3.447767796445399,,NP_001008708,,NP_596565.1,DDREVNGYTAHSVPV,0.425,0.4,,,,,,False,0.4574037957082586,,NP_001008708,
ENSG00000100401,RANGAP1,ENST00000356244,ENSP00000348577,ENSP00000348577,RANGAP1,ENST00000356244,ENSP00000348577,ENSP00000348577,RQVEVINFGDCLVRS,,,True,4.5,0.9025940120005328,EEEGEEEEEEAEEEE,,,True,5.0,-1.8255614501676631,DALMQKAFNSSSFNS,,,True,5.5,0.6767902559499384,NP_594833.1,PNLRELGLNDCLLSA,0.375,0.2,,,,,,False,1.3881012033603497,,NP_002874,XP_006724352,NP_594833.1,DEEEEDEEEEAESQS,0.8333333333333334,0.6,,,,,,False,-2.3154312426416146,,NP_002874,XP_006724352,NP_594833.1,PDLLFLELNGNRFSE,0.3277777777777778,0.2,,,,,,False,-1.1289395420211494,,NP_002874,XP_006724352
ENSG00000111364,DDX55,ENST00000540763,ENSP00000446255,ENSP00000238146,DDX55,ENST00000238146,ENSP00000238146,ENSP00000238146,KQEKHLVFFSTCACV,,,True,4.5,-0.0345737925167104,QEKHLVFFSTCACVE,,,True,5.0,11.160271876406822,TCACVEYYGKALEVL,,,True,6.0,4.890270614927894,NP_595956.1,EYEKAIVFFSSCASV,0.875,0.6,0.4789398358608804,0.0,0.3872060447419853,0.0,0.6127939552580147,False,3.981990968816537,4.5,NP_065987,XP_016875201,NP_595956.1,YEKAIVFFSSCASVE,0.6666666666666666,0.6666666666666666,0.2730333103919624,0.0,0.4530941487962336,0.0,0.5469058512037663,False,10.026298560150536,4.5,NP_065987,XP_016875201,NP_595956.1,PKSFSHRCGRAGRAG,0.2962962962962963,0.1333333333333333,,,,,,False,2.2238788384525283,,NP_065987,XP_016875201
ENSG00000196376,SLC35F1,ENST00000360388,ENSP00000353557,ENSP00000353557,SLC35F1,ENST00000360388,ENSP00000353557,ENSP00000353557,QVEPSVTYTSLGQET,,,True,7.0,0.987091408638658,WKYXAYQYTTLTSIQ,,,True,7.0,10.280012115111612,VXYLSEDFHANTPVF,,,True,7.0,3.335610804895301,NP_587721.1,FVVLAYQYTNMLSAS,0.3944444444444444,0.2,,,,,,False,5.70626275573304,,NP_001025029,XP_005266922,NP_587721.1,FVVLAYQYTNMLSAS,0.7333333333333334,0.4,,,,,,False,5.70626275573304,,NP_001025029,XP_005266922,NP_587721.1,DVISRGDYSAVNPGL,0.4047619047619048,0.2,,,,,,False,1.0240369403840055,,NP_001025029,XP_005266922
ENSG00000253626,EIF5AL1,ENST00000520547,ENSP00000430706,ENSP00000430706,EIF5AL1,ENST00000520547,ENSP00000430706,ENSP00000430706,GMADDLDFETGDAGA,,,True,4.5,-1.5931762466274988,GGMADDLDFETGDAG,,,True,6.5,-1.2020197338586942,ADDLDFETGDAGASA,,,True,6.5,1.7433371917496563,NP_596130.2,AEEEHVDFEGGEAGA,0.7777777777777777,0.4666666666666667,,,,,,False,-0.2959316703925457,,NP_001093162,,NP_596130.2,MAEEEHVDFEGGEAG,0.5527777777777777,0.4,,,,,,False,0.0589334734222608,,NP_001093162,,NP_596130.2,EEHVDFEGGEAGASL,0.6777777777777777,0.5333333333333333,,,,,,False,2.6377499389575605,,NP_001093162,
ENSG00000091164,TXNL1,ENST00000217515,ENSP00000217515,ENSP00000217515,TXNL1,ENST00000217515,ENSP00000217515,ENSP00000217515,NLPRSMDFEEAERSE,,,True,4.0,2.38067089120464,CLRKDTTFLESDCDE,,,True,4.5,-1.116345995746775,EETTRISYFTFIGTP,,,True,5.5,2.1026314546532863,NP_595306.1,NQPNNLSFEDAESFT,0.513888888888889,0.4,0.4764325782395981,0.0,0.492433185629462,0.0,0.5075668143705381,False,-0.4423795319923816,3.5,NP_004777,,NP_595306.1,FNSNPSSFLESDVDE,0.6666666666666666,0.4666666666666667,0.5521633068352275,0.0,0.6218147391517718,0.0,0.3781852608482282,False,-0.4160041580788041,4.5,NP_004777,,NP_595306.1,KVALISSKATGTGAL,0.2666666666666666,0.2,,,,,,False,3.47387996879145,,NP_004777,
ENSG00000074582,BCS1L,ENST00000436603,ENSP00000389402,ENSP00000375959,BCS1L,ENST00000436603,ENSP00000389402,ENSP00000375959,PGCGKSSFITALAGE,topological domain,Mitochondrial matrix,False,4.5,1.67160134198287,IVRDVQEFIDNPKWY,topological domain,Mitochondrial matrix,False,6.0,-0.981559637993986,LALKDNPYFGAGFGL,topological domain;transmembrane region,Mitochondrial intermembrane;Helical,False,6.0,0.0498334513390368,NP_593875.1,PGSGKTSFLYALAGE,0.7023809523809524,0.7333333333333333,,,,,,False,0.4698134555535973,,NP_004319,XP_047301340,NP_593875.1,ITDDVHDFLRNSQWY,0.4388888888888889,0.4666666666666667,,,,,,False,-0.1488999515984171,,NP_004319,XP_047301340,NP_593875.1,GLLSGNSFLGAGIGL,0.375,0.4666666666666667,,,,,,False,3.538283286265681,,NP_004319,XP_047301340
ENSG00000291420,ACTG1,ENST00000707466,ENSP00000516869,ENSP00000516871,ACTG1,ENST00000707466,ENSP00000516869,ENSP00000516871,LTERGYSFTTTAERE,,,True,4.0,8.677107853263456,MWISKQEYDESGPSI,,,True,4.5,-1.1969771904133564,IQAVLSLYASGRTTG,,,True,6.0,8.405981829069022,NP_595618.1,LMERGYTFSTTAERE,0.7416666666666667,0.8,0.356052569056792,0.0,0.7111180927373429,0.0,0.2888819072626571,False,8.979828536133613,4.0,NP_001605,,NP_595618.1,MWISKQEYDESGPGI,1.0,0.9333333333333332,0.5730115522725703,0.0,0.2859147551469246,0.0,0.7140852448530753,False,-1.2654418191058323,4.5,NP_001605,,NP_595618.1,IQAVLSLYASGRTTG,1.0,1.0,0.6925636212731858,0.0,0.6117680958076468,0.0,0.3882319041923532,False,8.405981829069022,6.0,NP_001605,
ENSG00000184009,ACTG1,ENST00000681052,ENSP00000505060,ENSP00000458435,ACTG1,ENST00000681052,ENSP00000505060,ENSP00000458435,LTERGYSFTTTAERE,,,True,4.0,8.677107853263456,MWISKQEYDESGPSI,,,True,4.5,-1.1969771904133564,IQAVLSLYASGRTTG,,,True,6.0,8.405981829069022,NP_595618.1,LMERGYTFSTTAERE,0.7416666666666667,0.8,0.356052569056792,0.0,0.7111180927373429,0.0,0.2888819072626571,False,8.979828536133613,4.0,NP_001605,,NP_595618.1,MWISKQEYDESGPGI,1.0,0.9333333333333332,0.5730115522725703,0.0,0.2859147551469246,0.0,0.7140852448530753,False,-1.2654418191058323,4.5,NP_001605,,NP_595618.1,IQAVLSLYASGRTTG,1.0,1.0,0.6925636212731858,0.0,0.6117680958076468,0.0,0.3882319041923532,False,8.405981829069022,6.0,NP_001605,
ENSG00000115758,ODC1,ENST00000234111,ENSP00000234111,ENSP00000234111,ODC1,ENST00000234111,ENSP00000234111,ENSP00000234111,SSDDKDAFYVADLGD,,,True,4.5,-0.8309349906071438,GCTDPETFVQAISDA,,,True,5.0,-1.6295592993815828,RPKPDEKYYSSSIWG,,,True,5.5,3.321598352157241,NP_594665.1,EPADSDAFFVADLNG,0.9166666666666666,0.5333333333333333,,,,,,False,-0.127822616173447,,NP_002530,,NP_594665.1,NPCKAITYVRYAASK,0.4321428571428572,0.1333333333333333,,,,,,False,3.2258464497133463,,NP_002530,,NP_594665.1,IRSALDTYFDPSIRV,0.3595238095238096,0.2,0.5468283474694196,0.0,0.6867729486761209,0.0,0.3132270513238791,False,8.760652461598244,5.5,NP_002530,
ENSG00000170515,PA2G4,ENST00000552766,ENSP00000448557,ENSP00000302886,PA2G4,ENST00000552766,ENSP00000448557,ENSP00000302886,EMKKGIAFPTSISVN,,,True,5.0,2.848286506873928,TSGETLEENEAGDGG,,,True,6.0,-1.8923819119048164,EGEFVAQFKFTVLLM,,,True,6.5,1.8520293108578896,NP_593397.1,DAYKGIAFPTAVSPN,0.875,0.6,0.5327753382012101,0.0,0.4329924951187623,0.0,0.5670075048812376,False,0.4040925791958646,4.5,NP_006182,,NP_593397.1,GMLSHQQEREVIDGK,0.5666666666666667,0.2666666666666666,,,,,,False,0.9018873196562482,,NP_006182,,NP_593397.1,KVYSEIQTKFGPFPF,0.3777777777777777,0.2,,,,,,False,0.7219587570898275,,NP_006182,
ENSG00000125877,ITPA,ENST00000380113,ENSP00000369456,ENSP00000369456,ITPA,ENST00000380113,ENSP00000369456,ENSP00000369456,ALLELQEYFGSLAAG,,,True,5.5,3.464776228384632,LVGKKIVFVTGNAKK,,,True,6.0,0.5805848109566073,LLELQEYFGSLAAGG,,,True,6.5,5.51771960004823,NP_588480.1,HDYDLPEIQGSVKEV,0.325,0.2666666666666666,,,,,,False,0.6565840009999787,,NP_258412,XP_011527536,NP_588480.1,TILQSILFVTGNKHK,0.6749999999999999,0.4666666666666667,0.7162243328689163,0.0,0.2262323759842539,0.0,0.773767624015746,True,0.6209824248663817,6.5,NP_258412,XP_011527536,NP_588480.1,GPYVKWFLNSVGPDG,0.2678571428571428,0.1333333333333333,,,,,,False,7.219095407589135,,NP_258412,XP_011527536
ENSG00000115233,PSMD14,ENST00000409682,ENSP00000386541,ENSP00000386541,PSMD14,ENST00000409682,ENSP00000386541,ENSP00000386541,VDTAEQVYISSLALL,,,True,5.5,0.428409034413995,MLELAKNYNKAVEEE,,,True,6.0,3.420039305552921,EGLTLQDYSEHCKHN,,,True,6.5,3.4420272952226303,NP_594014.1,VDNSECVYISSLALL,1.0,0.8,0.3887812895560435,0.0,0.2965951865809937,0.0,0.7034048134190063,False,1.2594058609296666,5.5,NP_005796,,NP_594014.1,HGLLLENFNSAAEKN,0.75,0.3333333333333333,0.5141941897211676,0.0,0.3611378524631973,0.0,0.6388621475368027,False,7.7038434739190365,4.0,NP_005796,,NP_594014.1,MKSLSEQYTERVQNE,0.4000000000000001,0.1333333333333333,,,,,,False,0.3710438644828588,,NP_005796,
ENSG00000151164,RAD9B,ENST00000409246,ENSP00000387329,ENSP00000376440,RAD9B,ENST00000409246,ENSP00000387329,ENSP00000376440,ELKGILTFSEATHAP,,,True,4.5,3.824592113513408,LADAIVLFTSSQEEV,,,True,4.5,1.973799070122616,LRKFSCMFFGAVSSD,,,True,5.0,1.2472201936400011,NP_593455.1,GKPILLTFAKGKNSE,0.4361111111111111,0.2,,,,,,False,7.229578669811057,,NP_689655,,NP_593455.1,PLQERVLLTSFTEEV,0.611111111111111,0.4666666666666667,,,,,,False,0.8435685375552944,,NP_689655,,NP_593455.1,QSDSSRMFNSALDRS,0.4166666666666667,0.2666666666666666,0.4596273984275671,0.0,0.3419373618040445,0.0,0.6580626381959556,False,1.8866322276600385,4.0,NP_689655,
ENSG00000114771,AADAC,ENST00000488869,ENSP00000419620,ENSP00000232892,AADAC,ENST00000488869,ENSP00000419620,ENSP00000232892,MVRFWSEYFTTDRSL,topological domain,Lumenal,False,4.5,2.4081570272635062,HNHVEDGFHGAFSFL,topological domain,Lumenal,False,5.0,2.270096140797701,ELLGLHHFMDSFKVV,topological domain,Lumenal,False,5.5,8.382682480521206,NP_594994.1,LPVESTEDITIPRKH,0.375,0.2,,,,,,False,0.5909706265464947,,NP_001077,XP_005247161,NP_594994.1,GWPCFLWFHGGGWVL,0.4242424242424243,0.2666666666666666,,,,,,False,6.362666574903389,,NP_001077,XP_005247161,NP_594994.1,MMWYRRHYLPNEKDW,0.4920634920634921,0.1333333333333333,,,,,,False,0.8187485481431342,,NP_001077,XP_005247161
ENSG00000088682,COQ9,ENST00000262507,ENSP00000262507,ENSP00000262507,COQ9,ENST00000262507,ENSP00000262507,ENSP00000262507,MQDSSPDFEDTWRFL,,,True,4.0,0.3580952549726902,QGGEEEEDYESEEQL,,,True,5.0,-3.053516530354222,ILTAALEFVPAHGWT,,,True,5.5,3.416424057795302,NP_594426.1,SRDTSPNFEATYNFV,0.4444444444444445,0.4666666666666667,,,,,,False,6.06015623631985,,NP_064708,,NP_594426.1,RRGYHSENYETSKIS,0.5944444444444446,0.2666666666666666,,,,,,False,0.7138634217850277,,NP_064708,,NP_594426.1,ILENALEHVPQLGFT,0.6124999999999999,0.6,,,,,,False,2.993557342004782,,NP_064708,
ENSG00000110060,PUS3,ENST00000530811,ENSP00000432386,ENSP00000227474,PUS3,ENST00000530811,ENSP00000432386,ENSP00000227474,YDQEAQEFNITHLQQ,,,True,5.5,0.9242511075604376,VIKQTSAFVEGVKMR,,,True,6.0,0.4634297224258223,GGGGGMAYNDTDRNQ,,,True,6.0,-0.1320595542322017,NP_594465.1,NRLLPADIRITGYAF,0.365079365079365,0.1333333333333333,,,,,,False,1.0885024220296515,,NP_112597,,NP_594465.1,RCMMAILFLIGQKLE,0.375,0.2,,,,,,False,3.5895131553930666,,NP_112597,,NP_594465.1,SFMLDIADHNVKRYG,0.2986111111111111,0.1333333333333333,,,,,,False,-0.0625669689100479,,NP_112597,
ENSG00000167965,MLST8,ENST00000564088,ENSP00000457870,ENSP00000456405,MLST8,ENST00000564088,ENSP00000457870,ENSP00000456405,KAVVCLAFNDSVLGG,,,True,5.0,2.136539661681412,HIDPDASYMAAVNST,,,True,6.0,3.961943637428408,GYDHTVRFWQAHSGI,,,True,6.5,0.6178441138125155,NP_595682.1,NYDHKSPVNDLLIHP,0.2678571428571428,0.1333333333333333,,,,,,False,4.202888626804907,,NP_001186102,XP_005255536,NP_595682.1,TVGSDGSMLIAGNNK,0.5083333333333333,0.2666666666666666,,,,,,False,3.633842222456545,,NP_001186102,XP_005255536,NP_595682.1,GYDHTIRFWEALSGI,0.9,0.8,0.6441579573781228,0.0,0.3405464033451625,0.0,0.6594535966548375,False,-0.278194979760924,4.5,NP_001186102,XP_005255536
ENSG00000167113,COQ4,ENST00000300452,ENSP00000300452,ENSP00000300452,COQ4,ENST00000300452,ENSP00000300452,ENSP00000300452,LGEIVVKWFEAVQTG,,,True,6.0,3.04452376228502,LAYVIQRYREVHDML,,,True,7.0,5.454100393191467,EGSLGREYLRFLDVN,,,True,7.0,3.558109199176924,NP_593130.1,EGELAIKWLEFVNMG,0.4444444444444444,0.4666666666666667,,,,,,False,8.9159474624641,,NP_057119,,NP_593130.1,EAYVMQRYRESHDFY,0.75,0.6666666666666666,0.5244762736358554,0.0,0.5990235437918158,0.0,0.4009764562081843,False,5.004635260147887,5.5,NP_057119,,NP_593130.1,EGELAIKWLEFVNMG,0.4247474747474747,0.3333333333333333,,,,,,False,8.9159474624641,,NP_057119,
ENSG00000162409,PRKAA2,ENST00000371244,ENSP00000360290,ENSP00000360290,PRKAA2,ENST00000371244,ENSP00000360290,ENSP00000360290,IMNQASEFYLASSPP,,,True,4.0,4.676318880075719,LGSHTMDFFEMCASL,,,True,4.5,-0.3457681370083343,DFFMVMEYVSGGELF,,,True,4.5,2.0197526236661343,NP_588376.1,SKSKRVDSFLSVSPP,0.4305555555555555,0.2666666666666666,,,,,,False,-0.3685197472766231,,NP_006243,XP_016857182,NP_588376.1,CVYVMPDFLSPGAQS,0.4523809523809524,0.2,0.1891782668166697,0.0,0.5901153808767546,0.0,0.4098846191232453,False,7.944927532638403,6.0,NP_006243,XP_016857182,NP_588376.1,SPPAFSEYTSELQKK,0.5,0.2,,,,,,False,2.6247498856163647,,NP_006243,XP_016857182
ENSG00000071082,RPL31,ENST00000409038,ENSP00000386737,ENSP00000264258,RPL31,ENST00000409320,ENSP00000387163,ENSP00000264258,TYVPVTTFKNLQTVN,,,True,7.5,5.077416176105331,KLYTLVTYVPVTTFK,,,True,8.0,6.137916151085431,LSRKRNEDEDSPNKL,,,True,8.0,2.952668697892544,NP_594826.1,KEIVAFAQKHMQTKE,0.3208333333333333,0.2,,,,,,False,7.857631606901333,,NP_000984,,NP_594826.1,DDKALYTYVQAVDVA,0.4388888888888889,0.2666666666666666,,,,,,False,8.671038515848878,,NP_000984,,NP_594826.1,RLSRKRSDEDDKALY,0.4166666666666667,0.2,,,,,,False,4.161738083670025,,NP_000984,
ENSG00000280951,SURF4,ENST00000625213,ENSP00000486393,ENSP00000486049,SURF4,ENST00000625213,ENSP00000486393,ENSP00000486049,QWSEQRDYIDTTWNC,,,True,4.5,2.034397303782231,LMGTAEDFADQFLRV,,,True,5.5,3.634989278098186,MFMTLLHFDASFFXK,transmembrane region,Helical,False,7.0,4.028460865058547,NP_587849.1,RDFYRYDFFQTLSIV,0.2916666666666667,0.1333333333333333,,,,,,False,2.2623717205640026,,NP_149351,,NP_587849.1,NKRTYFQLAGRVLLI,0.3388888888888888,0.2,,,,,,False,4.864371389305927,,NP_149351,,NP_587849.1,CAMVVIGFKAKFFAA,0.4111111111111111,0.3333333333333333,,,,,,False,3.426155620740069,,NP_149351,
ENSG00000148248,SURF4,ENST00000613129,ENSP00000481666,ENSP00000361057,SURF4,ENST00000613129,ENSP00000481666,ENSP00000361057,QWSEQRDYIDTTWNC,,,True,4.5,2.034397303782231,LMGTAEDFADQFLRV,,,True,5.5,3.634989278098186,MFMTLLHFDASFFXK,transmembrane region,Helical,False,7.0,4.028460865058547,NP_587849.1,RDFYRYDFFQTLSIV,0.2916666666666667,0.1333333333333333,,,,,,False,2.2623717205640026,,NP_149351,,NP_587849.1,NKRTYFQLAGRVLLI,0.3388888888888888,0.2,,,,,,False,4.864371389305927,,NP_149351,,NP_587849.1,CAMVVIGFKAKFFAA,0.4111111111111111,0.3333333333333333,,,,,,False,3.426155620740069,,NP_149351,
ENSG00000108306,FBXL20,ENST00000264658,ENSP00000264658,ENSP00000264658,FBXL20,ENST00000264658,ENSP00000264658,ENSP00000264658,LLLRIFSFLDVVTLC,,,True,5.5,8.308457715946666,TKSRFEMFSNSDEAV,,,True,6.0,3.3114038621060287,LEDEALKYIGAHCPE,,,True,6.5,3.084477563439835,NP_596079.1,LPDLKDSDIELITCK,0.4416666666666666,0.2,,,,,,False,-2.345233648845133,,NP_116264,XP_047292908,NP_596079.1,VILLSGSFSRNLERV,0.4861111111111111,0.2666666666666666,,,,,,False,-0.3470277282012169,,NP_116264,XP_047292908,NP_596079.1,LPANILEYISDNCPN,0.4777777777777778,0.4,,,,,,False,2.3657061893128315,,NP_116264,XP_047292908
ENSG00000168906,MAT2A,ENST00000306434,ENSP00000303147,ENSP00000303147,MAT2A,ENST00000306434,ENSP00000303147,ENSP00000303147,MNGQLNGFHEAFIEE,,,True,4.0,4.37947172401604,DSSKGFDYKTCNVLV,,,True,4.5,1.9780447743313263,AFIEEGTFLFTSESV,,,True,5.0,0.068464628692476,NP_596731.1,KALEELGAGDQGIMF,0.2166666666666666,0.1333333333333333,,,,,,False,1.8371637547980848,,NP_005902,,NP_596731.1,DSEKGFDYKTCNVLV,1.0,0.9333333333333332,0.4504579476167522,0.0,0.3633521963571334,0.0,0.6366478036428667,False,1.9780447743313263,4.5,NP_005902,,NP_596731.1,PEKLPLTILLAHKLN,0.3666666666666667,0.1333333333333333,,,,,,False,-0.5860721573989259,,NP_005902,
ENSG00000082014,SMARCD3,ENST00000469154,ENSP00000417908,ENSP00000262188,SMARCD3,ENST00000262188,ENSP00000262188,ENSP00000262188,QKRKFSSFFKSLVIE,,,True,5.5,1.6471946832703308,QLKIQRDFMLSFSRD,,,True,5.5,-0.1029245988021461,RLYISNTFNPAKPDA,,,True,6.0,0.7289564472537768,NP_593110.1,ELAPFTNFFRKIAIQ,0.4277777777777778,0.2666666666666666,,,,,,False,1.83841398895467,,NP_001003801,XP_047276713,NP_593110.1,YSQSKYDFMKKFSES,0.6,0.3333333333333333,,,,,,False,0.8229025829052483,,NP_001003801,XP_047276713,NP_593110.1,PIVIPYTINVSEHTV,0.25,0.2,,,,,,False,3.7090027841528777,,NP_001003801,XP_047276713
ENSG00000141101,NOB1,ENST00000268802,ENSP00000268802,ENSP00000268802,NOB1,ENST00000268802,ENSP00000268802,ENSP00000268802,ILRCHGCFKTTSDMS,,,True,4.5,2.6640463530433705,EEEEENGFEDRKDDS,,,True,5.0,-0.2932809533010372,CEPENLEFSSFMFWR,,,True,5.5,0.8256255984952969,NP_594097.1,SCGGNTLIKTTCSIN,0.4583333333333333,0.2,,,,,,False,0.6508758157317008,,NP_054781,,NP_594097.1,NKEQEDNEEDDEDDG,0.3444444444444444,0.4,,,,,,False,1.0589430561117943,,NP_054781,,NP_594097.1,FAKQTGDYSSLSVTD,0.4186507936507936,0.1333333333333333,0.2146031372980346,0.0,0.305394304229883,0.0,0.6946056957701169,False,1.6615494649052347,6.5,NP_054781,
ENSG00000175390,EIF3F,ENST00000677121,ENSP00000503130,ENSP00000499218,EIF3F,ENST00000533626,ENSP00000431800,ENSP00000499218,PLTVKYAYYDTERIG,,,True,5.0,5.53301128409485,NELILGWYATGHDIT,,,True,5.5,4.239083855883845,PKIVPDDFETMLNSN,,,True,6.0,8.248458833267355,NP_596298.1,RLADSCAFVPTPFTI,0.2678571428571428,0.2,,,,,,False,-0.0684832628863276,,NP_003745,,NP_596298.1,REVVVGWYATSPDLD,0.8333333333333334,0.4666666666666667,0.2235809490848607,0.0,0.9527133737789464,0.0,0.0472866262210536,False,3.61222164037181,5.0,NP_003745,,NP_596298.1,PCVEGQDFEKIFSSH,0.5499999999999999,0.3333333333333333,,,,,,False,-0.1801875977210929,,NP_003745,
ENSG00000158623,COPG2,ENST00000425248,ENSP00000402346,ENSP00000402346,COPG2,ENST00000425248,ENSP00000402346,ENSP00000402346,HESPLFDFIESCLRN,,,True,4.0,3.052338384035539,VLQEARIFNETPINP,,,True,5.0,4.006531636649854,FLNIGPLFKSSEPVQ,,,True,5.5,5.432192283436281,NP_593371.1,STPSTDDLVEECVVP,0.5,0.2,,,,,,False,2.599512412754349,,NP_036265,,NP_593371.1,VTQDARAFNSSSISP,0.5,0.5333333333333333,0.2424887947512324,0.0,0.4788402097436775,0.0,0.5211597902563225,False,3.754512967066487,5.5,NP_036265,,NP_593371.1,FFGITKLFQHKDPSL,0.5125000000000001,0.3333333333333333,,,,,,False,-0.7857304713145988,,NP_036265,
ENSG00000008018,PSMB1,ENST00000262193,ENSP00000262193,ENSP00000262193,PSMB1,ENST00000262193,ENSP00000262193,ENSP00000262193,MRLVKDVFISAAERD,,,True,4.0,7.730750044751496,GSYQRDSFKAGGSAS,,,True,6.5,-0.2190293980800323,LAIAGEDFAIVASDT,,,True,7.0,4.0716608335418325,NP_594729.1,MKITTDAFTSAGERH,0.6333333333333333,0.4666666666666667,0.571701099664508,0.0,0.3227146996953047,0.0,0.6772853003046952,False,3.228832431354085,4.0,NP_002784,,NP_594729.1,GSYEREWCRAGGSAA,0.4841750841750842,0.6,,,,,,False,0.3979910445378713,,NP_002784,,NP_594729.1,VAIAGDGFAILAGDT,0.513888888888889,0.6666666666666666,,,,,,False,3.769171017164414,,NP_002784,
ENSG00000171953,ATPAF2,ENST00000474627,ENSP00000417190,ENSP00000417190,ATPAF2,ENST00000474627,ENSP00000417190,ENSP00000417190,LIRAAVKFLDTDTIC,,,True,5.0,4.0392691281903055,WALQGIEFVAAQLKS,,,True,5.5,0.3436308158776645,SQQDTIKYYTMHLTT,,,True,6.5,-0.216967427100692,NP_593355.2,LSTQLIRFLDTDTIL,0.9,0.5333333333333333,0.5028555566913435,0.0,0.4576972868957901,0.0,0.5423027131042099,False,4.649279839814449,5.5,NP_663729,XP_011522367,NP_593355.2,KVPKEMELLAHLIAL,0.4166666666666667,0.1333333333333333,,,,,,False,2.577481598163795,,NP_663729,XP_011522367,NP_593355.2,LTNLELQYQTNRWGS,0.2474747474747475,0.1333333333333333,0.4579809573354535,0.0,0.375917733297301,0.0,0.624082266702699,False,1.1742676498666145,7.5,NP_663729,XP_011522367
ENSG00000103502,CDIPT,ENST00000563415,ENSP00000457766,ENSP00000219789,CDIPT,ENST00000563415,ENSP00000457766,ENSP00000219789,GNPVLRIYYTSRPAL,topological domain,Cytoplasmic,True,5.0,5.293240683977357,CPLTASSFYLLSGLL,transmembrane region,Helical,False,7.0,5.852793164604687,PLTASSFYLLSGLLD,transmembrane region,Helical,False,7.5,2.44605534701846,NP_593021.1,FLVLISLYFMSWHPN,0.425,0.1333333333333333,,,,,,False,6.475917864641577,,NP_006310,,NP_593021.1,NEMFFVALYLLSFTP,0.4583333333333333,0.2666666666666666,,,,,,False,-0.2959316703925457,,NP_006310,,NP_593021.1,EMFFVALYLLSFTPR,0.6333333333333333,0.2666666666666666,,,,,,False,0.0153934123172778,,NP_006310,
ENSG00000170043,TRAPPC1,ENST00000540486,ENSP00000441130,ENSP00000302783,TRAPPC1,ENST00000540486,ENSP00000441130,ENSP00000302783,TSRYKLHYYETPTGI,,,True,4.0,-1.0665657750644462,SYVRSLPFFSARAGG,,,True,4.0,4.095759184638954,MKDGFLAFQTSRYKL,,,True,5.5,-0.3021170278532091,NP_594073.1,TSKYKLHFYETPTNL,0.9166666666666666,0.7333333333333333,0.5597368026921319,0.0,0.5274896120518728,0.0,0.4725103879481272,False,-0.6891476612612943,3.5,NP_067033,,NP_594073.1,ITADQDQFMSYTTSK,0.2523809523809524,0.1333333333333333,0.4019255774567002,0.0,0.2241331831207936,0.0,0.7758668168792063,True,-1.8760634917543009,6.0,NP_067033,,NP_594073.1,DQDQFMSYTTSKYKL,0.5797619047619048,0.4666666666666667,0.3078890050520398,0.0,0.6051843641843629,0.0,0.394815635815637,False,0.2265667984067575,5.0,NP_067033,
ENSG00000179632,MAF1,ENST00000322428,ENSP00000318604,ENSP00000318604,MAF1,ENST00000322428,ENSP00000318604,ENSP00000318604,SFRPDYDFSTARSHE,,,True,3.5,1.37262179216846,KRLKRIVFFSCRSIS,,,True,3.5,0.8333562559400528,FSAVREDFKDLKPQL,,,True,5.5,1.7819956642963293,NP_594012.2,ASYPDHDFSSLQPTD,0.4761904761904762,0.3333333333333333,0.2550454300799735,0.0,0.1579530093260044,0.0,0.8420469906739955,True,1.3313540771601375,6.0,NP_115648,,NP_594012.2,EPSLSRVVDSVNSTL,0.3333333333333333,0.2,,,,,,False,1.773423486491319,,NP_115648,,NP_594012.2,ASYPDHDFSSLQPTD,0.6666666666666666,0.3333333333333333,0.2550454300799735,0.0,0.1579530093260044,0.0,0.8420469906739955,True,1.3313540771601375,6.0,NP_115648,
ENSG00000185721,DRG1,ENST00000331457,ENSP00000329715,ENSP00000329715,DRG1,ENST00000331457,ENSP00000329715,ENSP00000329715,SEVAAYEFTTLTTVP,,,True,5.5,8.49621392020737,HKNLIKEFKYALVWG,,,True,5.5,2.9793730973073127,SAHHRWNFDDLLEKI,,,True,5.5,2.52197053889364,NP_593350.1,SEAAAYEFTTLTTVP,1.0,0.9333333333333332,0.4250770680699225,0.0,0.3258040087737359,0.0,0.6741959912262641,False,8.49621392020737,5.5,NP_004138,,NP_593350.1,HSSIKSQFKHAYVWG,0.775,0.4666666666666667,,,,,,False,3.458558581870712,,NP_004138,,NP_593350.1,CGNRGWNIDELKETM,0.7333333333333334,0.3333333333333333,,,,,,False,4.180796314539561,,NP_004138,
ENSG00000116157,GPX7,ENST00000361314,ENSP00000354677,ENSP00000354677,GPX7,ENST00000361314,ENSP00000354677,ENSP00000354677,CAQQEQDFYDFKAVN,,,True,4.5,3.041018944273234,PTWNFWKYLVAPDGK,,,True,6.5,2.923537765896046,NVASECGFTDQHYRA,,,True,6.5,0.3431930867561378,NP_596146.1,LERIKWNFEKFLVNR,0.2611111111111111,0.1333333333333333,,,,,,False,2.141098735944616,,NP_056511,XP_047274516,NP_596146.1,IKWNFEKFLVNRQGQ,0.5277777777777778,0.4666666666666667,,,,,,False,1.1530572539031383,,NP_056511,XP_047274516,NP_596146.1,NTASKCGFTPQYKGL,0.5761904761904763,0.5333333333333333,,,,,,False,-0.0911363181513642,,NP_056511,XP_047274516
ENSG00000134748,PRPF38A,ENST00000257181,ENSP00000257181,ENSP00000257181,PRPF38A,ENST00000257181,ENSP00000257181,ENSP00000257181,ALEEDMDDVESSEEE,,,True,6.0,-1.930439913457184,LEEDMDDVESSEEEE,,,True,6.0,2.126865201248174,KYWKEECFGLTAELV,,,True,6.0,4.649410522696593,NP_595693.1,YVRLTWDDVEVHQTL,0.65,0.2666666666666666,,,,,,False,1.6551355233123437,,NP_116253,,NP_595693.1,ADFLARDYRSQGEAA,0.4761904761904762,0.2,0.3048441077309032,0.0,0.5168093414253893,0.0,0.4831906585746107,False,4.039252765885503,5.5,NP_116253,,NP_595693.1,IYWKEQCFGLNACSL,0.5925925925925926,0.6,,,,,,False,4.487071009133159,,NP_116253,
ENSG00000113558,SKP1,ENST00000353411,ENSP00000231487,ENSP00000231487,SKP1,ENST00000353411,ENSP00000231487,ENSP00000231487,TFNIKNDFTEEEEAQ,,,True,6.5,-0.6886648098326428,PEEIRKTFNIKNDFT,,,True,7.0,-0.4528939366511611,ELILAANYLDIKGLL,,,True,7.0,4.080841684147416,NP_595455.1,TFNIPNDFTPEEEEQ,0.8095238095238096,0.8,,,,,,False,0.3855218910997501,,NP_733779,,NP_595455.1,PEDIRKTFNIPNDFT,0.8095238095238096,0.8666666666666667,,,,,,False,1.671350503735883,,NP_733779,,NP_595455.1,EIVLASNYLDIKPLL,0.7857142857142857,0.7333333333333333,0.4750668367843236,0.0,0.2725909685139998,0.0,0.7274090314860002,False,4.866533845674493,7.0,NP_733779,
ENSG00000111196,MAGOHB,ENST00000320756,ENSP00000319240,ENSP00000319240,MAGOHB,ENST00000320756,ENSP00000319240,ENSP00000319240,IGDEHISFTTSKIGS,,,True,4.5,2.2348986997700533,KGKFGHEFLEFEFRP,,,True,5.5,-0.5440199259394907,PEGLRVFYYLVQDLK,,,True,7.0,1.5508999794149338,NP_596666.1,MNGKHIMFETCKLGS,0.3314814814814815,0.4666666666666667,0.3582758918336524,0.0,0.2759556016229977,0.0,0.7240443983770023,False,1.045102111776802,5.0,NP_060518,XP_047285014,NP_596666.1,HGRFGHEFLEFDYHS,0.9047619047619048,0.6,0.4007415907316592,0.0,0.4647838079562231,0.0,0.5352161920437769,False,0.5709889202491526,5.5,NP_060518,XP_047285014,NP_596666.1,PEGLKVFYYLIQDLK,0.9583333333333334,0.8666666666666667,,,,,,False,0.6826358178189027,,NP_060518,XP_047285014
ENSG00000182287,AP1S2,ENST00000672987,ENSP00000500695,ENSP00000328789,AP1S2,ENST00000672987,ENSP00000500695,ENSP00000328789,RKPKMCSFLEWRDLK,,,True,5.0,-0.9133931478353324,AYFILDEFLLGGEVQ,,,True,5.5,6.868203911508182,KRYASLYFCCAIEDQ,,,True,5.5,-0.3787907324748478,NP_593410.1,ILEVIHKFVECLDKY,0.5046296296296297,0.2,0.3929843991479333,0.0,1.123519023534277,0.0,-0.1235190235342766,False,4.658654050975144,4.0,NP_003907,,NP_593410.1,AYYVMEELLLAGELQ,0.6666666666666666,0.5333333333333333,,,,,,False,4.993840787941558,,NP_003907,,NP_593410.1,RRYASLFFVCGIEQD,0.5416666666666666,0.6,,,,,,False,0.0663484206418717,,NP_003907,
ENSG00000106355,LSM5,ENST00000409987,ENSP00000386275,ENSP00000410758,LSM5,ENST00000450169,ENSP00000410758,ENSP00000410758,VLEDVTEFEITPEGR,,,True,4.5,0.927882416596242,IVGTLLGFDDFVNMV,,,True,6.5,7.913434281189632,TLLGFDDFVNMVLED,,,True,7.5,1.2295732506901889,NP_596373.1,IMKSEREFAGTLVGF,0.2638888888888889,0.2666666666666666,,,,,,False,-0.1036122192945227,,NP_036454,,NP_596373.1,FAGTLVGFDDYVNIV,0.9047619047619048,0.6666666666666666,0.1809858462920015,0.0,0.3645937211463645,0.0,0.6354062788536355,False,4.727800296890764,6.5,NP_036454,,NP_596373.1,TLVGFDDYVNIVLKD,0.7797619047619048,0.7333333333333333,,,,,,False,0.7620847648569831,,NP_036454,
ENSG00000291533,CCT8,ENST00000707892,ENSP00000517020,ENSP00000517017,CCT8,ENST00000707892,ENSP00000517020,ENSP00000517017,EQYAIKKFAEAFEAI,,,True,4.0,1.1742730917533828,LAKQITSYGETCPGL,,,True,5.0,1.2681707600894387,AQACVSIFPDSGHFN,,,True,5.5,5.607100581679733,NP_595406.1,YQHAIKQYGEAFEVV,0.6047619047619047,0.5333333333333333,0.7276359501506386,0.0,0.6566074364720799,0.0,0.3433925635279202,False,4.93815674229456,4.0,NP_006576,,NP_595406.1,LCIRLISVGEKTPGI,0.5916666666666667,0.4,,,,,,False,4.952729962224814,,NP_006576,,NP_595406.1,QVVKGMVFPREPEGT,0.3916666666666666,0.1333333333333333,,,,,,False,-0.5176131565589601,,NP_006576,
ENSG00000156261,CCT8,ENST00000540844,ENSP00000442730,ENSP00000286788,CCT8,ENST00000540844,ENSP00000442730,ENSP00000286788,EQYAIKKFAEAFEAI,,,True,4.0,1.1742730917533828,LAKQITSYGETCPGL,,,True,5.0,1.2681707600894387,AQACVSIFPDSGHFN,,,True,5.5,5.607100581679733,NP_595406.1,YQHAIKQYGEAFEVV,0.6047619047619047,0.5333333333333333,0.7276359501506386,0.0,0.6566074364720799,0.0,0.3433925635279202,False,4.93815674229456,4.0,NP_006576,,NP_595406.1,LCIRLISVGEKTPGI,0.5916666666666667,0.4,,,,,,False,4.952729962224814,,NP_006576,,NP_595406.1,QVVKGMVFPREPEGT,0.3916666666666666,0.1333333333333333,,,,,,False,-0.5176131565589601,,NP_006576,
ENSG00000169359,SLC33A1,ENST00000646424,ENSP00000494846,ENSP00000352456,SLC33A1,ENST00000646424,ENSP00000494846,ENSP00000352456,GDTGTGDFLKAPQSF,topological domain,Cytoplasmic,True,5.0,-0.3975929427078424,GPQPLNTFYKAMPYX,topological domain;transmembrane region,Cytoplasmic;Helical,False,5.0,1.7161300928979328,RQRRPGNFSHSLDMK,topological domain,Cytoplasmic,True,6.0,2.2948624752106825,NP_595678.1,VANETLTLLKATEFG,0.5333333333333333,0.2666666666666666,,,,,,False,0.562689227804969,,NP_001177921,XP_047305153,NP_595678.1,SPEFANTFIRSIPSN,0.5666666666666667,0.3333333333333333,,,,,,False,2.074575062644981,,NP_001177921,XP_047305153,NP_595678.1,ISSTLLLFSYNVDTW,0.4503968253968254,0.2,,,,,,False,3.646369931770397,,NP_001177921,XP_047305153
ENSG00000155097,ATP6V1C1,ENST00000518857,ENSP00000428204,ENSP00000430282,ATP6V1C1,ENST00000518857,ENSP00000428204,ENSP00000430282,VRWLKVNFSEAFIAW,,,True,4.5,2.212323126835923,HVKALRVFVESVLRY,,,True,5.0,1.3237958633175997,YLCNVTLFRKAVDDF,,,True,5.5,2.50533126616336,NP_593891.1,RETEQSEFDDAAVKE,0.5138888888888888,0.1333333333333333,0.6351910826687948,0.0,0.1347330351948251,0.0,0.8652669648051747,True,5.738162412895965,3.0,NP_001686,,NP_593891.1,HLKCLCVYVESILRY,0.9047619047619048,0.6666666666666666,0.4323491477174477,0.0,0.5058120661903688,0.0,0.4941879338096313,False,3.0865818536805723,5.5,NP_001686,,NP_593891.1,VLYTVVVFKKTADSF,0.6083333333333333,0.4,,,,,,False,6.795401304565573,,NP_001686,
ENSG00000141002,TCF25,ENST00000640279,ENSP00000491638,ENSP00000263346,TCF25,ENST00000640279,ENSP00000491638,ENSP00000263346,RRPENRSFYLALYKQ,,,True,5.0,1.2365836891677944,HGNTIALFFRSLLPN,,,True,6.0,3.190814959386316,KGLSFFAFEHSEEYQ,,,True,6.0,0.7814932213504076,NP_594265.2,VMTRLRSFFGSLFTS,0.4305555555555556,0.2666666666666666,,,,,,False,5.374927239958412,,NP_055787,XP_047289742,NP_594265.2,SDPTVLAFINSILEK,0.4583333333333333,0.2666666666666666,,,,,,False,0.9493688449058332,,NP_055787,XP_047289742,NP_594265.2,RASMLAAFERAPYML,0.494047619047619,0.2,,,,,,False,4.235875093635521,,NP_055787,XP_047289742
ENSG00000141391,PRELID3A,ENST00000590956,ENSP00000467026,ENSP00000404700,PRELID3A,ENST00000590956,ENSP00000467026,ENSP00000404700,KGISLGSYLESLMAN,,,True,5.0,3.819695713408615,IWSSEHVFGHPWDTV,,,True,7.0,3.205208474018681,IEWIIEHSESAVSGG,,,True,8.0,3.2807314059674333,NP_595338.1,GKEGFESVLEKINMS,0.4027777777777777,0.2,,,,,,False,2.883541542345042,,NP_001135877,XP_047293229,NP_595338.1,IFESCHLFQYPFEQV,0.4226190476190476,0.4,,,,,,False,1.7598407843647896,,NP_001135877,XP_047293229,NP_595338.1,AHWQKYPNEHATHVI,0.2718253968253968,0.2,,,,,,False,9.56125318342501,,NP_001135877,XP_047293229
ENSG00000033011,ALG1,ENST00000650085,ENSP00000507951,ENSP00000262374,ALG1,ENST00000683433,ENSP00000507463,ENSP00000262374,HEENGLVFEDSEELA,topological domain,Lumenal,False,3.5,-0.987063512676271,YDKPASFFKETPLDL,topological domain,Lumenal,False,5.0,4.109953844676087,HIQVCTPWLEAEDYP,topological domain,Lumenal,False,5.5,3.9790779338678286,NP_593186.1,DGENGLIVNDSKALS,0.375,0.4666666666666667,,,,,,False,-1.366877894176442,,NP_061982,,NP_593186.1,KEEFSQYIKKHPLHK,0.3964285714285714,0.2,,,,,,False,-0.569849972592162,,NP_061982,,NP_593186.1,KVRFCMPWLSIEDYP,0.625,0.5333333333333333,,,,,,False,3.7892910427339705,,NP_061982,
ENSG00000107223,EDF1,ENST00000371649,ENSP00000360712,ENSP00000224073,EDF1,ENST00000371649,ENSP00000360712,ENSP00000224073,KPQVIADYESGRAIP,,,True,5.5,4.42270831500562,GGGMAESDWDTVTVL,,,True,7.5,6.505453826164265,GGMAESDWDTVTVLR,,,True,8.0,5.125712398591297,NP_595650.1,KPQVVNDYESGRAIP,1.0,0.8666666666666667,0.4668822336685652,0.0,0.6588704286010569,0.0,0.341129571398943,False,3.7047940115923663,5.5,NP_003783,,NP_595650.1,EKPQVVNDYESGRAI,0.3170634920634921,0.0666666666666666,,,,,,False,-0.5810672676318512,,NP_003783,,NP_595650.1,KPQVVNDYESGRAIP,0.2392857142857142,0.0666666666666666,0.4668822336685652,0.0,0.6588704286010569,0.0,0.341129571398943,False,3.7047940115923663,5.5,NP_003783,
ENSG00000175324,LSM1,ENST00000311351,ENSP00000310596,ENSP00000310596,LSM1,ENST00000523511,ENSP00000428307,ENSP00000310596,DGRTLIGFLRSIDQF,,,True,6.0,2.606657004151062,GGGGGMNYMPGTASL,,,True,8.0,0.0859268805715457,LLGEIDLEKESDTPL,,,True,8.0,0.6322574305797657,NP_595520.1,DGKKLIGILRSFDQF,0.8333333333333334,0.7333333333333333,,,,,,False,1.2786718111994286,,NP_055277,,NP_595520.1,DAVKQLRRMPAEELY,0.2333333333333333,0.1333333333333333,,,,,,False,1.3991445717887516,,NP_055277,,NP_595520.1,LLGELDLDKEYDAVK,0.5079365079365079,0.6,,,,,,False,2.861708537750989,,NP_055277,
ENSG00000111231,GPN3,ENST00000228827,ENSP00000228827,ENSP00000443068,GPN3,ENST00000228827,ENSP00000228827,ENSP00000443068,SSMFDEYFQECQDEG,,,True,2.5,-3.456903435917656,QYGEDLEFKEPKERE,,,True,4.0,-0.0067307406459429,EDESSSMFDEYFQEC,,,True,5.0,-2.136471599200404,NP_594965.1,LIYCFEFLMENLDWL,0.3333333333333333,0.2,,,,,,False,0.1341454803929348,,NP_001157845,XP_047284891,NP_594965.1,DATQWYEDQEPKDPD,0.5055555555555556,0.2666666666666666,,,,,,False,2.275706622112117,,NP_001157845,XP_047284891,NP_594965.1,YDEDYLIFDMPGQIE,0.4035714285714286,0.3333333333333333,,,,,,False,0.8618626297365731,,NP_001157845,XP_047284891
ENSG00000104687,GSR,ENST00000221130,ENSP00000221130,ENSP00000221130,GSR,ENST00000221130,ENSP00000221130,ENSP00000221130,HDHADYGFPSCEGKF,,,True,4.5,1.975356973731472,GIENVKTYSTSFTPM,,,True,5.0,0.669063962632257,HDKVLRSFDSMISTN,,,True,6.0,7.366621110355338,NP_595589.1,MGATKSDFDSCVAIH,0.4444444444444445,0.2,0.2004685343045855,0.0,0.3449750973661645,0.0,0.6550249026338355,False,3.690967674277899,4.0,NP_000628,XP_047277683,NP_595589.1,GESQIKVYNTKFNGL,0.3611111111111111,0.3333333333333333,,,,,,False,5.339059151950683,,NP_000628,XP_047277683,NP_595589.1,MGATKSDFDSCVAIH,0.5231481481481481,0.2,0.2004685343045855,0.0,0.3449750973661645,0.0,0.6550249026338355,False,3.690967674277899,4.0,NP_000628,XP_047277683
ENSG00000167588,GPD1,ENST00000548814,ENSP00000446768,ENSP00000301149,GPD1,ENST00000548814,ENSP00000446768,ENSP00000301149,SEVADEKFCETTIGC,,,True,4.5,1.2671337363751416,GPVSSATFLESCGVA,,,True,4.5,1.5966450463312936,VVAVGAGFCDGLGFG,,,True,5.5,2.5719181227552737,NP_594542.1,SEVAQEKFCETTIGY,1.0,0.8666666666666667,0.4067857333904548,0.0,0.5357730483879088,0.0,0.4642269516120911,False,1.9004799382221544,5.0,NP_005267,,NP_596682.1,MQKFATTFFDSDPRT,0.507936507936508,0.2,0.3457261334569641,0.0,0.6224831341848973,0.0,0.3775168658151027,False,3.411087836827672,3.5,NP_005267,,NP_596682.1,VVAMAVGFADGLEWG,0.6,0.6,0.5182958873778244,0.0,0.4769698960917036,0.0,0.5230301039082963,False,2.696514302146109,4.5,NP_005267,
ENSG00000112874,NUDT12,ENST00000230792,ENSP00000230792,ENSP00000230792,NUDT12,ENST00000230792,ENSP00000230792,ENSP00000230792,EVEECENYFSKTLLD,,,True,5.0,2.070044475903366,MFTCLAGFIEPGETI,,,True,5.5,4.343353604840788,VEECENYFSKTLLDR,,,True,6.0,0.5965970572816454,NP_596286.1,LELEDVRFFSREEVL,0.3833333333333333,0.2,,,,,,False,5.436448758071043,,NP_113626,XP_005272152,NP_596286.1,LYACLAGFLEPGESL,0.9166666666666666,0.6,0.3678824355561526,0.0,0.655551938093946,0.0,0.344448061906054,False,4.550301254848302,5.5,NP_113626,XP_005272152,NP_596286.1,ELEDVRFFSREEVLR,0.4916666666666666,0.2666666666666666,,,,,,False,1.6989192120783851,,NP_113626,XP_005272152
ENSG00000292221,WDR45,ENST00000710219,ENSP00000518130,ENSP00000518137,WDR45,ENST00000710219,ENSP00000518130,ENSP00000518137,NFSHDSSFLCASSDK,,,True,5.0,0.4607425562550625,EISAVLIWDDAREGK,,,True,5.5,3.094177824440252,FNQDQSCFCCAMETG,,,True,5.5,0.168376081814463,NP_594700.1,GISKTGSKIASSSTN,0.3583333333333333,0.2666666666666666,,,,,,False,-1.3385361750522096,,NP_009006,,NP_594700.1,APNKLIVWDDVKERP,0.7916666666666666,0.2666666666666666,,,,,,False,7.217426776468738,,NP_009006,,NP_594700.1,FSPDELLLACASKKE,0.325,0.2666666666666666,,,,,,False,-1.5205642803868753,,NP_009006,
ENSG00000196998,WDR45,ENST00000376372,ENSP00000365551,ENSP00000348848,WDR45,ENST00000376372,ENSP00000365551,ENSP00000348848,NFSHDSSFLCASSDK,,,True,5.0,0.4607425562550625,EISAVLIWDDAREGK,,,True,5.5,3.094177824440252,FNQDQSCFCCAMETG,,,True,5.5,0.168376081814463,NP_594700.1,GISKTGSKIASSSTN,0.3583333333333333,0.2666666666666666,,,,,,False,-1.3385361750522096,,NP_009006,,NP_594700.1,APNKLIVWDDVKERP,0.7916666666666666,0.2666666666666666,,,,,,False,7.217426776468738,,NP_009006,,NP_594700.1,FSPDELLLACASKKE,0.325,0.2666666666666666,,,,,,False,-1.5205642803868753,,NP_009006,
ENSG00000013573,DDX11,ENST00000350437,ENSP00000309965,ENSP00000443426,DDX11,ENST00000228264,ENSP00000228264,ENSP00000443426,VPGGVVCFFPSYEYL,,,True,5.0,1.0737531374543086,RVEVKATFGPAIAAV,,,True,6.0,2.792651495221831,EEELVLAEYESDEEK,,,True,6.0,-1.6677011941340665,NP_594977.1,IPDGVVVFFPSFAFL,0.5833333333333334,0.6,,,,,,False,0.1738013864543168,,NP_085911,XP_047284417,NP_594977.1,NIHSSPNFGPAIRQL,0.6333333333333333,0.3333333333333333,,,,,,False,-0.7825330383725853,,NP_085911,XP_047284417,NP_594977.1,KEKGINAKQASQEFY,0.4583333333333333,0.2666666666666666,,,,,,False,-0.4364885380037471,,NP_085911,XP_047284417
ENSG00000164296,TIGD6,ENST00000296736,ENSP00000296736,ENSP00000296736,TIGD6,ENST00000296736,ENSP00000296736,ENSP00000296736,AGIVPMEFAECDTES,,,True,3.0,0.67346424225111,NEVNFQDFVTADDDL,,,True,3.0,0.2381345279019927,KGDVAKEFGITPSTL,,,True,5.5,4.642387139467946,NP_596738.1,LWRRIPEYSELPIPE,0.3630952380952381,0.1333333333333333,0.5022294348215846,0.0,0.6278973986849289,0.0,0.372102601315071,False,6.276115955221794,6.0,NP_112215,,NP_596460.1,AAMRIEDFISPSEEN,0.5428571428571428,0.1333333333333333,0.3914212939631837,0.0,0.5616553554200351,0.0,0.4383446445799649,False,7.543544839680813,5.0,NP_112215,,NP_596460.1,DEEESTEFQITTKDA,0.6,0.2666666666666666,,,,,,False,-0.4109631841603662,,NP_112215,
ENSG00000198018,ENTPD7,ENST00000472998,ENSP00000474132,ENSP00000359520,ENTPD7,ENST00000472998,ENSP00000474132,ENSP00000359520,EFYGFSEFFYCTEDV,topological domain,Vesicular,False,3.5,1.1350803454122564,DLPLEFDFLFSQSQA,topological domain,Vesicular,False,5.0,0.8165182386761861,FYGFSEFFYCTEDVL,topological domain,Vesicular,False,5.0,4.214764698636053,NP_588201.1,EFVGVSEFWYTTNDV,0.4818181818181817,0.6666666666666666,,,,,,False,6.070044843302385,,NP_065087,,NP_588201.1,SFIFCLFFLFSLVLF,0.5,0.2666666666666666,,,,,,False,0.431868185171079,,NP_065087,,NP_588201.1,FVGVSEFWYTTNDVF,0.6484848484848484,0.6,,,,,,False,9.458883311608966,,NP_065087,
ENSG00000134001,EIF2S1,ENST00000555876,ENSP00000452034,ENSP00000256383,EIF2S1,ENST00000555876,ENSP00000452034,ENSP00000256383,GYGAYDAFKHAVSDP,,,True,6.0,-0.2532847674582896,DEQLESLFQRTAWVF,,,True,6.0,7.75220328190796,DGDDDAEEMEAKAED,,,True,6.0,-2.402883661810251,NP_594081.1,YGHAYDAFKLAISNP,0.7083333333333334,0.6,,,,,,False,0.1462915647965278,,NP_004085,,NP_594081.1,TTIGWPLYRKYGHAY,0.2488095238095238,0.0666666666666666,,,,,,False,-0.7728805165861359,,NP_004085,,NP_594081.1,VNVRQIQEMGAYVKL,0.5111111111111111,0.2,,,,,,False,4.928234399583753,,NP_004085,
ENSG00000162191,UBXN1,ENST00000294119,ENSP00000294119,ENSP00000303991,UBXN1,ENST00000294119,ENSP00000294119,ENSP00000303991,SGFPRRAFSEADMER,,,True,4.5,1.6803253510795455,EPPTKREYDQCRIQV,,,True,6.0,2.802103484168367,DDPDVDEPLETPLGH,,,True,6.5,-1.338051691332371,NP_594595.1,PVNQLDLFPSAVLIP,0.3511904761904762,0.1333333333333333,0.636646945523054,0.0,0.4112495549985093,0.0,0.5887504450014907,False,5.191359441339584,5.0,NP_001273006,XP_016873363,NP_594595.1,AQAMRKMQDQARLRD,0.3166666666666666,0.2,,,,,,False,1.081395593527425,,NP_001273006,XP_016873363,NP_594595.1,IKKRSPEELKQAIEA,0.3833333333333333,0.1333333333333333,,,,,,False,9.338209831565834,,NP_001273006,XP_016873363
ENSG00000089234,BRAP,ENST00000419234,ENSP00000403524,ENSP00000403524,BRAP,ENST00000419234,ENSP00000403524,ENSP00000403524,INNMKTKFKETIEKC,,,True,4.5,0.9613169484079218,QLPDQISFFSGNPSV,,,True,4.5,1.6095649457426675,AQADADSFYMTCNGR,,,True,5.0,6.022195488317528,NP_594226.1,RIMALLKFKDQASVI,0.5222222222222223,0.2,0.4386380191077375,0.0,0.836209397442738,0.0,0.1637906025572619,False,10.591051386992492,6.5,NP_006759,XP_016875481,NP_594226.1,VGPSSKPFASTTPAL,0.3261904761904762,0.2666666666666666,0.3363177147121785,0.0,0.3193297899277544,0.0,0.6806702100722455,False,1.27326417936698,5.5,NP_006759,XP_016875481,NP_594226.1,DQASVIRFYTEFNGK,0.4000000000000001,0.4,,,,,,False,6.503395947231706,,NP_006759,XP_016875481
ENSG00000181704,YIPF6,ENST00000462683,ENSP00000417573,ENSP00000417573,YIPF6,ENST00000462683,ENSP00000417573,ENSP00000417573,MRSRIREFDSSTLNE,topological domain,Cytoplasmic,True,4.5,5.1867127186209245,FAEVFXSFFQSLCVX,topological domain;transmembrane region,Cytoplasmic;Helical,False,5.5,7.80707079898376,AEVFXSFFQSLCVXD,transmembrane region,Helical,False,7.0,2.699830232931711,NP_593881.1,IGKHNTEIEQDEMEN,0.3,0.0666666666666666,,,,,,False,3.301775544289302,,NP_776195,,NP_593881.1,LLGANISIFQSMCIL,0.8333333333333334,0.3333333333333333,,,,,,False,0.4468335343540511,,NP_776195,,NP_593881.1,LGANISIFQSMCILG,0.6916666666666668,0.3333333333333333,0.3731234140972669,0.0,0.2947331425742904,0.0,0.7052668574257095,False,6.712449952125645,7.0,NP_776195,
ENSG00000117682,DHDDS,ENST00000374185,ENSP00000363300,ENSP00000353104,DHDDS,ENST00000703200,ENSP00000515229,ENSP00000353104,REERVQGFLQALELK,,,True,5.5,3.3637378400229205,GILEVTVYAFSIENF,,,True,6.5,1.0261633934483203,VLWPEYTFWNLFEAI,,,True,6.5,3.2712878961651954,NP_594957.1,QPDVLETALKAVEIT,0.3833333333333333,0.2,,,,,,False,5.369431112984978,,NP_079163,XP_047286805,NP_594957.1,GVKEVSAFTFSIENF,0.5833333333333334,0.6,,,,,,False,1.7209112668995894,,NP_079163,XP_047286805,NP_594957.1,FIHCPPLQWTLDQLE,0.2583333333333333,0.1333333333333333,,,,,,False,1.2792992110328585,,NP_079163,XP_047286805
ENSG00000285326,NOP9,ENST00000644840,ENSP00000495668,ENSP00000495668,NOP9,ENST00000644840,ENSP00000495668,ENSP00000495668,LQLLLEAFHCAEPSS,,,True,6.0,2.892816252443212,SPEALGYFRRALSAL,,,True,6.0,2.855623540657872,AEEEEEEEEDGKDGP,,,True,6.0,-0.246132714481027,NP_594111.1,TSRQIKSFFSALNGH,0.25,0.1333333333333333,0.5442184136274048,0.0,0.6101816705359732,0.0,0.3898183294640269,False,7.1326998836119255,3.5,NP_777573,,NP_594111.1,SNWKVELFRRAPDEW,0.625,0.3333333333333333,,,,,,False,0.919195853301086,,NP_777573,,NP_594111.1,PGIAKNDEGAGNDEG,0.4166666666666667,0.2,,,,,,False,-0.0693568499162654,,NP_777573,
ENSG00000196943,NOP9,ENST00000267425,ENSP00000267425,ENSP00000267425,NOP9,ENST00000267425,ENSP00000267425,ENSP00000267425,LQLLLEAFHCAEPSS,,,True,6.0,2.892816252443212,SPEALGYFRRALSAL,,,True,6.0,2.855623540657872,AEEEEEEEEDGKDGP,,,True,6.0,-0.246132714481027,NP_594111.1,TSRQIKSFFSALNGH,0.25,0.1333333333333333,0.5442184136274048,0.0,0.6101816705359732,0.0,0.3898183294640269,False,7.1326998836119255,3.5,NP_777573,XP_047287009,NP_594111.1,SNWKVELFRRAPDEW,0.625,0.3333333333333333,,,,,,False,0.919195853301086,,NP_777573,XP_047287009,NP_594111.1,PGIAKNDEGAGNDEG,0.4166666666666667,0.2,,,,,,False,-0.0693568499162654,,NP_777573,XP_047287009
ENSG00000189283,FHIT,ENST00000492590,ENSP00000418582,ENSP00000418582,FHIT,ENST00000492590,ENSP00000418582,ENSP00000418582,PDEVADLFQTTQRVG,,,True,5.0,8.994370978119466,QKHDKEDFPASWRSE,,,True,6.5,-1.47742223389076,LPRKAGDFHRNDSIY,,,True,6.5,2.0277835395078005,NP_587836.1,PSELTDLFTSVRKVQ,0.4083333333333332,0.4,0.6126740042751249,0.0,0.2447631116042057,0.0,0.7552368883957942,False,5.692330099570722,6.5,NP_001159715,,NP_587836.1,TPSELTDLFTSVRKV,0.3888888888888889,0.2,,,,,,False,3.740645168302762,,NP_001159715,,NP_587836.1,IPRKKADFSENDLVY,0.375,0.5333333333333333,0.2226005435287636,0.0,0.5758499912877687,0.0,0.4241500087122312,False,2.05082216549705,5.5,NP_001159715,
ENSG00000136271,DDX56,ENST00000421223,ENSP00000392139,ENSP00000258772,DDX56,ENST00000421223,ENSP00000392139,ENSP00000258772,ISQFNQGFYDCVIAT,,,True,3.5,1.060815643482692,VDEADLLFSFGFEEE,,,True,5.5,-0.7852449510962666,IRGKSLLFVNTLERS,,,True,6.0,-0.4087643568769381,NP_588531.1,LEQYNKGLYQIIIAT,0.4583333333333333,0.4666666666666667,,,,,,False,1.1460288928879367,,NP_061955,,NP_588531.1,IDEADLMLSFGYNED,0.5666666666666667,0.6,,,,,,False,4.838591853858833,,NP_061955,,NP_588531.1,RGIFALLLVPTRELA,0.6190476190476191,0.3333333333333333,,,,,,False,2.895383860428963,,NP_061955,
ENSG00000086065,CHMP5,ENST00000419016,ENSP00000442725,ENSP00000223500,CHMP5,ENST00000419016,ENSP00000442725,ENSP00000223500,TPELDEDDLEAELDA,,,True,6.5,-2.0477124524480192,GGGMNRLFGKAKPKA,,,True,6.5,-0.1036122192945227,ADEDSSYLDEAASAP,,,True,6.5,2.908547246675392,NP_588238.1,DINVDEEELDAELEA,0.6888888888888888,0.4666666666666667,,,,,,False,2.56043516130084,,NP_057494,,NP_588238.1,GPGQTALKQRAMNVL,0.1777777777777777,0.2666666666666666,,,,,,False,6.57541684875396,,NP_057494,,NP_588238.1,QDEIQDYMDAAGELN,0.525,0.3333333333333333,,,,,,False,0.3342995811230371,,NP_057494,
ENSG00000162600,OMA1,ENST00000421528,ENSP00000391941,ENSP00000360270,OMA1,ENST00000421528,ENSP00000391941,ENSP00000360270,FLPGNFHFYSTFNNK,,,True,4.5,8.987659159591807,VFWQQMEFVDSLHGQ,,,True,4.5,2.8212976938719025,SIRAIRNFHTSPRFQ,,,True,5.5,1.0118040928179235,NP_593540.1,QMGKALAFASTHPSS,0.2857142857142857,0.2,0.2436962384233332,0.0,0.5129175665595717,0.0,0.4870824334404284,False,3.8699311831623566,5.5,NP_660286,,NP_593540.1,MSEYGDRMLPSYHPT,0.3511904761904762,0.1333333333333333,,,,,,False,4.215981255420622,,NP_660286,,NP_593540.1,ARFQSNNLSWSNRNR,0.428030303030303,0.2,,,,,,False,-0.3833956001912734,,NP_660286,
ENSG00000159352,PSMD4,ENST00000368884,ENSP00000357879,ENSP00000357879,PSMD4,ENST00000368884,ENSP00000357879,ENSP00000357879,MSLQGAEFGQAESAD,,,True,5.0,-0.5367158950429787,DVMQDPEFLQSVLEN,,,True,5.5,-1.4684788647710614,LGLGASDFEFGVDPS,,,True,5.5,4.309474575752244,NP_594628.1,LSTLTRDYGKFLSAM,0.4380952380952381,0.2666666666666666,,,,,,False,-0.5367158950429787,,NP_002801,,NP_594628.1,QRQRIVAFVGSPIVE,0.3611111111111111,0.1333333333333333,,,,,,False,8.20967608255952,,NP_002801,,NP_594628.1,VVASQNQFEYGVDPN,0.7380952380952381,0.4,,,,,,False,0.983613816005632,,NP_002801,
ENSG00000126226,PCID2,ENST00000337344,ENSP00000337405,ENSP00000337405,PCID2,ENST00000337344,ENSP00000337405,ENSP00000337405,YAVGNHDFIEAYKCQ,,,True,4.0,-1.250095903836426,KAMFDSDFKQAEEYL,,,True,4.5,0.738451583945122,SSNLKDDYSTAQRVT,,,True,5.0,4.912976385526952,NP_594792.1,CVHLTNNVLRAMKVV,0.4027777777777777,0.1333333333333333,,,,,,False,3.568847796370357,,NP_001120674,XP_047286435,NP_594792.1,DHDPAAAFKQQTELA,0.5499999999999999,0.2666666666666666,,,,,,False,2.91409632935154,,NP_001120674,XP_047286435,NP_594792.1,CINDRAPLSTSRKWG,0.3761904761904762,0.2,,,,,,False,-0.5566842143801234,,NP_001120674,XP_047286435
ENSG00000127526,SLC35E1,ENST00000409648,ENSP00000387152,ENSP00000470652,SLC35E1,ENST00000409648,ENSP00000387152,ENSP00000470652,HLRLLXAFLVSSDLT,,,True,6.0,5.21507149132911,FQYSRQSYPNSYSLN,,,True,6.5,-0.5050637018768194,LPLAFGKYFASVSAH,transmembrane region,Helical,False,6.5,-0.1261785451815898,NP_595643.2,LYSSGVAFIVMIPVW,0.5261904761904762,0.2,,,,,,False,3.787044796968393,,NP_079157,,NP_595643.2,TMEDEKSYPSSGTQS,0.7416666666666667,0.2666666666666666,0.4656714488271817,0.0,0.5819614372647909,0.0,0.4180385627352091,False,-1.3771132267911024,4.5,NP_079157,,NP_595643.2,TMEDEKSYPSSGTQS,0.3130952380952381,0.1333333333333333,0.4656714488271817,0.0,0.5819614372647909,0.0,0.4180385627352091,False,-1.3771132267911024,4.5,NP_079157,
ENSG00000141504,SAT2,ENST00000573566,ENSP00000458385,ENSP00000269298,SAT2,ENST00000573566,ENSP00000458385,ENSP00000269298,DGFGDNPFYHCLVAE,,,True,5.0,-1.2872922468588606,LDKGCSQFRLAVLDW,,,True,6.5,3.2965571410951107,LIRELAEFEKLSDQV,,,True,6.5,2.4406163877695963,NP_593494.1,VIKEDLPTVYQFIKE,0.1309523809523809,0.2,,,,,,False,1.2981703864963077,,NP_597998,XP_016879562,NP_593494.1,RGKGYGSYLLSYLAR,0.3630952380952381,0.2666666666666666,,,,,,False,-0.0332836728203471,,NP_597998,XP_016879562,NP_593494.1,FIKELAEFEKCEDQV,0.8148148148148149,0.7333333333333333,,,,,,False,1.922155626139624,,NP_597998,XP_016879562
ENSG00000115446,UNC50,ENST00000409975,ENSP00000387146,ENSP00000350409,UNC50,ENST00000409975,ENSP00000387146,ENSP00000350409,AFLVXMGFFETIKLL,topological domain,Lumenal,False,4.5,1.3092623737321034,FRFRQMDFEFAAWQM,topological domain,Cytoplasmic,True,5.5,6.580114604900468,SRDYDVEWGYAFDVH,topological domain,Cytoplasmic,True,6.5,4.945753902676955,NP_596353.1,ALLWALFYMNTPKGY,0.3214285714285714,0.2666666666666666,,,,,,False,8.325123480753478,,NP_054763,,NP_596353.1,LKLSQMDFERAWWDM,0.7333333333333334,0.5333333333333333,,,,,,False,1.4202930767787003,,NP_054763,,NP_596353.1,STDYQLEWNYCFDVH,0.6666666666666666,0.6666666666666666,,,,,,False,4.462114026404756,,NP_054763,
ENSG00000102978,POLR2C,ENST00000219252,ENSP00000219252,ENSP00000219252,POLR2C,ENST00000219252,ENSP00000219252,ENSP00000219252,RDNDPNDYVEQDDIL,,,True,5.0,-1.7057420284332674,EEWPKSEYSELDEDE,,,True,5.0,0.933013214351344,SSVLHDEFIAHRLGL,,,True,7.0,0.0413358869751289,NP_588324.1,NKLQHTDYWFENDAD,0.4378787878787879,0.2,,,,,,False,1.2743623604226029,,NP_116558,,NP_588324.1,LGMIPLDSSNIDEPP,0.3888888888888888,0.2,,,,,,False,-0.2751627426760614,,NP_116558,,NP_588324.1,TSVMPDEFLAHRLGM,0.9166666666666666,0.6666666666666666,,,,,,False,0.1798189082901663,,NP_116558,
ENSG00000065154,OAT,ENST00000368845,ENSP00000357838,ENSP00000357838,OAT,ENST00000368845,ENSP00000357838,ENSP00000357838,EGRKYFDFLSSYSAV,,,True,4.0,2.771977233962566,YNNVLGEYEEYITKL,,,True,5.5,1.4362978032200209,VLGEYEEYITKLFNY,,,True,6.0,1.2245537450374049,NP_596588.1,EGREYLDFLSAYSAV,0.875,0.8,0.471037212473022,0.0,0.3812914383468967,0.0,0.6187085616531033,False,1.2132948627259652,3.5,NP_000265,,NP_596588.1,AKVWDPEGREYLDFL,0.3888888888888889,0.2666666666666666,,,,,,False,-0.6178335441110946,,NP_000265,,NP_596588.1,KFGPFAKYITEYFGY,0.7333333333333334,0.4,,,,,,False,1.85402364386,,NP_000265,
ENSG00000100902,PSMA6,ENST00000628955,ENSP00000485776,ENSP00000261479,PSMA6,ENST00000628955,ENSP00000485776,ENSP00000261479,KKKFDWTFEQTVETA,,,True,5.5,1.9154117329284928,STVLSIDFKPSEIEV,,,True,6.0,1.970021436871495,KQTESTSFLEKKVKK,,,True,6.0,-0.4575505882344998,NP_595374.1,KDGIPSNLTDTVETG,0.3,0.3333333333333333,,,,,,False,1.7070170036811432,,NP_002782,,NP_595374.1,MSSLSTDFKSTELQI,0.5750000000000001,0.4,0.5153134420974774,0.0,0.3007635162513271,0.0,0.6992364837486729,False,1.1718096060955951,4.0,NP_002782,,NP_595374.1,KQTETINWLEKRFKK,0.5151515151515152,0.6,,,,,,False,1.2285640310681274,,NP_002782,
ENSG00000173540,GMPPB,ENST00000480687,ENSP00000418565,ENSP00000309092,GMPPB,ENST00000480687,ENSP00000418565,ENSP00000309092,DIGQPKDFLTGMCLF,,,True,5.0,0.5679319801271239,LSETADPFFVLNSDV,,,True,6.0,4.512491847128966,ARIRSHSWLESCIVG,,,True,6.5,9.834174479910182,NP_588405.1,DVGQPKDYLTGTCLY,0.9047619047619048,0.7333333333333333,0.4305324717531095,0.0,0.3076289889715108,0.0,0.6923710110284892,False,0.4818593755808603,5.5,NP_037466,,NP_588405.1,LAKDHSPFFVLNSDV,1.0,0.6666666666666666,,,,,,False,0.7322591430125573,,NP_037466,,NP_588405.1,SRVRDHAWVKSSIVG,0.6166666666666667,0.5333333333333333,,,,,,False,10.279296723971727,,NP_037466,
ENSG00000132341,RAN,ENST00000536606,ENSP00000437950,ENSP00000446215,RAN,ENST00000448750,ENSP00000396127,ENSP00000446215,HRKKNLQYYDISAKS,,,True,6.0,1.0454341895301869,VEVHPLVFHTNRGPI,,,True,6.5,-0.6474109027170315,GGLRDGYYIQAQCAI,,,True,7.0,1.965894665281447,NP_596827.1,HRKKNLQYYDISAKS,1.0,1.0,0.4051819062625146,0.0,0.3898982228430068,0.0,0.6101017771569932,False,1.0454341895301869,6.0,NP_006316,,NP_596827.1,VEVHPLHFHTNFGEI,0.7708333333333334,0.8,0.2748207300189198,0.0,0.4760856197499665,0.0,0.5239143802500335,False,0.1129889245520786,6.5,NP_006316,,NP_596827.1,GGLRDGYYIQGQCGI,0.8333333333333334,0.8666666666666667,,,,,,False,1.965894665281447,,NP_006316,
ENSG00000197958,RPL12,ENST00000361436,ENSP00000354739,ENSP00000354739,RPL12,ENST00000361436,ENSP00000354739,ENSP00000354739,KHSGNITFDEIVNIA,,,True,6.0,3.1552605045903497,PNEIKVVYLRCTGGE,,,True,7.0,-0.602542819894709,IDDINSGAVECPASG,,,True,8.0,-0.6832835493258748,NP_587923.1,AHSGNVSLDEIIEVA,0.5416666666666666,0.5333333333333333,,,,,,False,2.611196416529656,,NP_000967,,NP_587923.1,PNEVKTIFMRAVGGE,0.6083333333333333,0.5333333333333333,,,,,,False,3.603188316967771,,NP_000967,,NP_587923.1,TIQNRQAAVSVVPSA,0.2678571428571428,0.2,,,,,,False,1.307985990916328,,NP_000967,
ENSG00000111358,GTF2H3,ENST00000539994,ENSP00000446429,ENSP00000445162,GTF2H3,ENST00000539994,ENSP00000446429,ENSP00000445162,DPGNPPEFNPSGSKD,,,True,5.5,-1.673385447791823,PPPVHVDYRAACFCH,,,True,6.0,1.301474376385384,CTTCETAFKISLPPV,,,True,6.5,0.486700270689876,NP_595532.1,PEQKVAEVDPTKEAN,0.3527777777777778,0.1333333333333333,,,,,,False,-0.3015807467388633,,NP_001507,,NP_595532.1,PNQANVDFRATCFCH,0.75,0.6,,,,,,False,-2.269748582981148,,NP_001507,,NP_595532.1,DATGGIYLKVDNPKG,0.4107142857142857,0.2,,,,,,False,0.157892903073581,,NP_001507,
ENSG00000155368,DBI,ENST00000393103,ENSP00000376815,ENSP00000376815,DBI,ENST00000409094,ENSP00000386486,ENSP00000348116,GGMSQAEFEKAAEEV,,,True,4.5,3.803032977926188,PSDEEMLFIYGHYKQ,,,True,6.5,0.6583391771172105,MLFIYGHYKQATVGD,,,True,7.0,1.5879727041388274,NP_596820.1,DVKELKETPNSDELL,0.2845238095238095,0.1333333333333333,,,,,,False,2.295143141117044,,NP_001073331,,NP_596820.1,PNSDELLKLYALFKQ,0.3999999999999999,0.4,,,,,,False,-1.4238000007504152,,NP_001073331,,NP_596820.1,LLKLYALFKQATVGD,0.625,0.6,,,,,,False,0.8275728768697173,,NP_001073331,
ENSG00000126215,XRCC3,ENST00000554974,ENSP00000451361,ENSP00000343392,XRCC3,ENST00000554974,ENSP00000451361,ENSP00000343392,AAPFRCEFDSQASAP,,,True,5.5,4.695105361350965,LPPSSCSYTISAEGV,,,True,6.0,2.997300444664387,GLEAGAVYICTEDAF,,,True,6.5,0.6890898555546799,NP_593627.1,YTILCPDLESQEHII,0.4347222222222222,0.1333333333333333,,,,,,False,4.488918350904353,,NP_001093588,XP_005268103,NP_593627.1,GGMNKAAVFISTESG,0.4444444444444445,0.2,,,,,,False,-0.3903524544554442,,NP_001093588,XP_005268103,NP_593627.1,GMNKAAVFISTESGL,0.5416666666666666,0.4,0.5003884908154,0.0,0.1957473121506235,0.0,0.8042526878493764,True,4.307293569747355,5.0,NP_001093588,XP_005268103
ENSG00000085415,SEH1L,ENST00000585730,ENSP00000466959,ENSP00000382779,SEH1L,ENST00000399892,ENSP00000382779,ENSP00000382779,GSSAGRYFFTPLDSP,,,True,5.0,3.016628655058251,QVLASCSFDRTAAVW,,,True,6.5,7.638741098853725,DKSESGDWHCTASWK,,,True,6.5,6.235962591503381,NP_593751.1,RSAVLDISFCPFQHG,0.1898148148148148,0.2,,,,,,False,8.652838468731797,,NP_001013455,XP_005258209,NP_593751.1,VAWAHPSFGQVLAVC,0.5055555555555555,0.3333333333333333,,,,,,False,5.138006206131647,,NP_001013455,XP_005258209,NP_593751.1,TWAITSEWRAGDASL,0.2194444444444444,0.0666666666666666,,,,,,False,4.59893557483151,,NP_001013455,XP_005258209
ENSG00000167526,RPL13,ENST00000311528,ENSP00000307889,ENSP00000376811,RPL13,ENST00000311528,ENSP00000307889,ENSP00000376811,NVQRLKEYRSKLILF,,,True,6.5,9.01806436535118,EEKNFKAFASLRMAR,,,True,7.0,3.648060184089988,ITEEEKNFKAFASLR,,,True,7.5,3.369929302177732,NP_593453.1,RGFTLEELKAAGVSR,0.3166666666666666,0.1333333333333333,,,,,,False,4.527334124898224,,NP_150254,,NP_593453.1,EAKNFNAFSTLSNER,0.5194444444444445,0.5333333333333333,0.298722416546283,0.0,0.4291304623751179,0.0,0.5708695376248821,False,4.700372025622071,7.0,NP_150254,,NP_593453.1,ITEEAKNFNAFSTLS,0.7000000000000001,0.6666666666666666,,,,,,False,2.592466428683204,,NP_150254,
ENSG00000113194,FAF2,ENST00000261942,ENSP00000261942,ENSP00000261942,FAF2,ENST00000261942,ENSP00000261942,ENSP00000261942,MLPFRFTYYTILDIF,,,True,5.0,3.358711923514637,LINTRMLFWACSTNK,,,True,5.5,1.7403887310719917,PVGDIVSFMHSFEEK,,,True,5.5,-0.0457469602596862,NP_588339.1,RVPLISTFIPIFGTT,0.3234126984126984,0.2,,,,,,False,3.2815718903043845,,NP_055428,XP_011532777,NP_588339.1,NYGVALLFFTSSKND,0.2861111111111111,0.2666666666666666,0.3735643725964525,0.0,0.6530975882715367,0.0,0.3469024117284633,False,5.5111964669510645,5.0,NP_055428,XP_011532777,NP_588339.1,PADTAQSVLESFNWD,0.375,0.2666666666666666,,,,,,False,6.496910657761881,,NP_055428,XP_011532777
ENSG00000110921,MVK,ENST00000636996,ENSP00000490869,ENSP00000228510,MVK,ENST00000539335,ENSP00000440379,ENSP00000228510,LQSLDTSFLEQGDVT,,,True,4.5,1.930484086549144,KQALTSCGFDCLETS,,,True,6.5,2.2897396598432613,GLGSSAAYSVCLAAA,,,True,7.0,0.3944725441222368,NP_592837.1,VVTDSDSFFPQYESD,0.5428571428571428,0.2,,,,,,False,-0.2449652977183249,,NP_001107657,XP_016874803,NP_592837.1,FFPQYESDFDFKKLN,0.2416666666666667,0.1333333333333333,,,,,,False,0.3165266588516842,,NP_001107657,XP_016874803,NP_592837.1,TISVVVATSLLLAFG,0.4333333333333333,0.2666666666666666,,,,,,False,3.6273834948610726,,NP_001107657,XP_016874803
ENSG00000076043,REXO2,ENST00000265881,ENSP00000265881,ENSP00000265881,REXO2,ENST00000265881,ENSP00000265881,ENSP00000265881,RRWYPEEYEFAPKKA,,,True,6.5,0.1874420043287397,LQQAEYEFLSFVRQQ,,,True,6.5,1.3652249330246111,WYPEEYEFAPKKAAS,,,True,7.0,1.7861290656169846,NP_596699.2,LRPVEEKFDAVIKLD,0.2555555555555555,0.2,,,,,,False,3.948006464581743,,NP_056338,,NP_596699.2,SVHADVRFLSVEMPK,0.425,0.2666666666666666,0.6511279541741097,0.0,0.1820822086189349,0.0,0.8179177913810649,True,5.255558174812013,8.0,NP_056338,,NP_596699.2,DVSTIKELAKRWCPD,0.3666666666666667,0.1333333333333333,,,,,,False,2.828592191533553,,NP_056338,
ENSG00000144040,SFXN5,ENST00000442582,ENSP00000396825,ENSP00000272433,SFXN5,ENST00000442582,ENSP00000396825,ENSP00000272433,FYGRFRHFLDIIDPR,,,True,5.5,3.7720445461040777,ELEEGIDVLDSDGNL,,,True,7.0,0.719955287623576,AVQLLEDYKHGTLRP,,,True,7.0,1.8086043300189216,NP_594262.2,YWGRVRHAMDITDPR,0.65,0.6,,,,,,False,5.60837104760709,,NP_653180,,NP_594262.2,ELRQGIDVFDKEGES,0.6666666666666666,0.5333333333333333,,,,,,False,1.555508886364206,,NP_653180,,NP_594262.2,AVKTLEDYGAGKIAQ,0.4444444444444445,0.4666666666666667,,,,,,False,6.759435006803809,,NP_653180,
ENSG00000011009,LYPLA2,ENST00000374514,ENSP00000363638,ENSP00000363638,LYPLA2,ENST00000374514,ENSP00000363638,ENSP00000363638,EMAAVKEFLEKLLPP,,,True,5.5,-0.2400265754583925,LGDTGHSWADALSTI,,,True,5.5,3.836017703123255,WLPLHRAFPQAANGS,,,True,6.5,8.538643726212605,NP_594165.1,SAGQLHELIDAELAL,0.4305555555555555,0.1333333333333333,,,,,,False,4.05487196592534,,NP_009191,XP_005245785,NP_594165.1,AWYDIYSFADMKRED,0.4611111111111111,0.2,0.270689787718973,0.0,0.3285513856557983,0.0,0.6714486143442018,False,3.641058277295785,6.5,NP_009191,XP_005245785,NP_594165.1,FLPLASKFPSALSRV,0.5083333333333333,0.4,0.4419246675147623,0.0,0.376059105394704,0.0,0.6239408946052959,False,7.034192461620857,5.0,NP_009191,XP_005245785
ENSG00000143106,PSMA5,ENST00000271308,ENSP00000271308,ENSP00000271308,PSMA5,ENST00000271308,ENSP00000271308,ENSP00000271308,TQNHWFTYNETMTVE,,,True,4.5,4.662046325214808,QSSLQEVYHKSMTLK,,,True,6.0,-1.169342439225812,HMDPSGTFVQCDARA,,,True,6.0,-0.38174411042413,NP_594372.1,TQNHRFTYDEPQGIE,0.4484126984126984,0.6,0.4222953183272341,0.0,0.8108980033009984,0.0,0.1891019966990016,False,3.709198900729045,6.5,NP_002781,,NP_594372.1,KSELVKEFHKDMTLE,0.5166666666666667,0.4666666666666667,,,,,,False,0.8684154948522576,,NP_002781,,NP_594372.1,HSEPSGTYFRYEAKA,0.3626984126984127,0.4666666666666667,,,,,,False,-3.180718713783232,,NP_002781,
ENSG00000163933,RFT1,ENST00000296292,ENSP00000296292,ENSP00000296292,RFT1,ENST00000394738,ENSP00000378223,ENSP00000296292,PLAGLXVFLCCEQGW,transmembrane region,Helical,False,6.5,5.131074018892785,VGVVNXAFRRACLSG,,,True,6.5,4.707678763121483,RNGAFINWKEAKLTW,,,True,6.5,1.5350967105715057,NP_596493.1,PYSKTCIFIYTVSSF,0.294047619047619,0.1333333333333333,,,,,,False,-0.2601984851598697,,NP_443091,XP_011532517,NP_596493.1,DFSLPRSLPRPFLLA,0.3035714285714285,0.1333333333333333,,,,,,False,2.142133859997975,,NP_443091,XP_011532517,NP_596493.1,LRFILHNYKDFSLPR,0.5476190476190476,0.2,0.572688252372436,0.0,0.4438720724389212,0.0,0.5561279275610788,False,3.950351217887428,7.0,NP_443091,XP_011532517
ENSG00000162396,PARS2,ENST00000371279,ENSP00000360327,ENSP00000360327,PARS2,ENST00000371279,ENSP00000360327,ENSP00000360327,YMKDMYTFDSSPEAA,,,True,4.0,3.6820065074992905,GGTVSHEFQLPVDIG,,,True,6.5,4.371679589469552,GIEVGHTFYLGTKYS,,,True,6.5,2.796152375882563,NP_595957.1,GKIYSSKFNATVEVK,0.4027777777777778,0.1333333333333333,,,,,,False,6.103620985347632,,NP_689481,,NP_595957.1,VRSSGERYKLDKDSL,0.4103174603174603,0.1333333333333333,,,,,,False,0.9135581046897904,,NP_689481,,NP_595957.1,AIEVGHAFYLGKIYS,0.5416666666666666,0.7333333333333333,,,,,,False,5.518282406536758,,NP_689481,
ENSG00000104695,PPP2CB,ENST00000221138,ENSP00000221138,ENSP00000221138,PPP2CB,ENST00000221138,ENSP00000221138,ENSP00000221138,CGDVHGQFHDLMELF,,,True,5.0,3.7947427511155256,ITQVYGFYDECLRKY,,,True,5.5,0.8690633324274855,NANVWKYFTDLFDYL,,,True,5.5,3.041256178151247,NP_595940.1,CGDIHGQFHDLMELF,1.0,0.9333333333333332,0.411867830934528,0.0,0.2768284010200365,0.0,0.7231715989799635,False,1.2392670854808077,5.0,NP_001009552,,NP_595940.1,ITQVYGFYDECLRKY,1.0,1.0,0.218483005548301,0.0,0.6529185506149452,0.0,0.3470814493850548,False,0.8690633324274855,5.5,NP_001009552,,NP_595940.1,SANVWKHFTNLFDYF,0.736111111111111,0.7333333333333333,,,,,,False,3.546002735945182,,NP_001009552,
ENSG00000113575,PPP2CA,ENST00000703354,ENSP00000515268,ENSP00000418447,PPP2CA,ENST00000703354,ENSP00000515268,ENSP00000418447,CGDVHGQFHDLMELF,,,True,5.0,3.7947427511155256,GQDISETFNHANGLT,,,True,5.5,-0.711073289409675,ITQVYGFYDECLRKY,,,True,5.5,0.8690633324274855,NP_593842.1,CGDIHGQFHDLMELF,1.0,0.9333333333333332,0.411867830934528,0.0,0.2768284010200365,0.0,0.7231715989799635,False,1.2392670854808077,5.0,NP_002706,,NP_593842.1,GPDIAEAFNHNNGLD,0.611111111111111,0.6666666666666666,,,,,,False,1.7498139258465808,,NP_002706,,NP_593842.1,ITQVYGFYDECLRKY,1.0,1.0,0.218483005548301,0.0,0.6529185506149452,0.0,0.3470814493850548,False,0.8690633324274855,5.5,NP_002706,
ENSG00000149657,LSM14B,ENST00000361670,ENSP00000355209,ENSP00000279068,LSM14B,ENST00000361670,ENSP00000355209,ENSP00000279068,KFEGDFDFESANAQF,,,True,4.0,1.7051522475683547,YYDKSKSFFDNISSE,,,True,4.5,-0.2857644701182688,DLLGPNCYYDKSKSF,,,True,6.5,1.626499826544277,NP_595110.1,KPRTEFDFQTANQKF,0.5666666666666667,0.4666666666666667,0.4227632714700618,0.0,0.4117998502058879,0.0,0.5882001497941122,False,2.9524062092949253,4.0,NP_653304,XP_011526910,NP_595110.1,FYKPKQSFFDNISCE,1.0,0.6,0.3066933475651891,0.0,0.5576617033584567,0.0,0.4423382966415433,False,-1.6140890034040625,4.5,NP_653304,XP_011526910,NP_595110.1,FYKPKQSFFDNISCE,0.2916666666666667,0.0666666666666666,0.3066933475651891,0.0,0.5576617033584567,0.0,0.4423382966415433,False,-1.6140890034040625,4.5,NP_653304,XP_011526910
ENSG00000182899,RPL35A,ENST00000448864,ENSP00000393393,ENSP00000495672,RPL35A,ENST00000448864,ENSP00000393393,ENSP00000495672,YARDETEFYLGKRCA,,,True,6.0,-1.4749164729925692,SGMVRAKFRSNLPAK,,,True,7.5,4.308101852762191,TALLKIEGVYARDET,,,True,8.5,0.3596186243396272,NP_001018813.2,DSKEEAQFYLGKRIC,0.9,0.4666666666666667,,,,,,False,0.9900836143583316,,NP_000987,,NP_001018813.2,GKRICFVYKSNKPVR,0.5547619047619047,0.2,0.4777740938970484,0.0,0.6557508058808417,0.0,0.3442491941191583,False,7.693784502458762,7.5,NP_000987,,NP_001018813.2,TSLVKIEGCDSKEEA,0.3398148148148148,0.4666666666666667,,,,,,False,2.104695331963682,,NP_000987,
ENSG00000011052,NME1-NME2,ENST00000393193,ENSP00000376889,ENSP00000376889,NME1-NME2,ENST00000393193,ENSP00000376889,ENSP00000376889,KPEELVDYKSCAHDW,,,True,5.0,10.602788384797218,EDLLKEHYVDLKDRP,,,True,5.5,0.837674654856904,FRLVGLKFMQASEDL,,,True,6.0,3.3609745361812564,NP_592857.1,VCHGSDSIESANREI,0.1583333333333333,0.0666666666666666,,,,,,False,1.4563257037548814,,NP_001018146,,NP_592857.1,GTIRGDYGIDLGRNV,0.3559523809523809,0.1333333333333333,,,,,,False,3.400711537438722,,NP_001018146,,NP_592857.1,YKLRALKFLVPSRDL,0.3095238095238095,0.4666666666666667,,,,,,False,8.892841974339479,,NP_001018146,
ENSG00000179041,RRS1,ENST00000320270,ENSP00000322396,ENSP00000322396,RRS1,ENST00000320270,ENSP00000322396,ENSP00000322396,QWRRRWGYQRARDDT,,,True,6.0,4.081489166371597,KRKFQPLFGDFAAEK,,,True,6.5,3.9550740281068406,HKELELQFDLGNLLA,,,True,7.5,1.4548646542080033,NP_595844.1,PLDFDLGNMAAFDIS,0.4027777777777778,0.2,,,,,,False,-0.1716120175504611,,NP_055984,,NP_595844.1,SIPLDFDLGNMAAFD,0.25,0.2,,,,,,False,5.7664109752166,,NP_055984,,NP_595844.1,ENSIPLDFDLGNMAA,0.7333333333333334,0.4666666666666667,,,,,,False,2.313706185544844,,NP_055984,
ENSG00000108298,RPL19,ENST00000225430,ENSP00000225430,ENSP00000225430,RPL19,ENST00000678609,ENSP00000502971,ENSP00000225430,LRRLLRRYRESKKID,,,True,7.0,2.4668610985901376,KKKVWLDPNETNEIA,,,True,7.0,1.2865646320763542,KKIDRHMYHSLYLKV,,,True,7.0,3.207855763112199,NP_596715.1,LRRLLRKYRESGKID,0.9,0.8666666666666667,0.5984942203319517,0.0,0.8759232889533732,0.0,0.1240767110466267,False,2.11584102539551,6.5,NP_000972,,NP_596715.1,KRKVWMDPNEISEIS,0.7916666666666666,0.6666666666666666,,,,,,False,0.908655674972581,,NP_000972,,NP_596715.1,GKIDKHLYHTLYLEA,0.7833333333333333,0.6,0.4780823311714045,0.0,0.3081078120226621,0.0,0.6918921879773379,False,1.3696482059022956,7.0,NP_000972,
ENSG00000133818,RRAS2,ENST00000414023,ENSP00000403282,ENSP00000256196,RRAS2,ENST00000414023,ENSP00000403282,ENSP00000256196,ARQLKVTYMEASAKI,,,True,4.5,-1.8239794023788585,QSYFVTDYDPTIEDS,,,True,5.5,1.550523656334471,TIQFIQSYFVTDYDP,,,True,6.0,1.94665574875318,NP_593579.1,AKSMHCLYVETSAKL,0.5,0.4,0.5492058721494978,0.0,0.7053643469713674,0.0,0.2946356530286326,False,-0.2685625740217376,5.5,NP_036382,XP_016872852,NP_593579.1,QSHFVDEYDPTIEDS,0.9,0.8,,,,,,False,1.1016093010001529,,NP_036382,XP_016872852,NP_593579.1,TIQLIQSHFVDEYDP,0.6805555555555557,0.7333333333333333,,,,,,False,1.94665574875318,,NP_036382,XP_016872852
ENSG00000140395,SKIC8,ENST00000560807,ENSP00000455689,ENSP00000267973,SKIC8,ENST00000560807,ENSP00000455689,ENSP00000267973,TRTCVHTFFDHQDQV,,,True,4.0,1.9615393890383404,FCPDDTHFVSSSSDK,,,True,4.5,-0.0837943883744592,GDDQEIHIYDCPIGG,,,True,6.5,3.0516441181049854,NP_596145.1,GDSKMITIYDVLSGD,0.2797619047619048,0.1333333333333333,,,,,,False,3.6707001613572654,,NP_079510,XP_016878126,NP_596145.1,WDIDTMECISTQSET,0.4546296296296296,0.2,,,,,,False,-0.3116430773909225,,NP_079510,XP_016878126,NP_596145.1,ENAHQADIYSLNVVA,0.3888888888888889,0.1333333333333333,,,,,,False,4.854759344014128,,NP_079510,XP_016878126
ENSG00000148824,MTG1,ENST00000477902,ENSP00000475596,ENSP00000323047,MTG1,ENST00000477902,ENSP00000475596,ENSP00000323047,LSGRNPLFQETLGLK,,,True,5.0,0.7568191572094778,YPAAARDFLQTFRRG,,,True,6.5,2.9861959165442906,LVDCIIEVHDARIPL,,,True,7.0,5.353857458295868,NP_596072.1,FQNVECWFKETSTPE,0.4363636363636363,0.2,0.533388835443195,0.0,0.9087255342215244,0.0,0.0912744657784755,False,3.240610101589225,4.5,NP_612393,,NP_596072.1,PTNDVDEFLQNTAYK,0.525,0.2,,,,,,False,-0.3472870209196348,,NP_612393,,NP_596072.1,SNDIFVEVRDARIPL,0.8333333333333334,0.6,,,,,,False,3.024745224509675,,NP_612393,
ENSG00000148303,RPL7A,ENST00000323345,ENSP00000361076,ENSP00000361076,RPL7A,ENST00000323345,ENSP00000361076,ENSP00000361076,VPPAINQFTQALDRQ,,,True,5.5,2.3708509211997733,DPIELVVFLPALCRK,,,True,6.0,3.048095356925324,FEKRPKNFGIGQDIQ,,,True,6.5,2.456517426399424,NP_595832.1,VPPAIAQFQKTLDKN,0.5,0.6,,,,,,False,1.6974809533477746,,NP_000963,,NP_595832.1,DPIELVVFLPALCKK,1.0,0.9333333333333332,,,,,,False,3.048095356925324,,NP_000963,,NP_595832.1,FVSRPRSFGIGQDIQ,0.875,0.7333333333333333,,,,,,False,2.6523792300652698,,NP_000963,
ENSG00000280858,RPL7A,ENST00000630979,ENSP00000487443,ENSP00000487443,RPL7A,ENST00000630979,ENSP00000487443,ENSP00000487443,VPPAINQFTQALDRQ,,,True,5.5,2.3708509211997733,DPIELVVFLPALCRK,,,True,6.0,3.048095356925324,FEKRPKNFGIGQDIQ,,,True,6.5,2.456517426399424,NP_595832.1,VPPAIAQFQKTLDKN,0.5,0.6,,,,,,False,1.6974809533477746,,NP_000963,,NP_595832.1,DPIELVVFLPALCKK,1.0,0.9333333333333332,,,,,,False,3.048095356925324,,NP_000963,,NP_595832.1,FVSRPRSFGIGQDIQ,0.875,0.7333333333333333,,,,,,False,2.6523792300652698,,NP_000963,
ENSG00000130707,ASS1,ENST00000352480,ENSP00000253004,ENSP00000253004,ASS1,ENST00000352480,ENSP00000253004,ENSP00000253004,NIGQKEDFEEARKKA,,,True,4.0,-1.3054578979347176,AELVYTGFWHSPECE,,,True,5.5,0.1180398385854908,PDILEIEFKKGVPVK,,,True,6.0,3.793706302614242,NP_595183.1,NVGQEEDWDAAREKA,0.3957070707070707,0.6,,,,,,False,1.9603616668844488,,NP_446464,,NP_595183.1,AHMDLEGLTMEREVR,0.1999999999999999,0.2,,,,,,False,5.220606136954707,,NP_446464,,NP_595183.1,VEELSIHFEKGAPTK,0.7000000000000001,0.4666666666666667,,,,,,False,4.4799041115399625,,NP_446464,
ENSG00000205981,DNAJC19,ENST00000688055,ENSP00000508688,ENSP00000372005,DNAJC19,ENST00000486355,ENSP00000419991,ENSP00000372005,KSAFSGGYYRGGFEP,topological domain,Mitochondrial matrix,False,7.0,-0.3530724191103665,PDKGGSPYIAAKINE,topological domain,Mitochondrial matrix,False,7.0,4.464994787084905,SAFSGGYYRGGFEPK,topological domain,Mitochondrial matrix,False,7.0,0.4014551817181844,NP_593445.1,LNGGVKAFLKGGFES,0.4416666666666666,0.2666666666666666,,,,,,False,0.6530820989514473,,NP_660304,,NP_593445.1,PDRGGSPYVASKVNE,0.7916666666666666,0.7333333333333333,,,,,,False,1.0097716920669084,,NP_660304,,NP_593445.1,NGGVKAFLKGGFESK,0.6083333333333333,0.3333333333333333,,,,,,False,3.6025077825386425,,NP_660304,
ENSG00000137947,GTF2B,ENST00000448623,ENSP00000415741,ENSP00000359531,GTF2B,ENST00000448623,ENSP00000415741,ENSP00000359531,RQSYRLIYPRAPDLF,,,True,6.0,-0.4154495116529307,DRAMMNAFKEITTMA,,,True,6.0,1.653736651897478,KGTGAASFDEFGNSK,,,True,6.0,5.673687866590484,NP_594229.1,ADTAKQLYKRVDDHK,0.5499999999999999,0.2,,,,,,False,1.0257835244010958,,NP_001505,,NP_594229.1,EKNLLTAYKEIGAMC,0.7380952380952381,0.3333333333333333,0.637138885349528,0.0,0.915397637647952,0.0,0.084602362352048,False,3.880810678324167,7.0,NP_001505,,NP_594229.1,REDPPNLVEEFSSGD,0.3166666666666666,0.1333333333333333,,,,,,False,-1.430874870221574,,NP_001505,
ENSG00000123737,EXOSC9,ENST00000243498,ENSP00000243498,ENSP00000368984,EXOSC9,ENST00000379663,ENSP00000368984,ENSP00000368984,VGQTGLEFLTSDAPI,,,True,4.5,-0.4556049598200792,KEGGKFGFAESIANQ,,,True,5.0,-0.3847567863390337,RISFGTDYGCCIVEL,,,True,6.0,0.4031562242850026,NP_587683.1,LRKKETQYLGGSAEN,0.4158730158730159,0.1333333333333333,,,,,,False,1.6345052980817822,,NP_001029366,,NP_587683.1,SRLIEKAVRRSNALD,0.2583333333333333,0.1333333333333333,,,,,,False,-0.6945706701697445,,NP_001029366,,NP_587683.1,EIQFGKEYGQVDVSF,0.425,0.4,,,,,,False,-0.0965581181915663,,NP_001029366,
ENSG00000125875,TBC1D20,ENST00000681551,ENSP00000504974,ENSP00000346139,TBC1D20,ENST00000681551,ENSP00000504974,ENSP00000346139,VNPELHDFMQSAEVG,,,True,5.0,10.568842501992432,STHHLRDFMDPTMDN,,,True,5.5,8.549240253580178,AASTFKDFELASAQQ,,,True,5.5,0.7952569414868226,NP_595501.1,VVCRLFDFFISSHPL,0.375,0.3333333333333333,,,,,,False,10.417468608520846,,NP_653229,,NP_595501.1,VFYRLRDFMLPTLDG,0.5833333333333334,0.5333333333333333,,,,,,False,8.358268591883682,,NP_653229,,NP_595501.1,VFYRLRDFMLPTLDG,0.3678571428571429,0.2,,,,,,False,8.358268591883682,,NP_653229,
ENSG00000107371,EXOSC3,ENST00000679059,ENSP00000503947,ENSP00000323046,EXOSC3,ENST00000679059,ENSP00000503947,ENSP00000323046,SEPASLSYLSFEGAT,,,True,6.5,0.7219976086965105,ASLSYLSFEGATKRN,,,True,6.5,-0.3902103537330796,EELLLPEQEDAEGPG,,,True,7.0,3.190067269850422,NP_593242.1,GERIPDSIISQDGSI,0.4416666666666666,0.2666666666666666,,,,,,False,0.6738605342926964,,NP_057126,,NP_593242.1,AQLNALAFENVTRKS,0.4416666666666666,0.4,,,,,,False,3.475669345665474,,NP_057126,,NP_593242.1,DMEPELECFDATTGK,0.2944444444444445,0.2,,,,,,False,0.2547015866200611,,NP_057126,
ENSG00000131876,SNRPA1,ENST00000559686,ENSP00000453521,ENSP00000254193,SNRPA1,ENST00000254193,ENSP00000254193,ENSP00000254193,DQFDAIDFSDNEIRK,,,True,5.0,4.616092145272056,NLGATLDQFDAIDFS,,,True,5.5,1.178246650634594,DDGEEEMEEDTVTNG,,,True,7.0,1.473827984368338,NP_596725.1,DVHDAIDFTDNDIRY,0.8666666666666667,0.6666666666666666,0.2229305560500583,0.0,0.406203291917933,0.0,0.5937967080820671,False,4.335529680853565,5.0,NP_003081,,NP_596725.1,NLGVLRDVHDAIDFT,0.5625,0.6,,,,,,False,6.8828392227764486,,NP_003081,,NP_596725.1,EEVFGQIQNPTEIAS,0.2095238095238095,0.0666666666666666,,,,,,False,2.106240837477396,,NP_003081,
ENSG00000204392,LSM2,ENST00000375661,ENSP00000364813,ENSP00000364813,LSM2,ENST00000375661,ENSP00000364813,ENSP00000364813,GGMLFYSFFKSLVGK,,,True,5.5,1.3784012714690352,GGGGGMLFYSFFKSL,,,True,6.5,1.00513294513847,GMLFYSFFKSLVGKD,,,True,7.0,3.768154697520927,NP_588459.1,MAAVKDLFIRGSVVR,0.3166666666666666,0.1333333333333333,,,,,,False,6.432179890517977,,NP_067000,,NP_588459.1,DMSIRGILKSVDQFL,0.175,0.1333333333333333,,,,,,False,2.327462043044768,,NP_067000,,NP_588459.1,DMSIRGILKSVDQFL,0.3083333333333333,0.2,,,,,,False,2.327462043044768,,NP_067000,
ENSG00000172850,LSM2,ENST00000383391,ENSP00000372883,ENSP00000372883,LSM2,ENST00000383391,ENSP00000372883,ENSP00000372883,GGMLFYSFFKSLVGK,,,True,5.5,1.3784012714690352,GGGGGMLFYSFFKSL,,,True,6.5,1.00513294513847,GMLFYSFFKSLVGKD,,,True,7.0,3.768154697520927,NP_588459.1,MAAVKDLFIRGSVVR,0.3166666666666666,0.1333333333333333,,,,,,False,6.432179890517977,,NP_067000,,NP_588459.1,DMSIRGILKSVDQFL,0.175,0.1333333333333333,,,,,,False,2.327462043044768,,NP_067000,,NP_588459.1,DMSIRGILKSVDQFL,0.3083333333333333,0.2,,,,,,False,2.327462043044768,,NP_067000,
ENSG00000225998,LSM2,ENST00000434125,ENSP00000406280,ENSP00000406280,LSM2,ENST00000434125,ENSP00000406280,ENSP00000406280,GGMLFYSFFKSLVGK,,,True,5.5,1.3784012714690352,GGGGGMLFYSFFKSL,,,True,6.5,1.00513294513847,GMLFYSFFKSLVGKD,,,True,7.0,3.768154697520927,NP_588459.1,MAAVKDLFIRGSVVR,0.3166666666666666,0.1333333333333333,,,,,,False,6.432179890517977,,NP_067000,,NP_588459.1,DMSIRGILKSVDQFL,0.175,0.1333333333333333,,,,,,False,2.327462043044768,,NP_067000,,NP_588459.1,DMSIRGILKSVDQFL,0.3083333333333333,0.2,,,,,,False,2.327462043044768,,NP_067000,
ENSG00000224979,LSM2,ENST00000432122,ENSP00000414006,ENSP00000414006,LSM2,ENST00000432122,ENSP00000414006,ENSP00000414006,GGMLFYSFFKSLVGK,,,True,5.5,1.3784012714690352,GGGGGMLFYSFFKSL,,,True,6.5,1.00513294513847,GMLFYSFFKSLVGKD,,,True,7.0,3.768154697520927,NP_588459.1,MAAVKDLFIRGSVVR,0.3166666666666666,0.1333333333333333,,,,,,False,6.432179890517977,,NP_067000,,NP_588459.1,DMSIRGILKSVDQFL,0.175,0.1333333333333333,,,,,,False,2.327462043044768,,NP_067000,,NP_588459.1,DMSIRGILKSVDQFL,0.3083333333333333,0.2,,,,,,False,2.327462043044768,,NP_067000,
ENSG00000054116,TRAPPC3,ENST00000616074,ENSP00000482052,ENSP00000480332,TRAPPC3,ENST00000616395,ENSP00000480332,ENSP00000480332,NVGRCHDFRETADVI,,,True,3.0,10.432666433320067,ENNPLVDFVELPDNH,,,True,4.5,2.4798347716496094,WSPAGDEFSLILENN,,,True,6.5,0.6791325728083991,NP_593886.1,EWPRCADFRETGETV,0.9,0.4666666666666667,0.3811455550147896,0.0,0.5651232206194318,0.0,0.4348767793805682,False,3.127256220400799,3.0,NP_001257823,,NP_593886.1,DDNPLAEFVELPADA,0.65,0.5333333333333333,0.4321125229282694,0.0,0.5205967417637062,0.0,0.4794032582362938,False,2.3436399376108965,5.0,NP_001257823,,NP_593886.1,GFKVFLNFSPIISSV,0.4285714285714285,0.2,,,,,,False,1.9156738759026768,,NP_001257823,
ENSG00000236826,LSM2,ENST00000455705,ENSP00000414634,ENSP00000414634,LSM2,ENST00000455705,ENSP00000414634,ENSP00000414634,GGMLFYSFFKSLVGK,,,True,5.5,1.3784012714690352,GGGGGMLFYSFFKSL,,,True,6.5,1.00513294513847,GMLFYSFFKSLVGKD,,,True,7.0,3.768154697520927,NP_588459.1,MAAVKDLFIRGSVVR,0.3166666666666666,0.1333333333333333,,,,,,False,6.432179890517977,,NP_067000,,NP_588459.1,DMSIRGILKSVDQFL,0.175,0.1333333333333333,,,,,,False,2.327462043044768,,NP_067000,,NP_588459.1,DMSIRGILKSVDQFL,0.3083333333333333,0.2,,,,,,False,2.327462043044768,,NP_067000,
ENSG00000231502,LSM2,ENST00000424975,ENSP00000403345,ENSP00000403345,LSM2,ENST00000424975,ENSP00000403345,ENSP00000403345,GGMLFYSFFKSLVGK,,,True,5.5,1.3784012714690352,GGGGGMLFYSFFKSL,,,True,6.5,1.00513294513847,GMLFYSFFKSLVGKD,,,True,7.0,3.768154697520927,NP_588459.1,MAAVKDLFIRGSVVR,0.3166666666666666,0.1333333333333333,,,,,,False,6.432179890517977,,NP_067000,,NP_588459.1,DMSIRGILKSVDQFL,0.175,0.1333333333333333,,,,,,False,2.327462043044768,,NP_067000,,NP_588459.1,DMSIRGILKSVDQFL,0.3083333333333333,0.2,,,,,,False,2.327462043044768,,NP_067000,
ENSG00000122435,TRMT13,ENST00000370143,ENSP00000359162,ENSP00000359160,TRMT13,ENST00000370141,ENSP00000359160,ENSP00000359160,RHYVGKEYFRALGLG,,,True,5.0,3.657277669631252,EEHDDGGYRITDDGA,,,True,5.0,-2.0466800620818923,LRCLVETYAASFEER,,,True,6.0,-0.3941429872676012,NP_593914.2,AVNSLREHMHASGGA,0.5416666666666666,0.2,,,,,,False,4.080914847224261,,NP_061956,XP_047278729,NP_593914.2,SNRTKHDSRILKDSI,0.3472222222222222,0.2,,,,,,False,2.153578747758761,,NP_061956,XP_047278729,NP_593914.2,STSTDASESSSFEIV,0.3916666666666666,0.2,,,,,,False,1.241895043205632,,NP_061956,XP_047278729
ENSG00000175536,LIPT2,ENST00000310109,ENSP00000309463,ENSP00000309463,LIPT2,ENST00000310109,ENSP00000309463,ENSP00000309463,VEEVMPPFLVAFKEI,,,True,6.5,5.172709797132135,NCSTDLTWFEHIVPC,,,True,6.5,1.9764802590310784,MPPFLVAFKEIYKCT,,,True,7.0,1.3265005369697058,NP_594748.1,VEQPPKPTIITSQVC,0.3416666666666667,0.2,,,,,,False,2.288243334288524,,NP_001138341,,NP_594748.1,NVSTDLKYFNYIVGC,0.3952380952380952,0.6,,,,,,False,-2.2498307085846423,,NP_001138341,,NP_594748.1,DQGVFTDLKSVEKVL,0.4027777777777778,0.1333333333333333,,,,,,False,8.935860451673726,,NP_001138341,
ENSG00000127337,YEATS4,ENST00000247843,ENSP00000247843,ENSP00000247843,YEATS4,ENST00000247843,ENSP00000247843,ENSP00000247843,EIIIKIFFIDPNERP,,,True,5.5,3.4183878913154047,EFYDEMIFQDPTAMM,,,True,5.5,0.3257383102977114,AYKHETEFAELEVKT,,,True,5.5,-0.5611628075290225,NP_593730.1,VQYEEIVFNEPFEYT,0.4416666666666666,0.2666666666666666,0.4608273021517927,0.0,0.3004285920375619,0.0,0.699571407962438,False,0.3245879535562405,5.0,NP_006521,,NP_593730.1,FDIMVRIFFAPEAHE,0.5,0.2666666666666666,,,,,,False,3.490682460457803,,NP_006521,,NP_593730.1,DEADKLDFAIQEVKK,0.3638888888888889,0.3333333333333333,,,,,,False,-2.2078575572678627,,NP_006521,
ENSG00000124767,GLO1,ENST00000373365,ENSP00000362463,ENSP00000362463,GLO1,ENST00000373365,ENSP00000362463,ENSP00000362463,PIMKFSLYFLAYEDK,,,True,5.0,2.701753794517661,EDDETQSYHNGNSDP,,,True,5.0,-0.3098396823216485,FSLYFLAYEDKNDIP,,,True,6.0,-0.1048699020833772,NP_596010.1,EENEFSLSFLAFDGP,0.638888888888889,0.4,,,,,,False,2.275894844364608,,NP_006699,,NP_596010.1,EKESGPVYHNGNDGD,0.5833333333333334,0.4,,,,,,False,0.6234708783464525,,NP_006699,,NP_596010.1,DPEPSIAFYEKLGMK,0.407936507936508,0.1333333333333333,,,,,,False,-0.978219540689208,,NP_006699,
ENSG00000095906,NUBP2,ENST00000568287,ENSP00000454982,ENSP00000262302,NUBP2,ENST00000568287,ENSP00000454982,ENSP00000262302,GHDFIQEFPGSPAFA,,,True,6.0,0.908500848044316,CTECTSVFSRGGGEE,,,True,7.0,2.319651294798023,AQLAGVPFLGSVPLD,,,True,7.0,-0.872865695437381,NP_592852.1,SEKYKLPFLGSVPID,0.3273809523809524,0.2,,,,,,False,-1.313192995473118,,NP_036357,XP_011520640,NP_592852.1,CADCTNIFSSGGGLT,0.75,0.5333333333333333,0.6176606333446597,0.0,0.2569465661675617,0.0,0.7430534338324382,False,2.328654116004243,6.0,NP_036357,XP_011520640,NP_592852.1,SEKYKLPFLGSVPID,1.0,0.5333333333333333,,,,,,False,-1.313192995473118,,NP_036357,XP_011520640
ENSG00000140374,ETFA,ENST00000687975,ENSP00000508690,ENSP00000452762,ETFA,ENST00000687975,ENSP00000508690,ENSP00000452762,FSVRGTSFDAAATSG,,,True,5.5,7.319993393861145,GGGGGGMFRAAAPGQ,,,True,6.5,4.751678362733241,KDPEAPIFQVADYGI,,,True,6.5,3.1750092208369742,NP_594612.1,VTVRASAFDAAPSSG,0.75,0.5333333333333333,,,,,,False,6.565517499920795,,NP_000117,,NP_594612.1,EWVSENIIKNARPDL,0.386111111111111,0.1333333333333333,,,,,,False,0.616695449421598,,NP_000117,,NP_594612.1,RDENAPIFQTADVGI,0.625,0.6666666666666666,0.7010529694440639,0.0,0.2427275931804922,0.0,0.7572724068195078,True,3.015460846645865,5.0,NP_000117,
ENSG00000142676,RPL11,ENST00000374550,ENSP00000363676,ENSP00000496250,RPL11,ENST00000374550,ENSP00000363676,ENSP00000496250,YELRKNNFSDTGNFG,,,True,5.0,6.939030630686023,IGIYGLDFYVVLGRP,,,True,6.5,0.4894734291211833,LTGQTPVFSKARYTV,,,True,6.5,1.0336789994632023,NP_594150.1,YELKKRNFSATGNFG,0.75,0.8,,,,,,False,3.9456534727673502,,NP_000966,,NP_594150.1,IGIYGMDFYVVMDRP,0.8055555555555555,0.8,,,,,,False,0.7350353503638628,,NP_000966,,NP_594150.1,LSGQTPVFSKARYTI,1.0,0.8666666666666667,,,,,,False,1.0336789994632023,,NP_000966,
ENSG00000144713,RPL32,ENST00000429711,ENSP00000416429,ENSP00000416429,RPL32,ENST00000273223,ENSP00000339064,ENSP00000416429,ILMPNIGYGSNKKTK,,,True,8.0,1.2317235495080452,VKKRTKKFIRHQSDR,,,True,8.5,3.5896056528195,KHMLPSGFRKFLVHN,,,True,8.5,1.767891121589753,NP_594182.1,ISMPKIGYGNNKKTR,0.861111111111111,0.7333333333333333,,,,,,False,-0.8582441028206197,,NP_000985,,NP_594182.1,IKKRTKPFKRHQSDR,0.5428571428571428,0.8,,,,,,False,3.0083173448657923,,NP_000985,,NP_594182.1,RYCMPNGLKAFLVRN,0.525,0.4,,,,,,False,-0.0465397396069882,,NP_000985,
ENSG00000265808,SEC22B,ENST00000578049,ENSP00000463393,ENSP00000463393,SEC22B,ENST00000578049,ENSP00000463393,ENSP00000463393,LEDLHSEFDEQHGKK,topological domain,Cytoplasmic,True,5.0,-0.2722269068656927,TVSRPYSFIEFDTFI,topological domain,Cytoplasmic,True,5.5,3.4761341275687694,IQKTKKLYIDSRARR,topological domain,Cytoplasmic,True,5.5,0.6263887279550489,NP_596218.2,LEELAGEFWNSFGEE,0.4393939393939394,0.4,,,,,,False,1.9487316516016968,,NP_004883,,NP_596218.2,PGLRPYAFVQFDTFM,0.7333333333333334,0.5333333333333333,,,,,,False,4.693085594792366,,NP_004883,,NP_596218.2,PRKLAFSYLEELAGE,0.3999999999999999,0.2,,,,,,False,3.9220871887886055,,NP_004883,
ENSG00000164109,MAD2L1,ENST00000333047,ENSP00000332295,ENSP00000296509,MAD2L1,ENST00000333047,ENSP00000332295,ENSP00000296509,SAEIVAEFFSFGINS,,,True,5.0,5.85614756225033,WEESGPQFITNSEEV,,,True,5.5,0.5947781853647055,EEVRLRSFTTTIHKV,,,True,5.5,8.946642798983003,NP_596370.1,SSKLVSEFFEYAVNS,0.6964285714285715,0.4666666666666667,0.8119503550602899,0.0,0.3738048906276965,0.0,0.6261951093723034,False,2.101940399814019,4.5,NP_002349,,NP_596370.1,DTADQFQNIGNKEDE,0.5277777777777778,0.2666666666666666,,,,,,False,1.3141963447764242,,NP_002349,,NP_596370.1,EQVQLRSFSTSMHKI,0.75,0.6,0.265618411626052,0.0,0.5268536790585868,0.0,0.4731463209414132,False,5.854479314540528,5.5,NP_002349,
ENSG00000105258,POLR2I,ENST00000586439,ENSP00000467134,ENSP00000221859,POLR2I,ENST00000586439,ENSP00000467134,ENSP00000221859,CGHKEAVFFQSHSAR,,,True,5.5,-0.9040179098229678,AEDAMRLYYVCTAPH,,,True,6.0,2.011699176385084,GHKEAVFFQSHSARA,,,True,7.0,4.701364968307202,NP_594705.1,CHQHEAVFYQTHSRR,0.7714285714285714,0.6,,,,,,False,-1.0135312749959169,,NP_006224,,NP_594705.1,GDTMMTLIYVCVHCG,0.5833333333333334,0.3333333333333333,,,,,,False,4.678961267931718,,NP_006224,,NP_594705.1,HQHEAVFYQTHSRRG,0.5714285714285715,0.5333333333333333,0.0641724762752957,0.0,0.2479576636728446,0.0,0.7520423363271553,False,3.629061518673234,8.0,NP_006224,
ENSG00000105185,PDCD5,ENST00000221784,ENSP00000221784,ENSP00000466214,PDCD5,ENST00000419343,ENSP00000476525,ENSP00000466214,LQAKHGDPGDAAQQE,,,True,7.5,3.179342007289081,GGGMADEELEALRRQ,,,True,8.0,2.057572754523807,GDPGDAAQQEAKHRE,,,True,8.5,0.3033073117106646,NP_593181.1,IALVRKDRAEAVEEL,0.3999999999999999,0.1333333333333333,,,,,,False,1.6206805147607517,,NP_004699,,NP_593181.1,IRQARLAQLQAEHGS,0.425,0.1333333333333333,,,,,,False,1.649344990437295,,NP_004699,,NP_593181.1,IRQARLAQLQAEHGS,0.65,0.2666666666666666,,,,,,False,1.649344990437295,,NP_004699,
ENSG00000133119,RFC3,ENST00000380071,ENSP00000369411,ENSP00000369411,RFC3,ENST00000380071,ENSP00000369411,ENSP00000369411,EVAQMAAYYEHRLQL,,,True,6.0,0.860115211468787,EACRVQQYPFTADQE,,,True,6.5,7.860057925762764,MCILRELYGVGVEKL,,,True,7.0,-0.1908295808717349,NP_595646.1,YLIQAAANYEHRTRM,0.5777777777777778,0.4666666666666667,,,,,,False,2.7167463443615896,,NP_002906,XP_016876170,NP_595646.1,LIDTGAQLPLPDWQT,0.2072510822510822,0.2,,,,,,False,4.67623504273723,,NP_002906,XP_016876170,NP_595646.1,VAILRELYGPGSEKL,0.7857142857142857,0.7333333333333333,,,,,,False,-0.1322772608536727,,NP_002906,XP_016876170
ENSG00000060762,MPC1,ENST00000621630,ENSP00000479789,ENSP00000354223,MPC1,ENST00000621630,ENSP00000479789,ENSP00000354223,DYVRSKDFRDYLMST,topological domain;transmembrane region,Mitochondrial matrix;Helical,False,5.5,2.1634405004842066,LVRKAADYVRSKDFR,topological domain,Mitochondrial matrix,False,5.5,2.2284814376212,IISGRMTFALCCYSL,transmembrane region,Helical,False,6.0,0.1299408633076448,NP_587737.1,TWLKSPDFRKYLCST,0.6148148148148148,0.5333333333333333,,,,,,False,-2.8785560307035487,,NP_057182,,NP_587737.1,VTRRFITWLKSPDFR,0.4386363636363636,0.3333333333333333,,,,,,False,3.961581345116726,,NP_057182,,NP_587737.1,LISGRMTGALILYSS,0.5416666666666666,0.6666666666666666,,,,,,False,0.6666691858539117,,NP_057182,
ENSG00000099624,ATP5F1D,ENST00000395633,ENSP00000378995,ENSP00000378995,ATP5F1D,ENST00000395633,ENSP00000378995,ENSP00000378995,DGTTSKYFVSSGSIA,,,True,5.0,1.3264253747142432,LVRHARAYAEAAAAP,,,True,5.0,5.588594226123537,EDGTTSKYFVSSGSI,,,True,6.0,3.353831379488313,NP_596259.2,SSNKSKYFISGGFAV,0.5694444444444444,0.4,0.4634518774267808,0.0,0.3417279477243254,0.0,0.6582720522756745,False,1.7427817076932883,6.0,NP_001001975,,NP_596259.2,APFGIRGYAQAVQKN,0.5333333333333333,0.2666666666666666,,,,,,False,0.9143117639598128,,NP_001001975,,NP_596259.2,ESSNKSKYFISGGFA,0.9583333333333334,0.4666666666666667,,,,,,False,1.9822345405514008,,NP_001001975,
ENSG00000168924,LETM1,ENST00000302787,ENSP00000305653,ENSP00000305653,LETM1,ENST00000302787,ENSP00000305653,ENSP00000305653,CTPIHPVYTSSRGDH,,,True,6.0,0.2445353692308538,PNMLPSTFETQSLKE,topological domain,Mitochondrial matrix,False,6.5,1.4544340672741938,RNCLNVPFGCCTPIH,,,True,6.5,-0.3536514752398122,NP_593648.1,KISSKLVYKMAVGYE,0.475,0.2,,,,,,False,-0.6568611759616727,,NP_036450,XP_006713947,NP_593648.1,RYMNLNAFGTDPLLR,0.4444444444444445,0.2666666666666666,,,,,,False,3.423178051293562,,NP_036450,XP_006713947,NP_593648.1,SLSIPELFNACNSRG,0.1666666666666666,0.1333333333333333,,,,,,False,-0.8533324108346805,,NP_036450,XP_006713947
ENSG00000101843,PSMD10,ENST00000217958,ENSP00000217958,ENSP00000217958,PSMD10,ENST00000217958,ENSP00000217958,ENSP00000217958,KMIHILLYYKASTNI,,,True,5.5,1.584957179593816,VSQGASIYIENKEEK,,,True,6.0,1.5066152087150733,ANPDAKDHYEATAMH,,,True,6.5,0.8441641992163051,NP_593722.1,RGGQTCLHYAAGKGR,0.4666666666666666,0.2,,,,,,False,0.5414953005896965,,NP_002805,,NP_593722.1,GWTPLMISINNRSVP,0.4166666666666667,0.2,,,,,,False,6.063536621797686,,NP_002805,,NP_593722.1,DRIVCNEFLEACKEQ,0.2972222222222222,0.1333333333333333,0.6034586411209424,0.0,0.3507312803602253,0.0,0.6492687196397747,False,2.1728722750244827,4.0,NP_002805,
ENSG00000198258,UBL5,ENST00000586895,ENSP00000468656,ENSP00000468656,UBL5,ENST00000586895,ENSP00000468656,ENSP00000468656,LKKWYTIFKDHVSLG,,,True,6.0,5.047250305911315,KIVLKKWYTIFKDHV,,,True,8.0,0.865547399686341,DHVSLGDYEIHDGMN,,,True,8.0,3.5834849181363766,NP_595099.1,LKKWHSVFKDNITLA,0.686111111111111,0.5333333333333333,0.4611599144308317,0.0,0.4207921227359547,0.0,0.5792078772640453,False,5.823385270021287,6.0,NP_001041706,,NP_595099.1,RIVLKKWHSVFKDNI,0.7083333333333334,0.6,,,,,,False,1.8522188758630285,,NP_001041706,,NP_595099.1,DNITLADYEIHDGMS,1.0,0.6666666666666666,,,,,,False,4.476150416603657,,NP_001041706,
ENSG00000275323,RPS9,ENST00000618751,ENSP00000480135,ENSP00000480135,RPS9,ENST00000618751,ENSP00000480135,ENSP00000480135,LGLKIEDFLERRLQT,,,True,6.5,-0.6037684731532543,REVWRVKFTLAKIRK,,,True,7.0,7.31026868880212,YVTPRRPFEKSRLDQ,,,True,7.0,-0.7385404593324243,NP_595840.1,LALRIEDFLERRLQT,1.0,0.8666666666666667,,,,,,False,2.376959184643193,,NP_001004,,NP_595840.1,HEIWRVALTLSKIRR,0.5,0.6,,,,,,False,5.535674180194945,,NP_001004,,NP_595840.1,YKVPRRPFESARLDA,0.7083333333333334,0.6666666666666666,0.4856838551548664,0.0,0.3453922969748006,0.0,0.6546077030251993,False,2.034602646386213,5.0,NP_001004,
ENSG00000277359,RPS9,ENST00000616839,ENSP00000484394,ENSP00000484394,RPS9,ENST00000616839,ENSP00000484394,ENSP00000484394,LGLKIEDFLERRLQT,,,True,6.5,-0.6037684731532543,REVWRVKFTLAKIRK,,,True,7.0,7.31026868880212,YVTPRRPFEKSRLDQ,,,True,7.0,-0.7385404593324243,NP_595840.1,LALRIEDFLERRLQT,1.0,0.8666666666666667,,,,,,False,2.376959184643193,,NP_001004,,NP_595840.1,HEIWRVALTLSKIRR,0.5,0.6,,,,,,False,5.535674180194945,,NP_001004,,NP_595840.1,YKVPRRPFESARLDA,0.7083333333333334,0.6666666666666666,0.4856838551548664,0.0,0.3453922969748006,0.0,0.6546077030251993,False,2.034602646386213,5.0,NP_001004,
ENSG00000274626,RPS9,ENST00000616928,ENSP00000481655,ENSP00000481655,RPS9,ENST00000616928,ENSP00000481655,ENSP00000481655,LGLKIEDFLERRLQT,,,True,6.5,-0.6037684731532543,REVWRVKFTLAKIRK,,,True,7.0,7.31026868880212,YVTPRRPFEKSRLDQ,,,True,7.0,-0.7385404593324243,NP_595840.1,LALRIEDFLERRLQT,1.0,0.8666666666666667,,,,,,False,2.376959184643193,,NP_001004,,NP_595840.1,HEIWRVALTLSKIRR,0.5,0.6,,,,,,False,5.535674180194945,,NP_001004,,NP_595840.1,YKVPRRPFESARLDA,0.7083333333333334,0.6666666666666666,0.4856838551548664,0.0,0.3453922969748006,0.0,0.6546077030251993,False,2.034602646386213,5.0,NP_001004,
ENSG00000117222,RBBP5,ENST00000264515,ENSP00000264515,ENSP00000264515,RBBP5,ENST00000264515,ENSP00000264515,ENSP00000264515,WSAFAPDFKELDENV,,,True,4.5,2.284859142211319,SVDPIAAFCSSDEEL,,,True,4.5,2.0299578605677366,ELDENVEYEERESEF,,,True,5.5,-0.8140427359160882,NP_593795.1,WSAFAPDFQELEENI,0.8666666666666667,0.8,0.2367228717880296,0.0,0.4033676312454745,0.0,0.5966323687545255,False,1.4123964812879497,4.5,NP_005048,XP_047282850,NP_593795.1,QKESWSAFAPDFQEL,0.3761904761904762,0.2666666666666666,,,,,,False,2.0366549165019854,,NP_005048,XP_047282850,NP_593795.1,ELEENIEYEEPEDEF,0.6190476190476191,0.7333333333333333,0.5563008516730551,0.0,0.4786651089709582,0.0,0.5213348910290418,False,1.955708356956622,4.0,NP_005048,XP_047282850
ENSG00000067064,IDI1,ENST00000429642,ENSP00000401879,ENSP00000370748,IDI1,ENST00000429642,ENSP00000401879,ENSP00000370748,RSDAKITFPGCFTNT,,,True,5.5,0.2938109501490316,NEIKSYCYVSKEELK,,,True,6.5,3.6259610898195,NLNHLNQFVDHEKIY,,,True,7.0,5.740337104902417,NP_595164.2,RAEEKITFPSLWTNT,0.625,0.6,0.4759774771102401,0.0,0.55631897996978,0.0,0.44368102003022,False,2.370193186885452,6.0,NP_004499,,NP_595164.2,NEVQAYKYVTMEELK,0.3999999999999999,0.6,0.3139515434176843,0.0,0.3237059597344933,0.0,0.6762940402655067,False,6.374709858625978,7.0,NP_004499,,NP_595164.2,FMFKWWQDVDHASKF,0.5833333333333334,0.2666666666666666,,,,,,False,6.522777380601796,,NP_004499,
ENSG00000274646,RPS9,ENST00000620940,ENSP00000483179,ENSP00000482475,RPS9,ENST00000620940,ENSP00000483179,ENSP00000482475,LGLKIEDFLERRLQT,,,True,6.5,-0.6037684731532543,REVWRVKFTLAKIRK,,,True,7.0,7.31026868880212,YVTPRRPFEKSRLDQ,,,True,7.0,-0.7385404593324243,NP_595840.1,LALRIEDFLERRLQT,1.0,0.8666666666666667,,,,,,False,2.376959184643193,,NP_001004,,NP_595840.1,HEIWRVALTLSKIRR,0.5,0.6,,,,,,False,5.535674180194945,,NP_001004,,NP_595840.1,YKVPRRPFESARLDA,0.7083333333333334,0.6666666666666666,0.4856838551548664,0.0,0.3453922969748006,0.0,0.6546077030251993,False,2.034602646386213,5.0,NP_001004,
ENSG00000274005,RPS9,ENST00000617291,ENSP00000482274,ENSP00000482274,RPS9,ENST00000617291,ENSP00000482274,ENSP00000482274,LGLKIEDFLERRLQT,,,True,6.5,-0.6037684731532543,REVWRVKFTLAKIRK,,,True,7.0,7.31026868880212,YVTPRRPFEKSRLDQ,,,True,7.0,-0.7385404593324243,NP_595840.1,LALRIEDFLERRLQT,1.0,0.8666666666666667,,,,,,False,2.376959184643193,,NP_001004,,NP_595840.1,HEIWRVALTLSKIRR,0.5,0.6,,,,,,False,5.535674180194945,,NP_001004,,NP_595840.1,YKVPRRPFESARLDA,0.7083333333333334,0.6666666666666666,0.4856838551548664,0.0,0.3453922969748006,0.0,0.6546077030251993,False,2.034602646386213,5.0,NP_001004,
ENSG00000277079,RPS9,ENST00000620720,ENSP00000478449,ENSP00000478449,RPS9,ENST00000620720,ENSP00000478449,ENSP00000478449,LGLKIEDFLERRLQT,,,True,6.5,-0.6037684731532543,REVWRVKFTLAKIRK,,,True,7.0,7.31026868880212,YVTPRRPFEKSRLDQ,,,True,7.0,-0.7385404593324243,NP_595840.1,LALRIEDFLERRLQT,1.0,0.8666666666666667,,,,,,False,2.376959184643193,,NP_001004,,NP_595840.1,HEIWRVALTLSKIRR,0.5,0.6,,,,,,False,5.535674180194945,,NP_001004,,NP_595840.1,YKVPRRPFESARLDA,0.7083333333333334,0.6666666666666666,0.4856838551548664,0.0,0.3453922969748006,0.0,0.6546077030251993,False,2.034602646386213,5.0,NP_001004,
ENSG00000274950,RPS9,ENST00000616536,ENSP00000481822,ENSP00000481194,RPS9,ENST00000616536,ENSP00000481822,ENSP00000481194,LGLKIEDFLERRLQT,,,True,6.5,-0.6037684731532543,REVWRVKFTLAKIRK,,,True,7.0,7.31026868880212,YVTPRRPFEKSRLDQ,,,True,7.0,-0.7385404593324243,NP_595840.1,LALRIEDFLERRLQT,1.0,0.8666666666666667,,,,,,False,2.376959184643193,,NP_001004,,NP_595840.1,HEIWRVALTLSKIRR,0.5,0.6,,,,,,False,5.535674180194945,,NP_001004,,NP_595840.1,YKVPRRPFESARLDA,0.7083333333333334,0.6666666666666666,0.4856838551548664,0.0,0.3453922969748006,0.0,0.6546077030251993,False,2.034602646386213,5.0,NP_001004,
ENSG00000278081,RPS9,ENST00000610953,ENSP00000482023,ENSP00000482023,RPS9,ENST00000610953,ENSP00000482023,ENSP00000482023,LGLKIEDFLERRLQT,,,True,6.5,-0.6037684731532543,REVWRVKFTLAKIRK,,,True,7.0,7.31026868880212,YVTPRRPFEKSRLDQ,,,True,7.0,-0.7385404593324243,NP_595840.1,LALRIEDFLERRLQT,1.0,0.8666666666666667,,,,,,False,2.376959184643193,,NP_001004,,NP_595840.1,HEIWRVALTLSKIRR,0.5,0.6,,,,,,False,5.535674180194945,,NP_001004,,NP_595840.1,YKVPRRPFESARLDA,0.7083333333333334,0.6666666666666666,0.4856838551548664,0.0,0.3453922969748006,0.0,0.6546077030251993,False,2.034602646386213,5.0,NP_001004,
ENSG00000116954,RRAGC,ENST00000373001,ENSP00000362092,ENSP00000362092,RRAGC,ENST00000373001,ENSP00000362092,ENSP00000362092,VIDAQDDYMEALTRL,,,True,3.0,-0.4765260984621722,MSPNETLFLESTNKI,,,True,4.5,2.579197639730926,DFPGQMDFFDPTFDY,,,True,4.5,2.409174552348974,NP_588251.1,VIDAQDDYLDALARL,0.638888888888889,0.8,0.5763768071755238,0.0,0.6845948994286598,0.0,0.3154051005713402,False,0.5215447823116054,3.5,NP_071440,,NP_588251.1,MPPNETLFLESTSKL,0.875,0.8,0.4702027739740635,0.0,0.7402368981086008,0.0,0.2597631018913992,False,-1.7436763465179357,4.5,NP_071440,,NP_588251.1,DFPGQVDVFDAAFDF,0.5833333333333334,0.6666666666666666,,,,,,False,4.121122034393586,,NP_071440,
ENSG00000197894,ADH5,ENST00000296412,ENSP00000296412,ENSP00000296412,ADH5,ENST00000296412,ENSP00000296412,ENSP00000296412,VDINKDKFARAKEFG,,,True,6.0,1.147585241649498,KFARAKEFGATECIN,,,True,6.0,5.6317272069514965,HYMGTSTFSEYTVVA,,,True,6.0,0.3244858128227466,NP_588247.1,PECKTCKFCKSGKTN,0.475,0.1333333333333333,,,,,,False,-0.013923682021464,,NP_000662,,NP_588247.1,KKNWAMSFGATDFIN,0.611111111111111,0.5333333333333333,,,,,,False,7.9226569806888,,NP_000662,,NP_588247.1,HFMGCSTFSEYTVVA,1.0,0.8666666666666667,0.2827160915998677,0.0,0.4323710136556288,0.0,0.5676289863443711,False,1.0438546941704625,6.0,NP_000662,
ENSG00000142168,SOD1,ENST00000389995,ENSP00000374645,ENSP00000270142,SOD1,ENST00000389995,ENSP00000374645,ENSP00000270142,HGFHVHEFGDNTAGC,,,True,5.5,1.23310820338203,LTEGLHGFHVHEFGD,,,True,8.0,3.126292133401076,QGIINFEQKESNGPV,,,True,8.0,0.0610533920506268,NP_593163.1,RGFHIHQFGDNTNGC,0.6777777777777779,0.7333333333333333,0.3218886213965248,0.0,0.6939098025227963,0.0,0.3060901974772037,False,6.945981476280474,6.5,NP_000445,,NP_593163.1,DANAKRGFHIHQFGD,0.9583333333333334,0.4666666666666667,,,,,,False,0.5266907234028921,,NP_000445,,NP_593163.1,SGVVTFEQVDQNSQV,0.3055555555555555,0.4,,,,,,False,3.068505012892053,,NP_000445,
ENSG00000278270,RPS9,ENST00000614737,ENSP00000482338,ENSP00000482338,RPS9,ENST00000614737,ENSP00000482338,ENSP00000482338,LGLKIEDFLERRLQT,,,True,6.5,-0.6037684731532543,REVWRVKFTLAKIRK,,,True,7.0,7.31026868880212,YVTPRRPFEKSRLDQ,,,True,7.0,-0.7385404593324243,NP_595840.1,LALRIEDFLERRLQT,1.0,0.8666666666666667,,,,,,False,2.376959184643193,,NP_001004,,NP_595840.1,HEIWRVALTLSKIRR,0.5,0.6,,,,,,False,5.535674180194945,,NP_001004,,NP_595840.1,YKVPRRPFESARLDA,0.7083333333333334,0.6666666666666666,0.4856838551548664,0.0,0.3453922969748006,0.0,0.6546077030251993,False,2.034602646386213,5.0,NP_001004,
ENSG00000170889,RPS9,ENST00000626547,ENSP00000485771,ENSP00000302896,RPS9,ENST00000626547,ENSP00000485771,ENSP00000302896,LGLKIEDFLERRLQT,,,True,6.5,-0.6037684731532543,REVWRVKFTLAKIRK,,,True,7.0,7.31026868880212,YVTPRRPFEKSRLDQ,,,True,7.0,-0.7385404593324243,NP_595840.1,LALRIEDFLERRLQT,1.0,0.8666666666666667,,,,,,False,2.376959184643193,,NP_001004,,NP_595840.1,HEIWRVALTLSKIRR,0.5,0.6,,,,,,False,5.535674180194945,,NP_001004,,NP_595840.1,YKVPRRPFESARLDA,0.7083333333333334,0.6666666666666666,0.4856838551548664,0.0,0.3453922969748006,0.0,0.6546077030251993,False,2.034602646386213,5.0,NP_001004,
ENSG00000197756,RPL37A,ENST00000420712,ENSP00000410080,ENSP00000418082,RPL37A,ENST00000491306,ENSP00000418082,ENSP00000418082,VAGGAWTYNTTSAVT,,,True,5.5,8.56750301371125,IEISQHAKYTCSFCG,,,True,8.0,-1.0165808607588938,EISQHAKYTCSFCGK,,,True,8.0,-0.1660445879670438,NP_595105.1,LAGGAWTVTTAAATS,0.4583333333333333,0.5333333333333333,,,,,,False,9.01848320850846,,NP_000989,,NP_595105.1,IEVQQHSRYQCPFCG,0.5750000000000001,0.6,,,,,,False,-1.8545389856551384,,NP_000989,,NP_595105.1,EVQQHSRYQCPFCGR,0.5095238095238096,0.5333333333333333,,,,,,False,2.914244575870062,,NP_000989,
ENSG00000132646,PCNA,ENST00000379143,ENSP00000368438,ENSP00000368438,PCNA,ENST00000379143,ENSP00000368438,ENSP00000368438,FALRYLNFFTKATPL,,,True,5.5,7.247157050142812,DVPLVVEYKIADMGH,,,True,6.0,3.437119109949641,CAKDGVKFSASGELG,,,True,6.5,-0.8514718752924675,NP_596504.1,FSLKYLAQFTKATPL,0.4833333333333333,0.7333333333333333,,,,,,False,4.266429392346366,,NP_872590,,NP_596504.1,KNDRISDYDVKLMDI,0.4527777777777778,0.1333333333333333,,,,,,False,8.543743038579231,,NP_872590,,NP_596504.1,TLSDSVTINASKEGV,0.4944444444444444,0.3333333333333333,,,,,,False,-1.575677449786848,,NP_872590,
ENSG00000119616,FCF1,ENST00000556814,ENSP00000451345,ENSP00000344393,FCF1,ENST00000341162,ENSP00000344393,ENSP00000344393,QSMMDCLYAKCIPCI,,,True,7.0,-2.3500835126315973,PQHPSCLFFQYNTQL,,,True,7.0,-3.8728681103290015,RVTQHKCYIVATVDR,,,True,7.0,0.8517223072433598,NP_595610.1,EGLMTCLYAKTIPCI,0.7999999999999999,0.6666666666666666,,,,,,False,-1.169612811837842,,NP_057046,XP_011535117,NP_595610.1,PQMASNLFFQFNESL,0.7166666666666667,0.6,,,,,,False,0.4284142587012782,,NP_057046,XP_011535117,NP_595610.1,RVMQHKCYLVATNDK,0.6666666666666666,0.7333333333333333,,,,,,False,4.879975639058803,,NP_057046,XP_011535117
ENSG00000117308,GALE,ENST00000617979,ENSP00000483375,ENSP00000483375,GALE,ENST00000617979,ENSP00000483375,ENSP00000483375,HGVKNLVFSSSATVY,,,True,5.0,7.714565333253502,LTGRSVEFEEMDILD,,,True,5.5,4.707410846635317,LPVVIDNFHNAFRGG,,,True,6.5,4.310204750932164,NP_596043.1,YNVRDFVFSSSATVY,1.0,0.6666666666666666,0.3392359303236456,0.0,0.5165890308320561,0.0,0.4834109691679438,False,12.04568963709734,5.0,NP_001008217,,NP_596043.1,KWKTSRSIYEICVDT,0.2857142857142857,0.1333333333333333,,,,,,False,0.8396972311959836,,NP_001008217,,NP_596043.1,DVVIVDNLCNSRVEA,0.1944444444444444,0.2666666666666666,,,,,,False,0.2131017402183752,,NP_001008217,
ENSG00000108733,PEX12,ENST00000585380,ENSP00000466280,ENSP00000225873,PEX12,ENST00000585380,ENSP00000466280,ENSP00000225873,LSRTSASFSENFYGL,topological domain,Peroxisomal matrix,False,6.0,0.7164937995579188,YGFLWRWFDEIFTLL,transmembrane region,Helical; Name=TM2,False,6.0,-0.1225170956709195,VGVFFLQFLDWWYSS,transmembrane region,Helical; Name=TM5,False,6.5,-1.8666341889534088,NP_001018219.2,IIQLIDWWQSNNYES,0.303030303030303,0.1333333333333333,,,,,,False,4.82296929860357,,NP_000277,,NP_001018219.2,LLRAYNSFDGIYLLV,0.2777777777777778,0.2666666666666666,,,,,,False,1.5977248587883213,,NP_000277,,NP_001018219.2,GFLIIIQLIDWWQSN,0.5499999999999999,0.3333333333333333,,,,,,False,-0.8577145791819912,,NP_000277,
ENSG00000117410,ATP6V0B,ENST00000532642,ENSP00000434729,ENSP00000431605,ATP6V0B,ENST00000532642,ENSP00000434729,ENSP00000431605,NLVSIXEPFSATDPK,topological domain,Cytoplasmic,True,6.0,5.995789506410288,FLTETSPFMWSNLXS,topological domain;transmembrane region,Cytoplasmic;Helical,False,6.5,1.9662615019379093,KAIGHRNYHAGYSMF,topological domain,Cytoplasmic,True,7.0,0.3231058238157475,NP_594516.1,LFHNSGESFDFGSFL,0.2361111111111111,0.1333333333333333,,,,,,False,0.318519048942934,,NP_004038,,NP_594516.1,FLLDTSPYTWGLLGI,0.5380952380952381,0.4666666666666667,,,,,,False,1.2091571641139027,,NP_004038,,NP_594516.1,GFYTKSHYYTGFALF,0.4434523809523809,0.2,0.5103437233070481,0.0,0.2681613055411473,0.0,0.7318386944588526,False,4.113802779419461,5.5,NP_004038,
ENSG00000131100,ATP6V1E1,ENST00000253413,ENSP00000253413,ENSP00000253413,ATP6V1E1,ENST00000253413,ENSP00000253413,ENSP00000253413,QRLKIMEYYEKKEKQ,,,True,4.0,0.3342627403222173,QIKHMMAFIEQEANE,,,True,6.5,1.280501619142013,DDLITDLLNEAKQRL,,,True,7.5,-1.192618858102064,NP_594932.1,VSFIKQEALEKAKEI,0.4083333333333334,0.2,,,,,,False,2.717426655735563,,NP_001687,,NP_594932.1,EMHKMVSFIKQEALE,0.7416666666666667,0.4666666666666667,,,,,,False,1.991166310460859,,NP_001687,,NP_594932.1,TKFMADLIVQAMELL,0.425,0.2666666666666666,,,,,,False,3.770931700037052,,NP_001687,
ENSG00000265681,RPL17,ENST00000618619,ENSP00000482577,ENSP00000462023,RPL17,ENST00000618619,ENSP00000482577,ENSP00000462023,AHGRINPYMSSPCHI,,,True,6.0,5.275263987405618,GSNLRVHFKNTRETA,,,True,6.0,1.2791999140917891,WPKKSAEFLLHMLKN,,,True,7.5,0.0182675609162945,NP_587841.1,AHGRVTAYLSSPSHI,0.5,0.6666666666666666,0.3207735502294225,0.0,0.551828473942105,0.0,0.448171526057895,False,4.328886777483712,5.5,NP_001186273,,NP_587841.1,GAYLRTHFKNSREVA,0.875,0.6666666666666666,,,,,,False,4.393637564718411,,NP_001186273,,NP_595711.1,WPVKSVKFFYDLLKN,0.315079365079365,0.5333333333333333,,,,,,False,1.0781449072914406,,NP_001186273,
ENSG00000197498,RPF2,ENST00000441448,ENSP00000402338,ENSP00000402338,RPF2,ENST00000441448,ENSP00000402338,ENSP00000402338,EDQTSLEFFSKKSDC,,,True,3.5,1.2802072592693294,LIFAGDDFDVTEDYR,,,True,5.0,-0.0908940487683764,KNISHDTFGTTYGRI,,,True,5.0,1.2687157710776376,NP_594369.1,EDASSLEFFSEKNDA,0.7277777777777779,0.6666666666666666,,,,,,False,5.290843346298373,,NP_115570,,NP_594369.1,NATSQISLDVLGDIH,0.4583333333333333,0.2,,,,,,False,0.39694973517,,NP_115570,,NP_594369.1,KNVDVDIIGNKVGRI,0.2583333333333333,0.4666666666666667,,,,,,False,-0.103845743561069,,NP_115570,
ENSG00000069345,DNAJA2,ENST00000317089,ENSP00000314030,ENSP00000314030,DNAJA2,ENST00000317089,ENSP00000314030,ENSP00000314030,EEVELQEFDSTRGSG,,,True,3.5,4.341141629711466,GGQRREAYNDSSDEE,,,True,4.5,0.4477898616204612,YIKFDVQFPENNWIN,,,True,6.5,-0.3788490312143171,NP_595428.1,KIVFKEEGEQAPGII,0.3166666666666666,0.2,,,,,,False,-0.5595843752921511,,NP_005871,,NP_595428.1,DQKEHPRFKRSGDHL,0.3166666666666666,0.1333333333333333,,,,,,False,0.3158849933636223,,NP_005871,,NP_595428.1,YIRFHVDFPEPNFAT,0.4801587301587302,0.5333333333333333,0.3768041290584933,0.0,0.473045403280063,0.0,0.5269545967199369,False,1.0018051078959576,5.5,NP_005871,
ENSG00000145817,YIPF5,ENST00000274496,ENSP00000274496,ENSP00000274496,YIPF5,ENST00000274496,ENSP00000274496,ENSP00000274496,FENLNTDFYQTSYSI,topological domain,Cytoplasmic,True,5.0,2.056427461854612,ENLNTDFYQTSYSID,topological domain,Cytoplasmic,True,5.0,0.1580516899985466,DLAGPMVFCLAFGAT,transmembrane region,Helical,False,6.5,0.4969000893476697,NP_588195.1,NNPANLQYYDYSYTA,0.3571428571428571,0.2666666666666666,0.407621739971283,0.0,0.267648532799875,0.0,0.7323514672001249,False,-1.9350988176458848,6.0,NP_110426,,NP_588195.1,NPANLQYYDYSYTAD,0.3904761904761905,0.3333333333333333,,,,,,False,3.047405703424716,,NP_110426,,NP_588195.1,DMAGPILFCLLFSTF,0.5,0.5333333333333333,,,,,,False,-0.518214542027824,,NP_110426,
ENSG00000100138,SNU13,ENST00000648350,ENSP00000498157,ENSP00000383949,SNU13,ENST00000648350,ENSP00000498157,ENSP00000383949,DKNVPYVFVRSKQAL,,,True,7.0,4.769928564821366,ADVNPKAYPLADAHL,,,True,7.0,0.1232639934268074,LNRGISEFIVMAADA,,,True,7.5,7.03022727865959,NP_593592.1,DKNVPYVFVPSKAAL,0.5773809523809524,0.8666666666666667,,,,,,False,4.769928564821366,,NP_001003796,,NP_593592.1,MSVNPKAFPLADSGL,0.7916666666666666,0.6666666666666666,,,,,,False,-0.4331036757484559,,NP_001003796,,NP_593592.1,LNRGISEFIVMAADT,1.0,0.9333333333333332,,,,,,False,7.03022727865959,,NP_001003796,
ENSG00000135823,STX6,ENST00000258301,ENSP00000258301,ENSP00000258301,STX6,ENST00000258301,ENSP00000258301,ENSP00000258301,ELSIRKAFITSTRQV,topological domain,Cytoplasmic,True,6.0,-0.4528585437081049,IEWDLEDLDETISIV,topological domain,Cytoplasmic,True,6.5,0.6557889568570211,DLDETISIVEANPRK,topological domain,Cytoplasmic,True,7.0,-0.180620288221581,NP_595989.1,VRKLYNSFMAARNSG,0.2833333333333333,0.0666666666666666,,,,,,False,4.324259398204931,,NP_005810,,NP_595989.1,LTYAIDELSETLKDL,0.5666666666666667,0.2,,,,,,False,0.7499150047855826,,NP_005810,,NP_595989.1,KRLKDFTIASADSKS,0.325,0.1333333333333333,,,,,,False,2.159501769243946,,NP_005810,
ENSG00000122034,GTF3A,ENST00000419181,ENSP00000389655,ENSP00000370532,GTF3A,ENST00000419181,ENSP00000389655,ENSP00000370532,PRRFICSFPDCSANY,,,True,4.0,1.929055101342123,QKQYICSFEDCKKTF,,,True,4.5,1.137544774494902,SLTIADAFIAAGESS,,,True,5.0,3.934988930339845,NP_594670.1,AREYSCSFPECNYRF,0.6857142857142858,0.4,0.388026369742417,0.0,0.7135523283905005,0.0,0.2864476716094994,False,-0.4687371408479505,4.0,NP_002088,,NP_594670.1,KKIFHCPYEECGKKY,0.6142857142857142,0.3333333333333333,0.3718259341757329,0.0,0.6383830207843524,0.0,0.3616169792156476,False,-0.706510639599848,5.5,NP_002088,,NP_594670.1,KHQQLRSHISACHTH,0.3958333333333333,0.1333333333333333,,,,,,False,6.717642975581499,,NP_002088,
ENSG00000123836,PFKFB2,ENST00000367080,ENSP00000356047,ENSP00000356047,PFKFB2,ENST00000367080,ENSP00000356047,ENSP00000356047,QNSFKVFFVESVCDD,,,True,5.0,-1.123336332163447,RRDMILNFAEQNSFK,,,True,6.0,-0.5539529358501069,GVCEEMTYAEIEKRY,,,True,6.5,-1.356702722095573,NP_001018229.2,VPYVTTLFIESICND,0.7916666666666666,0.3333333333333333,0.4276771561938611,0.0,0.436443993654731,0.0,0.563556006345269,False,1.483838087353353,5.0,NP_006203,XP_024303424,NP_001018229.2,LTPLGRQFSEDLALF,0.4166666666666667,0.1333333333333333,,,,,,False,-0.0212002645062316,,NP_006203,XP_024303424,NP_001018229.2,GICDGLTYEEIKSIY,0.6333333333333333,0.4666666666666667,0.4603833460420221,0.0,0.5327997252670909,0.0,0.4672002747329091,False,-2.8792731422632576,6.0,NP_006203,XP_024303424
ENSG00000164587,RPS14,ENST00000401695,ENSP00000385958,ENSP00000385425,RPS14,ENST00000401695,ENSP00000385958,ENSP00000385425,VCHIFASFNDTFVHV,,,True,4.5,0.0571138281424095,VAEGENVFGVCHIFA,,,True,6.0,2.2119018477630594,VFGVCHIFASFNDTF,,,True,6.0,5.028845957762872,NP_594187.1,VAHIFASFNDTFVHI,1.0,0.8666666666666667,0.2911701215802945,0.0,0.5391207662466383,0.0,0.4608792337533617,False,0.1156661481604718,4.5,NP_005608,,NP_594187.1,IRSGELVFGVAHIFA,0.8333333333333334,0.6666666666666666,,,,,,False,2.126835668481529,,NP_005608,,NP_594187.1,VFGVAHIFASFNDTF,1.0,0.9333333333333332,0.323466603082324,0.0,0.4213020838047123,0.0,0.5786979161952877,False,7.307092614217678,6.0,NP_005608,
ENSG00000131475,VPS25,ENST00000253794,ENSP00000253794,ENSP00000253794,VPS25,ENST00000253794,ENSP00000253794,ENSP00000253794,EDTEDEEFHGLDEAT,,,True,4.5,-0.8160063887105616,WQYRFPPFFTLQPNV,,,True,6.0,4.037555402965973,GEDTEDEEFHGLDEA,,,True,7.0,1.6718919275847552,NP_596423.1,REGSICTFYELQEQY,0.4476190476190476,0.2,0.3100184179051353,0.0,0.3649813067098406,0.0,0.6350186932901594,False,0.0592088253191845,4.0,NP_115729,,NP_596423.1,SIYNFPPFFTRQLND,0.475,0.6,,,,,,False,1.367636558152445,,NP_115729,,NP_596423.1,TFYELQEQYKEVDCL,0.3714285714285714,0.1333333333333333,,,,,,False,1.817892969153223,,NP_115729,
ENSG00000130204,TOMM40,ENST00000405636,ENSP00000385184,ENSP00000410339,TOMM40,ENST00000405636,ENSP00000385184,ENSP00000410339,CLPNPGTFEECHRKC,,,True,4.5,-0.8290171372454316,GEYRGSDFTAAVTLG,,,True,5.0,3.8699618255568113,AGMHATYYHKASDQL,,,True,5.5,2.8727749990609133,NP_595546.2,NLINPGTCENLSKEV,0.3212962962962962,0.4,,,,,,False,0.8161532556114853,,NP_006105,,NP_595546.2,LNGSQGDVTATFWRK,0.428030303030303,0.2,,,,,,False,0.7309583165930452,,NP_006105,,NP_595546.2,NMCQIEHDHKGKDFS,0.4583333333333333,0.2,,,,,,False,2.154667052000012,,NP_006105,
ENSG00000114767,RRP9,ENST00000232888,ENSP00000232888,ENSP00000232888,RRP9,ENST00000232888,ENSP00000232888,ENSP00000232888,TPDDSAIFSAAKDCS,,,True,4.5,-2.257222772498053,GFINSLKFSSSGDFL,,,True,5.0,1.0823245094749534,RRGTHQLYSTSHDRS,,,True,5.0,1.3490937356887474,NP_594143.1,RRGTNEMFSCSADRS,0.5750000000000001,0.2666666666666666,,,,,,False,5.387759945697278,,NP_004695,XP_047305128,NP_594143.1,RRGTNEMFSCSADRS,0.6148148148148148,0.2666666666666666,,,,,,False,5.387759945697278,,NP_004695,XP_047305128,NP_594143.1,RRGTNEMFSCSADRS,0.6314814814814814,0.6,,,,,,False,5.387759945697278,,NP_004695,XP_047305128
ENSG00000117505,DR1,ENST00000370272,ENSP00000359295,ENSP00000359295,DR1,ENST00000370272,ENSP00000359295,ENSP00000359295,LRQQQELFAKARQQQ,,,True,6.5,-2.2010157141344533,QALESLGFGSYISEV,,,True,6.5,-3.464947489154776,VVNCCTEFIHLISSE,,,True,7.0,2.140583750372675,NP_596283.1,LRQQEELLSRARERF,0.5083333333333333,0.5333333333333333,,,,,,False,-1.2180434842233845,,NP_001929,,NP_596283.1,KALENLEFKEYIAEA,0.2416666666666666,0.5333333333333333,0.3989649231653784,0.0,0.4527239510525614,0.0,0.5472760489474386,False,-4.96985521374881,5.5,NP_001929,,NP_596283.1,LIECCVEFIHLVSSE,1.0,0.6666666666666666,,,,,,False,0.8910804219449672,,NP_001929,
ENSG00000155959,VBP1,ENST00000535916,ENSP00000438694,ENSP00000286428,VBP1,ENST00000535916,ENSP00000438694,ENSP00000286428,LDFLRDQFTTTEVNM,,,True,5.5,1.963247463802573,DLDFLRDQFTTTEVN,,,True,6.5,8.357766885677396,TNSMETRFLLADNLY,,,True,7.0,5.691679448864227,NP_593000.1,LEFLRAQVTTMEVNT,0.5916666666666667,0.6666666666666666,,,,,,False,1.931791244252959,,NP_003363,,NP_593000.1,DLEFLRAQVTTMEVN,0.5416666666666666,0.7333333333333333,,,,,,False,7.967843631266504,,NP_003363,,NP_593000.1,ACKEDLEFLRAQVTT,0.3083333333333333,0.2,,,,,,False,-0.8276854849869735,,NP_003363,
ENSG00000277707,PRPF31,ENST00000622636,ENSP00000477787,ENSP00000480726,PRPF31,ENST00000622636,ENSP00000477787,ENSP00000480726,LAARVDSFHESTEGK,,,True,3.0,2.06749790809324,SKHRIYEYVESRMSF,,,True,4.5,7.569067421160248,KQANRMSFGEIEEDA,,,True,5.0,-1.311027731459084,NP_595294.1,LAARIDSIHEYPDGS,0.507936507936508,0.6,,,,,,False,-0.4611800552011015,,NP_056444,,NP_595294.1,EKQKIIEYVQSRISV,0.775,0.5333333333333333,,,,,,False,3.202565824042031,,NP_056444,,NP_595294.1,ADELLADLDDIEETT,0.3611111111111111,0.2,,,,,,False,3.550805922749615,,NP_056444,
ENSG00000137154,RPS6,ENST00000380381,ENSP00000369741,ENSP00000369757,RPS6,ENST00000380381,ENSP00000369741,ENSP00000369757,DERKLRTFYEKRMAT,,,True,5.0,4.494745411888679,ASRIRKLFNLSKEDD,,,True,6.0,-1.2239158222760411,GMKLNISFPATGCQK,,,True,6.5,-0.6633989108072487,NP_592833.1,DDRRLRVFMEKRMGQ,0.6333333333333333,0.6,,,,,,False,7.917619556436879,,NP_001001,,NP_592833.1,ASKIRRFFNLSKEDD,0.8333333333333334,0.8,,,,,,False,-0.2796037034428498,,NP_001001,,NP_592833.1,VPKKEGKKPYTKAPK,0.1857142857142857,0.2666666666666666,,,,,,False,0.7999975830930435,,NP_001001,
ENSG00000277154,PRPF31,ENST00000621588,ENSP00000481708,ENSP00000484896,PRPF31,ENST00000621588,ENSP00000481708,ENSP00000484896,LAARVDSFHESTEGK,,,True,3.0,2.06749790809324,SKHRIYEYVESRMSF,,,True,4.5,7.569067421160248,KQANRMSFGEIEEDA,,,True,5.0,-1.311027731459084,NP_595294.1,LAARIDSIHEYPDGS,0.507936507936508,0.6,,,,,,False,-0.4611800552011015,,NP_056444,,NP_595294.1,EKQKIIEYVQSRISV,0.775,0.5333333333333333,,,,,,False,3.202565824042031,,NP_056444,,NP_595294.1,ADELLADLDDIEETT,0.3611111111111111,0.2,,,,,,False,3.550805922749615,,NP_056444,
ENSG00000277953,PRPF31,ENST00000619220,ENSP00000484834,ENSP00000481654,PRPF31,ENST00000619220,ENSP00000484834,ENSP00000481654,LAARVDSFHESTEGK,,,True,3.0,2.06749790809324,SKHRIYEYVESRMSF,,,True,4.5,7.569067421160248,KQANRMSFGEIEEDA,,,True,5.0,-1.311027731459084,NP_595294.1,LAARIDSIHEYPDGS,0.507936507936508,0.6,,,,,,False,-0.4611800552011015,,NP_056444,,NP_595294.1,EKQKIIEYVQSRISV,0.775,0.5333333333333333,,,,,,False,3.202565824042031,,NP_056444,,NP_595294.1,ADELLADLDDIEETT,0.3611111111111111,0.2,,,,,,False,3.550805922749615,,NP_056444,
ENSG00000274144,PRPF31,ENST00000615175,ENSP00000479700,ENSP00000482626,PRPF31,ENST00000615175,ENSP00000479700,ENSP00000482626,LAARVDSFHESTEGK,,,True,3.0,2.06749790809324,SKHRIYEYVESRMSF,,,True,4.5,7.569067421160248,KQANRMSFGEIEEDA,,,True,5.0,-1.311027731459084,NP_595294.1,LAARIDSIHEYPDGS,0.507936507936508,0.6,,,,,,False,-0.4611800552011015,,NP_056444,,NP_595294.1,EKQKIIEYVQSRISV,0.775,0.5333333333333333,,,,,,False,3.202565824042031,,NP_056444,,NP_595294.1,ADELLADLDDIEETT,0.3611111111111111,0.2,,,,,,False,3.550805922749615,,NP_056444,
ENSG00000275117,PRPF31,ENST00000622387,ENSP00000483982,ENSP00000481201,PRPF31,ENST00000622387,ENSP00000483982,ENSP00000481201,LAARVDSFHESTEGK,,,True,3.0,2.06749790809324,SKHRIYEYVESRMSF,,,True,4.5,7.569067421160248,KQANRMSFGEIEEDA,,,True,5.0,-1.311027731459084,NP_595294.1,LAARIDSIHEYPDGS,0.507936507936508,0.6,,,,,,False,-0.4611800552011015,,NP_056444,,NP_595294.1,EKQKIIEYVQSRISV,0.775,0.5333333333333333,,,,,,False,3.202565824042031,,NP_056444,,NP_595294.1,ADELLADLDDIEETT,0.3611111111111111,0.2,,,,,,False,3.550805922749615,,NP_056444,
ENSG00000274651,PRPF31,ENST00000614518,ENSP00000484151,ENSP00000480434,PRPF31,ENST00000614518,ENSP00000484151,ENSP00000480434,LAARVDSFHESTEGK,,,True,3.0,2.06749790809324,SKHRIYEYVESRMSF,,,True,4.5,7.569067421160248,KQANRMSFGEIEEDA,,,True,5.0,-1.311027731459084,NP_595294.1,LAARIDSIHEYPDGS,0.507936507936508,0.6,,,,,,False,-0.4611800552011015,,NP_056444,,NP_595294.1,EKQKIIEYVQSRISV,0.775,0.5333333333333333,,,,,,False,3.202565824042031,,NP_056444,,NP_595294.1,ADELLADLDDIEETT,0.3611111111111111,0.2,,,,,,False,3.550805922749615,,NP_056444,
ENSG00000274894,PRPF31,ENST00000618595,ENSP00000483382,ENSP00000480725,PRPF31,ENST00000618595,ENSP00000483382,ENSP00000480725,LAARVDSFHESTEGK,,,True,3.0,2.06749790809324,SKHRIYEYVESRMSF,,,True,4.5,7.569067421160248,KQANRMSFGEIEEDA,,,True,5.0,-1.311027731459084,NP_595294.1,LAARIDSIHEYPDGS,0.507936507936508,0.6,,,,,,False,-0.4611800552011015,,NP_056444,,NP_595294.1,EKQKIIEYVQSRISV,0.775,0.5333333333333333,,,,,,False,3.202565824042031,,NP_056444,,NP_595294.1,ADELLADLDDIEETT,0.3611111111111111,0.2,,,,,,False,3.550805922749615,,NP_056444,
ENSG00000276421,PRPF31,ENST00000612749,ENSP00000478804,ENSP00000485017,PRPF31,ENST00000612749,ENSP00000478804,ENSP00000485017,LAARVDSFHESTEGK,,,True,3.0,2.06749790809324,SKHRIYEYVESRMSF,,,True,4.5,7.569067421160248,KQANRMSFGEIEEDA,,,True,5.0,-1.311027731459084,NP_595294.1,LAARIDSIHEYPDGS,0.507936507936508,0.6,,,,,,False,-0.4611800552011015,,NP_056444,,NP_595294.1,EKQKIIEYVQSRISV,0.775,0.5333333333333333,,,,,,False,3.202565824042031,,NP_056444,,NP_595294.1,ADELLADLDDIEETT,0.3611111111111111,0.2,,,,,,False,3.550805922749615,,NP_056444,
ENSG00000275885,PRPF31,ENST00000613693,ENSP00000483929,ENSP00000483929,PRPF31,ENST00000613693,ENSP00000483929,ENSP00000483929,LAARVDSFHESTEGK,,,True,3.0,2.06749790809324,SKHRIYEYVESRMSF,,,True,4.5,7.569067421160248,KQANRMSFGEIEEDA,,,True,5.0,-1.311027731459084,NP_595294.1,LAARIDSIHEYPDGS,0.507936507936508,0.6,,,,,,False,-0.4611800552011015,,NP_056444,,NP_595294.1,EKQKIIEYVQSRISV,0.775,0.5333333333333333,,,,,,False,3.202565824042031,,NP_056444,,NP_595294.1,ADELLADLDDIEETT,0.3611111111111111,0.2,,,,,,False,3.550805922749615,,NP_056444,
ENSG00000105618,PRPF31,ENST00000419967,ENSP00000405166,ENSP00000324122,PRPF31,ENST00000419967,ENSP00000405166,ENSP00000324122,LAARVDSFHESTEGK,,,True,3.0,2.06749790809324,SKHRIYEYVESRMSF,,,True,4.5,7.569067421160248,KQANRMSFGEIEEDA,,,True,5.0,-1.311027731459084,NP_595294.1,LAARIDSIHEYPDGS,0.507936507936508,0.6,,,,,,False,-0.4611800552011015,,NP_056444,XP_006723200,NP_595294.1,EKQKIIEYVQSRISV,0.775,0.5333333333333333,,,,,,False,3.202565824042031,,NP_056444,XP_006723200,NP_595294.1,ADELLADLDDIEETT,0.3611111111111111,0.2,,,,,,False,3.550805922749615,,NP_056444,XP_006723200
ENSG00000264364,DYNLL2,ENST00000579991,ENSP00000477310,ENSP00000477310,DYNLL2,ENST00000579991,ENSP00000477310,ENSP00000477310,ETKHFIYFYLGQVAI,,,True,6.5,0.112333110010511,SEDMQQDAVDCATQA,,,True,6.5,2.5203904759694,VGRNFGSYVTHETKH,,,True,6.5,0.433996331567839,NP_594368.1,ESRHFIYFYLGTVAF,1.0,0.7333333333333333,,,,,,False,0.112333110010511,,NP_542408,,NP_594368.1,SEKMQQEAIHAAVQA,0.3374999999999999,0.6,,,,,,False,2.692956132127544,,NP_542408,,NP_594368.1,VGRNFGSFVTHESRH,0.7916666666666666,0.8,0.1158493826609739,0.0,0.5543731031411637,0.0,0.4456268968588363,False,0.000892655819383,6.0,NP_542408,
ENSG00000179761,PIPOX,ENST00000323372,ENSP00000317721,ENSP00000317721,PIPOX,ENST00000323372,ENSP00000317721,ENSP00000317721,RKAYLEDFYTRMMHE,,,True,6.0,6.869209199783649,AGFSGHGFKLAPVVG,,,True,6.5,3.3954707555114005,SMKLTPSYDLAPFRI,,,True,6.5,-0.3323753131197763,NP_595239.1,TASLLPNDHTRFLAT,0.4027777777777777,0.2,,,,,,False,3.8372495293639712,,NP_057602,,NP_595239.1,TGGSGHGFKFFPILG,0.5694444444444444,0.6,,,,,,False,2.5480719657304407,,NP_057602,,NP_595239.1,TNPVYLDFDTGFYIF,0.2880952380952381,0.0666666666666666,0.421167151323035,0.0,0.4336507514553184,0.0,0.5663492485446816,False,3.6123187546007554,5.0,NP_057602,
ENSG00000143947,RPS27A,ENST00000402285,ENSP00000383981,ENSP00000383981,RPS27A,ENST00000402285,ENSP00000383981,ENSP00000383981,GGGGMQIFVKTLTGK,,,True,6.5,2.495523623160894,DECGAGVFMASHFDR,,,True,6.5,2.117312134323866,TITLEVEPSDTIENV,,,True,6.5,0.7227021108966778,NP_594058.1,QIFVKTLTGKTITLE,0.4333333333333333,0.2,,,,,,False,3.21268672594039,,NP_001129064,,NP_594058.1,PNCGASTFMANHKDR,0.4277777777777777,0.6,,,,,,False,4.1273510909597935,,NP_001129064,,NP_594058.1,TITLEVESSDTIDNV,0.6805555555555555,0.8666666666666667,,,,,,False,0.7227021108966778,,NP_001129064,
ENSG00000141759,TXNL4A,ENST00000586295,ENSP00000466694,ENSP00000466694,TXNL4A,ENST00000355491,ENSP00000347678,ENSP00000269601,DITEVPDFNKMYELY,,,True,6.0,1.763256021835404,FNKMYELYDPCTVMF,,,True,7.0,-0.7827720861137892,VDIIETVYRGARKGR,,,True,7.0,0.9211872666099612,NP_587992.1,DIDEVPDFNKMYELY,1.0,0.9333333333333332,,,,,,False,1.763256021835404,,NP_006692,,NP_587992.1,FNKMYELYDRTTIMF,0.525,0.8,,,,,,False,2.464666645828441,,NP_006692,,NP_587992.1,IDIIETIFRGARKGK,0.875,0.7333333333333333,,,,,,False,0.9177286074765584,,NP_006692,
ENSG00000162836,ACP6,ENST00000609196,ENSP00000477476,ENSP00000463574,ACP6,ENST00000583509,ENSP00000463574,ENSP00000463574,YSPYDSQYHETTLKG,,,True,4.5,0.7690179776985004,SEVLYPNYQSCWSLR,,,True,5.0,-0.7415063180467338,DSSDKVDFFILLDNV,,,True,5.0,-0.3555666022011244,NP_595479.1,AEKNGSPYHRLALYG,0.4345238095238095,0.3333333333333333,,,,,,False,4.816191444523825,,NP_057445,XP_011507903,NP_595479.1,DENLLPNENNCPRLV,0.2611111111111111,0.4,,,,,,False,2.2096327823071653,,NP_057445,XP_011507903,NP_595479.1,DLSMRMENFVVAEKN,0.3833333333333333,0.2,,,,,,False,5.777735624157758,,NP_057445,XP_011507903
ENSG00000117614,SYF2,ENST00000236273,ENSP00000236273,ENSP00000236273,SYF2,ENST00000236273,ENSP00000236273,ENSP00000236273,EKHGEEFFPTSNSLL,,,True,4.5,0.2465278371266363,REKHGEEFFPTSNSL,,,True,5.0,4.1229312647488605,PDLGFSDYAAAQLRQ,,,True,6.0,1.3315108120820056,NP_596100.1,QNVAFSDYHSQASKD,0.1547619047619047,0.0666666666666666,0.1468431557996298,0.0,0.2962411785490179,0.0,0.7037588214509821,False,5.646647381918724,5.5,NP_056299,,NP_596100.1,DEEDHITFINERNRK,0.2111111111111111,0.2,,,,,,False,2.640638746865397,,NP_056299,,NP_596100.1,QNVAFSDYHSQASKD,0.2166666666666666,0.2666666666666666,0.1468431557996298,0.0,0.2962411785490179,0.0,0.7037588214509821,False,5.646647381918724,5.5,NP_056299,
ENSG00000116288,PARK7,ENST00000493373,ENSP00000465404,ENSP00000340278,PARK7,ENST00000493373,ENSP00000465404,ENSP00000340278,GPGTSFEFALAIVEA,,,True,5.5,3.257286694953843,SRGPGTSFEFALAIV,,,True,6.0,0.6508914820761507,MNGGHYTYSENRVEK,,,True,6.5,0.1145979250362719,NP_594829.1,ADDFAKQYDIAIIPG,0.4575396825396825,0.1333333333333333,,,,,,False,6.8568166124374645,,NP_009193,XP_005263481,NP_594829.1,VADGTDEIEFSAPWG,0.3511904761904762,0.1333333333333333,,,,,,False,3.157500177133513,,NP_009193,XP_005263481,NP_594829.1,YLDQPVVLEENLITS,0.4166666666666667,0.1333333333333333,,,,,,False,1.7930430266820645,,NP_009193,XP_005263481
ENSG00000071462,BUD23,ENST00000265758,ENSP00000265758,ENSP00000265758,BUD23,ENST00000265758,ENSP00000265758,ENSP00000265758,GGPPELFYDETEARK,,,True,5.5,-0.5013078281457672,IPFKPGTFDGCISIS,,,True,5.5,-0.928219142488183,NSAKAKKFYLCLFSG,,,True,6.0,3.3293494270417754,NP_594149.1,IAPPEIFYNDVEAGK,0.5833333333333334,0.5333333333333333,0.5374378908620285,0.0,0.2631270765680346,0.0,0.7368729234319653,False,2.01841732014854,7.0,NP_001189489,XP_011514080,NP_594149.1,VPFRPGTFDGVISIS,0.7916666666666666,0.8,,,,,,False,3.214497230097612,,NP_001189489,XP_011514080,NP_594149.1,ESKRQKKYYLVLQAG,0.4297619047619048,0.4666666666666667,,,,,,False,4.405985633132572,,NP_001189489,XP_011514080
ENSG00000241343,RPL36A,ENST00000427805,ENSP00000404375,ENSP00000446503,RPL36A,ENST00000427805,ENSP00000404375,ENSP00000446503,AIKRCKHFELGGDKK,,,True,6.5,4.303565201606586,QPHKVTQYKKGKDSL,,,True,7.0,2.583147463677705,TTKKIVLRLECVEPN,,,True,7.5,-0.1589104613181043,NP_594304.1,VLKRCKHFELGGEKK,0.9,0.8,,,,,,False,5.04506547393004,,NP_066357,,NP_594304.1,TVHRVTQYKKGPDSK,1.0,0.6666666666666666,,,,,,False,4.957279359595364,,NP_066357,,NP_594304.1,VTKKVVLRLECVSCK,0.8333333333333334,0.6666666666666666,,,,,,False,-2.622311275367684,,NP_066357,
ENSG00000169976,SF3B5,ENST00000367569,ENSP00000356541,ENSP00000356541,SF3B5,ENST00000367569,ENSP00000356541,ENSP00000356541,HFDLLNYFAIAENES,,,True,6.5,7.101391731771203,VNQHRDSYCSYMGHF,,,True,7.0,-3.230649051542447,GHFDLLNYFAIAENE,,,True,7.0,6.682196219513171,NP_596615.1,HPPLLAYMATALGEP,0.4666666666666666,0.4666666666666667,,,,,,False,3.675591377240728,,NP_112577,,NP_596615.1,VNQHRDTLSSVVGHP,0.2416666666666666,0.6,,,,,,False,1.4668692801686314,,NP_112577,,NP_596615.1,LEQLQARYVGVGNAF,0.25,0.0666666666666666,,,,,,False,4.667469406584358,,NP_112577,
ENSG00000104980,TIMM44,ENST00000270538,ENSP00000270538,ENSP00000270538,TIMM44,ENST00000270538,ENSP00000270538,ENSP00000270538,WYQQWKDFKENNVVF,,,True,5.5,0.9154590735044872,CLGSGIQFLSSHNLP,,,True,5.5,6.256918175688491,FFEMKMKYDESDNAF,,,True,6.0,2.689210715616743,NP_595905.1,IPVFIVTFRTQEVHM,0.3333333333333333,0.1333333333333333,0.3776988603336881,0.0,0.5312523495323324,0.0,0.4687476504676676,False,1.5719529773277103,6.5,NP_006342,,NP_595905.1,FERRNRMFASSARIQ,0.4583333333333333,0.2,0.3412594672861802,0.0,0.7083919475694025,0.0,0.2916080524305974,False,7.697286213712233,6.0,NP_006342,,NP_595905.1,IQELKKSYQESEHPI,0.5208333333333334,0.3333333333333333,0.3952471508592913,0.0,0.7174274173244406,0.0,0.2825725826755594,False,0.2099562028749577,5.5,NP_006342,
ENSG00000167136,ENDOG,ENST00000372642,ENSP00000361725,ENSP00000361725,ENDOG,ENST00000372642,ENSP00000361725,ENSP00000361725,QKAMDDTFYLSNVAP,,,True,5.5,-0.6934746741458495,QLKSRESYVLCYDPR,,,True,5.5,0.7073450687208496,EDDSVHAYHRATNAD,,,True,5.5,5.445871943150631,NP_594598.2,QEAMNETFYLSNMCP,0.8666666666666667,0.6666666666666666,,,,,,False,-0.0267030155663758,,NP_004426,XP_011516649,NP_594598.2,SSPSVAAFVLPNKPI,0.3535714285714286,0.2666666666666666,,,,,,False,2.9512666895789788,,NP_004426,XP_011516649,NP_594598.2,GDYRGSGYDRGHQVP,0.3055555555555556,0.2,,,,,,False,7.634829951593932,,NP_004426,XP_011516649
ENSG00000184903,IMMP2L,ENST00000405709,ENSP00000384966,ENSP00000329553,IMMP2L,ENST00000452753,ENSP00000407402,ENSP00000329553,IKAFCKGFFVAVPVA,transmembrane region,Helical,False,5.5,4.907826169769527,GDHHGHSFDSNSFGP,,,True,6.5,1.51137903434711,AVPVAVTFLDRVACV,transmembrane region,Helical,False,7.0,4.396291771297848,NP_596133.1,FFKNLVGITLWVPVL,0.2628787878787879,0.2666666666666666,,,,,,False,2.328791404909613,,NP_001231535,XP_016868190,NP_596133.1,GDEQFHSIDSNKFGP,0.8333333333333334,0.6666666666666666,,,,,,False,1.489220815895444,,NP_001231535,XP_016868190,NP_596133.1,AFNPETNMLQRDRVL,0.3,0.2,,,,,,False,4.782195644165963,,NP_001231535,XP_016868190
ENSG00000170348,TMED10,ENST00000555873,ENSP00000450726,ENSP00000303145,TMED10,ENST00000555873,ENSP00000450726,ENSP00000303145,TTEDYDMFEVCFESK,topological domain,Lumenal,False,4.0,-0.3279266854965634,YDMFEVCFESKGTGR,topological domain,Lumenal,False,6.0,2.003516920592332,EDATKGKFAFTTEDY,topological domain,Lumenal,False,6.5,2.1818899195552186,NP_593403.1,DVDASAMLDICFLNT,0.3888888888888888,0.2,,,,,,False,0.905719435016984,,NP_006818,,NP_593403.1,SAMLDICFLNTLTPG,0.3694444444444444,0.2666666666666666,,,,,,False,0.4056633265714664,,NP_006818,,NP_593403.1,LQAREARFRNTNEST,0.45,0.2666666666666666,,,,,,False,4.11565758578888,,NP_006818,
ENSG00000135845,PIGC,ENST00000344529,ENSP00000356701,ENSP00000356701,PIGC,ENST00000344529,ENSP00000356701,ENSP00000356701,KENIHGPWDEAEIKE,,,True,6.5,4.337533220589692,VLYERQPFPDNYVDR,,,True,6.5,1.389518573113246,AVGAXQLFKENIHGP,,,True,7.0,1.3644572544087827,NP_588096.1,KNEIHGPWDIALPKL,0.4702380952380953,0.6,,,,,,False,2.346512100999104,,NP_002633,,NP_588096.1,VLWRKQDYPDNFIDE,0.6686507936507936,0.4666666666666667,0.1815940077646204,0.0,0.7634404496828616,0.0,0.2365595503171383,False,6.6014287863166095,6.0,NP_002633,,NP_588096.1,WFALFPIFRKYIHVF,0.4690476190476191,0.2,,,,,,False,3.015370980274489,,NP_002633,
ENSG00000186184,POLR1D,ENST00000302979,ENSP00000302478,ENSP00000302478,POLR1D,ENST00000302979,ENSP00000302478,ENSP00000302478,PEVEFCGYTTTHPSE,,,True,5.5,0.0307899111593718,FEASIKDYKDQKASR,,,True,6.0,1.1961251311373455,TSMAEGERKTALEMV,,,True,6.5,0.4639699559699293,NP_593118.2,PEVEFCGYSIPHPSE,0.4761904761904762,0.8,,,,,,False,1.993785078446644,,NP_057056,,NP_593118.2,PSEAKMNFRIQTAPS,0.386111111111111,0.1333333333333333,,,,,,False,-0.4772503520349427,,NP_057056,,NP_593118.2,TEQLPRDTSTTMEVD,0.3555555555555555,0.2,,,,,,False,2.914098047547979,,NP_057056,
ENSG00000172992,DCAKD,ENST00000614054,ENSP00000478909,ENSP00000478909,DCAKD,ENST00000614054,ENSP00000478909,ENSP00000341504,GGGGGGMFLVGLTGG,,,True,7.0,0.7901939724418182,ILDIPLLFETKKLLK,,,True,7.0,0.9127521003647988,MKHTVVVYCDRDTQL,,,True,7.5,2.2218811665327256,NP_587942.1,LFEAKMQFICWKTIC,0.3678451178451178,0.1333333333333333,,,,,,False,-2.9794688274795766,,NP_079095,,NP_587942.1,ILDVPLLFEAKMQFI,0.6,0.6,,,,,,False,3.118119416785334,,NP_079095,,NP_587942.1,CWKTICVSCDKSIQK,0.4416666666666666,0.3333333333333333,,,,,,False,5.971483000170075,,NP_079095,
ENSG00000169230,PRELID1,ENST00000303204,ENSP00000302114,ENSP00000302114,PRELID1,ENST00000303204,ENSP00000302114,ENSP00000302114,VSRAVQEFGLARFKS,,,True,5.5,0.7648032755577349,KTMKGFEYILAKLQG,,,True,6.0,1.1186986791639355,GGGGMVKYFLGQSVL,,,True,7.0,6.7138387765,NP_594949.1,LGRRVQKYSLKRFQE,0.4047619047619048,0.4,,,,,,False,3.734032935369825,,NP_037369,,NP_594949.1,LLNVNKSYILERSVI,0.3833333333333333,0.2,,,,,,False,6.954185628788986,,NP_037369,,NP_594949.1,LLNVNKSYILERSVI,0.4333333333333333,0.2666666666666666,,,,,,False,6.954185628788986,,NP_037369,
ENSG00000172172,MRPL13,ENST00000306185,ENSP00000306548,ENSP00000306548,MRPL13,ENST00000306185,ENSP00000306548,ENSP00000306548,GGGGMSSFSRAPQQW,,,True,6.0,3.010056140601629,TQEEIDAFPRLWTPP,,,True,7.0,1.7661487065556782,LDEYTQEEIDAFPRL,,,True,7.0,0.2404342415869457,NP_596753.1,KLENHKYYSHSGQPG,0.3988095238095238,0.1333333333333333,,,,,,False,0.0781787841335239,,NP_054797,,NP_596753.1,VSAKNVPLGRLASQI,0.2956349206349206,0.1333333333333333,,,,,,False,2.470741449163048,,NP_054797,,NP_596753.1,LKEWTMEEMAAKRGH,0.3833333333333333,0.4,,,,,,False,4.798643915763496,,NP_054797,
ENSG00000114391,RPL24,ENST00000469605,ENSP00000420380,ENSP00000377640,RPL24,ENST00000469605,ENSP00000420380,ENSP00000377640,TDGKVFQFLNAKCES,,,True,6.5,4.00820702558143,RTRRAVKFQRAITGA,,,True,6.5,5.869337161192373,NAKCESAFLSKRNPR,,,True,7.0,7.645447529689797,NP_594118.1,GDNKVFRFVNKKSES,0.3333333333333333,0.6,,,,,,False,4.297148149884044,,NP_000977,,NP_587714.1,AALKQRKDKRAASES,0.4916666666666667,0.2,,,,,,False,4.412930654623724,,NP_000977,,NP_594118.1,NKKSESLFLQRKNPR,0.525,0.6,,,,,,False,6.04043362269739,,NP_000977,
ENSG00000125691,RPL23,ENST00000479035,ENSP00000420311,ENSP00000420311,RPL23,ENST00000479035,ENSP00000420311,ENSP00000420311,KDGVFLYFEDNAGVI,,,True,6.5,9.380016050618698,GGSSGAKFRISLGLP,,,True,7.5,0.1054269129232989,YRRKDGVFLYFEDNA,,,True,7.5,-0.2559280880438609,NP_588139.1,KDGVYLYFEDNAGVI,1.0,0.9333333333333332,0.1114716555394318,0.0,0.6682645379190438,0.0,0.3317354620809561,False,9.380016050618698,6.5,NP_000969,,NP_588139.1,GAASGTKYRMTLGLP,0.6380952380952382,0.6,,,,,,False,1.852344246887378,,NP_000969,,NP_588139.1,WRRKDGVYLYFEDNA,0.9047619047619048,0.8666666666666667,,,,,,False,-0.2376605271275663,,NP_000969,
ENSG00000142937,RPS8,ENST00000396651,ENSP00000379888,ENSP00000379888,RPS8,ENST00000396651,ENSP00000379888,ENSP00000379888,DSTPYRQWYESHYAL,,,True,6.0,2.1947630838036165,SSLLEEQFQQGKLLA,,,True,6.5,-0.1947730252080938,LRLDVGNFSWGSECC,,,True,6.5,-1.3853486185123929,NP_594519.1,DAAPFRVWYETHYGI,0.6166666666666667,0.5333333333333333,,,,,,False,2.307175119685913,,NP_001003,,NP_594519.1,DSALETQFAAGRLYA,0.5833333333333334,0.5333333333333333,,,,,,False,1.150384080986845,,NP_001003,,NP_594519.1,LRLDSGNFSWGSEGV,1.0,0.8,,,,,,False,-0.941381278476781,,NP_001003,
ENSG00000151532,VTI1A,ENST00000393077,ENSP00000376792,ENSP00000376792,VTI1A,ENST00000393077,ENSP00000376792,ENSP00000376792,SRRLEAGYQIAVETE,topological domain,Cytoplasmic,True,6.0,-1.225535080033736,MGKLETDFKRSRIAY,topological domain,Cytoplasmic,True,6.0,2.5085798089371343,GGGGMSSDFEGYEQD,topological domain,Cytoplasmic,True,7.0,3.260463005539375,NP_596668.1,SQRLLESQRIANETE,0.5,0.5333333333333333,,,,,,False,2.982803036115971,,NP_660207,,NP_596668.1,IEEKLNDLSKSGENS,0.3,0.1333333333333333,,,,,,False,2.562438021442205,,NP_660207,,NP_596668.1,ESQRIANETEGIGAS,0.3055555555555555,0.1333333333333333,,,,,,False,2.0007716295951745,,NP_660207,
ENSG00000179091,CYC1,ENST00000318911,ENSP00000317159,ENSP00000317159,CYC1,ENST00000318911,ENSP00000317159,ENSP00000317159,IYTDVLEFDDGTPAT,topological domain,Mitochondrial intermembrane,False,4.5,-0.2581183806164426,IAMAPPIYTDVLEFD,topological domain,Mitochondrial intermembrane,False,6.0,1.2782314549751288,ARHGGEDYVFSLLTG,topological domain,Mitochondrial intermembrane,False,6.5,-1.3820950646765708,NP_595846.1,LFDDAVEFEDGTPAT,0.9,0.6,0.7260941500682937,0.0,0.0580227249768333,0.0,0.9419772750231666,True,2.108189672275431,4.0,NP_001907,,NP_595846.1,LRRGFQVYREVCSAC,0.4916666666666667,0.1333333333333333,0.7887434145819525,0.0,0.3095420268598786,0.0,0.6904579731401215,False,-0.7301635679986498,6.5,NP_001907,,NP_595846.1,GRHGGQDYIYSLLTG,0.8630952380952381,0.7333333333333333,,,,,,False,-1.1846802812991617,,NP_001907,
ENSG00000198727,MT-CYB,ENST00000361789,ENSP00000354554,ENSP00000354554,MT-CYB,ENST00000361789,ENSP00000354554,ENSP00000354554,LYYGSFLYSETWNIG,transmembrane region,Helical,False,5.5,4.702536555384465,MKLINHSFIDLPTPS,,,True,5.5,0.9310751019514346,DKITFHPYYTIKDAL,transmembrane region,Helical,False,5.5,3.077963845074404,NP_039502.1,LWGGFSVSNPTLNRF,0.2956349206349206,0.2666666666666666,,,,,,False,5.416634347885809,,YP_003024038,,NP_039502.1,YTILGNTLIDLNLSS,0.4916666666666667,0.2666666666666666,,,,,,False,0.1856348768526143,,YP_003024038,,NP_039502.1,DRIPMNPYYLIKDLI,0.7916666666666666,0.5333333333333333,,,,,,False,2.842404976032426,,YP_003024038,
ENSG00000088386,SLC15A1,ENST00000376503,ENSP00000365686,ENSP00000365686,SLC15A1,ENST00000376503,ENSP00000365686,ENSP00000365686,FNTFYLEFGSAYTYI,topological domain,Extracellular,False,3.5,1.1626554626848475,LSXGGDQFEEGQEKQ,topological domain,Cytoplasmic,True,4.5,0.4118985533846033,GIRFVNTFNELITIT,topological domain,Extracellular,False,5.5,-0.5591030800314475,NP_596417.1,PFQNYMQFGPKDATP,0.3428571428571428,0.2,,,,,,False,-0.2689745082528731,,NP_005064,,NP_596417.1,LISQAGQMQTGNVSN,0.2833333333333334,0.2,,,,,,False,3.727273882093454,,NP_005064,,NP_596417.1,DLYPSPTEEELATLP,0.5666666666666667,0.2666666666666666,,,,,,False,3.5400532040961856,,NP_005064,
ENSG00000170385,SLC30A1,ENST00000367001,ENSP00000355968,ENSP00000355968,SLC30A1,ENST00000367001,ENSP00000355968,ENSP00000355968,ATTIQPEFASVGSKS,topological domain,Cytoplasmic,True,5.5,1.6281984113902568,FPDPCKAFVEIINST,topological domain,Extracellular,False,6.5,3.557455686744152,ALVXIERFIEPHEMQ,topological domain,Extracellular,False,6.5,8.090112510789295,NP_593645.1,AIERFIEPPSVSNPT,0.4087301587301586,0.2666666666666666,,,,,,False,8.990814219933913,,NP_067017,,NP_593645.1,GIDVTFFFIEIITGY,0.5694444444444445,0.3333333333333333,0.4090935806109836,0.0,0.4820028085219863,0.0,0.5179971914780137,False,4.371849018685218,6.0,NP_067017,,NP_593645.1,FMEAIERFIEPPSVS,0.8333333333333334,0.4666666666666667,0.4602713248950247,0.0,0.7012904861354708,0.0,0.2987095138645291,False,6.07802753844263,6.5,NP_067017,
ENSG00000198804,MT-CO1,ENST00000361624,ENSP00000354499,ENSP00000354499,MT-CO1,ENST00000361624,ENSP00000354499,ENSP00000354499,MPRRYSDYPDAYTTW,topological domain;transmembrane region,Mitochondrial intermembrane;Helical; Name=XII,False,3.5,5.249108717881269,DRNLNTTFFDPAGGG,topological domain,Mitochondrial intermembrane,False,5.0,7.796275803655412,CPPPYHTFEEPVYMK,topological domain,Mitochondrial matrix,False,6.0,2.5102755241119694,NP_039499.1,MPRRIPDYPEAFVGW,0.7333333333333334,0.6,0.5848921003580467,0.0,0.7552165474806886,0.0,0.2447834525193114,False,3.215611616398359,4.0,YP_003024028,,NP_039499.1,DRNLNTSFYAPEGGG,0.5297619047619048,0.7333333333333333,,,,,,False,3.377639926245246,,YP_003024028,,NP_039499.1,RAPGLSLYQMPLFAW,0.2797619047619047,0.1333333333333333,,,,,,False,6.243453070310814,,YP_003024028,
ENSG00000185518,SV2B,ENST00000545111,ENSP00000443243,ENSP00000377779,SV2B,ENST00000545111,ENSP00000443243,ENSP00000377779,VLFEDTFFDECYFED,topological domain,Extracellular,False,4.0,0.914411864993733,TPKQMDEFIEIQSST,topological domain,Cytoplasmic,True,5.0,1.312544072205696,MYFKHVLFEDTFFDE,topological domain,Extracellular,False,5.0,0.1555834027484761,NP_594134.1,WNCTFSFFSDIMYGV,0.4186507936507936,0.1333333333333333,0.3071902631177732,0.0,0.0475036790138128,0.0,0.9524963209861872,True,5.107089575490028,6.5,NP_055663,,NP_594134.1,LAASANRILGIFSPV,0.3611111111111111,0.1333333333333333,,,,,,False,3.9585332876946864,,NP_055663,,NP_594134.1,SKSDDDLFDSNDFSK,0.5555555555555556,0.2,0.4413206021319696,0.0,0.1813459483580974,0.0,0.8186540516419025,True,-0.005066376696008,6.0,NP_055663,
ENSG00000163527,STT3B,ENST00000295770,ENSP00000295770,ENSP00000295770,STT3B,ENST00000295770,ENSP00000295770,ENSP00000295770,TRNILDDFREAYFWL,topological domain,Lumenal,False,3.5,3.67325776466903,KDIRESDYFTPQGEF,topological domain,Lumenal,False,5.5,7.336344342086612,HHLASHGFYEFLNWF,topological domain,Lumenal,False,5.5,3.612955496459129,NP_595148.1,SLMYIDDFREAYDWL,0.75,0.6,0.8461966672086944,0.0,0.7236646388377466,0.0,0.2763353611622534,False,2.372270051592045,2.5,NP_849193,XP_016861347,NP_595148.1,DEIVERNFFTPNGEY,0.7777777777777777,0.4666666666666667,0.4421887908826448,0.0,0.3240286042635023,0.0,0.6759713957364977,False,5.325667307945578,5.5,NP_849193,XP_016861347,NP_595148.1,KILVEQGFYNFLNWF,0.8333333333333334,0.6,,,,,,False,6.178246161571021,,NP_849193,XP_016861347
ENSG00000198712,MT-CO2,ENST00000361739,ENSP00000354876,ENSP00000354876,MT-CO2,ENST00000361739,ENSP00000354876,ENSP00000354876,IMEELITFHDHALMX,transmembrane region,Helical; Name=I,False,5.0,7.301295161452966,SYMLPPLFLEPGDLR,topological domain,Mitochondrial intermembrane,False,5.5,1.0158023700763936,ATRPGVYYGQCSEIC,topological domain,Mitochondrial intermembrane,False,6.0,-0.7404104085674886,NP_039508.1,KAVIEYNYNSHPIAA,0.3492063492063492,0.0666666666666666,0.3336558223198879,0.0,0.3083549669227204,0.0,0.6916450330772795,False,5.342700769535695,7.5,YP_003024029,,NP_039508.1,IDTRIRLILTSGDVI,0.425,0.2666666666666666,,,,,,False,7.61637475274769,,YP_003024029,,NP_039508.1,IDREGLFYGQCSELC,0.9166666666666666,0.6,,,,,,False,0.0484448379443614,,YP_003024029,
ENSG00000135776,ABCB10,ENST00000344517,ENSP00000355637,ENSP00000355637,ABCB10,ENST00000344517,ENSP00000355637,ENSP00000355637,VILNEKSFQGALEFK,topological domain,Mitochondrial matrix,False,5.0,-0.6725284496213596,YTNPTVDYSDNLTRL,topological domain,Mitochondrial matrix,False,5.5,0.3070976541721169,EREPKLPFNEGVILN,topological domain,Mitochondrial matrix,False,5.5,0.9328101206937024,NP_595751.1,LFAKCMSLDGAFFDF,0.4166666666666667,0.2,,,,,,False,0.6277529259220863,,NP_036221,XP_011542437,NP_595751.1,KDEQAQDISKINTNG,0.3,0.2,,,,,,False,3.6019256348312685,,NP_036221,XP_011542437,NP_595751.1,KNSFPLPFSRSILPI,0.4583333333333333,0.2,,,,,,False,-1.047958571386743,,NP_036221,XP_011542437
ENSG00000169021,UQCRFS1,ENST00000304863,ENSP00000306397,ENSP00000306397,UQCRFS1,ENST00000304863,ENSP00000306397,ENSP00000306397,AKNAVTQFVSSMSAS,transmembrane region;topological domain,Helical;Mitochondrial intermembrane,False,5.0,3.691557017603292,TDIKVPDFSEYRRLE,topological domain,Mitochondrial matrix,False,6.0,-3.750180393807292,LNLEVPTYEFTSDDM,topological domain,Mitochondrial intermembrane,False,6.0,0.8684154948522576,NP_595941.1,AQATVHDFLASWSAS,0.5833333333333334,0.4666666666666667,,,,,,False,1.4746970738916143,,NP_005994,,NP_595941.1,DSPEMPDFSEYQTKS,0.7999999999999999,0.4,0.2110834426836248,0.0,0.2962067985388489,0.0,0.7037932014611511,False,-1.9682615386199964,4.5,NP_005994,,NP_595941.1,KFTSIRTYTDSPEMP,0.325,0.1333333333333333,0.5370982225962455,0.0,0.541249129172579,0.0,0.458750870827421,False,0.4158801232080212,4.0,NP_005994,
ENSG00000114988,LMAN2L,ENST00000377079,ENSP00000366280,ENSP00000264963,LMAN2L,ENST00000446780,ENSP00000417037,ENSP00000264963,DIDGKHEWRDCIEVP,topological domain,Lumenal,False,4.5,6.147464691845135,KFVGLGVFVDTYPNE,topological domain,Lumenal,False,5.0,4.246579293128584,RLPRGYYFGTSSITG,topological domain,Lumenal,False,5.5,7.961349232348196,NP_588451.1,SFEVLFQFRINSEST,0.2194444444444444,0.1333333333333333,,,,,,False,8.39246672548962,,NP_110432,XP_047301902,NP_588451.1,KFNGYGIFIDTYNNH,0.6944444444444445,0.6,0.3988409548994428,0.0,0.3614451622859798,0.0,0.6385548377140202,False,5.478720327712669,5.0,NP_110432,XP_047301902,NP_588451.1,RNLWWEYGGSTVIDR,0.4916666666666667,0.2666666666666666,,,,,,False,7.858153845047061,,NP_110432,XP_047301902
ENSG00000162461,SLC25A34,ENST00000294454,ENSP00000294454,ENSP00000294454,SLC25A34,ENST00000294454,ENSP00000294454,ENSP00000294454,SAAQLATFASAKAWV,transmembrane region,Helical; Name=4,False,4.5,4.566317498936724,NGVRFYCYSLACQAG,,,True,7.0,5.396498251292515,YPRPYHGFIASVAAV,transmembrane region,Helical; Name=2,False,7.0,-0.7801553785892241,NP_593169.1,ENGVKGLFVGADAAI,0.4583333333333333,0.2,,,,,,False,2.559757410610885,,NP_997231,XP_016856572,NP_593169.1,YKSVGQAFSLIARHE,0.4083333333333334,0.1333333333333333,,,,,,False,7.074187890447913,,NP_997231,XP_016856572,NP_593169.1,FFALYKGFGAHLARI,0.5347222222222222,0.3333333333333333,,,,,,False,-0.4384170774885946,,NP_997231,XP_016856572
ENSG00000111897,SERINC1,ENST00000339697,ENSP00000342962,ENSP00000342962,SERINC1,ENST00000339697,ENSP00000342962,ENSP00000342962,SLLSIIGYNTTSTVP,topological domain,Lumenal,False,5.5,5.790093412062909,GFWFXGTFTTVWFYV,topological domain;transmembrane region,Lumenal;Helical,False,6.5,1.3069843023835097,SLEDGDDVHRAVDNE,topological domain,Cytoplasmic,True,7.0,0.339800630687468,NP_593521.1,TASLLTNWNTTSVYE,0.5303030303030303,0.2666666666666666,,,,,,False,5.909266476277724,,NP_065806,,NP_593521.1,IAVHRLSFTLVMFHL,0.6666666666666666,0.2666666666666666,,,,,,False,0.5676398747810187,,NP_065806,,NP_593521.1,KCYSVIAVHRLSFTL,0.2916666666666667,0.2,,,,,,False,1.1652000541976557,,NP_065806,
ENSG00000116237,ICMT,ENST00000343813,ENSP00000343552,ENSP00000343552,ICMT,ENST00000489498,ENSP00000466222,ENSP00000343552,TGLLMVVFGECLRKA,transmembrane region,Helical,False,5.0,0.8840172024608257,LLNHSLEYTVAALSS,topological domain;transmembrane region,Cytoplasmic;Helical,False,6.0,4.705801642113284,SLFHYSEYLVTAVNN,transmembrane region;topological domain,Helical;Cytoplasmic,False,6.5,6.5352164024495885,NP_593263.1,SALGFLCLGQYLRSS,0.3338624338624338,0.2666666666666666,,,,,,False,-3.439641102144229,,NP_036537,XP_011539442,NP_593263.1,ILNNGKAYWLAMLVG,0.4696969696969697,0.3333333333333333,,,,,,False,4.970296660217762,,NP_036537,XP_011539442,NP_593263.1,NCLRFPSFLINFIFS,0.5,0.0666666666666666,,,,,,False,5.210019031383827,,NP_036537,XP_011539442
ENSG00000181804,SLC9A9,ENST00000316549,ENSP00000320246,ENSP00000320246,SLC9A9,ENST00000474151,ENSP00000418627,ENSP00000320246,LKNGDFHFTDCLFFG,topological domain;transmembrane region,Lumenal;Helical; Name=5,False,4.5,2.786413273948878,GQLKNGDFHFTDCLF,topological domain;transmembrane region,Lumenal;Helical; Name=5,False,5.5,0.0,SQPKQMMFTTTLLLV,topological domain;transmembrane region,Lumenal;Helical; Name=13,False,5.5,1.1371758200090183,NP_594293.2,PVVVDQQFTTEHFDE,0.3333333333333333,0.2666666666666666,,,,,,False,3.1706205426918954,,NP_775924,XP_016861691,NP_594293.2,IIQNMVSFHSTYFFN,0.3611111111111111,0.2,0.3580200896979247,0.0,0.6049537246919819,0.0,0.395046275308018,False,3.853595624389962,4.5,NP_775924,XP_016861691,NP_594293.2,IYLGMSLFTQVDLVY,0.5499999999999999,0.2,,,,,,False,8.283429008248502,,NP_775924,XP_016861691
ENSG00000285246,NEDD8,ENST00000645521,ENSP00000495901,ENSP00000496420,NEDD8,ENST00000643069,ENSP00000496420,ENSP00000496420,SGKQMNDEKTAADYK,,,True,7.0,6.612893819081967,EIEIDIEPTDKVERI,,,True,7.5,-0.3783799108864336,DEKTAADYKILGGSV,,,True,8.0,4.216092975391717,NP_595955.1,AGKQMADDKNAESYH,0.5555555555555555,0.5333333333333333,,,,,,False,1.912787209437396,,NP_006147,,NP_595955.1,EIELDIDPNDKVSRI,0.5555555555555555,0.7333333333333333,,,,,,False,-1.0175400026828372,,NP_006147,,NP_595955.1,DDKNAESYHLEGGSV,0.2958333333333333,0.5333333333333333,,,,,,False,2.9013093992423804,,NP_006147,
ENSG00000154059,IMPACT,ENST00000284202,ENSP00000284202,ENSP00000284202,IMPACT,ENST00000284202,ENSP00000284202,ENSP00000284202,SSLKALDFDISETRT,,,True,5.5,1.8074155785992343,QVMLPNEYPGTAPPI,,,True,6.5,3.792636801525712,KKKTEEEDVECEDDL,,,True,6.5,-0.0296121262512781,NP_594402.1,DEPWKPKFDWKESEP,0.2962121212121212,0.2,,,,,,False,4.218586759369862,,NP_060909,,NP_594402.1,NIQFPLDYPNSAPTV,0.5972222222222222,0.3333333333333333,,,,,,False,1.6415454737308095,,NP_060909,,NP_594402.1,DLLKELVDIDAEQAA,0.2638888888888889,0.2,,,,,,False,0.5838418121659388,,NP_060909,
ENSG00000283018,MRPS12,ENST00000634246,ENSP00000488926,ENSP00000489374,MRPS12,ENST00000634246,ENSP00000488926,ENSP00000489374,PALVPRLWATCSMAT,,,True,7.0,7.497665902698225,TGREAVCFIPGEGHT,,,True,7.5,3.4427352988158044,KLTVVRGKYDCGHVQ,,,True,8.0,10.18505341161786,NP_593866.2,SVMLKTLNQTIRNKE,0.0916666666666666,0.1333333333333333,,,,,,False,4.166424457001374,,NP_066930,,NP_593866.2,TGRSVTAYIPGIGHN,0.7380952380952381,0.5333333333333333,,,,,,False,1.3808239556133703,,NP_066930,,NP_593866.2,QYHVVRGVYDIAGVA,0.3194444444444445,0.4666666666666667,,,,,,False,10.699376230006086,,NP_066930,
ENSG00000213995,NAXD,ENST00000680254,ENSP00000505619,ENSP00000504986,NAXD,ENST00000680254,ENSP00000505619,ENSP00000504986,QEYTGAPYFAAISAL,,,True,5.5,1.1287994209699552,VVGGCQEYTGAPYFA,,,True,6.0,0.974867239869381,LTPNHVEFSRLYDAV,,,True,6.5,0.7320972491841513,NP_588194.1,QHYTGAPYYSSMSSM,0.6547619047619048,0.5333333333333333,0.2896409180663661,0.0,0.1423728158202805,0.0,0.8576271841797195,True,1.9121239801060537,4.5,NP_001229810,,NP_588194.1,VFGGCQHYTGAPYYS,0.8333333333333334,0.7333333333333333,,,,,,False,1.2230070429713995,,NP_001229810,,NP_588194.1,LTPNVIEFKRLCDKL,0.8333333333333334,0.6,,,,,,False,0.9807486048627686,,NP_001229810,
ENSG00000156482,RPL30,ENST00000521291,ENSP00000428085,ENSP00000287038,RPL30,ENST00000521291,ENSP00000428085,ENSP00000287038,GTACGKYYRVCTLAI,,,True,7.0,0.3105539609676736,LRKSEIEYYAMLAKT,,,True,7.0,0.579821595843717,LGTACGKYYRVCTLA,,,True,8.0,2.38763062603679,NP_593558.1,GTACGKLFRVGVLAI,0.4583333333333333,0.7333333333333333,,,,,,False,0.8472822835139404,,NP_000980,,NP_593558.1,LRKSELEYYAMLSKA,0.875,0.8,,,,,,False,-0.3444059223900979,,NP_000980,,NP_593558.1,LGTACGKLFRVGVLA,0.5416666666666666,0.7333333333333333,,,,,,False,2.747580256045592,,NP_000980,
ENSG00000122026,RPL21,ENST00000311549,ENSP00000346027,ENSP00000346027,RPL21,ENST00000311549,ENSP00000346027,ENSP00000346027,APPREAHFVRTNGKE,,,True,7.0,3.468150091310517,LATYMRIYKKGDIVD,,,True,8.0,9.252654021389633,HGKTGRVYNVTQHAV,,,True,8.0,4.117421567622241,NP_594175.1,APPATAHFVSTENNE,0.625,0.6,0.3111359119186349,0.0,0.2343422434839757,0.0,0.7656577565160243,True,6.294264772007782,5.5,NP_000973,,NP_594175.1,LSTYLKTYKVGDIVD,0.5499999999999999,0.6666666666666666,,,,,,False,9.39909541261398,,NP_000973,,NP_594175.1,HGKTGVVYNVTQSSV,0.7916666666666666,0.8,,,,,,False,0.6430850065738621,,NP_000973,
ENSG00000101421,CHMP4B,ENST00000217402,ENSP00000217402,ENSP00000217402,CHMP4B,ENST00000217402,ENSP00000217402,ENSP00000217402,MLSKKQEFLEKKIEQ,,,True,5.5,2.464096585333288,QQELAEEISTAISKP,,,True,7.0,2.8157894511319497,TLSTIEFQREALENA,,,True,7.0,3.807703262487435,NP_594271.1,LYDKKEEVLERQIAE,0.6916666666666668,0.4,,,,,,False,1.3305995281732144,,NP_789782,,NP_594271.1,QQTISEEISTMISTP,0.7999999999999999,0.6666666666666666,,,,,,False,0.2856623991626332,,NP_789782,,NP_594271.1,DKKEEVLERQIAEQT,0.425,0.1333333333333333,,,,,,False,3.7270428007043472,,NP_789782,
ENSG00000167088,SNRPD1,ENST00000579618,ENSP00000463676,ENSP00000463676,SNRPD1,ENST00000579618,ENSP00000463676,ENSP00000300413,IRGNNIRYFILPDSL,,,True,8.0,1.3177768560731444,VRFLMKLSHETVTIE,,,True,8.0,1.635847232286547,RGNNIRYFILPDSLP,,,True,8.0,4.030134805263562,NP_594613.1,IRGNNIRYYILPDSL,0.9047619047619048,0.9333333333333332,,,,,,False,0.9578272260643425,,NP_008869,,NP_594613.1,VRFLMKLTNETVSIE,0.6027777777777777,0.8,,,,,,False,0.7975944474187725,,NP_008869,,NP_594613.1,RGNNIRYYILPDSLP,0.9047619047619048,0.9333333333333332,,,,,,False,4.030134805263562,,NP_008869,
ENSG00000182512,GLRX5,ENST00000331334,ENSP00000328570,ENSP00000328570,GLRX5,ENST00000331334,ENSP00000328570,ENSP00000328570,QVYLNGEFVGGCDIL,,,True,5.5,-0.0403698008025659,PEQPQCGFSNAVVQI,,,True,6.5,-1.99040330518245,GGGGSAEQLDALVKK,,,True,7.5,0.0403198735743653,NP_593888.1,QLYINGEFVGGSDIL,1.0,0.8,,,,,,False,0.7872030760671513,,NP_057501,,NP_593888.1,PTRPMCGFSLKAIQI,0.4666666666666666,0.5333333333333333,,,,,,False,8.479238482134559,,NP_057501,,NP_593888.1,LSTQTRQALEQAVKE,0.3916666666666666,0.2,,,,,,False,3.1414764010749026,,NP_057501,
ENSG00000274853,MRM1,ENST00000611231,ENSP00000478520,ENSP00000478520,MRM1,ENST00000611231,ENSP00000478520,ENSP00000478520,SPLRPRPWREAGEAS,,,True,5.5,4.092632475690648,STDDLTGFLQTKAQQ,,,True,6.0,1.6073535779135493,GAMEVMDVFSTDDLT,,,True,6.5,2.634790227819045,NP_596705.1,KNGQDSPHNDLNEGK,0.3055555555555555,0.1333333333333333,,,,,,False,0.8245766461836737,,NP_079140,,NP_596705.1,VSKASAGALEVFNIS,0.2611111111111111,0.1333333333333333,,,,,,False,3.296519982675421,,NP_079140,,NP_596705.1,LYVQNADIHSEFEEF,0.4708333333333332,0.1333333333333333,,,,,,False,1.2966501448372043,,NP_079140,
ENSG00000136942,RPL35,ENST00000373570,ENSP00000362671,ENSP00000259469,RPL35,ENST00000373570,ENSP00000362671,ENSP00000259469,QKENLRKFYKGKKYK,,,True,7.5,4.133530050410535,KENLRKFYKGKKYKP,,,True,9.0,2.2973712783811395,GGGGGMAKIKARDLR,,,True,9.5,-0.4870452284480159,NP_587693.1,NRLAAREAYKNKKYI,0.45,0.4,,,,,,False,2.051069176586678,,NP_009140,,NP_587693.1,RLAAREAYKNKKYIP,0.5833333333333334,0.4666666666666667,,,,,,False,1.7924877551254128,,NP_009140,,NP_587693.1,GSGSKLSKIKTTRKD,0.475,0.3333333333333333,,,,,,False,-0.4944380056698598,,NP_009140,
ENSG00000154611,PSMA8,ENST00000415576,ENSP00000409284,ENSP00000311121,PSMA8,ENST00000415576,ENSP00000409284,ENSP00000311121,SAKTVREFLEKNYTE,,,True,5.5,2.2610133965106063,EDPVTVEYITRFIAT,,,True,7.0,5.614867136385682,QSNGRRPFGISALIV,,,True,7.0,3.319765311169076,NP_595165.1,ASKAAREYLEKNWKE,0.7683982683982684,0.5333333333333333,,,,,,False,2.819224477156289,,NP_653263,,NP_595165.1,ADPVSIEYLTRYVAG,0.875,0.5333333333333333,,,,,,False,3.98358185115403,,NP_653263,,NP_595165.1,QSGGVRPFGVSTLIA,0.9583333333333334,0.6666666666666666,,,,,,False,-0.2337221254542325,,NP_653263,
ENSG00000112306,RPS12,ENST00000230050,ENSP00000230050,ENSP00000230050,RPS12,ENST00000230050,ENSP00000230050,ENSP00000230050,AKDVIEEYFKCKKGG,,,True,5.5,4.27115384816063,SNCDEPMYVKLVEAL,,,True,7.5,-0.0694555243350292,AAGGVMDVNTALQEV,,,True,8.0,0.8216779039228388,NP_587869.1,ESCDQEAYVKLVEAL,0.2416666666666666,0.2,,,,,,False,-1.3809070729680142,,NP_001007,,NP_587869.1,ESCDQEAYVKLVEAL,0.7916666666666666,0.6666666666666666,,,,,,False,-1.3809070729680142,,NP_001007,,NP_587869.1,DVVEEVEVEAAAPET,0.3761904761904762,0.2,,,,,,False,3.720852530810419,,NP_001007,
ENSG00000129559,NEDD8,ENST00000396828,ENSP00000380040,ENSP00000250495,NEDD8,ENST00000250495,ENSP00000250495,ENSP00000250495,SGKQMNDEKTAADYK,,,True,7.0,6.612893819081967,EIEIDIEPTDKVERI,,,True,7.5,-0.3783799108864336,DEKTAADYKILGGSV,,,True,8.0,4.216092975391717,NP_595955.1,AGKQMADDKNAESYH,0.5555555555555555,0.5333333333333333,,,,,,False,1.912787209437396,,NP_006147,,NP_595955.1,EIELDIDPNDKVSRI,0.5555555555555555,0.7333333333333333,,,,,,False,-1.0175400026828372,,NP_006147,,NP_595955.1,DDKNAESYHLEGGSV,0.2958333333333333,0.5333333333333333,,,,,,False,2.9013093992423804,,NP_006147,
ENSG00000223367,RPS18,ENST00000457341,ENSP00000412583,ENSP00000412583,RPS18,ENST00000457341,ENSP00000412583,ENSP00000412583,DGRRKIAFAITAIKG,,,True,7.0,9.312332955470826,AHRGLRHFWGLRVRG,,,True,8.0,4.1106619298937455,FLNRQKDVKDGKYSQ,,,True,8.5,5.422347818232699,NP_588057.2,DGKVKVMFAMTQIKG,0.6666666666666666,0.6,,,,,,False,6.120176146341276,,NP_072045,,NP_588057.2,THRGLRHALDLRVRG,0.3055555555555556,0.7333333333333333,,,,,,False,4.3663151993689215,,NP_072045,,NP_588057.2,FLNRQKDINDGKSFQ,0.5416666666666666,0.7333333333333333,,,,,,False,3.699441001763778,,NP_072045,
ENSG00000235650,RPS18,ENST00000454021,ENSP00000416110,ENSP00000416110,RPS18,ENST00000454021,ENSP00000416110,ENSP00000416110,DGRRKIAFAITAIKG,,,True,7.0,9.312332955470826,AHRGLRHFWGLRVRG,,,True,8.0,4.1106619298937455,FLNRQKDVKDGKYSQ,,,True,8.5,5.422347818232699,NP_588057.2,DGKVKVMFAMTQIKG,0.6666666666666666,0.6,,,,,,False,6.120176146341276,,NP_072045,,NP_588057.2,THRGLRHALDLRVRG,0.3055555555555556,0.7333333333333333,,,,,,False,4.3663151993689215,,NP_072045,,NP_588057.2,FLNRQKDINDGKSFQ,0.5416666666666666,0.7333333333333333,,,,,,False,3.699441001763778,,NP_072045,
ENSG00000173614,NMNAT1,ENST00000403197,ENSP00000385131,ENSP00000385131,NMNAT1,ENST00000403197,ENSP00000385131,ENSP00000366410,TNMHLRLFELAKDYM,,,True,5.5,2.7318773866297468,VPDLVQEYIEKHNLY,,,True,6.0,3.511260713726976,RPGRKRKWTETQDSS,,,True,6.5,4.864112377096898,NP_592856.2,TYLHLRMFEMATDTI,0.7999999999999999,0.5333333333333333,,,,,,False,4.135803172383721,,NP_073624,XP_011540273,NP_592856.2,LPNSVIQYIERYALY,0.5499999999999999,0.4666666666666667,,,,,,False,2.030591039525899,,NP_073624,XP_011540273,NP_592856.2,WESLQPSYTCTARVL,0.2402116402116401,0.1333333333333333,,,,,,False,6.973035620023956,,NP_073624,XP_011540273
ENSG00000226225,RPS18,ENST00000434122,ENSP00000403175,ENSP00000403175,RPS18,ENST00000434122,ENSP00000403175,ENSP00000403175,DGRRKIAFAITAIKG,,,True,7.0,9.312332955470826,AHRGLRHFWGLRVRG,,,True,8.0,4.1106619298937455,FLNRQKDVKDGKYSQ,,,True,8.5,5.422347818232699,NP_588057.2,DGKVKVMFAMTQIKG,0.6666666666666666,0.6,,,,,,False,6.120176146341276,,NP_072045,,NP_588057.2,THRGLRHALDLRVRG,0.3055555555555556,0.7333333333333333,,,,,,False,4.3663151993689215,,NP_072045,,NP_588057.2,FLNRQKDINDGKSFQ,0.5416666666666666,0.7333333333333333,,,,,,False,3.699441001763778,,NP_072045,
ENSG00000227794,RPS18,ENST00000440980,ENSP00000392349,ENSP00000392349,RPS18,ENST00000440980,ENSP00000392349,ENSP00000392349,DGRRKIAFAITAIKG,,,True,7.0,9.312332955470826,GRRKIAFAITAIKGG,,,True,9.5,2.844709230495364,SLVIPEKFQHILRVL,,,True,9.5,3.995873196667726,NP_588057.2,DGKVKVMFAMTQIKG,0.6666666666666666,0.6,,,,,,False,6.120176146341276,,NP_072045,,NP_588057.2,GKVKVMFAMTQIKGV,0.6666666666666666,0.5333333333333333,,,,,,False,2.584816151977212,,NP_072045,,NP_588057.2,SLVVPDNFQHILRLL,0.8333333333333334,0.7333333333333333,,,,,,False,2.678985168613,,NP_072045,
ENSG00000096150,RPS18,ENST00000211372,ENSP00000211372,ENSP00000211372,RPS18,ENST00000211372,ENSP00000211372,ENSP00000211372,DGRRKIAFAITAIKG,,,True,7.0,9.312332955470826,AHRGLRHFWGLRVRG,,,True,8.0,4.1106619298937455,FLNRQKDVKDGKYSQ,,,True,8.5,5.422347818232699,NP_588057.2,DGKVKVMFAMTQIKG,0.6666666666666666,0.6,,,,,,False,6.120176146341276,,NP_072045,,NP_588057.2,THRGLRHALDLRVRG,0.3055555555555556,0.7333333333333333,,,,,,False,4.3663151993689215,,NP_072045,,NP_588057.2,FLNRQKDINDGKSFQ,0.5416666666666666,0.7333333333333333,,,,,,False,3.699441001763778,,NP_072045,
ENSG00000100387,RBX1,ENST00000216225,ENSP00000216225,ENSP00000216225,RBX1,ENST00000216225,ENSP00000216225,ENSP00000216225,LDNREWEFQKYGHGG,,,True,8.0,3.782428328496549,ANQASATSEECTVAW,,,True,8.0,-2.6609176865887307,WGVCNHAFHFHCISR,,,True,8.0,4.050695614524599,NP_593388.1,QKPPRFEIKKWNAVA,0.3136363636363636,0.1333333333333333,,,,,,False,2.512726811481629,,NP_055063,,NP_593388.1,ANTDSAAAQECTVAW,0.6083333333333333,0.6666666666666666,,,,,,False,-3.562642322055854,,NP_055063,,NP_593388.1,WGTCNHAFHFHCISR,1.0,0.9333333333333332,,,,,,False,4.050695614524599,,NP_055063,
ENSG00000262814,MRPL12,ENST00000333676,ENSP00000333837,ENSP00000333837,MRPL12,ENST00000333676,ENSP00000333837,ENSP00000333837,LGLRAAAFRLARRQV,,,True,7.0,5.106639196535264,QEAVEEDIPIAKERT,,,True,7.5,2.043293505278039,GAVPAAAAQEAVEED,,,True,7.5,1.2597145759214523,NP_588081.2,SLVNTRSFRAAASVQ,0.4583333333333333,0.2,,,,,,False,7.914062790589607,,NP_002940,,NP_588081.2,VKQLKEKLNIAEIAP,0.2027777777777778,0.2,,,,,,False,2.441613657072228,,NP_002940,,NP_588081.2,APSEEKAPEEKKEEK,0.5095238095238095,0.2666666666666666,,,,,,False,-1.10844207031065,,NP_002940,
ENSG00000233927,RPS28,ENST00000600659,ENSP00000472469,ENSP00000472469,RPS28,ENST00000600659,ENSP00000472469,ENSP00000472469,CTQVRVEFMDDTSRS,,,True,7.0,1.6624879272932298,VLTLLESEREARRLR,,,True,8.5,2.6905142214168065,GPVREGDVLTLLESE,,,True,9.0,3.270158473105903,NP_588343.1,VTQVRVEFMDDTSRS,1.0,0.9333333333333332,,,,,,False,1.6624879272932298,,NP_001022,XP_047295157,NP_588343.1,ILVLLESEREARRLR,1.0,0.8666666666666667,,,,,,False,2.6905142214168065,,NP_001022,XP_047295157,NP_588343.1,GPVREDDILVLLESE,0.7916666666666666,0.8,,,,,,False,2.9860074254261395,,NP_001022,XP_047295157
ENSG00000132603,NIP7,ENST00000569637,ENSP00000463739,ENSP00000254940,NIP7,ENST00000254940,ENSP00000254940,ENSP00000254940,DPMAIVVFHQADIGE,,,True,6.0,4.214859760545707,HQADIGEYVRHEETL,,,True,7.0,0.6963047421120814,RLHNDRVYYVSEKIM,,,True,7.0,-0.3415241308154629,NP_587718.1,EPTAIVAFHQADVGE,0.7916666666666666,0.7333333333333333,,,,,,False,1.4862599315388123,,NP_057185,,NP_587718.1,HQADVGEYLRDEDTL,0.5694444444444445,0.7333333333333333,,,,,,False,0.0083640631009171,,NP_057185,,NP_587718.1,RLQKDRVYYVSERAM,0.9,0.7333333333333333,,,,,,False,-1.3794296429989428,,NP_057185,
ENSG00000115268,RPS15,ENST00000233609,ENSP00000473953,ENSP00000467466,RPS15,ENST00000233609,ENSP00000473953,ENSP00000467466,IGHYLGEFSITYKPV,,,True,6.5,3.973181517145377,SYEQLMQLYSARQRR,,,True,8.0,5.27731095365176,GVYNGKTFNQVEIKP,,,True,8.0,3.173825461872676,NP_587961.1,IGHYLGEFSITYKPT,1.0,0.9333333333333332,,,,,,False,3.973181517145377,,NP_001009,,NP_587961.1,SAEQLVDLFHARARR,0.3541666666666667,0.6,,,,,,False,3.633159336676144,,NP_001009,,NP_587961.1,GIYNGKLFNQVEIRP,0.7916666666666666,0.8,,,,,,False,3.2598980664189394,,NP_001009,
ENSG00000168393,DTYMK,ENST00000305784,ENSP00000304802,ENSP00000304802,DTYMK,ENST00000305784,ENSP00000304802,ENSP00000304802,YAFSGVAFTGAKENF,,,True,5.5,0.3212593233580305,ERYENGAFQERALRC,,,True,7.5,1.822128246692168,HRAELLRFPERSTEI,,,True,8.0,2.9790184940674926,NP_588542.1,YAFSGIAFSAAKGLD,0.4861111111111111,0.6,,,,,,False,0.4589648691622466,,NP_036277,,NP_588542.1,ERYEKIEMQEKVLKN,0.5333333333333333,0.4666666666666667,,,,,,False,-1.8343162518452512,,NP_036277,,NP_588542.1,EKAELFKFPDRTTAI,0.7888888888888889,0.5333333333333333,,,,,,False,6.842311256252497,,NP_036277,
ENSG00000143158,MPC2,ENST00000367846,ENSP00000356820,ENSP00000271373,MPC2,ENST00000458574,ENSP00000392874,ENSP00000271373,PAGPRTVFFWAPIMK,transmembrane region,Helical,False,5.5,3.624822491285807,WSLFAVNFFVGAAGA,transmembrane region,Helical,False,6.5,7.078795839927107,SLFAVNFFVGAAGAS,transmembrane region,Helical,False,6.5,6.413359844079263,NP_592846.1,PAGPKTVHFWAPAMK,0.6041666666666666,0.8,,,,,,False,0.9141120818898432,,NP_001137146,,NP_592846.1,YFNATVNFFLAIVGA,0.5416666666666666,0.4,,,,,,False,0.8444943474532238,,NP_001137146,,NP_592846.1,FNATVNFFLAIVGAV,0.5,0.4,,,,,,False,3.1589803675533767,,NP_001137146,
ENSG00000130332,LSM7,ENST00000587502,ENSP00000485007,ENSP00000252622,LSM7,ENST00000587502,ENSP00000485007,ENSP00000252622,MRDPDDQYKLTEDTR,,,True,6.0,0.5300865224487856,DKTIRVKFQGGREAS,,,True,7.0,0.5030807227786154,SILDLSKYIDKTIRV,,,True,7.0,7.326409814811464,NP_588340.1,QLRNPEDGKLTGAIR,0.3333333333333333,0.2666666666666666,,,,,,False,0.5112525201788852,,NP_057283,,NP_588340.1,DQRIQATFTGGRQIT,0.5,0.4,,,,,,False,-0.1812032734604396,,NP_057283,,NP_588340.1,SILDLSRYQDQRIQA,0.5,0.6,0.3065827407874157,0.0,0.2461066931800108,0.0,0.7538933068199891,False,5.630989905033734,7.5,NP_057283,
ENSG00000049541,RFC2,ENST00000352131,ENSP00000275627,ENSP00000055077,RFC2,ENST00000352131,ENSP00000275627,ENSP00000055077,EDIIGNIFRVCKTFQ,,,True,5.5,-0.1446099691318803,FINSENVFKVCDEPH,,,True,5.5,0.1522264270874124,DSDPAPAFSKAPGSA,,,True,6.0,2.8136094069784003,NP_593121.1,VDIVTNMFRVVKTMD,0.6583333333333333,0.5333333333333333,,,,,,False,4.71098260136542,,NP_852136,XP_047276640,NP_593121.1,LVNGENVFRVADQPS,0.6333333333333333,0.5333333333333333,,,,,,False,0.5277326006355461,,NP_852136,XP_047276640,NP_593121.1,SGNIDVALEKLQGIW,0.4583333333333333,0.2,,,,,,False,-0.1488014844025908,,NP_852136,XP_047276640
ENSG00000231500,RPS18,ENST00000474973,ENSP00000434837,ENSP00000393241,RPS18,ENST00000439602,ENSP00000393241,ENSP00000393241,DGRRKIAFAITAIKG,,,True,7.0,9.312332955470826,AHRGLRHFWGLRVRG,,,True,8.0,4.1106619298937455,FLNRQKDVKDGKYSQ,,,True,8.5,5.422347818232699,NP_588057.2,DGKVKVMFAMTQIKG,0.6666666666666666,0.6,,,,,,False,6.120176146341276,,NP_072045,,NP_588057.2,THRGLRHALDLRVRG,0.3055555555555556,0.7333333333333333,,,,,,False,4.3663151993689215,,NP_072045,,NP_588057.2,FLNRQKDINDGKSFQ,0.5416666666666666,0.7333333333333333,,,,,,False,3.699441001763778,,NP_072045,
ENSG00000174547,MRPL11,ENST00000310999,ENSP00000308897,ENSP00000308897,MRPL11,ENST00000310999,ENSP00000308897,ENSP00000308897,GQPTVSYFLKAAAGI,,,True,6.5,7.526626099580609,LVTLKHVYEIARIKA,,,True,7.0,3.30938792314538,INQFCKEFNERTKDI,,,True,7.0,-1.8213892130722995,NP_594095.1,GPALGARGLKSIDFC,0.1694444444444444,0.2,,,,,,False,0.4118571805084376,,NP_057134,,NP_594095.1,QLSLKHIYEIAKLKS,0.875,0.5333333333333333,,,,,,False,1.4123955550852552,,NP_057134,,NP_594095.1,SIDFCKEFNARTAGW,0.5833333333333334,0.5333333333333333,,,,,,False,0.40029237677466,,NP_057134,
ENSG00000141552,ANAPC11,ENST00000571570,ENSP00000458143,ENSP00000460064,ANAPC11,ENST00000571570,ENSP00000458143,ENSP00000460064,CGICRMAFNGCCPDC,,,True,6.5,-0.3520200023707913,WGQCSHCFHMHCILK,,,True,8.0,3.650156341155328,RMAFNGCCPDCKVPG,,,True,8.5,0.709130275487306,NP_593423.1,CGICRVPFDGCCPQC,0.6706349206349206,0.7333333333333333,,,,,,False,-0.567604859932926,,NP_057560,,NP_593423.1,WGKCKHIFHAHCIQN,0.5833333333333334,0.6,,,,,,False,3.237295675259218,,NP_057560,,NP_593423.1,RVPFDGCCPQCTSPG,0.5833333333333334,0.6,,,,,,False,-0.6129728715833382,,NP_057560,
ENSG00000166595,CIAO2B,ENST00000568572,ENSP00000462376,ENSP00000387471,CIAO2B,ENST00000422424,ENSP00000387471,ENSP00000387471,EDEQVPDSIDAREIF,,,True,5.5,1.1088497364392036,AGEEDEQVPDSIDAR,,,True,6.5,-0.5530253791915412,ENANPLIYQRSGERP,,,True,6.5,-2.1077341350665995,NP_594677.1,NIKEERDPIDPQEIY,0.6190476190476191,0.3333333333333333,,,,,,False,2.327487293093446,,NP_057146,,NP_594677.1,VKLEDIEVVDNVEGD,0.411111111111111,0.2666666666666666,,,,,,False,-0.2085908909632305,,NP_057146,,NP_594677.1,VKELNQLPSRVEEEE,0.2619047619047619,0.1333333333333333,,,,,,False,1.5953630297412702,,NP_057146,
ENSG00000275713,H2BC9,ENST00000619466,ENSP00000479169,ENSP00000479169,H2BC9,ENST00000619466,ENSP00000479169,ENSP00000479169,GKKRKRSRKESYSVY,,,True,8.0,5.28753063286311,AHYNKRSTITSREIQ,,,True,8.0,-0.0579600840174771,KRSRKESYSVYVYKV,,,True,8.5,-0.22589210332166,NP_588181.1,DKKRGKNRKETYSSY,0.7277777777777779,0.6,,,,,,False,2.634542195146316,,NP_003515,,NP_588181.1,AAYNKKSTISSREIQ,0.875,0.8,,,,,,False,0.5824041797183942,,NP_003515,,NP_588181.1,GKNRKETYSSYIYKV,0.6166666666666667,0.6,0.2793502321081665,0.0,0.7816165952710832,0.0,0.2183834047289167,False,2.278843504033118,7.0,NP_003515,
ENSG00000100664,EIF5,ENST00000560338,ENSP00000453633,ENSP00000376477,EIF5,ENST00000216554,ENSP00000216554,ENSP00000376477,DENIEVVYSKAASVP,,,True,5.5,7.338238824542948,LDGFIKKFVLCPECE,,,True,6.0,0.2565184240228211,IPHILKEMYDADLLE,,,True,6.5,3.408087291967934,NP_592976.1,GVSDVEIYKKMKEEN,0.425,0.1333333333333333,,,,,,False,-0.018488127013863,,NP_892116,,NP_592976.1,LDVFIRRFVLCASCQ,0.7333333333333334,0.6,,,,,,False,4.351455968321496,,NP_892116,,NP_592976.1,VPKVLLEIYQNDLVS,0.4861111111111111,0.4,,,,,,False,8.328341613831618,,NP_892116,
ENSG00000221983,UBA52,ENST00000596304,ENSP00000472264,ENSP00000472264,UBA52,ENST00000596304,ENSP00000472264,ENSP00000388107,GGGGMQIFVKTLTGK,,,True,6.5,2.495523623160894,TITLEVEPSDTIENV,,,True,6.5,0.7227021108966778,DGRTLSDYNIQKEST,,,True,7.0,5.129930047481079,NP_593923.1,QIFVKTLTGKTITLE,0.4333333333333333,0.2,,,,,,False,3.21268672594039,,NP_001029102,XP_005260109,NP_593923.1,TITLEVESSDTIDNV,0.6805555555555555,0.8666666666666667,,,,,,False,0.7227021108966778,,NP_001029102,XP_005260109,NP_593923.1,DGRTLSDYNIQKEST,1.0,1.0,,,,,,False,5.129930047481079,,NP_001029102,XP_005260109
ENSG00000161980,POLR3K,ENST00000293860,ENSP00000293860,ENSP00000293860,POLR3K,ENST00000293860,ENSP00000293860,ENSP00000293860,ADEPMTTFYKCCNAQ,,,True,4.5,6.871486766054295,DEPMTTFYKCCNAQC,,,True,6.0,0.1047708734903998,GGGGMLLFCPGCGNG,,,True,7.5,2.5275832880246907,NP_593235.1,ADEPMSTFYRCTKCK,0.7333333333333334,0.6,,,,,,False,2.534214951182167,,NP_057394,,NP_593235.1,DEPMSTFYRCTKCKF,0.5333333333333333,0.5333333333333333,,,,,,False,1.5756826292196615,,NP_057394,,NP_593235.1,RNAFDCRTCPYHFPI,0.0452380952380952,0.1333333333333333,,,,,,False,-2.655039804027674,,NP_057394,
ENSG00000196911,KPNA5,ENST00000413340,ENSP00000396791,ENSP00000348704,KPNA5,ENST00000697696,ENSP00000513403,ENSP00000348704,YGLDKIEFLQSHENQ,,,True,5.0,-1.3740247576186269,SHENQEIYQKAFDLI,,,True,5.5,-0.7465258058627755,EILQKAEFRTRKEAA,,,True,6.0,0.7427493422596851,NP_587868.1,AVPVFVSLLSSSEQD,0.5,0.2,,,,,,False,2.123301840392484,,NP_002260,,NP_587868.1,NSSNSEIYQKAYNII,0.8611111111111112,0.5333333333333333,,,,,,False,3.4364639362653424,,NP_002260,,NP_587868.1,GTFQADELRRRRETQ,0.6333333333333333,0.3333333333333333,,,,,,False,3.335885858457924,,NP_002260,
ENSG00000166441,RPL27A,ENST00000531978,ENSP00000433259,ENSP00000346015,RPL27A,ENST00000531978,ENSP00000433259,ENSP00000346015,HLKRNQSFCPTVNLD,,,True,6.5,7.640024912337848,PVIVKAKFFSRRAEE,,,True,7.5,5.0463283929520255,HRINFDKYHPGYFGK,,,True,8.0,1.893313454019501,NP_587907.1,HLMKNPLWRPTVNLD,0.3318181818181818,0.6,,,,,,False,7.285425427627852,,NP_000981,,NP_587907.1,PVIVQTRYVSRRAEE,0.5964285714285714,0.6666666666666666,,,,,,False,5.624061324433653,,NP_000981,,NP_587907.1,LRSHFDKYHPGYFGK,1.0,0.8,,,,,,False,1.7083556174952743,,NP_000981,
ENSG00000197728,RPS26,ENST00000356464,ENSP00000348849,ENSP00000496643,RPS26,ENST00000356464,ENSP00000348849,ENSP00000496643,RDISEASVFDAYVLP,,,True,7.0,1.7739386985262282,EAAAVRDISEASVFD,,,True,7.5,0.2204667904490895,DISEASVFDAYVLPK,,,True,7.5,0.9447566713005272,NP_592853.1,RDLSEASVYSEYAIP,0.3714285714285714,0.6,,,,,,False,2.4549859438794552,,NP_001020,,NP_592853.1,ETAAIRDLSEASVYS,0.9166666666666666,0.6666666666666666,,,,,,False,0.1831173003423027,,NP_001020,,NP_592853.1,DLSEASVYSEYAIPK,0.4547619047619047,0.6,0.5810030981701334,0.0,0.1506051849585362,0.0,0.8493948150414639,True,7.153573394627729,6.0,NP_001020,
ENSG00000132388,UBE2G1,ENST00000396981,ENSP00000380178,ENSP00000380178,UBE2G1,ENST00000396981,ENSP00000380178,ENSP00000380178,LNKNPVEGFSAGLID,,,True,7.0,1.5565299081193074,ARCVRKSQETAFEGG,,,True,7.5,3.0537009909829047,REDRNGEFKRKVARC,,,True,7.5,2.848394764281029,NP_596465.1,IQKNPPQGFSVGLVD,0.7333333333333334,0.6,,,,,,False,7.066586951624593,,NP_003333,,NP_596465.1,PGDDKYGYEDAGERW,0.4484126984126984,0.2,0.6446865191788169,0.0,0.4131149785549796,0.0,0.5868850214450203,False,0.7633006754627119,4.0,NP_003333,,NP_596465.1,FRENPQEFKKRVRRL,0.6,0.3333333333333333,,,,,,False,0.0068479396580626,,NP_003333,
ENSG00000163918,RFC4,ENST00000433496,ENSP00000399769,ENSP00000296273,RFC4,ENST00000433496,ENSP00000399769,ENSP00000296273,AEKIDGVFAACQSGS,,,True,6.0,-1.9026522231021044,DLRKAITFLQSATRL,,,True,6.0,6.905421839684889,GGGGMQAFLKGTSIS,,,True,7.0,2.095852230947932,NP_594540.1,ETLSRDVAAEGYSTG,0.3,0.2,,,,,,False,-0.7025445615731407,,NP_853551,,NP_594540.1,DMRKAITFLQSAANL,0.8333333333333334,0.8,,,,,,False,6.455267076618325,,NP_853551,,NP_594540.1,RSLLDTAYTKNVSNI,0.5380952380952381,0.2,,,,,,False,-0.4674286178304261,,NP_853551,
ENSG00000136463,TACO1,ENST00000258975,ENSP00000258975,ENSP00000258975,TACO1,ENST00000258975,ENSP00000258975,ENSP00000258975,IEAGAEDVKETEDEE,,,True,6.5,1.1720540876348593,APGRTLHFTAAVPAG,,,True,6.5,2.9202402901663884,DEEERNVFKFICDAS,,,True,6.5,-0.1437170146766579,NP_595574.1,IQKLIDDLYENEDVM,0.494047619047619,0.3333333333333333,,,,,,False,3.6790875128756846,,NP_057444,,NP_595574.1,NALNKIPFTRALYHF,0.3476190476190476,0.2,,,,,,False,1.2007768191590609,,NP_057444,,NP_595574.1,DSVREDIQKLIDDLY,0.525,0.2666666666666666,,,,,,False,2.931973557211192,,NP_057444,
ENSG00000278619,MRM1,ENST00000614766,ENSP00000481559,ENSP00000481559,MRM1,ENST00000614766,ENSP00000481559,ENSP00000481559,SPLRPRPWREAGEAS,,,True,5.5,4.092632475690648,STDDLTGFLQTKAQQ,,,True,6.0,1.6073535779135493,GAMEVMDVFSTDDLT,,,True,6.5,2.634790227819045,NP_596705.1,KNGQDSPHNDLNEGK,0.3055555555555555,0.1333333333333333,,,,,,False,0.8245766461836737,,NP_079140,XP_011523577,NP_596705.1,VSKASAGALEVFNIS,0.2611111111111111,0.1333333333333333,,,,,,False,3.296519982675421,,NP_079140,XP_011523577,NP_596705.1,LYVQNADIHSEFEEF,0.4708333333333332,0.1333333333333333,,,,,,False,1.2966501448372043,,NP_079140,XP_011523577
ENSG00000083845,RPS5,ENST00000601521,ENSP00000470114,ENSP00000196551,RPS5,ENST00000601521,ENSP00000470114,ENSP00000196551,GGGGMTEWETAAPAV,,,True,6.0,9.67152331403692,NDISLQDYIAVKEKY,,,True,7.0,3.983320937748894,GRYAAKRFRKAQCPI,,,True,7.5,4.307084606455429,NP_594279.1,AIKKKDELERVAKSN,0.1833333333333333,0.2,,,,,,False,5.02848902917115,,NP_001000,,NP_594279.1,KDISLVDYITIGNGQ,0.625,0.4666666666666667,0.3810773269766479,0.0,0.1743241517177476,0.0,0.8256758482822524,True,7.368727175896499,6.5,NP_001000,,NP_594279.1,GRFQTKRFRKARCFI,1.0,0.6666666666666666,,,,,,False,1.4233306754086523,,NP_001000,
ENSG00000128626,MRPS12,ENST00000308018,ENSP00000308845,ENSP00000384952,MRPS12,ENST00000308018,ENSP00000308845,ENSP00000384952,PALVPRLWATCSMAT,,,True,7.0,7.497665902698225,TGREAVCFIPGEGHT,,,True,7.5,3.4427352988158044,KLTVVRGKYDCGHVQ,,,True,8.0,10.18505341161786,NP_593866.2,SVMLKTLNQTIRNKE,0.0916666666666666,0.1333333333333333,,,,,,False,4.166424457001374,,NP_066930,,NP_593866.2,TGRSVTAYIPGIGHN,0.7380952380952381,0.5333333333333333,,,,,,False,1.3808239556133703,,NP_066930,,NP_593866.2,QYHVVRGVYDIAGVA,0.3194444444444445,0.4666666666666667,,,,,,False,10.699376230006086,,NP_066930,
ENSG00000087191,PSMC5,ENST00000579708,ENSP00000464405,ENSP00000310572,PSMC5,ENST00000310144,ENSP00000310572,ENSP00000310572,ARMVRELFVMAREHA,,,True,5.5,2.2538332303205286,VHVTQEDFEMAVAKV,,,True,5.5,1.4573807071456295,GSGLRQYYLSKIEEL,,,True,6.5,1.3309055142154618,NP_595870.1,SRMVRELFVMAREHA,1.0,0.9333333333333332,,,,,,False,2.2538332303205286,,NP_002796,,NP_595870.1,VHVTQEDFELAVAKV,0.9166666666666666,0.9333333333333332,,,,,,False,1.4573807071456295,,NP_002796,,NP_595870.1,NENIVQYYTQKIQDA,0.5333333333333333,0.3333333333333333,,,,,,False,1.0580755822861614,,NP_002796,
ENSG00000213699,SLC35F6,ENST00000429494,ENSP00000397623,ENSP00000345528,SLC35F6,ENST00000344420,ENSP00000345528,ENSP00000345528,GXNPRGTLEDALDAF,,,True,7.0,1.4946773315795547,PRGTLEDALDAFCQV,,,True,7.5,3.632258065359785,LEDALDAFCQVGQQP,,,True,7.5,3.206765049443684,NP_592886.1,FLATQFTIEEYILSF,0.269047619047619,0.2,,,,,,False,-0.5588642699000571,,NP_060347,,NP_592886.1,LKHKVFMALPAIMDI,0.3428571428571428,0.2,,,,,,False,7.20336974350289,,NP_060347,,NP_592886.1,IEEYILSFIQVDPSE,0.4761904761904762,0.2666666666666666,,,,,,False,1.809923031098288,,NP_060347,
ENSG00000116251,RPL22,ENST00000234875,ENSP00000346088,ENSP00000346088,RPL22,ENST00000234875,ENSP00000346088,ENSP00000346088,ESYELRYFQINQDEE,,,True,7.5,1.7210848205714564,THPVEDGIMDAANFE,,,True,8.0,11.245884472968434,WLRVVANSKESYELR,,,True,8.0,3.036806571539421,NP_594940.1,AFEKYLIDRIKVDGK,0.2416666666666666,0.1333333333333333,,,,,,False,-0.2237979792430152,,NP_000974,,NP_594940.1,TKVSNKYIIDATAAV,0.3869047619047618,0.2666666666666666,,,,,,False,0.7406411265065909,,NP_000974,,NP_594940.1,LGSSVVVSREGSSKI,0.2749999999999999,0.2,,,,,,False,-0.6147487055683127,,NP_000974,
